{
    "search_time": 3.7616961002349854,
    "stop_reason": "Maximo de generaciones alcanzado",
    "stop_gen": 45,
    "real_codification": [
        0.0,
        0.0,
        0.13619694647919792,
        0.18171019444507508,
        0.9064401324453255,
        0.1101111111111111,
        0.4723252449380563,
        0.6436016086068985,
        0.36312301243932643,
        0.0,
        0.0,
        0.3416325949663497,
        0.13712429777307855,
        1.0,
        0.3047753803497807,
        0.0,
        0.3485421015212992,
        0.7295287536969781,
        0.8925780528983267,
        0.7188853964734041,
        0.8198127694938102,
        0.9655467582344481,
        0.3323333333333333,
        0.0,
        0.3582341617127422,
        0.0,
        0.34,
        0.07153175933834188,
        0.08233333333333333,
        0.9730660145048984,
        0.0,
        1.0,
        0.4655179787223434,
        0.0,
        0.08456918605484207,
        0.2056435827671096,
        0.4156595720793238,
        0.31650197560709503,
        0.3820556519494844,
        1.0,
        0.0,
        0.47496928848498643,
        0.0,
        0.12375992320557988,
        0.06225078574671694,
        1.0,
        0.5373230549905894,
        1.0,
        0.7732029232510178,
        0.2861302727201561,
        0.04906340767793191,
        0.6626236738302334,
        0.6141550126602789,
        0.0,
        0.0,
        0.19022164699406113,
        0.5063525428178883,
        0.7633128923170905,
        0.34,
        1.0,
        1.0,
        0.5043705562256227
    ],
    "predicted_iou": 0.9660869836807251,
    "trained": true,
    "training_time": 155.9176200439997,
    "last_epoch": 15,
    "training_iou": 0.9761432734131813,
    "validation_iou": 0.9670919585227966
}