epoch,train_loss,train_iou,train_dice,train_dice crossentropy,train_accuracy,val_loss,val_iou,val_dice,val_dice crossentropy,val_accuracy
1,0.5332721996307374,0.466726533472538,0.6215719085931778,0.5038534480333329,0.8419855880737305,0.4074215245246887,0.5925784754753113,0.7382937133312225,0.5428469431400299,0.8943106079101563
2,0.22120699852705003,0.7787729462981224,0.8710043239593506,0.6593386304378509,0.9407278442382813,0.1307114267349243,0.8692885732650757,0.9297241723537445,0.7010820984840394,0.9635063934326172
3,0.1022196152806282,0.8977453091740608,0.9458265477418899,0.7109378311038017,0.9697138214111328,0.0965052032470703,0.9034947967529297,0.9491183960437775,0.7144618022441864,0.9715017700195312
4,0.07570864200592041,0.924258785545826,0.9605471479892731,0.7211445862054825,0.9752935409545899,0.09323817849159241,0.9067618215084076,0.9509102928638459,0.7130577695369721,0.9715287780761719
5,0.06413455933332443,0.9358363759517669,0.9668069317936897,0.725383158326149,0.9774312019348145,0.059802311658859256,0.9401976883411407,0.9691229331493377,0.7269343113899231,0.9777584075927734
6,0.05786966562271118,0.9421055164933204,0.9701471543312072,0.7280331900715828,0.978706111907959,0.08922210931777955,0.9107778906822205,0.9532083106040955,0.713643137216568,0.9711216735839844
7,0.050324519276618955,0.949653522670269,0.9741548618674278,0.7306734520196915,0.9800440406799317,0.05357871174812317,0.9464212882518769,0.9724435663223266,0.7287777888774872,0.9789607238769531
8,0.045816361010074615,0.9541634756326676,0.976529483795166,0.7321214213967323,0.9807913398742676,0.06733252882957458,0.9326674711704254,0.9651284122467041,0.7219273483753205,0.9765058135986329
9,0.044829245507717136,0.9551528143882752,0.9770448863506317,0.7323220419883728,0.9809618949890136,0.04525494217872619,0.9547450578212738,0.9768324398994446,0.7324557983875275,0.9806607055664063
