{
    "real_codification": [
        0.19770721107514144,
        0.0845353823754428,
        0.05320470048790693,
        0.3227979334368149,
        0.024339234493288515,
        0.20700246156340313,
        0.5420660212953159,
        0.08233333333333333,
        0.36874642665564983,
        0.01311502515408293,
        0.0,
        0.0,
        0.09598696723077024,
        0.07306197823073932,
        0.08233333333333333,
        0.3493908868645661,
        0.4434481237197632,
        1.0,
        0.1657738600620392,
        0.23,
        0.5699922632367067,
        0.6389542072602912,
        0.6010771182623363,
        0.4892182753751524,
        0.4063855250619572,
        0.8407929645872644,
        0.3997860172275738,
        0.6182121336815894,
        1.0,
        0.09749388368454634,
        0.14661572774530607,
        0.76,
        1.0,
        0.0,
        0.3084919156651409,
        0.5190623004875907,
        0.3323333333333333,
        0.1101111111111111,
        0.565195321900017,
        1.0,
        0.3009766106465405,
        0.15429576544645943,
        0.24835067731290886,
        0.26918895055183956,
        0.1377422992934142,
        0.8682016544023919,
        0.5104102402981987,
        0.8964088334637534,
        0.0,
        0.8128224576584434,
        0.42492833203171965,
        0.275749480696218,
        0.51,
        0.34,
        0.0,
        1.0,
        0.9495780979179883,
        0.029733891693052246,
        0.872880279635148,
        1.0,
        1.0,
        0.5360595100501399
    ],
    "predicted_iou": 0.9664123058319092,
    "trained": true
}