id,gradient,synflow,iou,dice,accuracy,dice crossentropy
60_AGI5LJUJ5YYBCD7HRZZ5M4VOWLB4GRY_146,291917.5625,33590.80078125,0.268530011177063,0.4582585096359253,0.1728914380073547,0.3057706356048584
61_2BCQHANBYUDEZ7U2T7E5K_104,853880.25,1960783.125,0.2492138743400573,0.429416298866272,0.1436144709587097,0.2862274050712585
62_OGKNMBELKMDRJOASV3MTE_104,658148.5,179120.21875,0.2946964502334595,0.4950348138809204,0.2114557027816772,0.3328276872634887
63_IRZ5CKMKLUSU5WVCCI23Y_104,772803.625,188494.015625,0.2640492916107178,0.4305081367492676,0.1367586255073547,0.2854616641998291
64_AMZGD7E2QPWEI3RJZHKHPRCZPGLBRBQ_146,1715314.0,964484.6875,0.2738874554634094,0.46645402908325195,0.18072384595870972,0.31158697605133057
