{
    "search_time": 1.0607078075408936,
    "stop_reason": "Maximo de generaciones alcanzado",
    "stop_gen": 100,
    "real_codification": [
        0.4315192898893657,
        0.1716589377313075,
        0.12801301234589782,
        0.6366054934744168,
        0.15737651141292494,
        0.09572989598545596,
        0.0939090408582578,
        0.0,
        0.34,
        0.9,
        0.51,
        0.28441355276130076,
        0.3964269697777174,
        0.01,
        0.31230508375175714,
        0.12139989365002261,
        0.1101111111111111,
        0.8358137991726855,
        0.08655439590598452,
        0.28360438872745586,
        0.5540429777792818,
        0.24617617131439154,
        0.5279840214150844,
        0.11273549652401828,
        0.7461752332779462,
        0.34,
        0.2770454453486015,
        0.6240941652537637,
        0.6908033529352853,
        0.39572730004624046,
        0.0,
        0.7613520488323663,
        0.34,
        0.6327621216874383,
        0.7697137432806676,
        0.26,
        0.6683028530242368,
        0.3153736596172691,
        0.5280715092101309,
        0.7841902625857453,
        0.10029769630935176,
        0.4938843794893771,
        0.2818398908059685,
        0.3865265341275412,
        0.1850571730428845,
        1.0,
        0.05214710846876291,
        1.0,
        0.031977065786667105,
        0.4285075645489309,
        0.0,
        0.5541394466907523,
        0.6833659124344607,
        0.6370395690514769,
        0.20488233123153266,
        0.6970042668577991,
        0.8986066409256286,
        0.01,
        0.1602412135613591,
        0.8784147847321742,
        0.912841721137384,
        0.34
    ],
    "predicted_iou": 0.9647889137268066,
    "trained": true,
    "training_time": 154.95317172899922,
    "last_epoch": 15,
    "training_iou": 0.9719011056423187,
    "validation_iou": 0.9674277758598328
}