{
    "real_codification": [
        0.4727273886609637,
        0.23117442434920338,
        0.0,
        0.35199652264960113,
        0.4379680581065746,
        0.3922171722858249,
        0.043829179904258414,
        1.0,
        0.7326343985742674,
        0.27035489627190906,
        0.233350891059265,
        0.055665420030415386,
        0.020611606513356244,
        0.1359211476948489,
        0.0,
        0.006830402316158987,
        0.48553206733493337,
        1.0,
        0.0,
        0.7397241407521079,
        0.854061800934299,
        0.14379234604640906,
        0.5486673500107724,
        0.7457072418430066,
        0.34,
        0.1426970039157379,
        0.44298166912334813,
        0.47175462579020255,
        0.9774938386369459,
        0.4275268560100072,
        0.8312850818851426,
        1.0,
        0.8734111963103157,
        0.5245500642454031,
        0.24820312478252354,
        0.8934551111444973,
        0.8009974837401169,
        0.1971658601304485,
        0.3724937148947317,
        1.0,
        0.39214771020123307,
        0.5005703066798965,
        0.0,
        0.7392771396741684,
        0.162539205630411,
        0.9460911820066197,
        0.9736241288553474,
        1.0,
        0.0,
        0.29229084920537374,
        0.990788879908457,
        0.5457410439433943,
        0.5384453482207797,
        0.25606356478573117,
        0.2776035831082454,
        0.31079946762851973,
        0.892834593661024,
        0.5228952020949914,
        0.6219948906494535,
        0.8671176705696844,
        0.9736412814717005,
        0.3873425583896115
    ],
    "predicted_iou": 0.9664123058319092,
    "trained": false
}