epoch,train_loss,train_iou,train_dice,train_dice crossentropy,train_accuracy,val_loss,val_iou,val_dice,val_dice crossentropy,val_accuracy
1,0.43660658448934553,0.5633870860934258,0.7029926392436028,0.5562888902425766,0.8809038543701172,0.2673373365402222,0.7326626634597778,0.8433901834487915,0.636136085987091,0.9286308288574219
2,0.16934094578027725,0.8306480160355568,0.9064523854851723,0.6838886204361916,0.9547270584106445,0.12180856943130493,0.8781914305686951,0.9348840129375457,0.7062586641311646,0.9667536926269531
3,0.10462481826543808,0.8953644695878029,0.9445877581834793,0.7104069671034813,0.9693241691589356,0.1041761291027069,0.8958238708972931,0.9448202741146088,0.710856556892395,0.9698119354248047
4,0.07880562543869019,0.921184751689434,0.9588486170768737,0.7204758051037788,0.974623908996582,0.0897632908821106,0.9102367091178895,0.95292445063591,0.7178040325641633,0.9733883666992188
5,0.06868157833814621,0.9313102558255195,0.9643693614006043,0.7242248269915581,0.9765857887268067,0.07919222593307496,0.920807774066925,0.9586371278762817,0.7186055684089661,0.9735771942138672
6,0.06183781772851944,0.9381552374362946,0.9680271482467652,0.726493067741394,0.9777824592590332,0.05083404302597046,0.9491659569740295,0.9738848745822907,0.7311847758293152,0.9798657989501953
7,0.05348764955997467,0.9465062570571899,0.9724868267774582,0.7296066504716873,0.9793204498291016,0.05303928017616272,0.9469607198238372,0.9727174031734467,0.7291952800750733,0.979168930053711
8,0.05057750940322876,0.9494171577692032,0.9740181055665016,0.7306803610920906,0.9798035621643066,0.04745435953140259,0.9525456404685975,0.9756700205802917,0.7319758474826813,0.9803357696533204
