epoch,train_loss,train_iou,train_dice,train_dice crossentropy,train_accuracy,val_loss,val_iou,val_dice,val_dice crossentropy,val_accuracy
1,0.6959220281243325,0.3040778762102127,0.4607491770386696,0.4130065205693245,0.7188849067687988,0.6000915575027466,0.39990844249725344,0.5667762231826782,0.48016446590423584,0.8447085571289062
2,0.5262161523103714,0.4737832275032997,0.6370019388198852,0.5133768826723099,0.8609512710571289,0.5669678628444672,0.43303213715553285,0.5991965568065644,0.4961831855773926,0.8485520935058594
3,0.5124155658483506,0.4875840097665787,0.6494252207875252,0.5083823201060295,0.8576413345336914,0.7174916112422943,0.2825083887577057,0.4387468016147614,0.37502859115600584,0.6137427520751954
4,0.2932307487726212,0.7067675939202309,0.81928391456604,0.6302441570162773,0.9284922981262207,0.9744943845272064,0.025505615472793577,0.04920312285423279,0.14420928597450255,0.7891526794433594
5,0.0909104922413826,0.9090873730182648,0.9522119465470315,0.7156103956699371,0.9728758621215821,0.11755457639694214,0.8824454236030579,0.9374742937088013,0.7061477482318879,0.9690113067626953
6,0.06027326911687851,0.9397419440746307,0.9688949552178383,0.7274944663047791,0.9786739158630371,0.05692082643508911,0.9430791735649109,0.9706767654418945,0.7289237010478974,0.9794606018066406
7,0.05146931767463684,0.94855513215065,0.9735730224847794,0.730587297976017,0.9800615882873536,0.05311672806739807,0.9468832719326019,0.9726872360706329,0.7288425481319427,0.97958740234375
8,0.04601393193006516,0.9540086534619331,0.9764453887939453,0.7323037537932396,0.9808500671386718,0.041664406061172485,0.9583355939388275,0.9787180352210999,0.7340572881698608,0.9817218017578125
