epoch,train_loss,train_iou,train_dice,train_dice crossentropy,train_accuracy,val_loss,val_iou,val_dice,val_dice crossentropy,val_accuracy
1,0.5780915290117263,0.4219024467468262,0.5881258109211922,0.35598858624696733,0.7220893287658692,0.5183280003070831,0.48167199969291685,0.6493632614612579,0.36394169330596926,0.7940131378173828
2,0.5138699811697006,0.48612880080938337,0.653705168068409,0.3559949716925621,0.7973473358154297,0.512633947134018,0.48736605286598206,0.6545671951770783,0.3518763208389282,0.7993180847167969
3,0.51249551653862,0.48750433444976804,0.6547972726821899,0.3498391854763031,0.7988707160949707,0.5125822114944458,0.4874177885055542,0.6546140730381012,0.34895732879638675,0.7993180847167969
4,0.5122415268421173,0.4877583786845207,0.655053730905056,0.34833805441856386,0.7988707160949707,0.5125678277015686,0.4874321722984314,0.6546271562576294,0.34751806616783143,0.7993180847167969
5,0.512213092148304,0.4877868461608887,0.6551804804801941,0.3474140030145645,0.7988707160949707,0.5125596523284912,0.4874403476715088,0.6546345484256745,0.3474928140640259,0.7993180847167969
6,0.5121964922547341,0.4878033772110939,0.6551461488008499,0.34701594710350037,0.7988745307922364,0.5125443315505982,0.48745566844940186,0.6546511924266816,0.3545931017398834,0.799446792602539
7,0.5120986586809159,0.48790037900209426,0.6551900616288185,0.3485578513145447,0.799116382598877,0.5124645602703094,0.48753543972969055,0.654724760055542,0.3491852450370789,0.7995747375488281
