{
    "search_time": 2.7132086753845215,
    "stop_reason": "Maximo de generaciones alcanzado",
    "stop_gen": 30,
    "real_codification": [
        0.6269046710676657,
        0.33569329552917254,
        0.13179430203374623,
        0.19181132278065322,
        0.3501907058473759,
        0.2604565073818691,
        0.6162990066591855,
        0.06204729254644255,
        0.1620672962052159,
        0.0,
        0.16713821665314446,
        0.8000381606418198,
        0.26865632665213757,
        0.0786540763212454,
        0.24977473285851642,
        0.0,
        0.5321292682063217,
        0.24001238073812592,
        1.0,
        0.9221945181745751,
        1.0,
        0.11513938939108052,
        0.1958125255722139,
        0.3792060081623694,
        0.7534800440069478,
        0.27913123871866646,
        0.43411958997452205,
        0.6907746789641441,
        0.7415654295298338,
        0.0,
        0.8899749190535658,
        1.0,
        0.7738277738283994,
        0.6080302271040771,
        0.5975892130381348,
        0.12331553882924406,
        0.7458355568283768,
        0.12,
        0.4699199329096829,
        0.6692669008420555,
        0.0,
        0.79024032026883,
        0.1861248722814095,
        0.15328622250007595,
        0.0,
        0.5142713439652479,
        0.8254764932474532,
        0.8100200365839878,
        0.512731527206902,
        0.15812058120385697,
        0.0,
        0.16470012770927445,
        0.3728475463933665,
        0.8834872199236737,
        0.44148481516346694,
        0.987942319502968,
        0.4117505899855973,
        0.40965550811103757,
        0.6473444040017591,
        0.8628505285777334,
        0.704808808074354,
        0.2573146340934272
    ],
    "predicted_iou": 0.9633120894432068,
    "trained": true,
    "training_time": 182.68948081600138,
    "last_epoch": 15,
    "training_iou": 0.9550048053264618,
    "validation_iou": 0.956160181760788
}