seed,binary codification,max layers,max convs per layer,layers,training secs,epochs,val_loss,val_iou,val_dice,val_dice crossentropy,val_accuracy,train_loss,train_iou,train_dice,train_dice crossentropy,train_accuracy,real_codification
0,AAAAAAAAALTCZLS2GNZXAXGFK7VBUC6YPLYADMQ_192,4,2,3,455.17292240000097,6,0.5485808769861857,0.4514191230138143,0.6209800943732262,0.3573231702049573,0.7821989377339681,0.553627715135614,0.4463721577078104,0.6160028871148825,0.35422748165826,0.7787400086720785,"[0.08233333333333333, 0.3323333333333333, 0.1101111111111111, 0.08233333333333333, 0.3323333333333333, 0.1101111111111111, 0.3323333333333333, 0.08233333333333333, 0.3323333333333333, 0.1101111111111111, 0.08233333333333333, 0.3323333333333333, 0.1101111111111111, 0.499, 0.09, 0.34, 0.9, 0.68, 0.34, 0.45, 0.34, 0.51, 0.68, 0.34, 0.76, 0.01, 0.45, 0.01, 0.76, 0.68, 0.23, 0.43, 0.01, 0.12, 0.34, 0.68, 0.68, 0.12, 0.51, 0.34, 0.57, 0.51, 0.76, 0.34, 0.01, 0.76, 0.01, 0.12, 0.34, 0.93, 0.68, 0.01, 0.84, 0.34, 0.57, 0.51, 0.08233333333333333, 0.3323333333333333, 0.1101111111111111, 0.34, 0.68, 0.34]"
1,AAAAAAAAAAAAAAAAAAAHCHGVQT4I7EQAFAHBI4Q_192,4,2,2,1192.8096974999935,43,0.1358313525716463,0.8641686474283536,0.9259171053767205,0.6811689009269078,0.9224788029988606,0.1336791697889566,0.866295208906134,0.92729811022679,0.6824607733637095,0.9229830662409464,"[0.08233333333333333, 0.3323333333333333, 0.1101111111111111, 0.08233333333333333, 0.3323333333333333, 0.1101111111111111, 0.3323333333333333, 0.08233333333333333, 0.3323333333333333, 0.1101111111111111, 0.08233333333333333, 0.3323333333333333, 0.1101111111111111, 0.499, 0.08233333333333333, 0.3323333333333333, 0.1101111111111111, 0.08233333333333333, 0.3323333333333333, 0.1101111111111111, 0.3323333333333333, 0.08233333333333333, 0.3323333333333333, 0.1101111111111111, 0.08233333333333333, 0.3323333333333333, 0.1101111111111111, 0.499, 0.08233333333333333, 0.3323333333333333, 0.1101111111111111, 0.43, 0.01, 0.79, 0.34, 0.68, 0.68, 0.68, 0.34, 0.01, 0.79, 0.51, 0.84, 0.01, 0.79, 0.43, 0.68, 0.34, 0.34, 0.08233333333333333, 0.3323333333333333, 0.1101111111111111, 0.51, 0.01, 0.01, 0.01, 0.93, 0.01, 0.68, 0.09, 0.68, 0.34]"
2,AAAAAAAAAAAAAAAAAAADJ56LYPVY4A4KUZQAARY_192,4,2,2,227.2551336999749,6,0.6873543312152227,0.3126456687847773,0.4746043841044108,0.2373675435781478,0.2849106470743815,0.6802888949712117,0.3197109042356411,0.4826698495695988,0.2414050831149022,0.2922839085261027,"[0.08233333333333333, 0.3323333333333333, 0.1101111111111111, 0.08233333333333333, 0.3323333333333333, 0.1101111111111111, 0.3323333333333333, 0.08233333333333333, 0.3323333333333333, 0.1101111111111111, 0.08233333333333333, 0.3323333333333333, 0.1101111111111111, 0.499, 0.08233333333333333, 0.3323333333333333, 0.1101111111111111, 0.08233333333333333, 0.3323333333333333, 0.1101111111111111, 0.3323333333333333, 0.08233333333333333, 0.3323333333333333, 0.1101111111111111, 0.08233333333333333, 0.3323333333333333, 0.1101111111111111, 0.499, 0.08233333333333333, 0.3323333333333333, 0.1101111111111111, 0.18, 0.34, 0.23, 0.68, 0.43, 0.68, 0.34, 0.84, 0.01, 0.23, 0.51, 0.76, 0.34, 0.9, 0.43, 0.01, 0.01, 0.34, 0.68, 0.34, 0.68, 0.59, 0.68, 0.23, 0.01, 0.08233333333333333, 0.3323333333333333, 0.1101111111111111, 0.09, 0.01, 0.57]"
3,AAAAAAAAAAAAAAAAAAAF2MADYQABTZUZWZQABMA_192,4,2,2,463.13793880000594,14,0.2900782197713852,0.7099217802286149,0.827178955078125,0.5591443012158076,0.8744898478190104,0.1231476911654075,0.8768514769772688,0.933564895267288,0.659336206689477,0.9273452202479044,"[0.08233333333333333, 0.3323333333333333, 0.1101111111111111, 0.08233333333333333, 0.3323333333333333, 0.1101111111111111, 0.3323333333333333, 0.08233333333333333, 0.3323333333333333, 0.1101111111111111, 0.08233333333333333, 0.3323333333333333, 0.1101111111111111, 0.499, 0.08233333333333333, 0.3323333333333333, 0.1101111111111111, 0.08233333333333333, 0.3323333333333333, 0.1101111111111111, 0.3323333333333333, 0.08233333333333333, 0.3323333333333333, 0.1101111111111111, 0.08233333333333333, 0.3323333333333333, 0.1101111111111111, 0.499, 0.08233333333333333, 0.3323333333333333, 0.1101111111111111, 0.51, 0.68, 0.79, 0.68, 0.08233333333333333, 0.3323333333333333, 0.1101111111111111, 0.84, 0.01, 0.79, 0.01, 0.08233333333333333, 0.3323333333333333, 0.1101111111111111, 0.68, 0.68, 0.9, 0.68, 0.59, 0.68, 0.23, 0.34, 0.68, 0.23, 0.01, 0.08233333333333333, 0.3323333333333333, 0.1101111111111111, 0.26, 0.68, 0.01]"
4,AAAAAAAAAAAAAAAAAD24A4AALQABXPSDGDAADVY_192,4,2,2,206.8919860000024,9,0.682545971373717,0.317454028626283,0.4801850308974584,0.256383204460144,0.2909971555074056,0.6823964896301429,0.3176034390926361,0.480290869747599,0.2569659949590762,0.2907622814178466,"[0.08233333333333333, 0.3323333333333333, 0.1101111111111111, 0.08233333333333333, 0.3323333333333333, 0.1101111111111111, 0.3323333333333333, 0.08233333333333333, 0.3323333333333333, 0.1101111111111111, 0.08233333333333333, 0.3323333333333333, 0.1101111111111111, 0.499, 0.08233333333333333, 0.3323333333333333, 0.1101111111111111, 0.08233333333333333, 0.3323333333333333, 0.1101111111111111, 0.3323333333333333, 0.08233333333333333, 0.3323333333333333, 0.1101111111111111, 0.08233333333333333, 0.3323333333333333, 0.1101111111111111, 0.499, 0.18, 0.68, 0.68, 0.68, 0.01, 0.12, 0.68, 0.08233333333333333, 0.3323333333333333, 0.1101111111111111, 0.09, 0.34, 0.9, 0.01, 0.08233333333333333, 0.3323333333333333, 0.1101111111111111, 0.76, 0.68, 0.57, 0.68, 0.26, 0.01, 0.45, 0.34, 0.01, 0.45, 0.01, 0.08233333333333333, 0.3323333333333333, 0.1101111111111111, 0.43, 0.34, 0.57]"
5,L4CSYABB3IIOLOFEDAABBMAAQYAALFXDUBT4H5Y_192,4,2,4,605.7044891999976,34,0.1379179482658704,0.8620820517341296,0.9252953439950944,0.6784199173251788,0.9250971794128418,0.1296144865453243,0.8703964316596587,0.9301865946501492,0.6817399787406127,0.9282308101654052,"[0.51, 0.68, 0.9, 0.09, 0.34, 0.34, 0.68, 0.08233333333333333, 0.3323333333333333, 0.1101111111111111, 0.26, 0.01, 0.57, 0.01, 0.76, 0.01, 0.34, 0.09, 0.68, 0.34, 0.68, 0.43, 0.01, 0.68, 0.26, 0.01, 0.23, 0.01, 0.08233333333333333, 0.3323333333333333, 0.1101111111111111, 0.09, 0.01, 0.34, 0.68, 0.08233333333333333, 0.3323333333333333, 0.1101111111111111, 0.26, 0.01, 0.45, 0.01, 0.08233333333333333, 0.3323333333333333, 0.1101111111111111, 0.26, 0.68, 0.34, 0.68, 0.43, 0.01, 0.57, 0.59, 0.01, 0.23, 0.01, 0.43, 0.68, 0.01, 0.84, 0.68, 0.57]"
6,AAYQYABNEAB2L3RN4FDUKEABWYABZIQAN6IAHVQ_192,4,2,4,868.3932519000082,27,0.0630267615119616,0.9369732384880384,0.9673404917120934,0.7186652506391208,0.94375155766805,0.0504954891900221,0.949483043452104,0.9740306980907916,0.7250396500031153,0.9480246146519978,"[0.08233333333333333, 0.3323333333333333, 0.1101111111111111, 0.68, 0.34, 0.01, 0.68, 0.08233333333333333, 0.3323333333333333, 0.1101111111111111, 0.26, 0.68, 0.79, 0.51, 0.08233333333333333, 0.3323333333333333, 0.1101111111111111, 0.43, 0.34, 0.34, 0.68, 0.76, 0.68, 0.12, 0.34, 0.68, 0.9, 0.01, 0.51, 0.01, 0.57, 0.59, 0.34, 0.79, 0.34, 0.08233333333333333, 0.3323333333333333, 0.1101111111111111, 0.34, 0.68, 0.45, 0.01, 0.08233333333333333, 0.3323333333333333, 0.1101111111111111, 0.93, 0.34, 0.79, 0.34, 0.08233333333333333, 0.3323333333333333, 0.1101111111111111, 0.76, 0.68, 0.9, 0.51, 0.08233333333333333, 0.3323333333333333, 0.1101111111111111, 0.84, 0.34, 0.45]"
7,AAAAAAAAAABGBAA2HAADK4ABRQAA3BRANDAAHXA_192,4,2,3,122.9131593000202,6,0.6785314227143924,0.3214685772856077,0.4845904673139254,0.2442294562856356,0.2936687469482422,0.6825284731884798,0.3174727185318867,0.4801399004956087,0.2419484723359346,0.2900943835576375,"[0.08233333333333333, 0.3323333333333333, 0.1101111111111111, 0.08233333333333333, 0.3323333333333333, 0.1101111111111111, 0.3323333333333333, 0.08233333333333333, 0.3323333333333333, 0.1101111111111111, 0.08233333333333333, 0.3323333333333333, 0.1101111111111111, 0.499, 0.08233333333333333, 0.3323333333333333, 0.1101111111111111, 0.59, 0.68, 0.01, 0.34, 0.08233333333333333, 0.3323333333333333, 0.1101111111111111, 0.76, 0.01, 0.57, 0.01, 0.08233333333333333, 0.3323333333333333, 0.1101111111111111, 0.18, 0.34, 0.68, 0.68, 0.08233333333333333, 0.3323333333333333, 0.1101111111111111, 0.34, 0.01, 0.9, 0.01, 0.08233333333333333, 0.3323333333333333, 0.1101111111111111, 0.34, 0.68, 0.01, 0.68, 0.09, 0.01, 0.01, 0.76, 0.01, 0.45, 0.01, 0.08233333333333333, 0.3323333333333333, 0.1101111111111111, 0.84, 0.34, 0.9]"
8,AAAAAAAAAAAAAAAAAEBBBUADIXRJ4LQAMAKMPEI_192,4,2,2,342.1632734000159,9,0.2803941622376442,0.7196058377623558,0.833047105371952,0.5472039798895518,0.880699094136556,0.176180774718523,0.8238180976361036,0.9016026994834344,0.6273991543799639,0.9091241916020713,"[0.08233333333333333, 0.3323333333333333, 0.1101111111111111, 0.08233333333333333, 0.3323333333333333, 0.1101111111111111, 0.3323333333333333, 0.08233333333333333, 0.3323333333333333, 0.1101111111111111, 0.08233333333333333, 0.3323333333333333, 0.1101111111111111, 0.499, 0.08233333333333333, 0.3323333333333333, 0.1101111111111111, 0.08233333333333333, 0.3323333333333333, 0.1101111111111111, 0.3323333333333333, 0.08233333333333333, 0.3323333333333333, 0.1101111111111111, 0.08233333333333333, 0.3323333333333333, 0.1101111111111111, 0.499, 0.59, 0.01, 0.34, 0.09, 0.01, 0.23, 0.34, 0.08233333333333333, 0.3323333333333333, 0.1101111111111111, 0.76, 0.01, 0.68, 0.51, 0.68, 0.34, 0.79, 0.84, 0.01, 0.68, 0.68, 0.08233333333333333, 0.3323333333333333, 0.1101111111111111, 0.68, 0.01, 0.01, 0.51, 0.59, 0.68, 0.12, 0.93, 0.34, 0.12]"
9,AAAAAAAABYPQ76H3QEBWA4ADOE3EQMQAELQACBI_192,4,2,3,9344.42204460001,49,0.1288579290111859,0.871142070988814,0.930415899058183,0.6488165865341823,0.9258338610331216,0.1255765708784262,0.8744225177913905,0.9322334182759126,0.652680513014396,0.9273184696833292,"[0.08233333333333333, 0.3323333333333333, 0.1101111111111111, 0.08233333333333333, 0.3323333333333333, 0.1101111111111111, 0.3323333333333333, 0.08233333333333333, 0.3323333333333333, 0.1101111111111111, 0.08233333333333333, 0.3323333333333333, 0.1101111111111111, 0.499, 0.43, 0.01, 0.23, 0.93, 0.01, 0.57, 0.68, 0.84, 0.01, 0.57, 0.76, 0.68, 0.01, 0.01, 0.59, 0.01, 0.23, 0.34, 0.01, 0.12, 0.68, 0.08233333333333333, 0.3323333333333333, 0.1101111111111111, 0.76, 0.68, 0.12, 0.01, 0.34, 0.68, 0.34, 0.59, 0.01, 0.45, 0.34, 0.08233333333333333, 0.3323333333333333, 0.1101111111111111, 0.59, 0.34, 0.57, 0.01, 0.08233333333333333, 0.3323333333333333, 0.1101111111111111, 0.59, 0.01, 0.68]"
10,AAIQIAGFRIJIXAA6V4DOJVSUOAAA7PQAF6J56QQ_192,4,2,4,2141.49212000001,33,0.0609364464879036,0.9390635535120964,0.9684609025716782,0.7153801783919335,0.9450977007548016,0.0514171914507945,0.9485817319403091,0.973505490894119,0.7198475852608681,0.946772575378418,"[0.08233333333333333, 0.3323333333333333, 0.1101111111111111, 0.59, 0.34, 0.01, 0.34, 0.08233333333333333, 0.3323333333333333, 0.1101111111111111, 0.68, 0.34, 0.45, 0.01, 0.51, 0.01, 0.34, 0.51, 0.01, 0.68, 0.68, 0.08233333333333333, 0.3323333333333333, 0.1101111111111111, 0.84, 0.34, 0.68, 0.51, 0.68, 0.01, 0.45, 0.93, 0.34, 0.23, 0.34, 0.34, 0.34, 0.68, 0.09, 0.68, 0.01, 0.01, 0.08233333333333333, 0.3323333333333333, 0.1101111111111111, 0.43, 0.68, 0.57, 0.68, 0.08233333333333333, 0.3323333333333333, 0.1101111111111111, 0.51, 0.68, 0.9, 0.51, 0.18, 0.68, 0.57, 0.76, 0.01, 0.34]"
11,AAAAAAAADGIWRAAGWAAPKEADZQAAYBVJNDAAGNQ_192,4,2,3,1075.7596717000124,20,0.1327610080440839,0.8672389919559161,0.9284084171056748,0.6851041619976361,0.9278140385945638,0.1019854898254076,0.8980020242432754,0.94590839308997,0.6953765383611122,0.935698135693868,"[0.08233333333333333, 0.3323333333333333, 0.1101111111111111, 0.08233333333333333, 0.3323333333333333, 0.1101111111111111, 0.3323333333333333, 0.08233333333333333, 0.3323333333333333, 0.1101111111111111, 0.08233333333333333, 0.3323333333333333, 0.1101111111111111, 0.499, 0.68, 0.68, 0.34, 0.26, 0.68, 0.79, 0.34, 0.08233333333333333, 0.3323333333333333, 0.1101111111111111, 0.18, 0.34, 0.45, 0.01, 0.08233333333333333, 0.3323333333333333, 0.1101111111111111, 0.84, 0.34, 0.79, 0.34, 0.08233333333333333, 0.3323333333333333, 0.1101111111111111, 0.84, 0.01, 0.9, 0.01, 0.08233333333333333, 0.3323333333333333, 0.1101111111111111, 0.34, 0.01, 0.01, 0.68, 0.51, 0.34, 0.34, 0.76, 0.01, 0.45, 0.01, 0.08233333333333333, 0.3323333333333333, 0.1101111111111111, 0.68, 0.68, 0.45]"
12,AAAAAAAADW4SBYU6MFDWBMADO4AAHYQADKIAGXA_192,4,2,3,1528.8037338999857,15,0.6797790636618932,0.3202209363381068,0.4833204865455627,0.2623328213890393,0.2941099484761556,0.68340626321733,0.3166080185522635,0.4792657653490702,0.2600705870737632,0.2899840831756591,"[0.08233333333333333, 0.3323333333333333, 0.1101111111111111, 0.08233333333333333, 0.3323333333333333, 0.1101111111111111, 0.3323333333333333, 0.08233333333333333, 0.3323333333333333, 0.1101111111111111, 0.08233333333333333, 0.3323333333333333, 0.1101111111111111, 0.499, 0.93, 0.68, 0.57, 0.26, 0.34, 0.01, 0.34, 0.68, 0.34, 0.79, 0.84, 0.01, 0.9, 0.01, 0.51, 0.01, 0.57, 0.34, 0.01, 0.34, 0.68, 0.08233333333333333, 0.3323333333333333, 0.1101111111111111, 0.76, 0.68, 0.57, 0.01, 0.08233333333333333, 0.3323333333333333, 0.1101111111111111, 0.09, 0.68, 0.9, 0.34, 0.08233333333333333, 0.3323333333333333, 0.1101111111111111, 0.18, 0.34, 0.79, 0.51, 0.08233333333333333, 0.3323333333333333, 0.1101111111111111, 0.76, 0.34, 0.9]"
13,AAAAAAAADWPQNAA5TAAHC4ADWAAA5LQAHJKN7BY_192,4,2,3,37613.46302580001,32,0.0735170592864354,0.9264829407135644,0.9616642713546752,0.7001688713828723,0.9438983599344888,0.0740676750739415,0.9259305300811926,0.961321662242214,0.6987687653551499,0.9420536915461224,"[0.08233333333333333, 0.3323333333333333, 0.1101111111111111, 0.08233333333333333, 0.3323333333333333, 0.1101111111111111, 0.3323333333333333, 0.08233333333333333, 0.3323333333333333, 0.1101111111111111, 0.08233333333333333, 0.3323333333333333, 0.1101111111111111, 0.499, 0.93, 0.68, 0.23, 0.93, 0.01, 0.23, 0.34, 0.08233333333333333, 0.3323333333333333, 0.1101111111111111, 0.93, 0.68, 0.23, 0.01, 0.08233333333333333, 0.3323333333333333, 0.1101111111111111, 0.43, 0.01, 0.68, 0.68, 0.08233333333333333, 0.3323333333333333, 0.1101111111111111, 0.93, 0.68, 0.01, 0.01, 0.08233333333333333, 0.3323333333333333, 0.1101111111111111, 0.43, 0.34, 0.68, 0.68, 0.08233333333333333, 0.3323333333333333, 0.1101111111111111, 0.43, 0.34, 0.34, 0.51, 0.59, 0.68, 0.57, 0.93, 0.01, 0.57]"
14,AAAAAAAAAAAAAAAAAAAH3M6R2UZO5YQAC3AAB5Y_192,4,2,2,368.6754338000028,31,0.1191876242558161,0.8808123757441838,0.9362368156512578,0.681770883500576,0.9282734235127766,0.1253507792949676,0.8746261607855559,0.9324011451254288,0.6784451944132646,0.9280758062998454,"[0.08233333333333333, 0.3323333333333333, 0.1101111111111111, 0.08233333333333333, 0.3323333333333333, 0.1101111111111111, 0.3323333333333333, 0.08233333333333333, 0.3323333333333333, 0.1101111111111111, 0.08233333333333333, 0.3323333333333333, 0.1101111111111111, 0.499, 0.08233333333333333, 0.3323333333333333, 0.1101111111111111, 0.08233333333333333, 0.3323333333333333, 0.1101111111111111, 0.3323333333333333, 0.08233333333333333, 0.3323333333333333, 0.1101111111111111, 0.08233333333333333, 0.3323333333333333, 0.1101111111111111, 0.499, 0.08233333333333333, 0.3323333333333333, 0.1101111111111111, 0.43, 0.68, 0.45, 0.68, 0.18, 0.68, 0.79, 0.43, 0.34, 0.68, 0.01, 0.34, 0.34, 0.57, 0.43, 0.34, 0.9, 0.34, 0.08233333333333333, 0.3323333333333333, 0.1101111111111111, 0.26, 0.68, 0.45, 0.01, 0.08233333333333333, 0.3323333333333333, 0.1101111111111111, 0.18, 0.68, 0.57]"
15,AAAAAAAAAAAAAAAAAAANYEABQCAANJXLFBIAD7A_192,4,2,2,488.4982361000002,29,0.1688575396935145,0.8311424603064855,0.9067515730857848,0.6285372669498126,0.9092423756917316,0.1795733994493882,0.8204240454981725,0.8998904368529718,0.6261580388993024,0.9079413890838623,"[0.08233333333333333, 0.3323333333333333, 0.1101111111111111, 0.08233333333333333, 0.3323333333333333, 0.1101111111111111, 0.3323333333333333, 0.08233333333333333, 0.3323333333333333, 0.1101111111111111, 0.08233333333333333, 0.3323333333333333, 0.1101111111111111, 0.499, 0.08233333333333333, 0.3323333333333333, 0.1101111111111111, 0.08233333333333333, 0.3323333333333333, 0.1101111111111111, 0.3323333333333333, 0.08233333333333333, 0.3323333333333333, 0.1101111111111111, 0.08233333333333333, 0.3323333333333333, 0.1101111111111111, 0.499, 0.08233333333333333, 0.3323333333333333, 0.1101111111111111, 0.76, 0.68, 0.01, 0.34, 0.08233333333333333, 0.3323333333333333, 0.1101111111111111, 0.34, 0.01, 0.01, 0.51, 0.08233333333333333, 0.3323333333333333, 0.1101111111111111, 0.18, 0.34, 0.79, 0.68, 0.43, 0.34, 0.45, 0.51, 0.01, 0.34, 0.51, 0.08233333333333333, 0.3323333333333333, 0.1101111111111111, 0.43, 0.68, 0.9]"
16,AAAAAAAADCVSB5WNSVZ7IEAD2BTMZOUD4OIADQA_192,4,2,3,10018.062556200006,25,0.0772425030668576,0.9227574969331424,0.9595613479614258,0.70717443972826,0.9406617482503256,0.0622995859632889,0.9376969758421184,0.9676977906376124,0.7155785714586576,0.9440059820810954,"[0.08233333333333333, 0.3323333333333333, 0.1101111111111111, 0.08233333333333333, 0.3323333333333333, 0.1101111111111111, 0.3323333333333333, 0.08233333333333333, 0.3323333333333333, 0.1101111111111111, 0.08233333333333333, 0.3323333333333333, 0.1101111111111111, 0.499, 0.68, 0.34, 0.68, 0.34, 0.34, 0.01, 0.34, 0.93, 0.68, 0.45, 0.34, 0.68, 0.34, 0.51, 0.51, 0.68, 0.23, 0.84, 0.34, 0.01, 0.34, 0.08233333333333333, 0.3323333333333333, 0.1101111111111111, 0.84, 0.34, 0.01, 0.01, 0.68, 0.68, 0.45, 0.34, 0.34, 0.57, 0.34, 0.59, 0.01, 0.57, 0.68, 0.34, 0.9, 0.51, 0.08233333333333333, 0.3323333333333333, 0.1101111111111111, 0.43, 0.01, 0.01]"
17,OWF4ZQSNMWAQNAALRT2OZ7KBCAXAQCQAG3YADTA_192,4,2,4,717.9831783000263,28,0.0708906476696332,0.9291093523303668,0.963082913060983,0.7097463761766751,0.943075466156006,0.0727953311055898,0.9272032299389442,0.9620134443044662,0.7082622059931357,0.9421501557032268,"[0.43, 0.34, 0.45, 0.26, 0.68, 0.9, 0.68, 0.18, 0.01, 0.34, 0.59, 0.68, 0.68, 0.51, 0.26, 0.68, 0.01, 0.26, 0.01, 0.23, 0.34, 0.08233333333333333, 0.3323333333333333, 0.1101111111111111, 0.51, 0.68, 0.12, 0.51, 0.18, 0.68, 0.79, 0.93, 0.68, 0.23, 0.68, 0.76, 0.34, 0.01, 0.59, 0.34, 0.01, 0.01, 0.51, 0.68, 0.01, 0.59, 0.01, 0.12, 0.34, 0.08233333333333333, 0.3323333333333333, 0.1101111111111111, 0.34, 0.68, 0.57, 0.51, 0.08233333333333333, 0.3323333333333333, 0.1101111111111111, 0.43, 0.01, 0.9]"
18,AAAAAAAAAAAAAAAAAAAOLUABSTRE7C5ZWBIAHEQ_192,4,2,2,3356.696904000012,26,0.3569621582825978,0.6430378417174022,0.7783831715583801,0.5596667880813281,0.8556429227193196,0.0884598678598801,0.9115011593947808,0.9533184682329496,0.7073140614976485,0.93709241549174,"[0.08233333333333333, 0.3323333333333333, 0.1101111111111111, 0.08233333333333333, 0.3323333333333333, 0.1101111111111111, 0.3323333333333333, 0.08233333333333333, 0.3323333333333333, 0.1101111111111111, 0.08233333333333333, 0.3323333333333333, 0.1101111111111111, 0.499, 0.08233333333333333, 0.3323333333333333, 0.1101111111111111, 0.08233333333333333, 0.3323333333333333, 0.1101111111111111, 0.3323333333333333, 0.08233333333333333, 0.3323333333333333, 0.1101111111111111, 0.08233333333333333, 0.3323333333333333, 0.1101111111111111, 0.499, 0.08233333333333333, 0.3323333333333333, 0.1101111111111111, 0.93, 0.34, 0.57, 0.34, 0.08233333333333333, 0.3323333333333333, 0.1101111111111111, 0.34, 0.34, 0.79, 0.51, 0.68, 0.34, 0.34, 0.43, 0.68, 0.12, 0.34, 0.76, 0.68, 0.23, 0.34, 0.01, 0.34, 0.51, 0.08233333333333333, 0.3323333333333333, 0.1101111111111111, 0.93, 0.34, 0.34]"
19,AA2MYACHA2VKHOCGBQADIMAD6X7HZEQAGJB5AVA_192,4,2,4,332.8550418000086,10,0.6850623269875844,0.3149376730124155,0.477582852045695,0.2653978655735651,0.288158384958903,0.6822280246764422,0.3177727712939183,0.4804268634567658,0.2677439533174038,0.2914719740549723,"[0.08233333333333333, 0.3323333333333333, 0.1101111111111111, 0.76, 0.01, 0.9, 0.68, 0.08233333333333333, 0.3323333333333333, 0.1101111111111111, 0.59, 0.34, 0.9, 0.01, 0.18, 0.34, 0.68, 0.51, 0.34, 0.12, 0.68, 0.43, 0.01, 0.34, 0.18, 0.01, 0.12, 0.51, 0.08233333333333333, 0.3323333333333333, 0.1101111111111111, 0.18, 0.34, 0.01, 0.68, 0.08233333333333333, 0.3323333333333333, 0.1101111111111111, 0.84, 0.68, 0.68, 0.51, 0.84, 0.68, 0.23, 0.93, 0.34, 0.34, 0.34, 0.08233333333333333, 0.3323333333333333, 0.1101111111111111, 0.34, 0.34, 0.34, 0.01, 0.18, 0.68, 0.79, 0.09, 0.34, 0.79]"
20,AAPRPQCELGRAL5XKRQAGZEABQG7MLCQAHZAAA5Q_192,4,2,4,2697.3393960999965,38,0.0580288231372833,0.9419711768627168,0.9700124363104502,0.7181034728884697,0.9453010241190593,0.0576788819084564,0.9423145590970914,0.9702087176342804,0.7187558963894844,0.945517102877299,"[0.08233333333333333, 0.3323333333333333, 0.1101111111111111, 0.43, 0.68, 0.12, 0.34, 0.84, 0.01, 0.01, 0.59, 0.34, 0.12, 0.01, 0.68, 0.68, 0.79, 0.59, 0.01, 0.34, 0.68, 0.93, 0.68, 0.57, 0.51, 0.34, 0.12, 0.51, 0.08233333333333333, 0.3323333333333333, 0.1101111111111111, 0.34, 0.68, 0.34, 0.34, 0.08233333333333333, 0.3323333333333333, 0.1101111111111111, 0.34, 0.01, 0.12, 0.51, 0.43, 0.68, 0.45, 0.26, 0.68, 0.12, 0.34, 0.08233333333333333, 0.3323333333333333, 0.1101111111111111, 0.43, 0.68, 0.34, 0.01, 0.08233333333333333, 0.3323333333333333, 0.1101111111111111, 0.09, 0.68, 0.45]"
21,AAAAAAAAAAAAAAAAAE3MCEADOJ5CIFQAE2WUPEA_192,4,2,2,3284.517380900012,39,0.0684496243794759,0.931550375620524,0.964445585012436,0.7048321982224782,0.9419775009155272,0.0715253787736098,0.9284734373291332,0.9627204318841298,0.7042093597352505,0.9428573369979858,"[0.08233333333333333, 0.3323333333333333, 0.1101111111111111, 0.08233333333333333, 0.3323333333333333, 0.1101111111111111, 0.3323333333333333, 0.08233333333333333, 0.3323333333333333, 0.1101111111111111, 0.08233333333333333, 0.3323333333333333, 0.1101111111111111, 0.499, 0.08233333333333333, 0.3323333333333333, 0.1101111111111111, 0.08233333333333333, 0.3323333333333333, 0.1101111111111111, 0.3323333333333333, 0.08233333333333333, 0.3323333333333333, 0.1101111111111111, 0.08233333333333333, 0.3323333333333333, 0.1101111111111111, 0.499, 0.59, 0.68, 0.45, 0.68, 0.01, 0.79, 0.34, 0.08233333333333333, 0.3323333333333333, 0.1101111111111111, 0.76, 0.68, 0.34, 0.01, 0.84, 0.34, 0.12, 0.26, 0.01, 0.34, 0.68, 0.08233333333333333, 0.3323333333333333, 0.1101111111111111, 0.59, 0.68, 0.68, 0.01, 0.76, 0.34, 0.12, 0.93, 0.34, 0.01]"
22,AAAAAAAAAAAAAAAAAAAB2EAA64FHXLQAPDIABDA_192,4,2,2,1078.6370163999964,26,0.2678676043947537,0.7321323956052462,0.8421523675322533,0.6197515512506168,0.8778701782226562,0.2724974437306324,0.7274832472205162,0.8397336022307476,0.6164632751295964,0.8727974732716878,"[0.08233333333333333, 0.3323333333333333, 0.1101111111111111, 0.08233333333333333, 0.3323333333333333, 0.1101111111111111, 0.3323333333333333, 0.08233333333333333, 0.3323333333333333, 0.1101111111111111, 0.08233333333333333, 0.3323333333333333, 0.1101111111111111, 0.499, 0.08233333333333333, 0.3323333333333333, 0.1101111111111111, 0.08233333333333333, 0.3323333333333333, 0.1101111111111111, 0.3323333333333333, 0.08233333333333333, 0.3323333333333333, 0.1101111111111111, 0.08233333333333333, 0.3323333333333333, 0.1101111111111111, 0.499, 0.08233333333333333, 0.3323333333333333, 0.1101111111111111, 0.09, 0.68, 0.79, 0.34, 0.08233333333333333, 0.3323333333333333, 0.1101111111111111, 0.18, 0.68, 0.57, 0.01, 0.09, 0.34, 0.23, 0.76, 0.68, 0.68, 0.68, 0.08233333333333333, 0.3323333333333333, 0.1101111111111111, 0.84, 0.01, 0.45, 0.51, 0.08233333333333333, 0.3323333333333333, 0.1101111111111111, 0.26, 0.01, 0.9]"
23,AAAAAAAAAAAO3JXFSQAG2MAAYQUEHPQAPD7RBNA_192,4,2,3,495.73008159999154,26,0.1903296912709872,0.8096703087290128,0.8931721364458401,0.6384090269605319,0.9083469072977702,0.1683862475057443,0.8316080847134193,0.906551104908188,0.6522380452603102,0.9118276913960774,"[0.08233333333333333, 0.3323333333333333, 0.1101111111111111, 0.08233333333333333, 0.3323333333333333, 0.1101111111111111, 0.3323333333333333, 0.08233333333333333, 0.3323333333333333, 0.1101111111111111, 0.08233333333333333, 0.3323333333333333, 0.1101111111111111, 0.499, 0.08233333333333333, 0.3323333333333333, 0.1101111111111111, 0.09, 0.68, 0.45, 0.68, 0.59, 0.68, 0.57, 0.26, 0.68, 0.34, 0.51, 0.08233333333333333, 0.3323333333333333, 0.1101111111111111, 0.34, 0.68, 0.79, 0.68, 0.08233333333333333, 0.3323333333333333, 0.1101111111111111, 0.18, 0.01, 0.79, 0.01, 0.51, 0.01, 0.34, 0.09, 0.68, 0.57, 0.68, 0.08233333333333333, 0.3323333333333333, 0.1101111111111111, 0.84, 0.01, 0.57, 0.51, 0.84, 0.01, 0.79, 0.26, 0.68, 0.79]"
24,6CEDIABNXQDIR4UHWT36BFOFYK7MYJQAODQAGNQ_192,4,2,4,1066.6663285999966,13,0.1463804841041565,0.8536195158958435,0.9199217438697816,0.6641869992017746,0.9207304954528808,0.1065591727693875,0.8934358085195223,0.9430397984882196,0.6893718238919974,0.9319917440414428,"[0.84, 0.01, 0.34, 0.26, 0.01, 0.23, 0.34, 0.08233333333333333, 0.3323333333333333, 0.1101111111111111, 0.26, 0.68, 0.45, 0.51, 0.93, 0.01, 0.01, 0.76, 0.01, 0.79, 0.34, 0.93, 0.34, 0.79, 0.18, 0.68, 0.45, 0.51, 0.18, 0.68, 0.57, 0.93, 0.01, 0.34, 0.34, 0.51, 0.68, 0.12, 0.43, 0.01, 0.34, 0.51, 0.43, 0.68, 0.45, 0.34, 0.01, 0.79, 0.68, 0.08233333333333333, 0.3323333333333333, 0.1101111111111111, 0.93, 0.01, 0.57, 0.01, 0.08233333333333333, 0.3323333333333333, 0.1101111111111111, 0.68, 0.68, 0.45]"
25,AAAAAAAAAABSTAAOGAAPZEW7LQRFYIQADIQAB4Q_192,4,2,3,1464.3562077000097,52,0.0790230746070543,0.9209769253929456,0.9586885884404184,0.7014383867383003,0.9410208384195964,0.0690888913969198,0.9309065459916988,0.9640967064847548,0.7077836979180574,0.9449187914530436,"[0.08233333333333333, 0.3323333333333333, 0.1101111111111111, 0.08233333333333333, 0.3323333333333333, 0.1101111111111111, 0.3323333333333333, 0.08233333333333333, 0.3323333333333333, 0.1101111111111111, 0.08233333333333333, 0.3323333333333333, 0.1101111111111111, 0.499, 0.08233333333333333, 0.3323333333333333, 0.1101111111111111, 0.34, 0.34, 0.79, 0.68, 0.08233333333333333, 0.3323333333333333, 0.1101111111111111, 0.43, 0.01, 0.45, 0.01, 0.08233333333333333, 0.3323333333333333, 0.1101111111111111, 0.84, 0.68, 0.34, 0.34, 0.26, 0.68, 0.57, 0.76, 0.34, 0.9, 0.01, 0.59, 0.34, 0.34, 0.93, 0.01, 0.79, 0.34, 0.08233333333333333, 0.3323333333333333, 0.1101111111111111, 0.18, 0.34, 0.12, 0.01, 0.08233333333333333, 0.3323333333333333, 0.1101111111111111, 0.18, 0.68, 0.34]"
100,AAAAAAAAAAAAAAAAAMCVOMADIGAB3FWJCBLFGVI_192,4,2,2,1166.2191773999948,25,0.0993725125988324,0.9006274874011676,0.9473431924978892,0.6873241985837618,0.9318753878275552,0.1017968999842802,0.8982018207510313,0.945785483593742,0.6869756622860829,0.93227965037028,"[0.08233333333333333, 0.3323333333333333, 0.1101111111111111, 0.08233333333333333, 0.3323333333333333, 0.1101111111111111, 0.3323333333333333, 0.08233333333333333, 0.3323333333333333, 0.1101111111111111, 0.08233333333333333, 0.3323333333333333, 0.1101111111111111, 0.499, 0.08233333333333333, 0.3323333333333333, 0.1101111111111111, 0.08233333333333333, 0.3323333333333333, 0.1101111111111111, 0.3323333333333333, 0.08233333333333333, 0.3323333333333333, 0.1101111111111111, 0.08233333333333333, 0.3323333333333333, 0.1101111111111111, 0.499, 0.68, 0.01, 0.68, 0.51, 0.34, 0.9, 0.68, 0.08233333333333333, 0.3323333333333333, 0.1101111111111111, 0.76, 0.01, 0.12, 0.51, 0.08233333333333333, 0.3323333333333333, 0.1101111111111111, 0.93, 0.68, 0.34, 0.68, 0.34, 0.34, 0.34, 0.26, 0.01, 0.34, 0.51, 0.34, 0.34, 0.79, 0.76, 0.34, 0.68]"
101,AA2UIAHMVSQ2LAAG4FCUA7CI66ZCTKQAMGIAC5Y_192,4,2,4,8346.24528979999,25,0.0710785984992981,0.928921401500702,0.9629657576481502,0.7044651026527087,0.940902042388916,0.0722882747650146,0.9277099267890055,0.9623184221486252,0.7043481908738614,0.9421117703119912,"[0.08233333333333333, 0.3323333333333333, 0.1101111111111111, 0.76, 0.34, 0.79, 0.34, 0.08233333333333333, 0.3323333333333333, 0.1101111111111111, 0.93, 0.68, 0.34, 0.51, 0.34, 0.34, 0.79, 0.18, 0.34, 0.34, 0.68, 0.08233333333333333, 0.3323333333333333, 0.1101111111111111, 0.18, 0.34, 0.9, 0.01, 0.51, 0.01, 0.68, 0.59, 0.01, 0.12, 0.68, 0.68, 0.34, 0.34, 0.18, 0.68, 0.57, 0.51, 0.34, 0.34, 0.12, 0.59, 0.68, 0.68, 0.34, 0.08233333333333333, 0.3323333333333333, 0.1101111111111111, 0.68, 0.01, 0.9, 0.51, 0.08233333333333333, 0.3323333333333333, 0.1101111111111111, 0.51, 0.68, 0.57]"
102,AAAAAAAAAAAAAAAAACZUKUADPS3GMH5GNCIADMI_192,4,2,2,1865.652991399984,25,0.6815087134639423,0.3184912865360578,0.481054857869943,0.2553114314874013,0.29198211034139,0.6824029117822648,0.3175544772297144,0.4802104869236548,0.2547680222739776,0.2905160427093506,"[0.08233333333333333, 0.3323333333333333, 0.1101111111111111, 0.08233333333333333, 0.3323333333333333, 0.1101111111111111, 0.3323333333333333, 0.08233333333333333, 0.3323333333333333, 0.1101111111111111, 0.08233333333333333, 0.3323333333333333, 0.1101111111111111, 0.499, 0.08233333333333333, 0.3323333333333333, 0.1101111111111111, 0.08233333333333333, 0.3323333333333333, 0.1101111111111111, 0.3323333333333333, 0.08233333333333333, 0.3323333333333333, 0.1101111111111111, 0.08233333333333333, 0.3323333333333333, 0.1101111111111111, 0.499, 0.26, 0.68, 0.23, 0.59, 0.34, 0.68, 0.34, 0.08233333333333333, 0.3323333333333333, 0.1101111111111111, 0.76, 0.68, 0.9, 0.51, 0.34, 0.68, 0.23, 0.18, 0.01, 0.23, 0.68, 0.76, 0.01, 0.9, 0.76, 0.01, 0.79, 0.51, 0.08233333333333333, 0.3323333333333333, 0.1101111111111111, 0.34, 0.68, 0.12]"
103,NR7ROEOAYABQNFV7VAAFBF6ZWSABQG5I4I7AKEA_192,4,2,4,2166.7580812999804,25,0.0535226568579673,0.9464773431420326,0.9724503636360168,0.7151377792159717,0.9459554036458332,0.0482215411961078,0.9517681159079074,0.97523477251331,0.7183423116803169,0.9487673679987588,"[0.34, 0.68, 0.12, 0.84, 0.68, 0.12, 0.34, 0.68, 0.34, 0.12, 0.68, 0.01, 0.23, 0.01, 0.08233333333333333, 0.3323333333333333, 0.1101111111111111, 0.34, 0.01, 0.23, 0.34, 0.26, 0.68, 0.68, 0.84, 0.68, 0.68, 0.01, 0.08233333333333333, 0.3323333333333333, 0.1101111111111111, 0.51, 0.01, 0.34, 0.34, 0.43, 0.68, 0.45, 0.34, 0.68, 0.79, 0.51, 0.08233333333333333, 0.3323333333333333, 0.1101111111111111, 0.68, 0.01, 0.23, 0.34, 0.76, 0.34, 0.12, 0.68, 0.34, 0.12, 0.51, 0.93, 0.01, 0.12, 0.59, 0.34, 0.01]"
104,AAAAAAAAAAAAAAAAAAAGLUAAQMAAPP6BPKSBGMQ_192,4,2,2,2002.7502869000016,25,0.1438598091403643,0.8561401908596357,0.9217483202616372,0.6541004712382953,0.9219227155049642,0.1612765745570262,0.838721492389838,0.9108764794965584,0.6399858185400565,0.9138400077819824,"[0.08233333333333333, 0.3323333333333333, 0.1101111111111111, 0.08233333333333333, 0.3323333333333333, 0.1101111111111111, 0.3323333333333333, 0.08233333333333333, 0.3323333333333333, 0.1101111111111111, 0.08233333333333333, 0.3323333333333333, 0.1101111111111111, 0.499, 0.08233333333333333, 0.3323333333333333, 0.1101111111111111, 0.08233333333333333, 0.3323333333333333, 0.1101111111111111, 0.3323333333333333, 0.08233333333333333, 0.3323333333333333, 0.1101111111111111, 0.08233333333333333, 0.3323333333333333, 0.1101111111111111, 0.499, 0.08233333333333333, 0.3323333333333333, 0.1101111111111111, 0.34, 0.34, 0.57, 0.34, 0.08233333333333333, 0.3323333333333333, 0.1101111111111111, 0.26, 0.01, 0.23, 0.01, 0.08233333333333333, 0.3323333333333333, 0.1101111111111111, 0.18, 0.68, 0.57, 0.68, 0.93, 0.01, 0.34, 0.84, 0.34, 0.68, 0.01, 0.59, 0.01, 0.79, 0.68, 0.68, 0.34]"
105,6APXZEZBL2TGLAA64PD6CX6X3S7N4CUINBCHBMA_192,4,2,4,4133.294084399997,25,0.0496212646365165,0.9503787353634834,0.9744834969441096,0.7249455466866493,0.9476046562194824,0.0426540361096461,0.9572909106810888,0.9781475332876046,0.7276823331912359,0.9490849177042644,"[0.84, 0.01, 0.01, 0.43, 0.68, 0.57, 0.68, 0.26, 0.34, 0.23, 0.26, 0.01, 0.68, 0.01, 0.84, 0.34, 0.79, 0.68, 0.68, 0.34, 0.68, 0.08233333333333333, 0.3323333333333333, 0.1101111111111111, 0.84, 0.34, 0.9, 0.01, 0.84, 0.01, 0.57, 0.93, 0.01, 0.68, 0.34, 0.84, 0.68, 0.68, 0.84, 0.34, 0.9, 0.51, 0.43, 0.68, 0.45, 0.84, 0.01, 0.12, 0.34, 0.59, 0.34, 0.01, 0.76, 0.01, 0.34, 0.01, 0.59, 0.34, 0.9, 0.26, 0.68, 0.01]"
106,D4YGYADF5WR6TAAEXQAHLUAASEPGVY7KMJDATHA_192,4,2,4,523.7887842000055,25,0.3751204346617063,0.6248795653382937,0.766088391840458,0.5106961747010549,0.8268884023030599,0.3734977843860785,0.6264476342747609,0.7672214883069197,0.5119200430810451,0.8285497585932414,"[0.09, 0.68, 0.9, 0.68, 0.01, 0.45, 0.68, 0.08233333333333333, 0.3323333333333333, 0.1101111111111111, 0.34, 0.34, 0.57, 0.51, 0.34, 0.68, 0.79, 0.43, 0.68, 0.79, 0.68, 0.08233333333333333, 0.3323333333333333, 0.1101111111111111, 0.26, 0.34, 0.57, 0.51, 0.08233333333333333, 0.3323333333333333, 0.1101111111111111, 0.43, 0.34, 0.57, 0.34, 0.08233333333333333, 0.3323333333333333, 0.1101111111111111, 0.26, 0.34, 0.12, 0.01, 0.18, 0.68, 0.23, 0.51, 0.34, 0.9, 0.34, 0.84, 0.34, 0.79, 0.68, 0.34, 0.34, 0.01, 0.34, 0.01, 0.34, 0.34, 0.34, 0.9]"
107,AAAAAAAAAAAAAAAAAMJUYV6DS4AALYQAGIQAGAY_192,4,2,2,1421.3382202000066,25,0.6848245357473691,0.3151754642526309,0.4775744716326395,0.2414208268125852,0.2879100481669108,0.680914594605565,0.3190936756630738,0.4820727087557316,0.2437618179867665,0.2915340582529703,"[0.08233333333333333, 0.3323333333333333, 0.1101111111111111, 0.08233333333333333, 0.3323333333333333, 0.1101111111111111, 0.3323333333333333, 0.08233333333333333, 0.3323333333333333, 0.1101111111111111, 0.08233333333333333, 0.3323333333333333, 0.1101111111111111, 0.499, 0.08233333333333333, 0.3323333333333333, 0.1101111111111111, 0.08233333333333333, 0.3323333333333333, 0.1101111111111111, 0.3323333333333333, 0.08233333333333333, 0.3323333333333333, 0.1101111111111111, 0.08233333333333333, 0.3323333333333333, 0.1101111111111111, 0.499, 0.68, 0.34, 0.23, 0.59, 0.68, 0.12, 0.34, 0.43, 0.68, 0.01, 0.93, 0.34, 0.57, 0.01, 0.08233333333333333, 0.3323333333333333, 0.1101111111111111, 0.26, 0.68, 0.9, 0.34, 0.08233333333333333, 0.3323333333333333, 0.1101111111111111, 0.34, 0.34, 0.12, 0.01, 0.08233333333333333, 0.3323333333333333, 0.1101111111111111, 0.68, 0.01, 0.23]"
108,AAAAAAAAAAAAAAAAAAAOLNQZQIAAYYT36JIAC5Y_192,4,2,2,2707.488746399991,25,0.129317686955134,0.8706823130448659,0.9301235720515252,0.6708011900385221,0.9251204172770182,0.1340347389380137,0.8659624801327784,0.9272171621521312,0.6663783454646667,0.9231773614883424,"[0.08233333333333333, 0.3323333333333333, 0.1101111111111111, 0.08233333333333333, 0.3323333333333333, 0.1101111111111111, 0.3323333333333333, 0.08233333333333333, 0.3323333333333333, 0.1101111111111111, 0.08233333333333333, 0.3323333333333333, 0.1101111111111111, 0.499, 0.08233333333333333, 0.3323333333333333, 0.1101111111111111, 0.08233333333333333, 0.3323333333333333, 0.1101111111111111, 0.3323333333333333, 0.08233333333333333, 0.3323333333333333, 0.1101111111111111, 0.08233333333333333, 0.3323333333333333, 0.1101111111111111, 0.499, 0.08233333333333333, 0.3323333333333333, 0.1101111111111111, 0.93, 0.34, 0.45, 0.68, 0.34, 0.01, 0.45, 0.34, 0.01, 0.34, 0.01, 0.08233333333333333, 0.3323333333333333, 0.1101111111111111, 0.34, 0.01, 0.9, 0.34, 0.18, 0.68, 0.57, 0.93, 0.34, 0.34, 0.51, 0.08233333333333333, 0.3323333333333333, 0.1101111111111111, 0.51, 0.68, 0.57]"
109,AAAAAAAAAADDTAAGMQAGONGN7QABYPQACZYACEY_192,4,2,3,624.621186400007,25,0.0891355688373247,0.9108644311626752,0.9529948775966962,0.7074084237217904,0.9371257146199544,0.0920940986524025,0.9078287719438474,0.9512620956947406,0.7060899319748084,0.9362721761067708,"[0.08233333333333333, 0.3323333333333333, 0.1101111111111111, 0.08233333333333333, 0.3323333333333333, 0.1101111111111111, 0.3323333333333333, 0.08233333333333333, 0.3323333333333333, 0.1101111111111111, 0.08233333333333333, 0.3323333333333333, 0.1101111111111111, 0.499, 0.08233333333333333, 0.3323333333333333, 0.1101111111111111, 0.68, 0.34, 0.9, 0.68, 0.08233333333333333, 0.3323333333333333, 0.1101111111111111, 0.18, 0.01, 0.9, 0.51, 0.08233333333333333, 0.3323333333333333, 0.1101111111111111, 0.34, 0.34, 0.9, 0.68, 0.59, 0.68, 0.23, 0.43, 0.68, 0.9, 0.01, 0.08233333333333333, 0.3323333333333333, 0.1101111111111111, 0.93, 0.01, 0.57, 0.68, 0.08233333333333333, 0.3323333333333333, 0.1101111111111111, 0.26, 0.68, 0.23, 0.51, 0.08233333333333333, 0.3323333333333333, 0.1101111111111111, 0.59, 0.34, 0.23]"
26,AA4FIABEEABGJAA4DEJPAPOHIDZKYMQAPKQABTA_192,4,2,4,3700.345688799993,25,0.073141532142957,0.926858467857043,0.9617075468103092,0.7021662215391795,0.941122849782308,0.067813923706611,0.9321841914206744,0.9647255940983692,0.7047974771509568,0.942939019203186,"[0.08233333333333333, 0.3323333333333333, 0.1101111111111111, 0.93, 0.01, 0.68, 0.34, 0.08233333333333333, 0.3323333333333333, 0.1101111111111111, 0.26, 0.34, 0.01, 0.51, 0.08233333333333333, 0.3323333333333333, 0.1101111111111111, 0.59, 0.68, 0.34, 0.34, 0.08233333333333333, 0.3323333333333333, 0.1101111111111111, 0.93, 0.01, 0.23, 0.01, 0.59, 0.34, 0.34, 0.84, 0.01, 0.01, 0.68, 0.76, 0.68, 0.12, 0.76, 0.01, 0.01, 0.51, 0.93, 0.34, 0.68, 0.34, 0.01, 0.45, 0.34, 0.08233333333333333, 0.3323333333333333, 0.1101111111111111, 0.84, 0.34, 0.68, 0.01, 0.08233333333333333, 0.3323333333333333, 0.1101111111111111, 0.18, 0.01, 0.9]"
27,OSGG3VJAQAD2VAA4XS37ZEAA2YABTG5B6CJVGEA_192,4,2,4,3968.86156569999,25,0.0555850168069203,0.9444149831930796,0.9713378404577572,0.7162744561831157,0.9453138033548992,0.0499134487162033,0.950084812194109,0.974347595622142,0.7198645231624444,0.9477636178334554,"[0.43, 0.34, 0.34, 0.18, 0.01, 0.45, 0.68, 0.43, 0.34, 0.68, 0.26, 0.01, 0.34, 0.01, 0.08233333333333333, 0.3323333333333333, 0.1101111111111111, 0.84, 0.34, 0.68, 0.34, 0.08233333333333333, 0.3323333333333333, 0.1101111111111111, 0.93, 0.34, 0.57, 0.51, 0.26, 0.68, 0.57, 0.84, 0.68, 0.34, 0.34, 0.08233333333333333, 0.3323333333333333, 0.1101111111111111, 0.18, 0.34, 0.45, 0.01, 0.08233333333333333, 0.3323333333333333, 0.1101111111111111, 0.68, 0.68, 0.23, 0.34, 0.76, 0.01, 0.23, 0.93, 0.01, 0.79, 0.51, 0.18, 0.34, 0.79, 0.68, 0.34, 0.01]"
28,AAAAAAAAAAAAAAAAAAANZ4AAWQAAJGQAPBIABRI_192,4,2,2,1386.9137176000077,25,0.2209358006715774,0.7790641993284225,0.873683966199557,0.6288212075829506,0.895233949025472,0.2200694194684426,0.7799015699575345,0.8745049814383189,0.6293539221088091,0.8928260564804077,"[0.08233333333333333, 0.3323333333333333, 0.1101111111111111, 0.08233333333333333, 0.3323333333333333, 0.1101111111111111, 0.3323333333333333, 0.08233333333333333, 0.3323333333333333, 0.1101111111111111, 0.08233333333333333, 0.3323333333333333, 0.1101111111111111, 0.499, 0.08233333333333333, 0.3323333333333333, 0.1101111111111111, 0.08233333333333333, 0.3323333333333333, 0.1101111111111111, 0.3323333333333333, 0.08233333333333333, 0.3323333333333333, 0.1101111111111111, 0.08233333333333333, 0.3323333333333333, 0.1101111111111111, 0.499, 0.08233333333333333, 0.3323333333333333, 0.1101111111111111, 0.76, 0.68, 0.23, 0.68, 0.08233333333333333, 0.3323333333333333, 0.1101111111111111, 0.26, 0.68, 0.79, 0.01, 0.08233333333333333, 0.3323333333333333, 0.1101111111111111, 0.26, 0.34, 0.23, 0.34, 0.08233333333333333, 0.3323333333333333, 0.1101111111111111, 0.84, 0.01, 0.34, 0.51, 0.08233333333333333, 0.3323333333333333, 0.1101111111111111, 0.18, 0.01, 0.68]"
29,AALWYAGVIAA2JGX7VQAGK4ADOWAARZQAHKBE2TA_192,4,2,4,2177.748809900004,25,0.0872112904985745,0.9127887095014254,0.95416209846735,0.6749386191368103,0.9381327311197916,0.0834009750435749,0.9165983099490403,0.9562333069741726,0.679402752344807,0.94031875928243,"[0.08233333333333333, 0.3323333333333333, 0.1101111111111111, 0.51, 0.68, 0.45, 0.68, 0.08233333333333333, 0.3323333333333333, 0.1101111111111111, 0.76, 0.34, 0.68, 0.01, 0.08233333333333333, 0.3323333333333333, 0.1101111111111111, 0.18, 0.34, 0.34, 0.34, 0.18, 0.34, 0.57, 0.84, 0.68, 0.68, 0.51, 0.08233333333333333, 0.3323333333333333, 0.1101111111111111, 0.34, 0.34, 0.68, 0.68, 0.08233333333333333, 0.3323333333333333, 0.1101111111111111, 0.76, 0.68, 0.68, 0.51, 0.08233333333333333, 0.3323333333333333, 0.1101111111111111, 0.59, 0.34, 0.9, 0.68, 0.08233333333333333, 0.3323333333333333, 0.1101111111111111, 0.43, 0.34, 0.79, 0.01, 0.26, 0.34, 0.23, 0.51, 0.01, 0.9]"
30,6COFPAODAAAXR44GQ7DOYVYZ3QAAUB5J5Z7HCQA_192,4,2,4,2599.4774516000034,25,0.6832716912031174,0.3167283087968826,0.4792782753705978,0.2579224199056625,0.2901477177937825,0.6819174464792013,0.3180441817889611,0.4808938464770714,0.2588219878574212,0.2909746408462524,"[0.84, 0.01, 0.34, 0.43, 0.01, 0.68, 0.34, 0.93, 0.01, 0.12, 0.68, 0.01, 0.9, 0.01, 0.08233333333333333, 0.3323333333333333, 0.1101111111111111, 0.26, 0.68, 0.9, 0.34, 0.93, 0.34, 0.9, 0.18, 0.34, 0.01, 0.51, 0.84, 0.01, 0.45, 0.93, 0.68, 0.12, 0.34, 0.43, 0.01, 0.45, 0.43, 0.34, 0.9, 0.01, 0.08233333333333333, 0.3323333333333333, 0.1101111111111111, 0.51, 0.01, 0.01, 0.68, 0.76, 0.34, 0.23, 0.76, 0.68, 0.23, 0.51, 0.93, 0.34, 0.9, 0.51, 0.01, 0.01]"
31,AAAAAAAAAAAAAAAAADJ6BUADIMAAIY5JPA3B2EQ_192,4,2,2,2160.8966061999963,25,0.1711047316590944,0.8288952683409055,0.9047000577052434,0.6275966996947925,0.9091373443603517,0.1893938599775234,0.8106039311736822,0.8933494423826536,0.6129073602457841,0.9028365214665732,"[0.08233333333333333, 0.3323333333333333, 0.1101111111111111, 0.08233333333333333, 0.3323333333333333, 0.1101111111111111, 0.3323333333333333, 0.08233333333333333, 0.3323333333333333, 0.1101111111111111, 0.08233333333333333, 0.3323333333333333, 0.1101111111111111, 0.499, 0.08233333333333333, 0.3323333333333333, 0.1101111111111111, 0.08233333333333333, 0.3323333333333333, 0.1101111111111111, 0.3323333333333333, 0.08233333333333333, 0.3323333333333333, 0.1101111111111111, 0.08233333333333333, 0.3323333333333333, 0.1101111111111111, 0.499, 0.18, 0.34, 0.23, 0.93, 0.01, 0.23, 0.34, 0.08233333333333333, 0.3323333333333333, 0.1101111111111111, 0.76, 0.01, 0.23, 0.01, 0.08233333333333333, 0.3323333333333333, 0.1101111111111111, 0.26, 0.01, 0.9, 0.34, 0.76, 0.34, 0.34, 0.84, 0.01, 0.12, 0.51, 0.34, 0.01, 0.57, 0.59, 0.34, 0.34]"
32,AAAAAAAAAAAAAAAAAAACJMOA3QXBUZQAMZBUI4I_192,4,2,2,480.3652295999928,25,0.1216796567042668,0.8783203432957332,0.9346774165829024,0.6897731433312099,0.9292919476826984,0.1301630934079488,0.8697777399172385,0.929513097802798,0.6856585059314966,0.9266954739888508,"[0.08233333333333333, 0.3323333333333333, 0.1101111111111111, 0.08233333333333333, 0.3323333333333333, 0.1101111111111111, 0.3323333333333333, 0.08233333333333333, 0.3323333333333333, 0.1101111111111111, 0.08233333333333333, 0.3323333333333333, 0.1101111111111111, 0.499, 0.08233333333333333, 0.3323333333333333, 0.1101111111111111, 0.08233333333333333, 0.3323333333333333, 0.1101111111111111, 0.3323333333333333, 0.08233333333333333, 0.3323333333333333, 0.1101111111111111, 0.08233333333333333, 0.3323333333333333, 0.1101111111111111, 0.499, 0.08233333333333333, 0.3323333333333333, 0.1101111111111111, 0.26, 0.34, 0.34, 0.68, 0.09, 0.68, 0.01, 0.18, 0.34, 0.9, 0.01, 0.51, 0.68, 0.01, 0.76, 0.01, 0.9, 0.68, 0.08233333333333333, 0.3323333333333333, 0.1101111111111111, 0.68, 0.68, 0.34, 0.01, 0.18, 0.34, 0.12, 0.09, 0.68, 0.12]"
34,6CCXIACFYAB2DAA2AQAEDFCJTRVE3CQAMKYABFY_192,4,2,4,934.5361019999982,25,0.0835937395691871,0.9164062604308127,0.9561682427922884,0.7050142695506414,0.9391865730285645,0.087167552486062,0.912813646097978,0.9541553407907486,0.704139859850208,0.9399914264678956,"[0.84, 0.01, 0.34, 0.09, 0.34, 0.57, 0.34, 0.08233333333333333, 0.3323333333333333, 0.1101111111111111, 0.59, 0.34, 0.57, 0.01, 0.08233333333333333, 0.3323333333333333, 0.1101111111111111, 0.43, 0.34, 0.01, 0.68, 0.08233333333333333, 0.3323333333333333, 0.1101111111111111, 0.76, 0.01, 0.01, 0.51, 0.08233333333333333, 0.3323333333333333, 0.1101111111111111, 0.59, 0.01, 0.45, 0.34, 0.59, 0.34, 0.34, 0.34, 0.34, 0.9, 0.01, 0.76, 0.34, 0.34, 0.34, 0.68, 0.12, 0.34, 0.08233333333333333, 0.3323333333333333, 0.1101111111111111, 0.68, 0.34, 0.68, 0.51, 0.08233333333333333, 0.3323333333333333, 0.1101111111111111, 0.26, 0.34, 0.57]"
35,FXEVPTD54ADIFLQLUAAFB4WHCEABYZ4K7IIAB5Y_192,4,2,4,1565.251812699993,25,0.0577735473712285,0.9422264526287716,0.9701739802956582,0.722467872997125,0.9467727343241372,0.0569276009996732,0.943035393829147,0.9706014165033896,0.7224885092427333,0.9455408732096354,"[0.26, 0.68, 0.57, 0.26, 0.34, 0.68, 0.34, 0.84, 0.01, 0.9, 0.43, 0.68, 0.57, 0.51, 0.08233333333333333, 0.3323333333333333, 0.1101111111111111, 0.76, 0.01, 0.12, 0.34, 0.51, 0.68, 0.01, 0.51, 0.68, 0.79, 0.01, 0.08233333333333333, 0.3323333333333333, 0.1101111111111111, 0.51, 0.01, 0.23, 0.68, 0.26, 0.68, 0.12, 0.68, 0.34, 0.12, 0.01, 0.08233333333333333, 0.3323333333333333, 0.1101111111111111, 0.93, 0.01, 0.9, 0.68, 0.68, 0.34, 0.68, 0.84, 0.34, 0.01, 0.51, 0.08233333333333333, 0.3323333333333333, 0.1101111111111111, 0.18, 0.68, 0.57]"
36,AAAAAAAAAAAKFAA3TV3NCVCVSOABVH7OCCQACEQ_192,4,2,3,797.3556528999907,25,0.0744609907269477,0.9255390092730522,0.9611555457115172,0.7050384898980459,0.9413214683532716,0.0728257385392983,0.9271724088738362,0.9620533821483452,0.7064298054824273,0.9421162446339924,"[0.08233333333333333, 0.3323333333333333, 0.1101111111111111, 0.08233333333333333, 0.3323333333333333, 0.1101111111111111, 0.3323333333333333, 0.08233333333333333, 0.3323333333333333, 0.1101111111111111, 0.08233333333333333, 0.3323333333333333, 0.1101111111111111, 0.499, 0.08233333333333333, 0.3323333333333333, 0.1101111111111111, 0.09, 0.34, 0.12, 0.34, 0.08233333333333333, 0.3323333333333333, 0.1101111111111111, 0.76, 0.68, 0.23, 0.51, 0.51, 0.68, 0.45, 0.76, 0.01, 0.68, 0.34, 0.59, 0.34, 0.68, 0.34, 0.34, 0.23, 0.51, 0.08233333333333333, 0.3323333333333333, 0.1101111111111111, 0.76, 0.34, 0.23, 0.68, 0.84, 0.34, 0.9, 0.26, 0.01, 0.68, 0.01, 0.08233333333333333, 0.3323333333333333, 0.1101111111111111, 0.59, 0.34, 0.34]"
37,AA74IAHFFGXADAAIM736YEADKEPEFOQABYIAG5Q_192,4,2,4,8425.383770100016,25,0.0573803305625915,0.9426196694374084,0.970367188254992,0.7112771059075992,0.9453074773152668,0.0570084499816099,0.9429908776034912,0.9705776572227478,0.7114927894125382,0.9453699668248494,"[0.08233333333333333, 0.3323333333333333, 0.1101111111111111, 0.84, 0.68, 0.9, 0.34, 0.08233333333333333, 0.3323333333333333, 0.1101111111111111, 0.93, 0.34, 0.79, 0.51, 0.59, 0.68, 0.68, 0.68, 0.01, 0.01, 0.68, 0.08233333333333333, 0.3323333333333333, 0.1101111111111111, 0.59, 0.01, 0.9, 0.51, 0.84, 0.68, 0.57, 0.93, 0.68, 0.01, 0.34, 0.08233333333333333, 0.3323333333333333, 0.1101111111111111, 0.76, 0.34, 0.12, 0.01, 0.18, 0.68, 0.34, 0.09, 0.34, 0.57, 0.34, 0.08233333333333333, 0.3323333333333333, 0.1101111111111111, 0.09, 0.68, 0.01, 0.51, 0.08233333333333333, 0.3323333333333333, 0.1101111111111111, 0.76, 0.68, 0.45]"
38,JRGUY47V7GVWHE4MFAAMDEAASHYPRJ6JUJQAG4Q_192,4,2,4,854.5986790999887,25,0.0821588595708211,0.9178411404291787,0.9569709618886312,0.7050779804587364,0.9398184140523276,0.0838237894078095,0.9161728532363972,0.9559769095232088,0.7040379089613755,0.9397353013356526,"[0.59, 0.68, 0.12, 0.18, 0.34, 0.79, 0.68, 0.09, 0.68, 0.23, 0.84, 0.34, 0.57, 0.51, 0.68, 0.68, 0.68, 0.34, 0.68, 0.12, 0.68, 0.26, 0.34, 0.9, 0.34, 0.01, 0.68, 0.01, 0.08233333333333333, 0.3323333333333333, 0.1101111111111111, 0.68, 0.01, 0.45, 0.34, 0.08233333333333333, 0.3323333333333333, 0.1101111111111111, 0.26, 0.34, 0.12, 0.51, 0.93, 0.01, 0.57, 0.68, 0.34, 0.79, 0.68, 0.93, 0.34, 0.23, 0.59, 0.34, 0.23, 0.01, 0.08233333333333333, 0.3323333333333333, 0.1101111111111111, 0.76, 0.68, 0.34]"
39,AAAAAAAAAAAAAAAAAEBGIPSMKEAARLQAE3CF7QA_192,4,2,2,2571.1637819999887,25,0.1076608926057815,0.8923391073942184,0.9426017835736274,0.6753120894233385,0.9316006024678548,0.108584197362264,0.8914137202004592,0.9419633325189352,0.6741214975714683,0.9314781030019124,"[0.08233333333333333, 0.3323333333333333, 0.1101111111111111, 0.08233333333333333, 0.3323333333333333, 0.1101111111111111, 0.3323333333333333, 0.08233333333333333, 0.3323333333333333, 0.1101111111111111, 0.08233333333333333, 0.3323333333333333, 0.1101111111111111, 0.499, 0.08233333333333333, 0.3323333333333333, 0.1101111111111111, 0.08233333333333333, 0.3323333333333333, 0.1101111111111111, 0.3323333333333333, 0.08233333333333333, 0.3323333333333333, 0.1101111111111111, 0.08233333333333333, 0.3323333333333333, 0.1101111111111111, 0.499, 0.59, 0.01, 0.34, 0.34, 0.34, 0.01, 0.68, 0.93, 0.34, 0.23, 0.09, 0.34, 0.12, 0.01, 0.08233333333333333, 0.3323333333333333, 0.1101111111111111, 0.59, 0.34, 0.68, 0.68, 0.08233333333333333, 0.3323333333333333, 0.1101111111111111, 0.59, 0.68, 0.45, 0.01, 0.59, 0.34, 0.57, 0.84, 0.01, 0.01]"
150,AAAAAAAABQ3APHWKUAACL4ADSQAAEHQAH2BADUQ_192,4,2,3,2817.94358240001,25,0.1873390694459279,0.8126609305540721,0.8953552211324374,0.6333924462397893,0.907215690612793,0.1776539839804172,0.8223400289813677,0.9010352566838264,0.6400007516145706,0.9109529574712116,"[0.08233333333333333, 0.3323333333333333, 0.1101111111111111, 0.08233333333333333, 0.3323333333333333, 0.1101111111111111, 0.3323333333333333, 0.08233333333333333, 0.3323333333333333, 0.1101111111111111, 0.08233333333333333, 0.3323333333333333, 0.1101111111111111, 0.499, 0.34, 0.01, 0.45, 0.68, 0.01, 0.23, 0.68, 0.18, 0.68, 0.45, 0.51, 0.34, 0.79, 0.01, 0.08233333333333333, 0.3323333333333333, 0.1101111111111111, 0.26, 0.34, 0.57, 0.68, 0.08233333333333333, 0.3323333333333333, 0.1101111111111111, 0.93, 0.34, 0.79, 0.01, 0.08233333333333333, 0.3323333333333333, 0.1101111111111111, 0.09, 0.01, 0.23, 0.68, 0.08233333333333333, 0.3323333333333333, 0.1101111111111111, 0.43, 0.68, 0.79, 0.01, 0.26, 0.01, 0.01, 0.43, 0.34, 0.34]"
151,5SKXYAGEJ6P3RAAEGAAFIHKF62AAIO6CECWRXNA_192,4,2,4,2107.4626916999987,25,0.049085184931755,0.9509148150682448,0.974788174033165,0.7213164354364078,0.9475753466288248,0.0439073547720909,0.9560829656819504,0.9775128666311502,0.7240471108506124,0.948798131942749,"[0.93, 0.68, 0.34, 0.51, 0.34, 0.57, 0.68, 0.08233333333333333, 0.3323333333333333, 0.1101111111111111, 0.68, 0.34, 0.12, 0.01, 0.43, 0.68, 0.23, 0.84, 0.34, 0.9, 0.34, 0.08233333333333333, 0.3323333333333333, 0.1101111111111111, 0.26, 0.01, 0.45, 0.01, 0.08233333333333333, 0.3323333333333333, 0.1101111111111111, 0.51, 0.34, 0.01, 0.34, 0.76, 0.34, 0.12, 0.43, 0.68, 0.45, 0.51, 0.08233333333333333, 0.3323333333333333, 0.1101111111111111, 0.26, 0.01, 0.57, 0.34, 0.93, 0.01, 0.79, 0.59, 0.01, 0.68, 0.01, 0.76, 0.01, 0.45, 0.93, 0.68, 0.79]"
152,AAAAAAAAAABAFAAHR7CGA7WD263KEDQADBYACUQ_192,4,2,3,2190.828808899998,25,0.1213327328364054,0.8786672671635946,0.9347229987382888,0.6800706615050633,0.9287882804870604,0.1247033172597487,0.8752243779599667,0.9324859331051508,0.6756039669116338,0.926668079694112,"[0.08233333333333333, 0.3323333333333333, 0.1101111111111111, 0.08233333333333333, 0.3323333333333333, 0.1101111111111111, 0.3323333333333333, 0.08233333333333333, 0.3323333333333333, 0.1101111111111111, 0.08233333333333333, 0.3323333333333333, 0.1101111111111111, 0.499, 0.08233333333333333, 0.3323333333333333, 0.1101111111111111, 0.59, 0.01, 0.12, 0.34, 0.08233333333333333, 0.3323333333333333, 0.1101111111111111, 0.18, 0.68, 0.12, 0.51, 0.84, 0.01, 0.79, 0.34, 0.01, 0.12, 0.68, 0.93, 0.68, 0.01, 0.84, 0.34, 0.57, 0.51, 0.34, 0.68, 0.68, 0.09, 0.01, 0.12, 0.68, 0.08233333333333333, 0.3323333333333333, 0.1101111111111111, 0.18, 0.01, 0.23, 0.51, 0.08233333333333333, 0.3323333333333333, 0.1101111111111111, 0.51, 0.34, 0.34]"
153,AAAAAAAAAAAKVIM2SOY6JFY5GQAB4L6BWJ6QL4Q_192,4,2,3,3205.897818600002,25,0.0735339914759,0.9264660085241,0.9616918057203292,0.7011316016316413,0.9414742787679036,0.0676252116759618,0.9323737124602,0.9648737935970229,0.7031808901578188,0.943847664197286,"[0.08233333333333333, 0.3323333333333333, 0.1101111111111111, 0.08233333333333333, 0.3323333333333333, 0.1101111111111111, 0.3323333333333333, 0.08233333333333333, 0.3323333333333333, 0.1101111111111111, 0.08233333333333333, 0.3323333333333333, 0.1101111111111111, 0.499, 0.08233333333333333, 0.3323333333333333, 0.1101111111111111, 0.09, 0.34, 0.68, 0.34, 0.59, 0.01, 0.9, 0.76, 0.34, 0.34, 0.01, 0.93, 0.68, 0.12, 0.93, 0.34, 0.34, 0.34, 0.43, 0.01, 0.57, 0.59, 0.68, 0.79, 0.01, 0.08233333333333333, 0.3323333333333333, 0.1101111111111111, 0.84, 0.01, 0.68, 0.68, 0.93, 0.01, 0.23, 0.34, 0.34, 0.23, 0.51, 0.76, 0.01, 0.12, 0.43, 0.68, 0.34]"
154,AAAAAAAAAAAAAAAAAMCNCNCDGDTC5GQAF3IAA5Q_192,4,2,2,1500.8910517999902,25,0.0865818252166112,0.9134181747833888,0.9544605791568757,0.6875232170025508,0.9378307660420736,0.0868817364176114,0.913116558517019,0.9541548742602268,0.6867591008543968,0.9369786898295084,"[0.08233333333333333, 0.3323333333333333, 0.1101111111111111, 0.08233333333333333, 0.3323333333333333, 0.1101111111111111, 0.3323333333333333, 0.08233333333333333, 0.3323333333333333, 0.1101111111111111, 0.08233333333333333, 0.3323333333333333, 0.1101111111111111, 0.499, 0.08233333333333333, 0.3323333333333333, 0.1101111111111111, 0.08233333333333333, 0.3323333333333333, 0.1101111111111111, 0.3323333333333333, 0.08233333333333333, 0.3323333333333333, 0.1101111111111111, 0.08233333333333333, 0.3323333333333333, 0.1101111111111111, 0.499, 0.68, 0.01, 0.79, 0.76, 0.01, 0.79, 0.68, 0.59, 0.34, 0.01, 0.68, 0.68, 0.01, 0.51, 0.68, 0.68, 0.12, 0.43, 0.34, 0.23, 0.34, 0.08233333333333333, 0.3323333333333333, 0.1101111111111111, 0.51, 0.68, 0.45, 0.51, 0.08233333333333333, 0.3323333333333333, 0.1101111111111111, 0.09, 0.68, 0.45]"
155,442WIAHAAABWHAA2CGGPZEAA27QB5BQAC6BVKUQ_192,4,2,4,5921.7509679999785,25,0.0701586549480756,0.9298413450519244,0.9635622536142668,0.6904802575707436,0.9442719141642252,0.0700451791286468,0.9299544122070074,0.9635939178367456,0.6917413057138523,0.9446940898895264,"[0.93, 0.34, 0.9, 0.76, 0.34, 0.45, 0.34, 0.08233333333333333, 0.3323333333333333, 0.1101111111111111, 0.93, 0.01, 0.01, 0.01, 0.08233333333333333, 0.3323333333333333, 0.1101111111111111, 0.34, 0.68, 0.12, 0.68, 0.08233333333333333, 0.3323333333333333, 0.1101111111111111, 0.76, 0.01, 0.34, 0.01, 0.34, 0.01, 0.9, 0.84, 0.68, 0.34, 0.34, 0.08233333333333333, 0.3323333333333333, 0.1101111111111111, 0.18, 0.34, 0.57, 0.51, 0.68, 0.01, 0.01, 0.84, 0.34, 0.01, 0.68, 0.08233333333333333, 0.3323333333333333, 0.1101111111111111, 0.26, 0.68, 0.9, 0.01, 0.18, 0.34, 0.68, 0.51, 0.34, 0.34]"
156,AAAAAAAABSNQNITGDQANKUAD66HHVHRBDBZFPRI_192,4,2,3,1769.2363801000174,25,0.0806498373548189,0.919350162645181,0.957658230761687,0.7013776302337646,0.9394287109375,0.0801566611975431,0.919840843230486,0.9578618008643388,0.7018141048649947,0.9392266909281412,"[0.08233333333333333, 0.3323333333333333, 0.1101111111111111, 0.08233333333333333, 0.3323333333333333, 0.1101111111111111, 0.3323333333333333, 0.08233333333333333, 0.3323333333333333, 0.1101111111111111, 0.08233333333333333, 0.3323333333333333, 0.1101111111111111, 0.499, 0.34, 0.34, 0.23, 0.34, 0.01, 0.23, 0.34, 0.59, 0.34, 0.23, 0.18, 0.01, 0.23, 0.51, 0.08233333333333333, 0.3323333333333333, 0.1101111111111111, 0.76, 0.34, 0.68, 0.34, 0.08233333333333333, 0.3323333333333333, 0.1101111111111111, 0.84, 0.68, 0.57, 0.51, 0.09, 0.68, 0.23, 0.76, 0.34, 0.23, 0.68, 0.09, 0.01, 0.34, 0.18, 0.01, 0.23, 0.51, 0.26, 0.34, 0.68, 0.84, 0.01, 0.68]"
157,MACXIACQIAAIVI4GUAAFLXYY24ABXAQAO3YAGMY_192,4,2,4,465.0148150000023,25,0.0969310517112414,0.9030689482887586,0.9488520244757336,0.6942275196313858,0.938616943359375,0.0845418238391478,0.9154429939885934,0.955738005662958,0.6995873579134544,0.9412070194880168,"[0.34, 0.01, 0.01, 0.09, 0.34, 0.57, 0.34, 0.08233333333333333, 0.3323333333333333, 0.1101111111111111, 0.51, 0.01, 0.12, 0.01, 0.08233333333333333, 0.3323333333333333, 0.1101111111111111, 0.09, 0.01, 0.68, 0.34, 0.59, 0.34, 0.9, 0.18, 0.34, 0.79, 0.01, 0.08233333333333333, 0.3323333333333333, 0.1101111111111111, 0.51, 0.34, 0.57, 0.34, 0.84, 0.01, 0.45, 0.18, 0.34, 0.57, 0.01, 0.08233333333333333, 0.3323333333333333, 0.1101111111111111, 0.76, 0.68, 0.01, 0.34, 0.08233333333333333, 0.3323333333333333, 0.1101111111111111, 0.93, 0.68, 0.57, 0.51, 0.08233333333333333, 0.3323333333333333, 0.1101111111111111, 0.68, 0.68, 0.23]"
158,AAGF7EBQAAA7RCAZS5YSB4ABO2ZM7HUYMBAACEA_192,4,2,4,1871.4330772999965,25,0.0809375827511151,0.9190624172488848,0.9576387504736582,0.6985996380448342,0.941055170694987,0.0800559487193822,0.9199417331566412,0.9581306951741376,0.6995236847549677,0.9419020811716716,"[0.08233333333333333, 0.3323333333333333, 0.1101111111111111, 0.18, 0.01, 0.68, 0.68, 0.93, 0.34, 0.01, 0.18, 0.01, 0.01, 0.01, 0.08233333333333333, 0.3323333333333333, 0.1101111111111111, 0.18, 0.68, 0.9, 0.34, 0.09, 0.01, 0.01, 0.68, 0.68, 0.34, 0.51, 0.76, 0.68, 0.12, 0.26, 0.01, 0.23, 0.68, 0.08233333333333333, 0.3323333333333333, 0.1101111111111111, 0.51, 0.68, 0.45, 0.51, 0.34, 0.34, 0.45, 0.43, 0.68, 0.23, 0.68, 0.59, 0.68, 0.01, 0.68, 0.01, 0.34, 0.01, 0.08233333333333333, 0.3323333333333333, 0.1101111111111111, 0.59, 0.34, 0.01]"
158,AAGF7EBQAAA7RCAZS5YSB4ABO2ZM7HUYMBAACEA_192,4,2,4,0.0831864999781828,26,0.0809502725799878,0.919049727420012,0.9576449314753216,0.6987929627299309,0.9411143938700358,0.0800559487193822,0.9199417331566412,0.9581306951741376,0.6995236847549677,0.9419020811716716,"[0.08233333333333333, 0.3323333333333333, 0.1101111111111111, 0.18, 0.01, 0.68, 0.68, 0.93, 0.34, 0.01, 0.18, 0.01, 0.01, 0.01, 0.08233333333333333, 0.3323333333333333, 0.1101111111111111, 0.18, 0.68, 0.9, 0.34, 0.09, 0.01, 0.01, 0.68, 0.68, 0.34, 0.51, 0.76, 0.68, 0.12, 0.26, 0.01, 0.23, 0.68, 0.08233333333333333, 0.3323333333333333, 0.1101111111111111, 0.51, 0.68, 0.45, 0.51, 0.34, 0.34, 0.45, 0.43, 0.68, 0.23, 0.68, 0.59, 0.68, 0.01, 0.68, 0.01, 0.34, 0.01, 0.08233333333333333, 0.3323333333333333, 0.1101111111111111, 0.59, 0.34, 0.01]"
159,AAAAAAAAAADSLAA6AQAH24ADC2YERJQADZYADMQ_192,4,2,3,2570.2062076999864,25,0.086393421391646,0.913606578608354,0.954615290959676,0.6928858503699302,0.9375958442687988,0.0912927587827046,0.9087059283008178,0.95165263650318,0.686347313473622,0.9364078124364216,"[0.08233333333333333, 0.3323333333333333, 0.1101111111111111, 0.08233333333333333, 0.3323333333333333, 0.1101111111111111, 0.3323333333333333, 0.08233333333333333, 0.3323333333333333, 0.1101111111111111, 0.08233333333333333, 0.3323333333333333, 0.1101111111111111, 0.499, 0.08233333333333333, 0.3323333333333333, 0.1101111111111111, 0.93, 0.34, 0.34, 0.68, 0.08233333333333333, 0.3323333333333333, 0.1101111111111111, 0.84, 0.01, 0.01, 0.51, 0.08233333333333333, 0.3323333333333333, 0.1101111111111111, 0.43, 0.68, 0.68, 0.68, 0.08233333333333333, 0.3323333333333333, 0.1101111111111111, 0.68, 0.34, 0.45, 0.51, 0.34, 0.01, 0.34, 0.59, 0.34, 0.79, 0.68, 0.08233333333333333, 0.3323333333333333, 0.1101111111111111, 0.18, 0.68, 0.23, 0.51, 0.08233333333333333, 0.3323333333333333, 0.1101111111111111, 0.34, 0.68, 0.34]"
160,AAAAAAAAAAAAAAAAAED5OMABCAEARY4LHZIAGMI_192,4,2,2,873.6585934000032,25,0.0858665366967519,0.914133463303248,0.9548816551764806,0.6916798427700996,0.9376187324523926,0.0785985019057989,0.921400049328804,0.9588642523934444,0.6946929470946391,0.9402949492136636,"[0.08233333333333333, 0.3323333333333333, 0.1101111111111111, 0.08233333333333333, 0.3323333333333333, 0.1101111111111111, 0.3323333333333333, 0.08233333333333333, 0.3323333333333333, 0.1101111111111111, 0.08233333333333333, 0.3323333333333333, 0.1101111111111111, 0.499, 0.08233333333333333, 0.3323333333333333, 0.1101111111111111, 0.08233333333333333, 0.3323333333333333, 0.1101111111111111, 0.3323333333333333, 0.08233333333333333, 0.3323333333333333, 0.1101111111111111, 0.08233333333333333, 0.3323333333333333, 0.1101111111111111, 0.499, 0.59, 0.01, 0.57, 0.76, 0.34, 0.9, 0.68, 0.08233333333333333, 0.3323333333333333, 0.1101111111111111, 0.59, 0.34, 0.01, 0.01, 0.09, 0.01, 0.01, 0.59, 0.34, 0.9, 0.34, 0.68, 0.34, 0.45, 0.43, 0.68, 0.34, 0.51, 0.08233333333333333, 0.3323333333333333, 0.1101111111111111, 0.68, 0.68, 0.12]"
161,AA2CY5GMDYQI35VYHSIMBN6UIZ4NUYW3WCW4HAQ_192,4,2,4,1215.5385106000176,25,0.0718475316961606,0.9281524683038394,0.9625859096646308,0.7023086443543434,0.9430564562479656,0.0602607184400161,0.9397382229566574,0.968855595588684,0.7092231635004282,0.945500898361206,"[0.08233333333333333, 0.3323333333333333, 0.1101111111111111, 0.76, 0.01, 0.34, 0.68, 0.09, 0.68, 0.79, 0.68, 0.68, 0.01, 0.01, 0.84, 0.01, 0.79, 0.09, 0.01, 0.45, 0.68, 0.93, 0.68, 0.68, 0.68, 0.01, 0.57, 0.51, 0.26, 0.34, 0.01, 0.68, 0.01, 0.34, 0.68, 0.43, 0.68, 0.68, 0.09, 0.01, 0.45, 0.01, 0.84, 0.01, 0.45, 0.76, 0.01, 0.9, 0.34, 0.34, 0.68, 0.57, 0.34, 0.01, 0.68, 0.01, 0.76, 0.68, 0.01, 0.93, 0.01, 0.34]"
162,AAAAAAAAAAAAAAAAAAANCX2TAP3DTATC4AAAHRA_192,4,2,2,5144.557734700007,25,0.1240540703137715,0.8759459296862284,0.933252569536368,0.6692421525716782,0.9256420453389486,0.1261182311922311,0.8738786036769549,0.9318751600881418,0.666415058945616,0.9239590803782144,"[0.08233333333333333, 0.3323333333333333, 0.1101111111111111, 0.08233333333333333, 0.3323333333333333, 0.1101111111111111, 0.3323333333333333, 0.08233333333333333, 0.3323333333333333, 0.1101111111111111, 0.08233333333333333, 0.3323333333333333, 0.1101111111111111, 0.499, 0.08233333333333333, 0.3323333333333333, 0.1101111111111111, 0.08233333333333333, 0.3323333333333333, 0.1101111111111111, 0.3323333333333333, 0.08233333333333333, 0.3323333333333333, 0.1101111111111111, 0.08233333333333333, 0.3323333333333333, 0.1101111111111111, 0.499, 0.08233333333333333, 0.3323333333333333, 0.1101111111111111, 0.76, 0.01, 0.68, 0.34, 0.84, 0.34, 0.79, 0.68, 0.01, 0.23, 0.51, 0.93, 0.68, 0.12, 0.68, 0.68, 0.01, 0.34, 0.18, 0.01, 0.68, 0.68, 0.01, 0.01, 0.01, 0.08233333333333333, 0.3323333333333333, 0.1101111111111111, 0.84, 0.01, 0.79]"
163,6EOHIACQYABIDAAZRQAFZ4ABO7YH7A5GOBAADAA_192,4,2,4,1363.2052713999874,25,0.0668344502647717,0.9331655497352284,0.965273541212082,0.7126687044898669,0.9428538004557292,0.0574423730373382,0.9425548351059356,0.9703371537228426,0.7169505228598912,0.945722794532776,"[0.84, 0.01, 0.79, 0.43, 0.01, 0.57, 0.34, 0.08233333333333333, 0.3323333333333333, 0.1101111111111111, 0.51, 0.01, 0.23, 0.01, 0.08233333333333333, 0.3323333333333333, 0.1101111111111111, 0.51, 0.01, 0.01, 0.68, 0.08233333333333333, 0.3323333333333333, 0.1101111111111111, 0.68, 0.68, 0.12, 0.51, 0.08233333333333333, 0.3323333333333333, 0.1101111111111111, 0.51, 0.68, 0.23, 0.68, 0.08233333333333333, 0.3323333333333333, 0.1101111111111111, 0.51, 0.68, 0.57, 0.51, 0.93, 0.01, 0.23, 0.84, 0.68, 0.01, 0.34, 0.76, 0.01, 0.9, 0.93, 0.01, 0.34, 0.01, 0.08233333333333333, 0.3323333333333333, 0.1101111111111111, 0.34, 0.01, 0.01]"
164,AAAAAAAAAAAAAAAAAHKPIUABCAXDTCQAD3YACTA_192,4,2,2,1026.1067775999836,25,0.0588532810409863,0.9411467189590136,0.9695970490574836,0.7129437029361725,0.9443777084350586,0.0585649638126293,0.9414337027817964,0.9697400821993748,0.7128079722325007,0.945112419128418,"[0.08233333333333333, 0.3323333333333333, 0.1101111111111111, 0.08233333333333333, 0.3323333333333333, 0.1101111111111111, 0.3323333333333333, 0.08233333333333333, 0.3323333333333333, 0.1101111111111111, 0.08233333333333333, 0.3323333333333333, 0.1101111111111111, 0.499, 0.08233333333333333, 0.3323333333333333, 0.1101111111111111, 0.08233333333333333, 0.3323333333333333, 0.1101111111111111, 0.3323333333333333, 0.08233333333333333, 0.3323333333333333, 0.1101111111111111, 0.08233333333333333, 0.3323333333333333, 0.1101111111111111, 0.499, 0.43, 0.34, 0.79, 0.84, 0.34, 0.12, 0.34, 0.08233333333333333, 0.3323333333333333, 0.1101111111111111, 0.59, 0.34, 0.01, 0.01, 0.51, 0.68, 0.12, 0.68, 0.68, 0.12, 0.34, 0.08233333333333333, 0.3323333333333333, 0.1101111111111111, 0.18, 0.68, 0.57, 0.51, 0.08233333333333333, 0.3323333333333333, 0.1101111111111111, 0.51, 0.01, 0.9]"
165,AAAAAAAAAAAAAAAAAAAECMAAS4AAPLQAPIIABVA_192,4,2,2,924.552155399986,25,0.2310013497869173,0.7689986502130827,0.8679079289237658,0.6334829494357109,0.8907808303833008,0.2412281546741724,0.7586999591439962,0.8601476468145848,0.6275822664300601,0.8881232659022014,"[0.08233333333333333, 0.3323333333333333, 0.1101111111111111, 0.08233333333333333, 0.3323333333333333, 0.1101111111111111, 0.3323333333333333, 0.08233333333333333, 0.3323333333333333, 0.1101111111111111, 0.08233333333333333, 0.3323333333333333, 0.1101111111111111, 0.499, 0.08233333333333333, 0.3323333333333333, 0.1101111111111111, 0.08233333333333333, 0.3323333333333333, 0.1101111111111111, 0.3323333333333333, 0.08233333333333333, 0.3323333333333333, 0.1101111111111111, 0.08233333333333333, 0.3323333333333333, 0.1101111111111111, 0.499, 0.08233333333333333, 0.3323333333333333, 0.1101111111111111, 0.59, 0.01, 0.79, 0.68, 0.08233333333333333, 0.3323333333333333, 0.1101111111111111, 0.26, 0.34, 0.57, 0.01, 0.08233333333333333, 0.3323333333333333, 0.1101111111111111, 0.18, 0.68, 0.68, 0.68, 0.08233333333333333, 0.3323333333333333, 0.1101111111111111, 0.84, 0.34, 0.01, 0.51, 0.08233333333333333, 0.3323333333333333, 0.1101111111111111, 0.18, 0.34, 0.79]"
166,AAAAAAAAAAAAAAAAAEDRLXQMKGAAEMQAM6LTBBA_192,4,2,2,1765.0497235000075,25,0.2288985153039296,0.7711014846960703,0.8690906882286071,0.6069666370749474,0.8847915331522623,0.2488811252017816,0.7511161424219608,0.8548990238457919,0.5988034003724655,0.8812343200047811,"[0.08233333333333333, 0.3323333333333333, 0.1101111111111111, 0.08233333333333333, 0.3323333333333333, 0.1101111111111111, 0.3323333333333333, 0.08233333333333333, 0.3323333333333333, 0.1101111111111111, 0.08233333333333333, 0.3323333333333333, 0.1101111111111111, 0.499, 0.08233333333333333, 0.3323333333333333, 0.1101111111111111, 0.08233333333333333, 0.3323333333333333, 0.1101111111111111, 0.3323333333333333, 0.08233333333333333, 0.3323333333333333, 0.1101111111111111, 0.08233333333333333, 0.3323333333333333, 0.1101111111111111, 0.499, 0.59, 0.01, 0.57, 0.09, 0.34, 0.57, 0.34, 0.93, 0.01, 0.23, 0.09, 0.34, 0.12, 0.51, 0.08233333333333333, 0.3323333333333333, 0.1101111111111111, 0.09, 0.01, 0.45, 0.34, 0.08233333333333333, 0.3323333333333333, 0.1101111111111111, 0.68, 0.68, 0.9, 0.51, 0.43, 0.01, 0.9, 0.26, 0.01, 0.79]"
167,AAAAAAAAAAAAAAAAAAAFL4ADIUAAMGUGOJQAB5I_192,4,2,2,2322.29390769999,25,0.2305830950538317,0.7694169049461682,0.8676092118024826,0.5601448317368826,0.8915377934773763,0.2466218281537294,0.7533774570872386,0.8561474155634642,0.5483645912259817,0.8839226404825846,"[0.08233333333333333, 0.3323333333333333, 0.1101111111111111, 0.08233333333333333, 0.3323333333333333, 0.1101111111111111, 0.3323333333333333, 0.08233333333333333, 0.3323333333333333, 0.1101111111111111, 0.08233333333333333, 0.3323333333333333, 0.1101111111111111, 0.499, 0.08233333333333333, 0.3323333333333333, 0.1101111111111111, 0.08233333333333333, 0.3323333333333333, 0.1101111111111111, 0.3323333333333333, 0.08233333333333333, 0.3323333333333333, 0.1101111111111111, 0.08233333333333333, 0.3323333333333333, 0.1101111111111111, 0.499, 0.08233333333333333, 0.3323333333333333, 0.1101111111111111, 0.51, 0.34, 0.57, 0.68, 0.08233333333333333, 0.3323333333333333, 0.1101111111111111, 0.76, 0.01, 0.68, 0.01, 0.08233333333333333, 0.3323333333333333, 0.1101111111111111, 0.18, 0.01, 0.23, 0.34, 0.59, 0.01, 0.9, 0.93, 0.34, 0.23, 0.01, 0.08233333333333333, 0.3323333333333333, 0.1101111111111111, 0.18, 0.68, 0.68]"
168,AA2VIADMUAD6XAAG47C5KEAAI5TARMS26IQAARA_192,4,2,4,1862.5431730000016,25,0.0689792474110921,0.931020752588908,0.9641075258453689,0.709129483004411,0.9427048683166503,0.0725828961779673,0.927415040632089,0.9621182898680368,0.7062797635793686,0.941503397623698,"[0.08233333333333333, 0.3323333333333333, 0.1101111111111111, 0.76, 0.34, 0.68, 0.34, 0.08233333333333333, 0.3323333333333333, 0.1101111111111111, 0.34, 0.68, 0.34, 0.51, 0.08233333333333333, 0.3323333333333333, 0.1101111111111111, 0.84, 0.68, 0.68, 0.68, 0.08233333333333333, 0.3323333333333333, 0.1101111111111111, 0.18, 0.34, 0.9, 0.51, 0.84, 0.01, 0.68, 0.76, 0.34, 0.79, 0.34, 0.08233333333333333, 0.3323333333333333, 0.1101111111111111, 0.09, 0.01, 0.57, 0.01, 0.68, 0.68, 0.01, 0.59, 0.34, 0.45, 0.34, 0.26, 0.68, 0.68, 0.93, 0.34, 0.12, 0.01, 0.08233333333333333, 0.3323333333333333, 0.1101111111111111, 0.09, 0.01, 0.79]"
169,AAAAAAAAAADOF2U6BBCCGEABLSAB4LQAM2LE24Q_192,4,2,3,1462.4918375999987,25,0.1063524479667345,0.8936475520332654,0.9433360795180002,0.683683080971241,0.9342339515686036,0.111639617010951,0.8883591121683518,0.9401708497355382,0.6776522013048331,0.9302730957667033,"[0.08233333333333333, 0.3323333333333333, 0.1101111111111111, 0.08233333333333333, 0.3323333333333333, 0.1101111111111111, 0.3323333333333333, 0.08233333333333333, 0.3323333333333333, 0.1101111111111111, 0.08233333333333333, 0.3323333333333333, 0.1101111111111111, 0.499, 0.08233333333333333, 0.3323333333333333, 0.1101111111111111, 0.76, 0.68, 0.12, 0.34, 0.76, 0.34, 0.79, 0.84, 0.01, 0.12, 0.01, 0.09, 0.01, 0.79, 0.26, 0.01, 0.9, 0.34, 0.08233333333333333, 0.3323333333333333, 0.1101111111111111, 0.51, 0.34, 0.9, 0.51, 0.08233333333333333, 0.3323333333333333, 0.1101111111111111, 0.84, 0.01, 0.68, 0.68, 0.08233333333333333, 0.3323333333333333, 0.1101111111111111, 0.68, 0.68, 0.79, 0.51, 0.34, 0.34, 0.23, 0.51, 0.68, 0.34]"
170,AAAAAAAABIJKHAAC4QANJEAAS6ABYPQAMYHQWRY_192,4,2,3,455.1186787999977,25,0.6819628139336904,0.3180371860663096,0.4809968704978625,0.2501236250003179,0.2909788767496745,0.6820184706399838,0.3179737659792105,0.4804743251452843,0.2499194856733083,0.2907668511072794,"[0.08233333333333333, 0.3323333333333333, 0.1101111111111111, 0.08233333333333333, 0.3323333333333333, 0.1101111111111111, 0.3323333333333333, 0.08233333333333333, 0.3323333333333333, 0.1101111111111111, 0.08233333333333333, 0.3323333333333333, 0.1101111111111111, 0.499, 0.51, 0.01, 0.34, 0.51, 0.34, 0.12, 0.68, 0.08233333333333333, 0.3323333333333333, 0.1101111111111111, 0.09, 0.34, 0.9, 0.51, 0.08233333333333333, 0.3323333333333333, 0.1101111111111111, 0.76, 0.34, 0.34, 0.34, 0.08233333333333333, 0.3323333333333333, 0.1101111111111111, 0.26, 0.34, 0.57, 0.51, 0.08233333333333333, 0.3323333333333333, 0.1101111111111111, 0.93, 0.01, 0.57, 0.68, 0.08233333333333333, 0.3323333333333333, 0.1101111111111111, 0.68, 0.68, 0.01, 0.01, 0.84, 0.01, 0.34, 0.76, 0.01, 0.57]"
171,IE4FKQZAQAAYBHXIEPIEZ4ABSQAA4Y5OOKCVWDA_192,4,2,4,1546.6147138999986,25,0.0944507335623105,0.9055492664376896,0.9502686887979508,0.6787834703922272,0.9371519406636556,0.0903670693437258,0.9096265894671282,0.9525194675972064,0.6823130869617064,0.9397514740626016,"[0.59, 0.01, 0.79, 0.93, 0.01, 0.68, 0.34, 0.51, 0.01, 0.23, 0.26, 0.01, 0.34, 0.01, 0.08233333333333333, 0.3323333333333333, 0.1101111111111111, 0.18, 0.01, 0.01, 0.34, 0.18, 0.68, 0.57, 0.59, 0.01, 0.79, 0.01, 0.84, 0.34, 0.01, 0.59, 0.68, 0.23, 0.68, 0.08233333333333333, 0.3323333333333333, 0.1101111111111111, 0.34, 0.34, 0.79, 0.01, 0.08233333333333333, 0.3323333333333333, 0.1101111111111111, 0.43, 0.01, 0.9, 0.34, 0.76, 0.34, 0.9, 0.93, 0.34, 0.79, 0.01, 0.51, 0.34, 0.45, 0.68, 0.01, 0.9]"
172,AAAAAAAAAABS7AAI4AAMI4ONWSMKHI7KNLIACNI_192,4,2,3,480.0116782999976,25,0.6843758389353752,0.3156241610646247,0.4783794656395912,0.2657895108064015,0.2885010719299316,0.6814305569976569,0.318575361246864,0.4812504764646291,0.2678104168425003,0.2913863023122152,"[0.08233333333333333, 0.3323333333333333, 0.1101111111111111, 0.08233333333333333, 0.3323333333333333, 0.1101111111111111, 0.3323333333333333, 0.08233333333333333, 0.3323333333333333, 0.1101111111111111, 0.08233333333333333, 0.3323333333333333, 0.1101111111111111, 0.499, 0.08233333333333333, 0.3323333333333333, 0.1101111111111111, 0.34, 0.34, 0.57, 0.68, 0.08233333333333333, 0.3323333333333333, 0.1101111111111111, 0.59, 0.34, 0.9, 0.01, 0.08233333333333333, 0.3323333333333333, 0.1101111111111111, 0.68, 0.34, 0.12, 0.68, 0.09, 0.68, 0.23, 0.34, 0.68, 0.79, 0.51, 0.18, 0.01, 0.68, 0.09, 0.68, 0.79, 0.34, 0.84, 0.34, 0.79, 0.76, 0.34, 0.45, 0.51, 0.08233333333333333, 0.3323333333333333, 0.1101111111111111, 0.59, 0.68, 0.68]"
173,AAAAAAAADXT2JCQFUQAGAMSU2IRBXH4BWJIAGVY_192,4,2,3,10361.342461200002,25,0.0689117113749186,0.9310882886250814,0.9641457383831342,0.7158354490995407,0.9430490493774414,0.0682510732362667,0.9317010089755058,0.9644695098201432,0.7160348242769639,0.942631459236145,"[0.08233333333333333, 0.3323333333333333, 0.1101111111111111, 0.08233333333333333, 0.3323333333333333, 0.1101111111111111, 0.3323333333333333, 0.08233333333333333, 0.3323333333333333, 0.1101111111111111, 0.08233333333333333, 0.3323333333333333, 0.1101111111111111, 0.499, 0.93, 0.68, 0.9, 0.84, 0.34, 0.34, 0.34, 0.09, 0.34, 0.01, 0.26, 0.68, 0.79, 0.51, 0.08233333333333333, 0.3323333333333333, 0.1101111111111111, 0.34, 0.01, 0.01, 0.68, 0.26, 0.34, 0.68, 0.18, 0.34, 0.34, 0.01, 0.59, 0.34, 0.01, 0.76, 0.68, 0.23, 0.68, 0.68, 0.01, 0.23, 0.34, 0.34, 0.34, 0.51, 0.08233333333333333, 0.3323333333333333, 0.1101111111111111, 0.76, 0.34, 0.57]"
174,AAAAAAAAAAAAAAAAABLTBEABK77PZBQAOYLRS5A_192,4,2,2,8815.667318699998,25,0.1394780332843462,0.8605219667156537,0.924063518146674,0.675895985464255,0.9215298016866048,0.1546295654028654,0.8453626514722904,0.9148819622894128,0.6664669875055551,0.9174328962961832,"[0.08233333333333333, 0.3323333333333333, 0.1101111111111111, 0.08233333333333333, 0.3323333333333333, 0.1101111111111111, 0.3323333333333333, 0.08233333333333333, 0.3323333333333333, 0.1101111111111111, 0.08233333333333333, 0.3323333333333333, 0.1101111111111111, 0.499, 0.08233333333333333, 0.3323333333333333, 0.1101111111111111, 0.08233333333333333, 0.3323333333333333, 0.1101111111111111, 0.3323333333333333, 0.08233333333333333, 0.3323333333333333, 0.1101111111111111, 0.08233333333333333, 0.3323333333333333, 0.1101111111111111, 0.499, 0.09, 0.34, 0.57, 0.18, 0.01, 0.34, 0.34, 0.08233333333333333, 0.3323333333333333, 0.1101111111111111, 0.51, 0.34, 0.57, 0.51, 0.84, 0.68, 0.57, 0.93, 0.34, 0.01, 0.68, 0.08233333333333333, 0.3323333333333333, 0.1101111111111111, 0.93, 0.68, 0.01, 0.51, 0.43, 0.01, 0.45, 0.51, 0.68, 0.79]"
175,AAAAAAAAAAAPTAAPRRJ5J7KROLQZ4BWBF6K5BUI_192,4,2,3,658.4176877000064,25,0.5740170791745186,0.4259829208254814,0.5964594046274821,0.3787635127703349,0.7148351987202962,0.5765228118747473,0.4234511295954386,0.5935533585647742,0.3764467955877383,0.7124248266220092,"[0.08233333333333333, 0.3323333333333333, 0.1101111111111111, 0.08233333333333333, 0.3323333333333333, 0.1101111111111111, 0.3323333333333333, 0.08233333333333333, 0.3323333333333333, 0.1101111111111111, 0.08233333333333333, 0.3323333333333333, 0.1101111111111111, 0.499, 0.08233333333333333, 0.3323333333333333, 0.1101111111111111, 0.09, 0.68, 0.9, 0.68, 0.08233333333333333, 0.3323333333333333, 0.1101111111111111, 0.43, 0.68, 0.12, 0.51, 0.09, 0.34, 0.23, 0.76, 0.34, 0.23, 0.68, 0.76, 0.34, 0.79, 0.51, 0.68, 0.34, 0.51, 0.68, 0.01, 0.9, 0.84, 0.01, 0.01, 0.68, 0.34, 0.01, 0.34, 0.51, 0.68, 0.9, 0.51, 0.51, 0.68, 0.79, 0.18, 0.34, 0.12]"
176,AAAAAAAAAAAAAAAAAAAGC7WQYDRMXKRCG2SF35Y_192,4,2,2,2354.201921699998,25,0.0819201643268267,0.9180798356731732,0.9569521809617678,0.6990198319156965,0.9386223475138348,0.0874723818153142,0.912521050622066,0.9538790413488945,0.6947337612509727,0.9371654113133748,"[0.08233333333333333, 0.3323333333333333, 0.1101111111111111, 0.08233333333333333, 0.3323333333333333, 0.1101111111111111, 0.3323333333333333, 0.08233333333333333, 0.3323333333333333, 0.1101111111111111, 0.08233333333333333, 0.3323333333333333, 0.1101111111111111, 0.499, 0.08233333333333333, 0.3323333333333333, 0.1101111111111111, 0.08233333333333333, 0.3323333333333333, 0.1101111111111111, 0.3323333333333333, 0.08233333333333333, 0.3323333333333333, 0.1101111111111111, 0.08233333333333333, 0.3323333333333333, 0.1101111111111111, 0.499, 0.08233333333333333, 0.3323333333333333, 0.1101111111111111, 0.34, 0.01, 0.68, 0.68, 0.93, 0.68, 0.79, 0.18, 0.01, 0.01, 0.51, 0.68, 0.34, 0.45, 0.51, 0.68, 0.68, 0.34, 0.09, 0.01, 0.79, 0.34, 0.68, 0.68, 0.01, 0.59, 0.34, 0.57, 0.43, 0.68, 0.57]"
177,AAAAAAAAAAAAAAAAAEZEC5YE66TCPFS2TBS52UA_192,4,2,2,320.96058609999454,25,0.0753116145730018,0.9246883854269982,0.9606590727965038,0.7161023745934169,0.9409957567850749,0.0805698342621326,0.9193594759951036,0.9576565516491732,0.7131924025714398,0.939711316426595,"[0.08233333333333333, 0.3323333333333333, 0.1101111111111111, 0.08233333333333333, 0.3323333333333333, 0.1101111111111111, 0.3323333333333333, 0.08233333333333333, 0.3323333333333333, 0.1101111111111111, 0.08233333333333333, 0.3323333333333333, 0.1101111111111111, 0.499, 0.08233333333333333, 0.3323333333333333, 0.1101111111111111, 0.08233333333333333, 0.3323333333333333, 0.1101111111111111, 0.3323333333333333, 0.08233333333333333, 0.3323333333333333, 0.1101111111111111, 0.08233333333333333, 0.3323333333333333, 0.1101111111111111, 0.499, 0.59, 0.68, 0.34, 0.59, 0.01, 0.68, 0.68, 0.43, 0.01, 0.12, 0.18, 0.68, 0.57, 0.51, 0.59, 0.68, 0.12, 0.18, 0.68, 0.34, 0.68, 0.26, 0.68, 0.68, 0.18, 0.01, 0.23, 0.01, 0.51, 0.68, 0.57, 0.51, 0.34, 0.01]"
178,AAAAAAAAAAAAAAAAAOD4JUADBSYZVIQADZ2MI7A_192,4,2,2,2516.956155599997,25,0.6794728914896647,0.3205271085103353,0.4838300009568532,0.257263453801473,0.2935554504394531,0.6829658611367146,0.3170605087031921,0.4796900114665429,0.2549634357293447,0.2901227076848348,"[0.08233333333333333, 0.3323333333333333, 0.1101111111111111, 0.08233333333333333, 0.3323333333333333, 0.1101111111111111, 0.3323333333333333, 0.08233333333333333, 0.3323333333333333, 0.1101111111111111, 0.08233333333333333, 0.3323333333333333, 0.1101111111111111, 0.499, 0.08233333333333333, 0.3323333333333333, 0.1101111111111111, 0.08233333333333333, 0.3323333333333333, 0.1101111111111111, 0.3323333333333333, 0.08233333333333333, 0.3323333333333333, 0.1101111111111111, 0.08233333333333333, 0.3323333333333333, 0.1101111111111111, 0.499, 0.93, 0.01, 0.57, 0.68, 0.34, 0.23, 0.34, 0.08233333333333333, 0.3323333333333333, 0.1101111111111111, 0.68, 0.01, 0.9, 0.51, 0.34, 0.01, 0.9, 0.76, 0.34, 0.79, 0.34, 0.08233333333333333, 0.3323333333333333, 0.1101111111111111, 0.18, 0.68, 0.23, 0.51, 0.59, 0.68, 0.12, 0.09, 0.68, 0.9]"
179,AAAAAAAAAAAAAAAAAAADGPAZWKJH7NQACAQAGAA_192,4,2,2,520.0494357999996,25,0.2136041149497032,0.7863958850502968,0.8782622719804446,0.606004864970843,0.8962602933247884,0.2232868554691473,0.7767110665639242,0.8715434228380521,0.5965582720935345,0.8913830757141114,"[0.08233333333333333, 0.3323333333333333, 0.1101111111111111, 0.08233333333333333, 0.3323333333333333, 0.1101111111111111, 0.3323333333333333, 0.08233333333333333, 0.3323333333333333, 0.1101111111111111, 0.08233333333333333, 0.3323333333333333, 0.1101111111111111, 0.499, 0.08233333333333333, 0.3323333333333333, 0.1101111111111111, 0.08233333333333333, 0.3323333333333333, 0.1101111111111111, 0.3323333333333333, 0.08233333333333333, 0.3323333333333333, 0.1101111111111111, 0.08233333333333333, 0.3323333333333333, 0.1101111111111111, 0.499, 0.08233333333333333, 0.3323333333333333, 0.1101111111111111, 0.18, 0.01, 0.9, 0.68, 0.68, 0.01, 0.45, 0.34, 0.68, 0.34, 0.51, 0.26, 0.34, 0.23, 0.84, 0.68, 0.45, 0.68, 0.08233333333333333, 0.3323333333333333, 0.1101111111111111, 0.26, 0.01, 0.12, 0.01, 0.08233333333333333, 0.3323333333333333, 0.1101111111111111, 0.68, 0.01, 0.01]"
180,AAAAAAAAAAAAAAAAAAAODEAD6QAAMBQAGBYADUA_192,4,2,2,1937.3643345000016,25,0.2471884767214457,0.7528115232785543,0.8556961024800936,0.5731861819823583,0.8836645444234212,0.2656042272845904,0.7343918682386478,0.8436286619553963,0.5584136430174113,0.8748725016911825,"[0.08233333333333333, 0.3323333333333333, 0.1101111111111111, 0.08233333333333333, 0.3323333333333333, 0.1101111111111111, 0.3323333333333333, 0.08233333333333333, 0.3323333333333333, 0.1101111111111111, 0.08233333333333333, 0.3323333333333333, 0.1101111111111111, 0.499, 0.08233333333333333, 0.3323333333333333, 0.1101111111111111, 0.08233333333333333, 0.3323333333333333, 0.1101111111111111, 0.3323333333333333, 0.08233333333333333, 0.3323333333333333, 0.1101111111111111, 0.08233333333333333, 0.3323333333333333, 0.1101111111111111, 0.499, 0.08233333333333333, 0.3323333333333333, 0.1101111111111111, 0.93, 0.01, 0.45, 0.34, 0.08233333333333333, 0.3323333333333333, 0.1101111111111111, 0.84, 0.68, 0.79, 0.01, 0.08233333333333333, 0.3323333333333333, 0.1101111111111111, 0.18, 0.01, 0.01, 0.68, 0.08233333333333333, 0.3323333333333333, 0.1101111111111111, 0.34, 0.01, 0.23, 0.51, 0.08233333333333333, 0.3323333333333333, 0.1101111111111111, 0.43, 0.34, 0.01]"
181,AACXYADUUAAYDAAOWVLGCM6VQMAAYJTLULIABBI_192,4,2,4,130.21301170000515,25,0.1371304174264272,0.8628695825735728,0.925292777021726,0.6604222575823466,0.9229862213134764,0.1508076981951793,0.8491888297100861,0.917122412721316,0.6510949524740378,0.9182034651438395,"[0.08233333333333333, 0.3323333333333333, 0.1101111111111111, 0.09, 0.34, 0.57, 0.68, 0.08233333333333333, 0.3323333333333333, 0.1101111111111111, 0.43, 0.34, 0.34, 0.51, 0.08233333333333333, 0.3323333333333333, 0.1101111111111111, 0.18, 0.01, 0.01, 0.68, 0.08233333333333333, 0.3323333333333333, 0.1101111111111111, 0.43, 0.34, 0.45, 0.51, 0.51, 0.34, 0.45, 0.34, 0.01, 0.79, 0.68, 0.18, 0.68, 0.68, 0.34, 0.01, 0.23, 0.01, 0.08233333333333333, 0.3323333333333333, 0.1101111111111111, 0.34, 0.01, 0.79, 0.68, 0.18, 0.34, 0.57, 0.59, 0.34, 0.45, 0.51, 0.08233333333333333, 0.3323333333333333, 0.1101111111111111, 0.26, 0.01, 0.68]"
182,AAAAAAAABQ5KFD4ZWAAFAUAD6MABVH66CKQAGBI_192,4,2,3,1769.9508841999996,25,0.6772685597340266,0.3227314402659734,0.4866143022974332,0.2469995712240537,0.3091981887817382,0.6805960845202208,0.3193946413695812,0.4822842720896005,0.2447914046545823,0.3048273801803589,"[0.08233333333333333, 0.3323333333333333, 0.1101111111111111, 0.08233333333333333, 0.3323333333333333, 0.1101111111111111, 0.3323333333333333, 0.08233333333333333, 0.3323333333333333, 0.1101111111111111, 0.08233333333333333, 0.3323333333333333, 0.1101111111111111, 0.499, 0.34, 0.01, 0.57, 0.51, 0.34, 0.12, 0.34, 0.09, 0.68, 0.9, 0.68, 0.68, 0.45, 0.01, 0.08233333333333333, 0.3323333333333333, 0.1101111111111111, 0.51, 0.01, 0.12, 0.34, 0.08233333333333333, 0.3323333333333333, 0.1101111111111111, 0.84, 0.68, 0.23, 0.01, 0.08233333333333333, 0.3323333333333333, 0.1101111111111111, 0.76, 0.34, 0.23, 0.68, 0.93, 0.68, 0.9, 0.26, 0.34, 0.68, 0.01, 0.08233333333333333, 0.3323333333333333, 0.1101111111111111, 0.68, 0.01, 0.68]"
183,AAAAAAAAAAAAAAAAAAABLEAA6EAATFQAMAIABBY_192,4,2,2,239.9063724000007,25,0.2661856571833292,0.7338143428166707,0.8441898450255394,0.5606849307815234,0.8735001246134441,0.2812937329212824,0.7186951745301485,0.8335142736633618,0.5494662227729956,0.8681826829910279,"[0.08233333333333333, 0.3323333333333333, 0.1101111111111111, 0.08233333333333333, 0.3323333333333333, 0.1101111111111111, 0.3323333333333333, 0.08233333333333333, 0.3323333333333333, 0.1101111111111111, 0.08233333333333333, 0.3323333333333333, 0.1101111111111111, 0.499, 0.08233333333333333, 0.3323333333333333, 0.1101111111111111, 0.08233333333333333, 0.3323333333333333, 0.1101111111111111, 0.3323333333333333, 0.08233333333333333, 0.3323333333333333, 0.1101111111111111, 0.08233333333333333, 0.3323333333333333, 0.1101111111111111, 0.499, 0.08233333333333333, 0.3323333333333333, 0.1101111111111111, 0.09, 0.34, 0.45, 0.34, 0.08233333333333333, 0.3323333333333333, 0.1101111111111111, 0.18, 0.68, 0.12, 0.01, 0.08233333333333333, 0.3323333333333333, 0.1101111111111111, 0.59, 0.68, 0.34, 0.68, 0.08233333333333333, 0.3323333333333333, 0.1101111111111111, 0.68, 0.01, 0.01, 0.51, 0.08233333333333333, 0.3323333333333333, 0.1101111111111111, 0.26, 0.01, 0.57]"
184,AAAAAAAAAABW5L4MQSJD3UADRSAAVC5DV2YAHMQ_192,4,2,3,2148.913333999997,25,0.0782871703306833,0.9217128296693166,0.9590269833803176,0.7035439113775889,0.9395871798197428,0.074250757197539,0.9257470949242512,0.9612284777065118,0.7049324229359627,0.941153033574422,"[0.08233333333333333, 0.3323333333333333, 0.1101111111111111, 0.08233333333333333, 0.3323333333333333, 0.1101111111111111, 0.3323333333333333, 0.08233333333333333, 0.3323333333333333, 0.1101111111111111, 0.08233333333333333, 0.3323333333333333, 0.1101111111111111, 0.499, 0.08233333333333333, 0.3323333333333333, 0.1101111111111111, 0.34, 0.68, 0.57, 0.34, 0.51, 0.68, 0.9, 0.34, 0.34, 0.01, 0.51, 0.26, 0.34, 0.34, 0.18, 0.68, 0.57, 0.34, 0.08233333333333333, 0.3323333333333333, 0.1101111111111111, 0.93, 0.01, 0.9, 0.51, 0.08233333333333333, 0.3323333333333333, 0.1101111111111111, 0.51, 0.34, 0.12, 0.34, 0.76, 0.01, 0.57, 0.51, 0.68, 0.68, 0.51, 0.08233333333333333, 0.3323333333333333, 0.1101111111111111, 0.93, 0.68, 0.34]"
185,AAAAAAAAAAAAAAAAAAACKNADYYAARY4Z5LQABMA_192,4,2,2,842.2985738999996,25,0.112533034880956,0.887466965119044,0.9398065676291784,0.6611296072602272,0.9312312761942546,0.1218052388479312,0.8781937010586262,0.9343326228360336,0.650465768451492,0.927200476328532,"[0.08233333333333333, 0.3323333333333333, 0.1101111111111111, 0.08233333333333333, 0.3323333333333333, 0.1101111111111111, 0.3323333333333333, 0.08233333333333333, 0.3323333333333333, 0.1101111111111111, 0.08233333333333333, 0.3323333333333333, 0.1101111111111111, 0.499, 0.08233333333333333, 0.3323333333333333, 0.1101111111111111, 0.08233333333333333, 0.3323333333333333, 0.1101111111111111, 0.3323333333333333, 0.08233333333333333, 0.3323333333333333, 0.1101111111111111, 0.08233333333333333, 0.3323333333333333, 0.1101111111111111, 0.499, 0.08233333333333333, 0.3323333333333333, 0.1101111111111111, 0.26, 0.34, 0.79, 0.68, 0.59, 0.01, 0.01, 0.84, 0.01, 0.45, 0.01, 0.08233333333333333, 0.3323333333333333, 0.1101111111111111, 0.59, 0.34, 0.9, 0.34, 0.68, 0.68, 0.23, 0.76, 0.34, 0.57, 0.01, 0.08233333333333333, 0.3323333333333333, 0.1101111111111111, 0.26, 0.68, 0.01]"
186,AAAAAAAADKHGFAAM4RK42MADZQPCPHQAPAAABRI_192,4,2,3,1979.3224605,25,0.0780333042144775,0.9219666957855224,0.9590982114275296,0.7124542887012164,0.9402171452840168,0.0853003561496734,0.9146460560460884,0.955032946790258,0.7090337485074997,0.9376890261967976,"[0.08233333333333333, 0.3323333333333333, 0.1101111111111111, 0.08233333333333333, 0.3323333333333333, 0.1101111111111111, 0.3323333333333333, 0.08233333333333333, 0.3323333333333333, 0.1101111111111111, 0.08233333333333333, 0.3323333333333333, 0.1101111111111111, 0.499, 0.76, 0.34, 0.12, 0.68, 0.68, 0.12, 0.34, 0.08233333333333333, 0.3323333333333333, 0.1101111111111111, 0.34, 0.34, 0.9, 0.51, 0.09, 0.34, 0.68, 0.68, 0.68, 0.79, 0.68, 0.08233333333333333, 0.3323333333333333, 0.1101111111111111, 0.84, 0.01, 0.9, 0.01, 0.18, 0.68, 0.12, 0.18, 0.68, 0.23, 0.68, 0.08233333333333333, 0.3323333333333333, 0.1101111111111111, 0.84, 0.01, 0.01, 0.01, 0.08233333333333333, 0.3323333333333333, 0.1101111111111111, 0.18, 0.01, 0.68]"
187,AAAAAAAADYD6JYEKH4D66FGMWS4HXZTLHLQABFY_192,4,2,3,8462.719688199999,25,0.0479373862346013,0.9520626137653988,0.9753961463769276,0.7271311903993288,0.9471517244974772,0.0436655852943658,0.9562897412727276,0.9776124437650044,0.7288610833386581,0.9485389788945516,"[0.08233333333333333, 0.3323333333333333, 0.1101111111111111, 0.08233333333333333, 0.3323333333333333, 0.1101111111111111, 0.3323333333333333, 0.08233333333333333, 0.3323333333333333, 0.1101111111111111, 0.08233333333333333, 0.3323333333333333, 0.1101111111111111, 0.499, 0.84, 0.01, 0.01, 0.84, 0.68, 0.34, 0.34, 0.68, 0.01, 0.79, 0.51, 0.01, 0.57, 0.51, 0.68, 0.01, 0.57, 0.93, 0.68, 0.9, 0.34, 0.59, 0.68, 0.23, 0.26, 0.68, 0.79, 0.51, 0.43, 0.01, 0.23, 0.76, 0.68, 0.9, 0.68, 0.18, 0.34, 0.45, 0.43, 0.34, 0.57, 0.01, 0.08233333333333333, 0.3323333333333333, 0.1101111111111111, 0.26, 0.34, 0.57]"
188,AAOCYADVUYDOTKCOHOYWB4ABKYAAHIWOOZYAGEY_192,4,2,4,880.6066842,25,0.0824460198481877,0.9175539801518122,0.956746225555738,0.704078990717729,0.9402674674987792,0.0718396519621213,0.92815322453777,0.9625775342186292,0.7086664117872715,0.9420923868815104,"[0.08233333333333333, 0.3323333333333333, 0.1101111111111111, 0.43, 0.01, 0.34, 0.68, 0.08233333333333333, 0.3323333333333333, 0.1101111111111111, 0.43, 0.34, 0.45, 0.51, 0.18, 0.01, 0.01, 0.76, 0.68, 0.79, 0.68, 0.51, 0.01, 0.34, 0.43, 0.01, 0.57, 0.01, 0.93, 0.68, 0.12, 0.34, 0.01, 0.23, 0.68, 0.08233333333333333, 0.3323333333333333, 0.1101111111111111, 0.51, 0.34, 0.45, 0.01, 0.08233333333333333, 0.3323333333333333, 0.1101111111111111, 0.09, 0.68, 0.79, 0.34, 0.34, 0.34, 0.9, 0.93, 0.68, 0.23, 0.51, 0.08233333333333333, 0.3323333333333333, 0.1101111111111111, 0.68, 0.34, 0.23]"
189,AAAAAAAAAXQ2BAA4DRI7CEAAKMAATLQAN3AAA5A_192,4,2,3,1746.3115607000072,25,0.6780088846882184,0.3219911153117815,0.4849911525845528,0.242573990424474,0.2943709055582682,0.6826253343373537,0.317374162748456,0.4799647116412719,0.2400528127948443,0.289918843905131,"[0.08233333333333333, 0.3323333333333333, 0.1101111111111111, 0.08233333333333333, 0.3323333333333333, 0.1101111111111111, 0.3323333333333333, 0.08233333333333333, 0.3323333333333333, 0.1101111111111111, 0.08233333333333333, 0.3323333333333333, 0.1101111111111111, 0.499, 0.26, 0.68, 0.9, 0.18, 0.34, 0.01, 0.34, 0.08233333333333333, 0.3323333333333333, 0.1101111111111111, 0.93, 0.01, 0.23, 0.51, 0.09, 0.34, 0.12, 0.84, 0.01, 0.79, 0.34, 0.08233333333333333, 0.3323333333333333, 0.1101111111111111, 0.09, 0.34, 0.23, 0.01, 0.08233333333333333, 0.3323333333333333, 0.1101111111111111, 0.59, 0.68, 0.68, 0.68, 0.08233333333333333, 0.3323333333333333, 0.1101111111111111, 0.76, 0.68, 0.45, 0.01, 0.08233333333333333, 0.3323333333333333, 0.1101111111111111, 0.09, 0.68, 0.79]"
190,AAAAAAAAAAAAAAAAAAAFJEADCEAB7CXIO3YAGFQ_192,4,2,2,3581.391313500004,25,0.0677652890483538,0.932234710951646,0.9647946551442146,0.7094621693094572,0.942854595184326,0.0707810209443171,0.9292167689651252,0.9630902028332154,0.7073426635315021,0.9416098674138388,"[0.08233333333333333, 0.3323333333333333, 0.1101111111111111, 0.08233333333333333, 0.3323333333333333, 0.1101111111111111, 0.3323333333333333, 0.08233333333333333, 0.3323333333333333, 0.1101111111111111, 0.08233333333333333, 0.3323333333333333, 0.1101111111111111, 0.499, 0.08233333333333333, 0.3323333333333333, 0.1101111111111111, 0.08233333333333333, 0.3323333333333333, 0.1101111111111111, 0.3323333333333333, 0.08233333333333333, 0.3323333333333333, 0.1101111111111111, 0.08233333333333333, 0.3323333333333333, 0.1101111111111111, 0.499, 0.08233333333333333, 0.3323333333333333, 0.1101111111111111, 0.51, 0.34, 0.34, 0.34, 0.08233333333333333, 0.3323333333333333, 0.1101111111111111, 0.68, 0.34, 0.12, 0.01, 0.08233333333333333, 0.3323333333333333, 0.1101111111111111, 0.84, 0.68, 0.12, 0.34, 0.43, 0.34, 0.01, 0.93, 0.68, 0.57, 0.51, 0.08233333333333333, 0.3323333333333333, 0.1101111111111111, 0.68, 0.34, 0.45]"
191,AAJUYAHQFCA6LD4KGQABJMADW4RLVPQACBDUYRQ_192,4,2,4,978.0178366000002,25,0.3238561640183131,0.6761438359816869,0.8045698781808217,0.4712950686613719,0.8440385500590006,0.3407037756095329,0.6592909254133701,0.791437971095244,0.458161508043607,0.8391113678614298,"[0.08233333333333333, 0.3323333333333333, 0.1101111111111111, 0.59, 0.68, 0.79, 0.68, 0.08233333333333333, 0.3323333333333333, 0.1101111111111111, 0.84, 0.01, 0.01, 0.51, 0.59, 0.34, 0.01, 0.18, 0.68, 0.34, 0.68, 0.09, 0.68, 0.9, 0.51, 0.01, 0.45, 0.51, 0.08233333333333333, 0.3323333333333333, 0.1101111111111111, 0.09, 0.34, 0.34, 0.68, 0.08233333333333333, 0.3323333333333333, 0.1101111111111111, 0.93, 0.68, 0.57, 0.01, 0.59, 0.34, 0.68, 0.76, 0.34, 0.57, 0.68, 0.08233333333333333, 0.3323333333333333, 0.1101111111111111, 0.26, 0.01, 0.34, 0.01, 0.43, 0.34, 0.23, 0.09, 0.01, 0.45]"
192,AAAAAAAAA2ZCV4HEFMDF3FGLQYLOZOQAEBK4DEY_192,4,2,3,3639.290686,25,0.0740652600924174,0.9259347399075826,0.9613530084490776,0.7109376256664593,0.9425821622212728,0.068018385892113,0.931944892803828,0.9646293671180804,0.7135602828115225,0.9440734306971232,"[0.08233333333333333, 0.3323333333333333, 0.1101111111111111, 0.08233333333333333, 0.3323333333333333, 0.1101111111111111, 0.3323333333333333, 0.08233333333333333, 0.3323333333333333, 0.1101111111111111, 0.08233333333333333, 0.3323333333333333, 0.1101111111111111, 0.499, 0.18, 0.34, 0.45, 0.59, 0.34, 0.68, 0.34, 0.93, 0.01, 0.57, 0.26, 0.01, 0.68, 0.01, 0.68, 0.01, 0.45, 0.51, 0.68, 0.45, 0.34, 0.59, 0.68, 0.34, 0.93, 0.01, 0.45, 0.01, 0.26, 0.68, 0.57, 0.34, 0.34, 0.57, 0.34, 0.08233333333333333, 0.3323333333333333, 0.1101111111111111, 0.59, 0.01, 0.34, 0.51, 0.51, 0.68, 0.01, 0.34, 0.34, 0.23]"
193,E4PSIADRDO3TT2CPTT35YVDRWINH3O4JRIBHCPA_192,4,2,4,1594.9925467000005,25,0.0472218116124471,0.9527781883875528,0.9757799580693244,0.7244078561663627,0.947360897064209,0.045520732179284,0.9544527107228836,0.9766484282910824,0.7253906415154536,0.9480074961980184,"[0.26, 0.34, 0.9, 0.43, 0.68, 0.34, 0.34, 0.08233333333333333, 0.3323333333333333, 0.1101111111111111, 0.43, 0.01, 0.79, 0.01, 0.76, 0.68, 0.45, 0.93, 0.34, 0.9, 0.68, 0.76, 0.01, 0.34, 0.43, 0.68, 0.23, 0.51, 0.18, 0.68, 0.57, 0.76, 0.68, 0.12, 0.34, 0.59, 0.34, 0.9, 0.34, 0.68, 0.34, 0.01, 0.18, 0.34, 0.23, 0.93, 0.68, 0.57, 0.34, 0.68, 0.34, 0.23, 0.09, 0.34, 0.01, 0.01, 0.26, 0.34, 0.9, 0.59, 0.68, 0.9]"
194,AA6H35ONMADQNHS2MXBGKEADAQTZVN6OCOKPDRY_192,4,2,4,2633.5291232,25,0.0988151585062344,0.9011848414937657,0.9477374305327734,0.682517288128535,0.9333052635192872,0.1124245480944712,0.887574173634251,0.9399086075524488,0.6734139701972405,0.9305028915405272,"[0.08233333333333333, 0.3323333333333333, 0.1101111111111111, 0.84, 0.01, 0.57, 0.68, 0.43, 0.68, 0.68, 0.68, 0.68, 0.68, 0.51, 0.08233333333333333, 0.3323333333333333, 0.1101111111111111, 0.93, 0.01, 0.23, 0.34, 0.18, 0.68, 0.34, 0.76, 0.01, 0.9, 0.51, 0.43, 0.01, 0.34, 0.34, 0.34, 0.79, 0.34, 0.08233333333333333, 0.3323333333333333, 0.1101111111111111, 0.68, 0.01, 0.79, 0.01, 0.59, 0.68, 0.9, 0.76, 0.34, 0.45, 0.68, 0.93, 0.34, 0.9, 0.26, 0.34, 0.9, 0.51, 0.59, 0.68, 0.9, 0.43, 0.01, 0.57]"
195,DS4FYAHEUAA7RFRNRAAC6EAATTYO3LQAP6AAD4A_192,4,2,4,10898.1191223,25,0.0900163287917772,0.9099836712082228,0.9525902112325032,0.6946945801377297,0.9374432881673176,0.0870324278871218,0.9129654966294766,0.954214902718862,0.6970204188177983,0.9385825872421264,"[0.09, 0.68, 0.34, 0.93, 0.01, 0.68, 0.68, 0.08233333333333333, 0.3323333333333333, 0.1101111111111111, 0.93, 0.34, 0.34, 0.51, 0.08233333333333333, 0.3323333333333333, 0.1101111111111111, 0.18, 0.68, 0.9, 0.34, 0.26, 0.68, 0.12, 0.34, 0.68, 0.12, 0.01, 0.08233333333333333, 0.3323333333333333, 0.1101111111111111, 0.26, 0.68, 0.9, 0.34, 0.08233333333333333, 0.3323333333333333, 0.1101111111111111, 0.26, 0.34, 0.9, 0.51, 0.93, 0.01, 0.57, 0.34, 0.68, 0.68, 0.68, 0.08233333333333333, 0.3323333333333333, 0.1101111111111111, 0.84, 0.68, 0.9, 0.01, 0.08233333333333333, 0.3323333333333333, 0.1101111111111111, 0.43, 0.68, 0.01]"
196,AAMXYAD4YADK36R64AAPK4ABAYAB3JQAPLYACFI_192,4,2,4,2524.0884818000013,25,0.0747475360830624,0.9252524639169376,0.9609867816170056,0.7048789421717326,0.9423659324645997,0.0689157606412967,0.9310714767624936,0.9641877145816884,0.7071798481047153,0.9446019490559896,"[0.08233333333333333, 0.3323333333333333, 0.1101111111111111, 0.34, 0.34, 0.57, 0.68, 0.08233333333333333, 0.3323333333333333, 0.1101111111111111, 0.43, 0.68, 0.23, 0.01, 0.08233333333333333, 0.3323333333333333, 0.1101111111111111, 0.76, 0.34, 0.45, 0.68, 0.84, 0.34, 0.12, 0.84, 0.34, 0.9, 0.01, 0.08233333333333333, 0.3323333333333333, 0.1101111111111111, 0.84, 0.34, 0.68, 0.68, 0.08233333333333333, 0.3323333333333333, 0.1101111111111111, 0.59, 0.01, 0.45, 0.01, 0.08233333333333333, 0.3323333333333333, 0.1101111111111111, 0.93, 0.68, 0.79, 0.68, 0.08233333333333333, 0.3323333333333333, 0.1101111111111111, 0.84, 0.34, 0.57, 0.51, 0.08233333333333333, 0.3323333333333333, 0.1101111111111111, 0.59, 0.34, 0.68]"
197,AAEAYAHQEABWVAA5T46H2MYVSRXO5JQAFLLVRRY_192,4,2,4,1889.6043159,25,0.0620533610383669,0.937946638961633,0.9678610041737556,0.7039599398771922,0.945617167154948,0.0644517132391532,0.9355477467179298,0.9665661613146465,0.7021806123356025,0.9442651907602946,"[0.08233333333333333, 0.3323333333333333, 0.1101111111111111, 0.26, 0.01, 0.01, 0.68, 0.08233333333333333, 0.3323333333333333, 0.1101111111111111, 0.84, 0.01, 0.01, 0.51, 0.08233333333333333, 0.3323333333333333, 0.1101111111111111, 0.34, 0.68, 0.68, 0.34, 0.08233333333333333, 0.3323333333333333, 0.1101111111111111, 0.93, 0.68, 0.23, 0.51, 0.68, 0.68, 0.9, 0.43, 0.68, 0.79, 0.68, 0.18, 0.01, 0.68, 0.34, 0.34, 0.79, 0.01, 0.76, 0.68, 0.57, 0.43, 0.34, 0.79, 0.68, 0.08233333333333333, 0.3323333333333333, 0.1101111111111111, 0.51, 0.34, 0.45, 0.51, 0.43, 0.34, 0.45, 0.18, 0.01, 0.57]"
198,AAAAAAAAAAAAAAAAAD2MGNSNAS3DYE5GEJ2VYRQ_192,4,2,2,1136.9137984000008,25,0.1408554772535959,0.859144522746404,0.9233999639749528,0.6659684474269549,0.9208430290222168,0.1478370162347952,0.8521607045084238,0.9191599116971096,0.659770093113184,0.917232100168864,"[0.08233333333333333, 0.3323333333333333, 0.1101111111111111, 0.08233333333333333, 0.3323333333333333, 0.1101111111111111, 0.3323333333333333, 0.08233333333333333, 0.3323333333333333, 0.1101111111111111, 0.08233333333333333, 0.3323333333333333, 0.1101111111111111, 0.499, 0.08233333333333333, 0.3323333333333333, 0.1101111111111111, 0.08233333333333333, 0.3323333333333333, 0.1101111111111111, 0.3323333333333333, 0.08233333333333333, 0.3323333333333333, 0.1101111111111111, 0.08233333333333333, 0.3323333333333333, 0.1101111111111111, 0.499, 0.18, 0.68, 0.79, 0.68, 0.01, 0.9, 0.68, 0.34, 0.34, 0.23, 0.59, 0.01, 0.79, 0.51, 0.34, 0.68, 0.12, 0.93, 0.01, 0.34, 0.34, 0.76, 0.01, 0.9, 0.59, 0.34, 0.23, 0.51, 0.51, 0.34, 0.57, 0.09, 0.01, 0.45]"
199,AAAAAAAAB6YLTOH2QQAMGNG5CA5CEYQACIH4PBY_192,4,2,3,607.1858871000004,25,0.6332371150453885,0.3667628849546114,0.5348509763677914,0.2765503187974294,0.448387082417806,0.6384467758238316,0.361543433368206,0.5289769216130177,0.273380425448219,0.443536114692688,"[0.08233333333333333, 0.3323333333333333, 0.1101111111111111, 0.08233333333333333, 0.3323333333333333, 0.1101111111111111, 0.3323333333333333, 0.08233333333333333, 0.3323333333333333, 0.1101111111111111, 0.08233333333333333, 0.3323333333333333, 0.1101111111111111, 0.499, 0.43, 0.68, 0.45, 0.09, 0.34, 0.9, 0.68, 0.43, 0.01, 0.57, 0.76, 0.34, 0.01, 0.51, 0.08233333333333333, 0.3323333333333333, 0.1101111111111111, 0.68, 0.01, 0.9, 0.68, 0.59, 0.68, 0.57, 0.59, 0.34, 0.01, 0.01, 0.43, 0.34, 0.12, 0.09, 0.01, 0.9, 0.34, 0.08233333333333333, 0.3323333333333333, 0.1101111111111111, 0.26, 0.34, 0.01, 0.01, 0.84, 0.68, 0.12, 0.93, 0.01, 0.57]"
200,AAAAAAAAAAAAAAAAAAABDEADGPRE3DUI4JIABBA_192,4,2,2,676.9644507999983,25,0.1754559660951296,0.8245440339048703,0.902195644378662,0.636329802374045,0.907750956217448,0.1725646611303091,0.8274330879251163,0.9039716365436712,0.6356289308518172,0.9094585259755452,"[0.08233333333333333, 0.3323333333333333, 0.1101111111111111, 0.08233333333333333, 0.3323333333333333, 0.1101111111111111, 0.3323333333333333, 0.08233333333333333, 0.3323333333333333, 0.1101111111111111, 0.08233333333333333, 0.3323333333333333, 0.1101111111111111, 0.499, 0.08233333333333333, 0.3323333333333333, 0.1101111111111111, 0.08233333333333333, 0.3323333333333333, 0.1101111111111111, 0.3323333333333333, 0.08233333333333333, 0.3323333333333333, 0.1101111111111111, 0.08233333333333333, 0.3323333333333333, 0.1101111111111111, 0.499, 0.08233333333333333, 0.3323333333333333, 0.1101111111111111, 0.09, 0.01, 0.45, 0.34, 0.08233333333333333, 0.3323333333333333, 0.1101111111111111, 0.68, 0.68, 0.23, 0.51, 0.68, 0.34, 0.34, 0.34, 0.68, 0.12, 0.68, 0.59, 0.34, 0.12, 0.68, 0.34, 0.34, 0.51, 0.08233333333333333, 0.3323333333333333, 0.1101111111111111, 0.26, 0.01, 0.79]"
201,AAAAAAAAAAAAAAAAAEDF2PDT2MAA3FQAHBHMHRI_192,4,2,2,1858.7966977000035,25,0.1385677938659985,0.8614322061340014,0.9247848838567734,0.6512072553237279,0.9214332262674968,0.1479166695227225,0.8520817930499712,0.919006488720576,0.6456241384148598,0.9197099606196084,"[0.08233333333333333, 0.3323333333333333, 0.1101111111111111, 0.08233333333333333, 0.3323333333333333, 0.1101111111111111, 0.3323333333333333, 0.08233333333333333, 0.3323333333333333, 0.1101111111111111, 0.08233333333333333, 0.3323333333333333, 0.1101111111111111, 0.499, 0.08233333333333333, 0.3323333333333333, 0.1101111111111111, 0.08233333333333333, 0.3323333333333333, 0.1101111111111111, 0.3323333333333333, 0.08233333333333333, 0.3323333333333333, 0.1101111111111111, 0.08233333333333333, 0.3323333333333333, 0.1101111111111111, 0.499, 0.59, 0.01, 0.45, 0.51, 0.68, 0.79, 0.68, 0.68, 0.34, 0.9, 0.84, 0.34, 0.23, 0.01, 0.08233333333333333, 0.3323333333333333, 0.1101111111111111, 0.34, 0.68, 0.34, 0.68, 0.08233333333333333, 0.3323333333333333, 0.1101111111111111, 0.43, 0.01, 0.34, 0.01, 0.93, 0.68, 0.01, 0.84, 0.01, 0.68]"
202,AAAAAAAABALSBYQ2SQAEKEABCDRMECQAEIAABUY_192,4,2,3,3966.397581999998,25,0.0861234277486801,0.91387657225132,0.95451540350914,0.6911991188923517,0.937908172607422,0.0821259710937738,0.9178721584379672,0.9568455368280412,0.6942604638636112,0.9389355738957724,"[0.08233333333333333, 0.3323333333333333, 0.1101111111111111, 0.08233333333333333, 0.3323333333333333, 0.1101111111111111, 0.3323333333333333, 0.08233333333333333, 0.3323333333333333, 0.1101111111111111, 0.08233333333333333, 0.3323333333333333, 0.1101111111111111, 0.499, 0.59, 0.01, 0.34, 0.93, 0.34, 0.01, 0.34, 0.68, 0.34, 0.01, 0.76, 0.34, 0.34, 0.51, 0.08233333333333333, 0.3323333333333333, 0.1101111111111111, 0.59, 0.34, 0.79, 0.34, 0.08233333333333333, 0.3323333333333333, 0.1101111111111111, 0.59, 0.34, 0.01, 0.51, 0.68, 0.34, 0.45, 0.09, 0.01, 0.12, 0.34, 0.08233333333333333, 0.3323333333333333, 0.1101111111111111, 0.59, 0.34, 0.01, 0.01, 0.08233333333333333, 0.3323333333333333, 0.1101111111111111, 0.18, 0.34, 0.23]"
203,AAAAAAAAAAAAAAAAAAAMZEAD2JYGMY7K4CIAGNA_192,4,2,2,1775.009488599986,25,0.1349385465184847,0.8650614534815152,0.9269038980205854,0.6461935902635256,0.9231087366739908,0.1314960894485314,0.8685029389957587,0.9287769765903552,0.6479905712107817,0.924510391553243,"[0.08233333333333333, 0.3323333333333333, 0.1101111111111111, 0.08233333333333333, 0.3323333333333333, 0.1101111111111111, 0.3323333333333333, 0.08233333333333333, 0.3323333333333333, 0.1101111111111111, 0.08233333333333333, 0.3323333333333333, 0.1101111111111111, 0.499, 0.08233333333333333, 0.3323333333333333, 0.1101111111111111, 0.08233333333333333, 0.3323333333333333, 0.1101111111111111, 0.3323333333333333, 0.08233333333333333, 0.3323333333333333, 0.1101111111111111, 0.08233333333333333, 0.3323333333333333, 0.1101111111111111, 0.499, 0.08233333333333333, 0.3323333333333333, 0.1101111111111111, 0.68, 0.68, 0.34, 0.34, 0.08233333333333333, 0.3323333333333333, 0.1101111111111111, 0.84, 0.34, 0.34, 0.01, 0.93, 0.01, 0.23, 0.18, 0.01, 0.9, 0.34, 0.84, 0.34, 0.68, 0.68, 0.01, 0.79, 0.51, 0.08233333333333333, 0.3323333333333333, 0.1101111111111111, 0.68, 0.68, 0.79]"
204,AAAAAAAAAADYPYR6HDOFBEABYKQO4LQAC6K4OFY_192,4,2,3,1333.8392365000036,25,0.11199268947045,0.88800731052955,0.9402607083320618,0.6816644117236137,0.9305904706319174,0.1189712356775999,0.8810187961906195,0.935837370281418,0.6770001254975796,0.929070274035136,"[0.08233333333333333, 0.3323333333333333, 0.1101111111111111, 0.08233333333333333, 0.3323333333333333, 0.1101111111111111, 0.3323333333333333, 0.08233333333333333, 0.3323333333333333, 0.1101111111111111, 0.08233333333333333, 0.3323333333333333, 0.1101111111111111, 0.499, 0.08233333333333333, 0.3323333333333333, 0.1101111111111111, 0.84, 0.01, 0.23, 0.68, 0.68, 0.34, 0.12, 0.84, 0.01, 0.57, 0.01, 0.18, 0.34, 0.9, 0.51, 0.01, 0.34, 0.34, 0.08233333333333333, 0.3323333333333333, 0.1101111111111111, 0.43, 0.01, 0.34, 0.51, 0.59, 0.01, 0.57, 0.43, 0.01, 0.68, 0.68, 0.08233333333333333, 0.3323333333333333, 0.1101111111111111, 0.26, 0.68, 0.9, 0.51, 0.51, 0.68, 0.12, 0.68, 0.34, 0.57]"
205,AAAAAAAAA6TGJAAGCB3F3MYH2IAA7PQAM3AADAY_192,4,2,3,886.5643882999866,25,0.1348539421955744,0.8651460578044256,0.9268552442391712,0.663162536919117,0.9247615814208984,0.1355233517785867,0.8644098903983831,0.9263461091866096,0.6646794959902763,0.9243313630421957,"[0.08233333333333333, 0.3323333333333333, 0.1101111111111111, 0.08233333333333333, 0.3323333333333333, 0.1101111111111111, 0.3323333333333333, 0.08233333333333333, 0.3323333333333333, 0.1101111111111111, 0.08233333333333333, 0.3323333333333333, 0.1101111111111111, 0.499, 0.18, 0.68, 0.79, 0.68, 0.68, 0.34, 0.34, 0.08233333333333333, 0.3323333333333333, 0.1101111111111111, 0.18, 0.01, 0.34, 0.01, 0.09, 0.68, 0.45, 0.51, 0.68, 0.45, 0.68, 0.18, 0.01, 0.12, 0.84, 0.34, 0.34, 0.01, 0.08233333333333333, 0.3323333333333333, 0.1101111111111111, 0.43, 0.68, 0.57, 0.68, 0.08233333333333333, 0.3323333333333333, 0.1101111111111111, 0.68, 0.68, 0.45, 0.01, 0.08233333333333333, 0.3323333333333333, 0.1101111111111111, 0.34, 0.01, 0.23]"
206,AAAAAAAAAAAAAAAAAAAHZMABQOAB3FQAGKZ7DRY_192,4,2,2,768.2070822999958,25,0.1272383496165275,0.8727616503834724,0.9315062830845516,0.6686505292852719,0.9254337310791017,0.1355883168677489,0.8644086208194495,0.9262656045456727,0.6627638731151819,0.9219078381856284,"[0.08233333333333333, 0.3323333333333333, 0.1101111111111111, 0.08233333333333333, 0.3323333333333333, 0.1101111111111111, 0.3323333333333333, 0.08233333333333333, 0.3323333333333333, 0.1101111111111111, 0.08233333333333333, 0.3323333333333333, 0.1101111111111111, 0.499, 0.08233333333333333, 0.3323333333333333, 0.1101111111111111, 0.08233333333333333, 0.3323333333333333, 0.1101111111111111, 0.3323333333333333, 0.08233333333333333, 0.3323333333333333, 0.1101111111111111, 0.08233333333333333, 0.3323333333333333, 0.1101111111111111, 0.499, 0.08233333333333333, 0.3323333333333333, 0.1101111111111111, 0.43, 0.68, 0.34, 0.68, 0.08233333333333333, 0.3323333333333333, 0.1101111111111111, 0.34, 0.01, 0.23, 0.51, 0.08233333333333333, 0.3323333333333333, 0.1101111111111111, 0.93, 0.68, 0.34, 0.68, 0.08233333333333333, 0.3323333333333333, 0.1101111111111111, 0.34, 0.34, 0.68, 0.51, 0.18, 0.68, 0.9, 0.43, 0.01, 0.57]"
207,AAEHYAGAEAAQ5MVNTQANA7STQV5PZPUJOBOUTMY_192,4,2,4,1445.474246400001,25,0.0606366703907648,0.9393633296092352,0.9686436206102372,0.7122559398412704,0.9449864705403646,0.0567736187328894,0.943224359676242,0.9706977240741252,0.714199851329128,0.9458719809850056,"[0.08233333333333333, 0.3323333333333333, 0.1101111111111111, 0.26, 0.01, 0.57, 0.68, 0.08233333333333333, 0.3323333333333333, 0.1101111111111111, 0.68, 0.01, 0.01, 0.51, 0.08233333333333333, 0.3323333333333333, 0.1101111111111111, 0.26, 0.01, 0.57, 0.34, 0.34, 0.34, 0.68, 0.34, 0.68, 0.23, 0.51, 0.08233333333333333, 0.3323333333333333, 0.1101111111111111, 0.76, 0.01, 0.12, 0.68, 0.93, 0.34, 0.79, 0.93, 0.01, 0.68, 0.01, 0.84, 0.34, 0.57, 0.93, 0.34, 0.57, 0.68, 0.59, 0.34, 0.34, 0.93, 0.01, 0.34, 0.51, 0.76, 0.34, 0.34, 0.34, 0.68, 0.23]"
208,AAAAAAAAAAAOZPUKTOZUK7YL6MAB5OQANZQAD4A_192,4,2,3,3436.147404899996,25,0.0839895139137903,0.9160104860862096,0.9559312959512076,0.6960696429014206,0.939608383178711,0.0765185236930847,0.9234609165539344,0.9599737722426652,0.7010739233344794,0.9419798056284586,"[0.08233333333333333, 0.3323333333333333, 0.1101111111111111, 0.08233333333333333, 0.3323333333333333, 0.1101111111111111, 0.3323333333333333, 0.08233333333333333, 0.3323333333333333, 0.1101111111111111, 0.08233333333333333, 0.3323333333333333, 0.1101111111111111, 0.499, 0.08233333333333333, 0.3323333333333333, 0.1101111111111111, 0.09, 0.68, 0.45, 0.34, 0.43, 0.68, 0.79, 0.51, 0.34, 0.23, 0.01, 0.93, 0.68, 0.23, 0.59, 0.34, 0.68, 0.68, 0.84, 0.01, 0.34, 0.84, 0.68, 0.23, 0.01, 0.08233333333333333, 0.3323333333333333, 0.1101111111111111, 0.84, 0.34, 0.57, 0.34, 0.08233333333333333, 0.3323333333333333, 0.1101111111111111, 0.76, 0.68, 0.23, 0.01, 0.08233333333333333, 0.3323333333333333, 0.1101111111111111, 0.43, 0.68, 0.01]"
209,AAFWIAHM4ABS7AAMRTBW2HQYXSABYLQAFZWRXFQ_192,4,2,4,2196.839535200008,25,0.6914041156570117,0.3085958843429883,0.4697727287809054,0.2350482647617658,0.2815832455952962,0.6792766100416581,0.3207223543276389,0.4840223357081413,0.2421938030670086,0.293115758895874,"[0.08233333333333333, 0.3323333333333333, 0.1101111111111111, 0.26, 0.68, 0.45, 0.34, 0.08233333333333333, 0.3323333333333333, 0.1101111111111111, 0.93, 0.68, 0.23, 0.51, 0.08233333333333333, 0.3323333333333333, 0.1101111111111111, 0.34, 0.34, 0.57, 0.68, 0.08233333333333333, 0.3323333333333333, 0.1101111111111111, 0.34, 0.34, 0.12, 0.51, 0.18, 0.01, 0.23, 0.34, 0.68, 0.79, 0.34, 0.93, 0.01, 0.45, 0.26, 0.68, 0.9, 0.51, 0.08233333333333333, 0.3323333333333333, 0.1101111111111111, 0.93, 0.01, 0.68, 0.68, 0.08233333333333333, 0.3323333333333333, 0.1101111111111111, 0.51, 0.68, 0.23, 0.01, 0.76, 0.01, 0.45, 0.93, 0.34, 0.45]"
210,AAAAAAAAAADWVAADWAAD2EADISAAXDQAH3AXA7A_192,4,2,3,2547.0727365000057,25,0.1888937175273895,0.8111062824726105,0.8942955146233241,0.630379136900107,0.9051947593688964,0.1954076389471689,0.8045899381240209,0.8901403993368149,0.6236755419522524,0.9005837917327881,"[0.08233333333333333, 0.3323333333333333, 0.1101111111111111, 0.08233333333333333, 0.3323333333333333, 0.1101111111111111, 0.3323333333333333, 0.08233333333333333, 0.3323333333333333, 0.1101111111111111, 0.08233333333333333, 0.3323333333333333, 0.1101111111111111, 0.499, 0.08233333333333333, 0.3323333333333333, 0.1101111111111111, 0.93, 0.68, 0.68, 0.34, 0.08233333333333333, 0.3323333333333333, 0.1101111111111111, 0.09, 0.68, 0.45, 0.01, 0.08233333333333333, 0.3323333333333333, 0.1101111111111111, 0.18, 0.68, 0.79, 0.34, 0.08233333333333333, 0.3323333333333333, 0.1101111111111111, 0.76, 0.01, 0.79, 0.51, 0.08233333333333333, 0.3323333333333333, 0.1101111111111111, 0.51, 0.68, 0.12, 0.68, 0.08233333333333333, 0.3323333333333333, 0.1101111111111111, 0.43, 0.68, 0.45, 0.01, 0.09, 0.34, 0.9, 0.09, 0.68, 0.9]"
211,MH5XIACNMADWJ2EFSQAOL4AAYWABZHQAHZHHAXA_192,4,2,4,10801.874921299996,25,0.0867965857187906,0.9132034142812092,0.9540318151315054,0.6980537354946137,0.9383161226908366,0.0881516850243012,0.911846807350715,0.9534510212639968,0.6971804972738027,0.9364612261454264,"[0.34, 0.01, 0.57, 0.93, 0.68, 0.57, 0.34, 0.08233333333333333, 0.3323333333333333, 0.1101111111111111, 0.59, 0.68, 0.68, 0.51, 0.08233333333333333, 0.3323333333333333, 0.1101111111111111, 0.93, 0.68, 0.34, 0.34, 0.76, 0.01, 0.79, 0.26, 0.68, 0.34, 0.51, 0.08233333333333333, 0.3323333333333333, 0.1101111111111111, 0.93, 0.34, 0.57, 0.68, 0.08233333333333333, 0.3323333333333333, 0.1101111111111111, 0.18, 0.01, 0.68, 0.51, 0.08233333333333333, 0.3323333333333333, 0.1101111111111111, 0.93, 0.34, 0.23, 0.68, 0.08233333333333333, 0.3323333333333333, 0.1101111111111111, 0.43, 0.68, 0.34, 0.01, 0.93, 0.34, 0.9, 0.09, 0.34, 0.9]"
212,AAAAAAAAAADYZAAEGQADLM2AQQZP7JR6PZQAHMQ_192,4,2,3,1365.842771399999,25,0.4469833046197891,0.5530166953802109,0.7091033001740773,0.4299404054880142,0.7483132998148601,0.4544106454898913,0.5455816904703776,0.70271566833059,0.4211801156401634,0.7426640669504802,"[0.08233333333333333, 0.3323333333333333, 0.1101111111111111, 0.08233333333333333, 0.3323333333333333, 0.1101111111111111, 0.3323333333333333, 0.08233333333333333, 0.3323333333333333, 0.1101111111111111, 0.08233333333333333, 0.3323333333333333, 0.1101111111111111, 0.499, 0.08233333333333333, 0.3323333333333333, 0.1101111111111111, 0.84, 0.01, 0.45, 0.34, 0.08233333333333333, 0.3323333333333333, 0.1101111111111111, 0.26, 0.01, 0.45, 0.51, 0.08233333333333333, 0.3323333333333333, 0.1101111111111111, 0.18, 0.34, 0.45, 0.68, 0.18, 0.34, 0.01, 0.26, 0.01, 0.79, 0.01, 0.34, 0.34, 0.57, 0.84, 0.68, 0.79, 0.68, 0.09, 0.68, 0.9, 0.84, 0.68, 0.23, 0.01, 0.08233333333333333, 0.3323333333333333, 0.1101111111111111, 0.93, 0.68, 0.34]"
213,AAAAAAAAAAAAAAAAAGIGOMSXI6AB7NQAHJIACVY_192,4,2,2,607.1037613999943,25,0.1233253046870231,0.8766746953129768,0.9335702647765476,0.6749249825874964,0.9254119873046877,0.1373087958743175,0.8626706074923277,0.9252579431980849,0.6658810960749785,0.9211167414983114,"[0.08233333333333333, 0.3323333333333333, 0.1101111111111111, 0.08233333333333333, 0.3323333333333333, 0.1101111111111111, 0.3323333333333333, 0.08233333333333333, 0.3323333333333333, 0.1101111111111111, 0.08233333333333333, 0.3323333333333333, 0.1101111111111111, 0.499, 0.08233333333333333, 0.3323333333333333, 0.1101111111111111, 0.08233333333333333, 0.3323333333333333, 0.1101111111111111, 0.3323333333333333, 0.08233333333333333, 0.3323333333333333, 0.1101111111111111, 0.08233333333333333, 0.3323333333333333, 0.1101111111111111, 0.499, 0.34, 0.34, 0.01, 0.34, 0.34, 0.9, 0.68, 0.26, 0.34, 0.68, 0.76, 0.01, 0.57, 0.51, 0.08233333333333333, 0.3323333333333333, 0.1101111111111111, 0.84, 0.68, 0.45, 0.68, 0.08233333333333333, 0.3323333333333333, 0.1101111111111111, 0.43, 0.34, 0.34, 0.51, 0.08233333333333333, 0.3323333333333333, 0.1101111111111111, 0.51, 0.34, 0.57]"
214,I4YFIADQTWBWBAA4XMIOGEABGQAB7LW3BCXABNY_192,4,2,4,3473.118947800001,25,0.0768639465173085,0.9231360534826916,0.959883739054203,0.6965001851320267,0.9423645973205568,0.0691684629768133,0.9308212126294771,0.96408717520535,0.7004550951222579,0.9452322880427044,"[0.59, 0.34, 0.9, 0.68, 0.01, 0.68, 0.34, 0.08233333333333333, 0.3323333333333333, 0.1101111111111111, 0.43, 0.01, 0.34, 0.01, 0.93, 0.68, 0.01, 0.34, 0.68, 0.01, 0.34, 0.08233333333333333, 0.3323333333333333, 0.1101111111111111, 0.93, 0.34, 0.57, 0.01, 0.68, 0.34, 0.01, 0.93, 0.01, 0.9, 0.34, 0.08233333333333333, 0.3323333333333333, 0.1101111111111111, 0.59, 0.68, 0.79, 0.01, 0.08233333333333333, 0.3323333333333333, 0.1101111111111111, 0.84, 0.68, 0.68, 0.68, 0.34, 0.68, 0.45, 0.09, 0.01, 0.68, 0.01, 0.93, 0.01, 0.01, 0.26, 0.68, 0.57]"
215,AAAAAAAAAAAAAAAAADJDYN6A6MTHZLQAEDIAA4Q_192,4,2,2,777.2344804000022,25,0.1130066330234209,0.886993366976579,0.9396157681941986,0.681961819032828,0.929934024810791,0.1188434181114037,0.8811161141842604,0.9360888174424568,0.6787883877754212,0.9278231461842856,"[0.08233333333333333, 0.3323333333333333, 0.1101111111111111, 0.08233333333333333, 0.3323333333333333, 0.1101111111111111, 0.3323333333333333, 0.08233333333333333, 0.3323333333333333, 0.1101111111111111, 0.08233333333333333, 0.3323333333333333, 0.1101111111111111, 0.499, 0.08233333333333333, 0.3323333333333333, 0.1101111111111111, 0.08233333333333333, 0.3323333333333333, 0.1101111111111111, 0.3323333333333333, 0.08233333333333333, 0.3323333333333333, 0.1101111111111111, 0.08233333333333333, 0.3323333333333333, 0.1101111111111111, 0.499, 0.18, 0.34, 0.34, 0.18, 0.68, 0.01, 0.68, 0.43, 0.68, 0.01, 0.18, 0.68, 0.23, 0.01, 0.59, 0.68, 0.23, 0.93, 0.34, 0.68, 0.68, 0.08233333333333333, 0.3323333333333333, 0.1101111111111111, 0.59, 0.01, 0.45, 0.51, 0.08233333333333333, 0.3323333333333333, 0.1101111111111111, 0.09, 0.68, 0.34]"
216,AAAAAAAAAAAAAAAAAAAMIM6B3QRIIDRYBOOB3QY_192,4,2,2,275.4266413000005,25,0.6785553604364395,0.3214446395635605,0.484649100402991,0.2564037193854649,0.2944013913472493,0.6831422322740157,0.3168512786428133,0.4792782250791788,0.253405154744784,0.2899112224578857,"[0.08233333333333333, 0.3323333333333333, 0.1101111111111111, 0.08233333333333333, 0.3323333333333333, 0.1101111111111111, 0.3323333333333333, 0.08233333333333333, 0.3323333333333333, 0.1101111111111111, 0.08233333333333333, 0.3323333333333333, 0.1101111111111111, 0.499, 0.08233333333333333, 0.3323333333333333, 0.1101111111111111, 0.08233333333333333, 0.3323333333333333, 0.1101111111111111, 0.3323333333333333, 0.08233333333333333, 0.3323333333333333, 0.1101111111111111, 0.08233333333333333, 0.3323333333333333, 0.1101111111111111, 0.499, 0.08233333333333333, 0.3323333333333333, 0.1101111111111111, 0.68, 0.34, 0.01, 0.68, 0.18, 0.68, 0.01, 0.43, 0.34, 0.9, 0.01, 0.59, 0.34, 0.79, 0.26, 0.01, 0.12, 0.68, 0.09, 0.68, 0.01, 0.09, 0.34, 0.9, 0.51, 0.68, 0.01, 0.57, 0.43, 0.01, 0.23]"
217,AAAAAAAAAAASLAAKGQADDEAAO65GVYS3OKYACUY_192,4,2,3,509.0292320000008,25,0.092426032324632,0.907573967675368,0.9512625868121783,0.6957333271702131,0.9354309399922688,0.0862327333539724,0.913763774683078,0.9545706797391176,0.6982676611592372,0.9386224746704102,"[0.08233333333333333, 0.3323333333333333, 0.1101111111111111, 0.08233333333333333, 0.3323333333333333, 0.1101111111111111, 0.3323333333333333, 0.08233333333333333, 0.3323333333333333, 0.1101111111111111, 0.08233333333333333, 0.3323333333333333, 0.1101111111111111, 0.499, 0.08233333333333333, 0.3323333333333333, 0.1101111111111111, 0.26, 0.34, 0.34, 0.68, 0.08233333333333333, 0.3323333333333333, 0.1101111111111111, 0.51, 0.01, 0.45, 0.51, 0.08233333333333333, 0.3323333333333333, 0.1101111111111111, 0.18, 0.01, 0.45, 0.34, 0.08233333333333333, 0.3323333333333333, 0.1101111111111111, 0.09, 0.68, 0.57, 0.51, 0.43, 0.34, 0.23, 0.51, 0.34, 0.9, 0.34, 0.26, 0.68, 0.45, 0.93, 0.34, 0.68, 0.51, 0.08233333333333333, 0.3323333333333333, 0.1101111111111111, 0.51, 0.34, 0.23]"
218,AAAAAAAAAAA67MMKSQAG2FWLCMABQIXGMDA43DA_192,4,2,3,291.9145923999895,25,0.1194761842489242,0.8805238157510757,0.935934362312158,0.679408440987269,0.9289750099182128,0.1219292003661394,0.8780670903623105,0.9344541192054748,0.6776284039020538,0.9275776227315268,"[0.08233333333333333, 0.3323333333333333, 0.1101111111111111, 0.08233333333333333, 0.3323333333333333, 0.1101111111111111, 0.3323333333333333, 0.08233333333333333, 0.3323333333333333, 0.1101111111111111, 0.08233333333333333, 0.3323333333333333, 0.1101111111111111, 0.499, 0.08233333333333333, 0.3323333333333333, 0.1101111111111111, 0.18, 0.68, 0.57, 0.68, 0.34, 0.01, 0.9, 0.51, 0.34, 0.34, 0.51, 0.08233333333333333, 0.3323333333333333, 0.1101111111111111, 0.34, 0.68, 0.79, 0.34, 0.34, 0.68, 0.34, 0.68, 0.34, 0.23, 0.01, 0.08233333333333333, 0.3323333333333333, 0.1101111111111111, 0.68, 0.01, 0.79, 0.34, 0.43, 0.01, 0.9, 0.68, 0.01, 0.45, 0.01, 0.09, 0.68, 0.23, 0.34, 0.01, 0.9]"
219,2HGV3UBBAAAQ3I4HRVIBA7KDICMDRPQAFCYAATA_192,4,2,4,465.7060008999979,25,0.1224606628219286,0.8775393371780713,0.9341625427206356,0.689767154554526,0.9261513710021972,0.1308838590979576,0.869078246007363,0.928980888426304,0.6845501136034727,0.9243979056676228,"[0.76, 0.01, 0.57, 0.18, 0.34, 0.68, 0.68, 0.43, 0.34, 0.01, 0.26, 0.01, 0.79, 0.01, 0.08233333333333333, 0.3323333333333333, 0.1101111111111111, 0.26, 0.01, 0.45, 0.68, 0.59, 0.34, 0.9, 0.18, 0.68, 0.12, 0.51, 0.51, 0.34, 0.01, 0.09, 0.01, 0.12, 0.68, 0.76, 0.34, 0.01, 0.76, 0.01, 0.01, 0.51, 0.18, 0.01, 0.12, 0.68, 0.34, 0.57, 0.68, 0.08233333333333333, 0.3323333333333333, 0.1101111111111111, 0.51, 0.01, 0.68, 0.51, 0.08233333333333333, 0.3323333333333333, 0.1101111111111111, 0.09, 0.01, 0.9]"
220,AAMWKESRFGIOHAAD4QAFA4AAOKAB7YQACAS5GFI_192,4,2,4,271.0029127000016,25,0.299052249888579,0.700947750111421,0.8214290509621303,0.5582364618778228,0.8569283803304036,0.3028700251132249,0.6971193723380565,0.8186605310688416,0.5578748884300391,0.8598129987716675,"[0.08233333333333333, 0.3323333333333333, 0.1101111111111111, 0.34, 0.34, 0.45, 0.34, 0.59, 0.34, 0.34, 0.51, 0.01, 0.79, 0.51, 0.59, 0.68, 0.34, 0.09, 0.68, 0.12, 0.68, 0.08233333333333333, 0.3323333333333333, 0.1101111111111111, 0.09, 0.68, 0.9, 0.51, 0.08233333333333333, 0.3323333333333333, 0.1101111111111111, 0.51, 0.01, 0.12, 0.68, 0.08233333333333333, 0.3323333333333333, 0.1101111111111111, 0.09, 0.68, 0.34, 0.51, 0.08233333333333333, 0.3323333333333333, 0.1101111111111111, 0.84, 0.68, 0.9, 0.34, 0.08233333333333333, 0.3323333333333333, 0.1101111111111111, 0.26, 0.01, 0.12, 0.01, 0.51, 0.68, 0.79, 0.68, 0.34, 0.68]"
221,AAAAAAAAAAAAAAAAADLND7WEKFTENC7B526ULRQ_192,4,2,2,8123.592713000005,25,0.1178962642947832,0.8821037357052167,0.936834591627121,0.6818458278973897,0.9278979937235514,0.126469438150525,0.8733639905850092,0.931614945580562,0.6754909094423056,0.9250278313954672,"[0.08233333333333333, 0.3323333333333333, 0.1101111111111111, 0.08233333333333333, 0.3323333333333333, 0.1101111111111111, 0.3323333333333333, 0.08233333333333333, 0.3323333333333333, 0.1101111111111111, 0.08233333333333333, 0.3323333333333333, 0.1101111111111111, 0.499, 0.08233333333333333, 0.3323333333333333, 0.1101111111111111, 0.08233333333333333, 0.3323333333333333, 0.1101111111111111, 0.3323333333333333, 0.08233333333333333, 0.3323333333333333, 0.1101111111111111, 0.08233333333333333, 0.3323333333333333, 0.1101111111111111, 0.499, 0.18, 0.34, 0.45, 0.76, 0.01, 0.57, 0.68, 0.93, 0.68, 0.12, 0.09, 0.34, 0.12, 0.01, 0.68, 0.68, 0.34, 0.18, 0.34, 0.12, 0.34, 0.84, 0.01, 0.23, 0.76, 0.68, 0.68, 0.51, 0.76, 0.34, 0.12, 0.43, 0.01, 0.45]"
222,AAAAAAAAAAAAAAAAAAAHIMADASAAEKQAM6IAGVA_192,4,2,2,512.2563040000095,25,0.2425529951850573,0.7574470048149426,0.8601376617948214,0.610417045156161,0.8871650060017904,0.2503495442370573,0.7496413213511308,0.8544207769135634,0.598236492400368,0.8809787591298421,"[0.08233333333333333, 0.3323333333333333, 0.1101111111111111, 0.08233333333333333, 0.3323333333333333, 0.1101111111111111, 0.3323333333333333, 0.08233333333333333, 0.3323333333333333, 0.1101111111111111, 0.08233333333333333, 0.3323333333333333, 0.1101111111111111, 0.499, 0.08233333333333333, 0.3323333333333333, 0.1101111111111111, 0.08233333333333333, 0.3323333333333333, 0.1101111111111111, 0.3323333333333333, 0.08233333333333333, 0.3323333333333333, 0.1101111111111111, 0.08233333333333333, 0.3323333333333333, 0.1101111111111111, 0.499, 0.08233333333333333, 0.3323333333333333, 0.1101111111111111, 0.43, 0.34, 0.01, 0.68, 0.08233333333333333, 0.3323333333333333, 0.1101111111111111, 0.68, 0.01, 0.79, 0.51, 0.08233333333333333, 0.3323333333333333, 0.1101111111111111, 0.09, 0.01, 0.68, 0.34, 0.08233333333333333, 0.3323333333333333, 0.1101111111111111, 0.68, 0.68, 0.9, 0.51, 0.08233333333333333, 0.3323333333333333, 0.1101111111111111, 0.76, 0.34, 0.79]"
223,AAAAAAAADAXPTAA3QAADL5CHWOAB5NQADYYAHXA_192,4,2,3,9469.21293379998,25,0.108436751862367,0.891563248137633,0.941889670987924,0.6672054787476858,0.9304784774780274,0.1077998418360948,0.8921990863978863,0.9424422979354858,0.6657195926954349,0.9307164589564004,"[0.08233333333333333, 0.3323333333333333, 0.1101111111111111, 0.08233333333333333, 0.3323333333333333, 0.1101111111111111, 0.3323333333333333, 0.08233333333333333, 0.3323333333333333, 0.1101111111111111, 0.08233333333333333, 0.3323333333333333, 0.1101111111111111, 0.499, 0.68, 0.01, 0.68, 0.76, 0.68, 0.9, 0.68, 0.08233333333333333, 0.3323333333333333, 0.1101111111111111, 0.76, 0.68, 0.01, 0.01, 0.08233333333333333, 0.3323333333333333, 0.1101111111111111, 0.18, 0.34, 0.57, 0.68, 0.59, 0.34, 0.12, 0.93, 0.68, 0.23, 0.51, 0.08233333333333333, 0.3323333333333333, 0.1101111111111111, 0.84, 0.34, 0.45, 0.68, 0.08233333333333333, 0.3323333333333333, 0.1101111111111111, 0.18, 0.68, 0.12, 0.51, 0.08233333333333333, 0.3323333333333333, 0.1101111111111111, 0.84, 0.34, 0.9]"
224,AAAAAAAAAAAAAAAAAAAMGEAA3Q7EMKWLELGXD4I_192,4,2,2,411.1115681999945,25,0.1001223002870877,0.8998776997129122,0.9468870624899864,0.7010670125484466,0.9354196548461914,0.1013753364483515,0.898590660840273,0.9461370044698316,0.6997895526389281,0.9344655593236288,"[0.08233333333333333, 0.3323333333333333, 0.1101111111111111, 0.08233333333333333, 0.3323333333333333, 0.1101111111111111, 0.3323333333333333, 0.08233333333333333, 0.3323333333333333, 0.1101111111111111, 0.08233333333333333, 0.3323333333333333, 0.1101111111111111, 0.499, 0.08233333333333333, 0.3323333333333333, 0.1101111111111111, 0.08233333333333333, 0.3323333333333333, 0.1101111111111111, 0.3323333333333333, 0.08233333333333333, 0.3323333333333333, 0.1101111111111111, 0.08233333333333333, 0.3323333333333333, 0.1101111111111111, 0.499, 0.08233333333333333, 0.3323333333333333, 0.1101111111111111, 0.68, 0.01, 0.9, 0.34, 0.08233333333333333, 0.3323333333333333, 0.1101111111111111, 0.18, 0.34, 0.9, 0.01, 0.43, 0.68, 0.34, 0.18, 0.01, 0.68, 0.34, 0.34, 0.34, 0.45, 0.59, 0.34, 0.45, 0.01, 0.76, 0.34, 0.9, 0.43, 0.68, 0.12]"
225,AAFTIACQDILKZAAIT6JV3VWHO2AAFGX3UIQADNA_192,4,2,4,843.5311733999988,25,0.0608521645267804,0.9391478354732196,0.968484657506148,0.7122537677486738,0.9448203722635904,0.0550314929336309,0.9449667447557052,0.971624601756533,0.7153321615109841,0.9461135387420654,"[0.08233333333333333, 0.3323333333333333, 0.1101111111111111, 0.26, 0.68, 0.23, 0.34, 0.08233333333333333, 0.3323333333333333, 0.1101111111111111, 0.51, 0.01, 0.01, 0.01, 0.76, 0.01, 0.34, 0.76, 0.34, 0.45, 0.34, 0.08233333333333333, 0.3323333333333333, 0.1101111111111111, 0.59, 0.34, 0.23, 0.51, 0.93, 0.34, 0.23, 0.51, 0.68, 0.57, 0.34, 0.34, 0.68, 0.12, 0.76, 0.68, 0.45, 0.51, 0.08233333333333333, 0.3323333333333333, 0.1101111111111111, 0.09, 0.34, 0.23, 0.34, 0.43, 0.68, 0.57, 0.59, 0.34, 0.12, 0.01, 0.08233333333333333, 0.3323333333333333, 0.1101111111111111, 0.34, 0.68, 0.79]"
226,AAAAAAAAAADWDAAKVQAPOMAAXTUKJLQABOCBLDA_192,4,2,3,3636.446314500005,25,0.2137110635638237,0.7862889364361763,0.8790482978026072,0.6306027551492055,0.8959545135498047,0.2274515466143687,0.7725335709750653,0.8695998132228852,0.6226271906246742,0.8896450201670328,"[0.08233333333333333, 0.3323333333333333, 0.1101111111111111, 0.08233333333333333, 0.3323333333333333, 0.1101111111111111, 0.3323333333333333, 0.08233333333333333, 0.3323333333333333, 0.1101111111111111, 0.08233333333333333, 0.3323333333333333, 0.1101111111111111, 0.499, 0.08233333333333333, 0.3323333333333333, 0.1101111111111111, 0.93, 0.68, 0.01, 0.68, 0.08233333333333333, 0.3323333333333333, 0.1101111111111111, 0.51, 0.34, 0.68, 0.51, 0.08233333333333333, 0.3323333333333333, 0.1101111111111111, 0.84, 0.34, 0.9, 0.68, 0.08233333333333333, 0.3323333333333333, 0.1101111111111111, 0.26, 0.68, 0.9, 0.51, 0.76, 0.01, 0.68, 0.26, 0.34, 0.68, 0.68, 0.08233333333333333, 0.3323333333333333, 0.1101111111111111, 0.09, 0.34, 0.9, 0.01, 0.59, 0.01, 0.68, 0.34, 0.01, 0.9]"
227,AAAAAAAAA2JCBAAOCBDVJHYYKQAAJAW3TDYAGRQ_192,4,2,3,309.5409304999921,25,0.1545198952158292,0.8454801047841708,0.9153249949216844,0.6563182890415191,0.9177404721577962,0.1658009577542543,0.8341949243098498,0.9083950262516736,0.6472253496448199,0.9147489468256632,"[0.08233333333333333, 0.3323333333333333, 0.1101111111111111, 0.08233333333333333, 0.3323333333333333, 0.1101111111111111, 0.3323333333333333, 0.08233333333333333, 0.3323333333333333, 0.1101111111111111, 0.08233333333333333, 0.3323333333333333, 0.1101111111111111, 0.499, 0.18, 0.34, 0.34, 0.59, 0.34, 0.01, 0.34, 0.08233333333333333, 0.3323333333333333, 0.1101111111111111, 0.43, 0.01, 0.34, 0.01, 0.09, 0.01, 0.57, 0.51, 0.34, 0.34, 0.34, 0.84, 0.01, 0.45, 0.09, 0.34, 0.79, 0.01, 0.08233333333333333, 0.3323333333333333, 0.1101111111111111, 0.26, 0.34, 0.01, 0.34, 0.34, 0.68, 0.57, 0.18, 0.01, 0.57, 0.51, 0.08233333333333333, 0.3323333333333333, 0.1101111111111111, 0.76, 0.01, 0.45]"
228,AA6C75BA5OXYFYHPV4LTAVZR24ABQD6AXIQAGVQ_192,4,2,4,8011.161272800004,25,0.0658857136964798,0.9341142863035202,0.9658148368199666,0.7137530773878098,0.9431827227274576,0.0656004332005977,0.9343934118747712,0.965894174327453,0.7137805399795373,0.943481492996216,"[0.08233333333333333, 0.3323333333333333, 0.1101111111111111, 0.84, 0.01, 0.34, 0.68, 0.84, 0.68, 0.79, 0.26, 0.01, 0.23, 0.51, 0.51, 0.68, 0.68, 0.84, 0.01, 0.12, 0.34, 0.68, 0.01, 0.57, 0.43, 0.68, 0.68, 0.51, 0.68, 0.34, 0.57, 0.18, 0.01, 0.12, 0.34, 0.43, 0.01, 0.9, 0.43, 0.34, 0.57, 0.01, 0.08233333333333333, 0.3323333333333333, 0.1101111111111111, 0.68, 0.01, 0.12, 0.68, 0.93, 0.01, 0.12, 0.43, 0.34, 0.12, 0.01, 0.08233333333333333, 0.3323333333333333, 0.1101111111111111, 0.76, 0.34, 0.45]"
229,AANVPA6VQABQ7CCJQQAMKMAD6QABXPSGNLYAAVI_192,4,2,4,4003.637159999984,25,0.0945784171422322,0.9054215828577676,0.9497711747884752,0.6896101191639901,0.936070664723714,0.0924076768259207,0.9075912644465765,0.951114840557178,0.690896995117267,0.9370970328648884,"[0.08233333333333333, 0.3323333333333333, 0.1101111111111111, 0.34, 0.68, 0.68, 0.34, 0.93, 0.01, 0.23, 0.76, 0.34, 0.45, 0.01, 0.08233333333333333, 0.3323333333333333, 0.1101111111111111, 0.34, 0.01, 0.57, 0.68, 0.09, 0.01, 0.34, 0.59, 0.68, 0.01, 0.51, 0.08233333333333333, 0.3323333333333333, 0.1101111111111111, 0.68, 0.34, 0.79, 0.68, 0.08233333333333333, 0.3323333333333333, 0.1101111111111111, 0.84, 0.68, 0.79, 0.01, 0.08233333333333333, 0.3323333333333333, 0.1101111111111111, 0.76, 0.68, 0.57, 0.68, 0.26, 0.01, 0.9, 0.76, 0.34, 0.57, 0.51, 0.08233333333333333, 0.3323333333333333, 0.1101111111111111, 0.09, 0.34, 0.68]"
226,AAAAAAAAAADWDAAKVQAPOMAAXTUKJLQABOCBLDA_192,4,2,3,0.1029637999890837,26,0.2224827294548352,0.7775172705451647,0.8733367001016935,0.6275374556581179,0.8937369346618652,0.2274515466143687,0.7725335709750653,0.8695998132228852,0.6226271906246742,0.8896450201670328,"[0.08233333333333333, 0.3323333333333333, 0.1101111111111111, 0.08233333333333333, 0.3323333333333333, 0.1101111111111111, 0.3323333333333333, 0.08233333333333333, 0.3323333333333333, 0.1101111111111111, 0.08233333333333333, 0.3323333333333333, 0.1101111111111111, 0.499, 0.08233333333333333, 0.3323333333333333, 0.1101111111111111, 0.93, 0.68, 0.01, 0.68, 0.08233333333333333, 0.3323333333333333, 0.1101111111111111, 0.51, 0.34, 0.68, 0.51, 0.08233333333333333, 0.3323333333333333, 0.1101111111111111, 0.84, 0.34, 0.9, 0.68, 0.08233333333333333, 0.3323333333333333, 0.1101111111111111, 0.26, 0.68, 0.9, 0.51, 0.76, 0.01, 0.68, 0.26, 0.34, 0.68, 0.68, 0.08233333333333333, 0.3323333333333333, 0.1101111111111111, 0.09, 0.34, 0.9, 0.01, 0.59, 0.01, 0.68, 0.34, 0.01, 0.9]"
227,AAAAAAAAA2JCBAAOCBDVJHYYKQAAJAW3TDYAGRQ_192,4,2,3,0.0152492999914102,26,0.1538479626178741,0.8461520373821259,0.9157323146859804,0.6562346920371056,0.9183966636657714,0.1658009577542543,0.8341949243098498,0.9083950262516736,0.6472253496448199,0.9147489468256632,"[0.08233333333333333, 0.3323333333333333, 0.1101111111111111, 0.08233333333333333, 0.3323333333333333, 0.1101111111111111, 0.3323333333333333, 0.08233333333333333, 0.3323333333333333, 0.1101111111111111, 0.08233333333333333, 0.3323333333333333, 0.1101111111111111, 0.499, 0.18, 0.34, 0.34, 0.59, 0.34, 0.01, 0.34, 0.08233333333333333, 0.3323333333333333, 0.1101111111111111, 0.43, 0.01, 0.34, 0.01, 0.09, 0.01, 0.57, 0.51, 0.34, 0.34, 0.34, 0.84, 0.01, 0.45, 0.09, 0.34, 0.79, 0.01, 0.08233333333333333, 0.3323333333333333, 0.1101111111111111, 0.26, 0.34, 0.01, 0.34, 0.34, 0.68, 0.57, 0.18, 0.01, 0.57, 0.51, 0.08233333333333333, 0.3323333333333333, 0.1101111111111111, 0.76, 0.01, 0.45]"
228,AA6C75BA5OXYFYHPV4LTAVZR24ABQD6AXIQAGVQ_192,4,2,4,0.0429153000004589,26,0.0671116371949513,0.9328883628050486,0.9651587665081024,0.7134571393330892,0.9427088737487792,0.0656004332005977,0.9343934118747712,0.965894174327453,0.7137805399795373,0.943481492996216,"[0.08233333333333333, 0.3323333333333333, 0.1101111111111111, 0.84, 0.01, 0.34, 0.68, 0.84, 0.68, 0.79, 0.26, 0.01, 0.23, 0.51, 0.51, 0.68, 0.68, 0.84, 0.01, 0.12, 0.34, 0.68, 0.01, 0.57, 0.43, 0.68, 0.68, 0.51, 0.68, 0.34, 0.57, 0.18, 0.01, 0.12, 0.34, 0.43, 0.01, 0.9, 0.43, 0.34, 0.57, 0.01, 0.08233333333333333, 0.3323333333333333, 0.1101111111111111, 0.68, 0.01, 0.12, 0.68, 0.93, 0.01, 0.12, 0.43, 0.34, 0.12, 0.01, 0.08233333333333333, 0.3323333333333333, 0.1101111111111111, 0.76, 0.34, 0.45]"
229,AANVPA6VQABQ7CCJQQAMKMAD6QABXPSGNLYAAVI_192,4,2,4,0.0392488999932538,26,0.0954197183251381,0.904580281674862,0.9492954646547636,0.6880102440714836,0.9355768839518228,0.0924076768259207,0.9075912644465765,0.951114840557178,0.690896995117267,0.9370970328648884,"[0.08233333333333333, 0.3323333333333333, 0.1101111111111111, 0.34, 0.68, 0.68, 0.34, 0.93, 0.01, 0.23, 0.76, 0.34, 0.45, 0.01, 0.08233333333333333, 0.3323333333333333, 0.1101111111111111, 0.34, 0.01, 0.57, 0.68, 0.09, 0.01, 0.34, 0.59, 0.68, 0.01, 0.51, 0.08233333333333333, 0.3323333333333333, 0.1101111111111111, 0.68, 0.34, 0.79, 0.68, 0.08233333333333333, 0.3323333333333333, 0.1101111111111111, 0.84, 0.68, 0.79, 0.01, 0.08233333333333333, 0.3323333333333333, 0.1101111111111111, 0.76, 0.68, 0.57, 0.68, 0.26, 0.01, 0.9, 0.76, 0.34, 0.57, 0.51, 0.08233333333333333, 0.3323333333333333, 0.1101111111111111, 0.09, 0.34, 0.68]"
230,AAP4YAHEH63Y5AACWPKHIMAA2QABRD4LRLDAOTA_192,4,2,4,1622.577831100003,25,0.0687589551011721,0.931241044898828,0.9642417266964912,0.6973808348178864,0.9425705273946128,0.0635726477950811,0.9364265435685714,0.9670656171937784,0.698414808511734,0.9447152694066364,"[0.08233333333333333, 0.3323333333333333, 0.1101111111111111, 0.43, 0.68, 0.9, 0.68, 0.08233333333333333, 0.3323333333333333, 0.1101111111111111, 0.93, 0.34, 0.01, 0.51, 0.84, 0.68, 0.45, 0.84, 0.01, 0.57, 0.34, 0.08233333333333333, 0.3323333333333333, 0.1101111111111111, 0.09, 0.34, 0.45, 0.01, 0.84, 0.34, 0.79, 0.43, 0.34, 0.01, 0.68, 0.08233333333333333, 0.3323333333333333, 0.1101111111111111, 0.18, 0.34, 0.79, 0.01, 0.08233333333333333, 0.3323333333333333, 0.1101111111111111, 0.68, 0.34, 0.12, 0.68, 0.68, 0.34, 0.57, 0.09, 0.34, 0.45, 0.01, 0.34, 0.01, 0.12, 0.76, 0.01, 0.9]"
231,AAAAAAAAAAAAAAAAAAAEJMAD2XZD4BQAFLAAHNI_192,4,2,2,2790.142381099984,25,0.0762027472257614,0.9237972527742386,0.9600501954555511,0.6997300217549006,0.9395245552062989,0.0772425421824058,0.9227559053649504,0.9595226646711428,0.6996790200471878,0.9394866148630778,"[0.08233333333333333, 0.3323333333333333, 0.1101111111111111, 0.08233333333333333, 0.3323333333333333, 0.1101111111111111, 0.3323333333333333, 0.08233333333333333, 0.3323333333333333, 0.1101111111111111, 0.08233333333333333, 0.3323333333333333, 0.1101111111111111, 0.499, 0.08233333333333333, 0.3323333333333333, 0.1101111111111111, 0.08233333333333333, 0.3323333333333333, 0.1101111111111111, 0.3323333333333333, 0.08233333333333333, 0.3323333333333333, 0.1101111111111111, 0.08233333333333333, 0.3323333333333333, 0.1101111111111111, 0.499, 0.08233333333333333, 0.3323333333333333, 0.1101111111111111, 0.59, 0.34, 0.34, 0.68, 0.08233333333333333, 0.3323333333333333, 0.1101111111111111, 0.84, 0.34, 0.68, 0.51, 0.93, 0.34, 0.12, 0.84, 0.01, 0.01, 0.68, 0.08233333333333333, 0.3323333333333333, 0.1101111111111111, 0.51, 0.34, 0.45, 0.01, 0.08233333333333333, 0.3323333333333333, 0.1101111111111111, 0.93, 0.68, 0.68]"
232,AAAAAAAAAABQHOFFRVYWKPQVGEIJ5KQANLAAAUA_192,4,2,3,881.9346568000037,25,0.090016267200311,0.909983732799689,0.9524725129206976,0.6986008554697036,0.9361225128173828,0.0890657947709163,0.910923596471548,0.9530307319015264,0.6996102921664715,0.937045701344808,"[0.08233333333333333, 0.3323333333333333, 0.1101111111111111, 0.08233333333333333, 0.3323333333333333, 0.1101111111111111, 0.3323333333333333, 0.08233333333333333, 0.3323333333333333, 0.1101111111111111, 0.08233333333333333, 0.3323333333333333, 0.1101111111111111, 0.499, 0.08233333333333333, 0.3323333333333333, 0.1101111111111111, 0.34, 0.01, 0.12, 0.68, 0.43, 0.01, 0.68, 0.26, 0.68, 0.12, 0.51, 0.51, 0.68, 0.12, 0.34, 0.34, 0.79, 0.68, 0.93, 0.01, 0.68, 0.59, 0.68, 0.12, 0.01, 0.26, 0.01, 0.79, 0.84, 0.34, 0.68, 0.34, 0.08233333333333333, 0.3323333333333333, 0.1101111111111111, 0.76, 0.34, 0.45, 0.01, 0.08233333333333333, 0.3323333333333333, 0.1101111111111111, 0.09, 0.34, 0.01]"
233,AA2EIABRQADQLGXMGHGM3EKMIEXZVGQAMDQVWTA_192,4,2,4,846.1997005000012,25,0.1024074782927831,0.8975925217072169,0.945788393417994,0.6807927509148916,0.9363162358601888,0.0986950406183799,0.901289517680804,0.9478641141206026,0.6829419285058975,0.9374878883361816,"[0.08233333333333333, 0.3323333333333333, 0.1101111111111111, 0.76, 0.01, 0.79, 0.34, 0.08233333333333333, 0.3323333333333333, 0.1101111111111111, 0.18, 0.01, 0.45, 0.01, 0.08233333333333333, 0.3323333333333333, 0.1101111111111111, 0.93, 0.01, 0.34, 0.68, 0.18, 0.34, 0.57, 0.34, 0.01, 0.45, 0.01, 0.43, 0.01, 0.9, 0.68, 0.68, 0.45, 0.34, 0.09, 0.34, 0.23, 0.09, 0.01, 0.12, 0.01, 0.51, 0.68, 0.9, 0.76, 0.34, 0.23, 0.34, 0.08233333333333333, 0.3323333333333333, 0.1101111111111111, 0.68, 0.01, 0.57, 0.01, 0.09, 0.34, 0.45, 0.76, 0.01, 0.9]"
234,AAAAAAAAAOXOTAAOXEIELMOVYEZH5AW36YYACQI_192,4,2,3,1445.6149898000003,25,0.0822937329610188,0.9177062670389812,0.9568378508090972,0.7117971340815227,0.9402138074239096,0.0835309697935978,0.9163973258187372,0.9561419416218996,0.7103112944712241,0.940417758623759,"[0.08233333333333333, 0.3323333333333333, 0.1101111111111111, 0.08233333333333333, 0.3323333333333333, 0.1101111111111111, 0.3323333333333333, 0.08233333333333333, 0.3323333333333333, 0.1101111111111111, 0.08233333333333333, 0.3323333333333333, 0.1101111111111111, 0.499, 0.09, 0.68, 0.68, 0.76, 0.68, 0.79, 0.68, 0.08233333333333333, 0.3323333333333333, 0.1101111111111111, 0.43, 0.34, 0.57, 0.01, 0.59, 0.34, 0.01, 0.59, 0.34, 0.45, 0.68, 0.09, 0.68, 0.68, 0.43, 0.01, 0.12, 0.01, 0.34, 0.34, 0.23, 0.84, 0.34, 0.01, 0.34, 0.34, 0.68, 0.57, 0.93, 0.68, 0.12, 0.51, 0.08233333333333333, 0.3323333333333333, 0.1101111111111111, 0.51, 0.01, 0.12]"
235,AAAAAAAAAABQFAAOACDUKMADIGNMNDQANJJQGBI_192,4,2,3,396.26453379995655,25,0.134377059340477,0.865622940659523,0.9267891213297844,0.6622270440061887,0.9231035868326825,0.1443222435812155,0.8556734241545201,0.9207550754149756,0.653388487547636,0.918560004234314,"[0.08233333333333333, 0.3323333333333333, 0.1101111111111111, 0.08233333333333333, 0.3323333333333333, 0.1101111111111111, 0.3323333333333333, 0.08233333333333333, 0.3323333333333333, 0.1101111111111111, 0.08233333333333333, 0.3323333333333333, 0.1101111111111111, 0.499, 0.08233333333333333, 0.3323333333333333, 0.1101111111111111, 0.34, 0.01, 0.12, 0.34, 0.08233333333333333, 0.3323333333333333, 0.1101111111111111, 0.43, 0.01, 0.01, 0.01, 0.26, 0.01, 0.57, 0.59, 0.34, 0.79, 0.68, 0.08233333333333333, 0.3323333333333333, 0.1101111111111111, 0.76, 0.01, 0.12, 0.51, 0.18, 0.34, 0.45, 0.18, 0.34, 0.12, 0.68, 0.08233333333333333, 0.3323333333333333, 0.1101111111111111, 0.76, 0.34, 0.34, 0.51, 0.18, 0.01, 0.01, 0.68, 0.01, 0.68]"
236,ZXGT7RS5YABRRAAIAQAGYV27AALORL5ZTBYABNA_192,4,2,4,1300.1259644000093,25,0.0778378133972485,0.9221621866027514,0.9593446920315424,0.7102863212426503,0.9415508270263672,0.0777194838970899,0.9222504710157712,0.959354184071223,0.7107385834058125,0.9415934403737386,"[0.68, 0.68, 0.57, 0.18, 0.34, 0.23, 0.68, 0.84, 0.01, 0.45, 0.51, 0.68, 0.57, 0.01, 0.08233333333333333, 0.3323333333333333, 0.1101111111111111, 0.34, 0.01, 0.9, 0.34, 0.08233333333333333, 0.3323333333333333, 0.1101111111111111, 0.59, 0.01, 0.01, 0.51, 0.08233333333333333, 0.3323333333333333, 0.1101111111111111, 0.34, 0.68, 0.12, 0.34, 0.43, 0.34, 0.57, 0.68, 0.01, 0.01, 0.01, 0.26, 0.68, 0.57, 0.59, 0.34, 0.68, 0.68, 0.76, 0.68, 0.23, 0.18, 0.01, 0.23, 0.51, 0.08233333333333333, 0.3323333333333333, 0.1101111111111111, 0.26, 0.68, 0.79]"
237,EFDT64GMNYTCHAA54QAHC5ILDSABZIQACJQAHBI_192,4,2,4,7106.913017700019,25,0.0720816547671953,0.9279183452328046,0.962407303849856,0.7059220433235168,0.9417060534159344,0.0649573668837547,0.9350402534008028,0.966260210921367,0.7097902809580167,0.943438959121704,"[0.26, 0.01, 0.68, 0.09, 0.68, 0.23, 0.68, 0.76, 0.68, 0.01, 0.68, 0.68, 0.12, 0.51, 0.43, 0.01, 0.79, 0.68, 0.34, 0.12, 0.68, 0.08233333333333333, 0.3323333333333333, 0.1101111111111111, 0.93, 0.68, 0.9, 0.51, 0.08233333333333333, 0.3323333333333333, 0.1101111111111111, 0.43, 0.01, 0.68, 0.68, 0.51, 0.01, 0.34, 0.68, 0.34, 0.9, 0.51, 0.08233333333333333, 0.3323333333333333, 0.1101111111111111, 0.93, 0.34, 0.79, 0.34, 0.08233333333333333, 0.3323333333333333, 0.1101111111111111, 0.26, 0.34, 0.23, 0.01, 0.08233333333333333, 0.3323333333333333, 0.1101111111111111, 0.93, 0.01, 0.68]"
238,AAAAAAAAAABGFAAEBAAHKUABCYMKEYQAGI75SNY_192,4,2,3,244.24941200000467,25,0.6139356543620428,0.3860643456379573,0.555415548880895,0.3106373940904935,0.5248943328857422,0.6120556795348724,0.3879310504843791,0.5569423121710618,0.3116652486224969,0.5252540032068889,"[0.08233333333333333, 0.3323333333333333, 0.1101111111111111, 0.08233333333333333, 0.3323333333333333, 0.1101111111111111, 0.3323333333333333, 0.08233333333333333, 0.3323333333333333, 0.1101111111111111, 0.08233333333333333, 0.3323333333333333, 0.1101111111111111, 0.499, 0.08233333333333333, 0.3323333333333333, 0.1101111111111111, 0.59, 0.68, 0.12, 0.34, 0.08233333333333333, 0.3323333333333333, 0.1101111111111111, 0.26, 0.01, 0.12, 0.01, 0.08233333333333333, 0.3323333333333333, 0.1101111111111111, 0.43, 0.34, 0.68, 0.34, 0.08233333333333333, 0.3323333333333333, 0.1101111111111111, 0.59, 0.34, 0.45, 0.01, 0.18, 0.01, 0.68, 0.09, 0.01, 0.9, 0.34, 0.08233333333333333, 0.3323333333333333, 0.1101111111111111, 0.34, 0.34, 0.12, 0.51, 0.84, 0.68, 0.45, 0.59, 0.68, 0.57]"
239,AAAAAAAAAAAAAAAAAAACI4KUO2ABUZQADBI5ONA_192,4,2,2,265.60843600000953,25,0.1720978473623593,0.8279021526376407,0.904392818113168,0.6409530843297641,0.9082343737284344,0.1957321180651585,0.8042660965273778,0.8895463121434053,0.625031907732288,0.9022730112075804,"[0.08233333333333333, 0.3323333333333333, 0.1101111111111111, 0.08233333333333333, 0.3323333333333333, 0.1101111111111111, 0.3323333333333333, 0.08233333333333333, 0.3323333333333333, 0.1101111111111111, 0.08233333333333333, 0.3323333333333333, 0.1101111111111111, 0.499, 0.08233333333333333, 0.3323333333333333, 0.1101111111111111, 0.08233333333333333, 0.3323333333333333, 0.1101111111111111, 0.3323333333333333, 0.08233333333333333, 0.3323333333333333, 0.1101111111111111, 0.08233333333333333, 0.3323333333333333, 0.1101111111111111, 0.499, 0.08233333333333333, 0.3323333333333333, 0.1101111111111111, 0.26, 0.34, 0.12, 0.68, 0.09, 0.34, 0.68, 0.09, 0.68, 0.45, 0.51, 0.08233333333333333, 0.3323333333333333, 0.1101111111111111, 0.76, 0.01, 0.9, 0.68, 0.08233333333333333, 0.3323333333333333, 0.1101111111111111, 0.18, 0.01, 0.34, 0.51, 0.09, 0.68, 0.68, 0.68, 0.68, 0.79]"
240,AACTYULB4ADIJAAJVRCOOEABIAAAEKQAB2IAGEI_192,4,2,4,459.5738567999797,25,0.1565203035871188,0.8434796964128812,0.9141107092301052,0.6700773929556211,0.9166914939880372,0.1608398324499527,0.8391196372608344,0.9109985866894325,0.6663693822920322,0.9148404041926066,"[0.08233333333333333, 0.3323333333333333, 0.1101111111111111, 0.09, 0.34, 0.23, 0.68, 0.09, 0.34, 0.12, 0.34, 0.01, 0.57, 0.51, 0.08233333333333333, 0.3323333333333333, 0.1101111111111111, 0.76, 0.01, 0.34, 0.34, 0.08233333333333333, 0.3323333333333333, 0.1101111111111111, 0.59, 0.68, 0.68, 0.51, 0.09, 0.01, 0.79, 0.93, 0.34, 0.9, 0.34, 0.08233333333333333, 0.3323333333333333, 0.1101111111111111, 0.51, 0.01, 0.01, 0.01, 0.08233333333333333, 0.3323333333333333, 0.1101111111111111, 0.09, 0.01, 0.68, 0.34, 0.08233333333333333, 0.3323333333333333, 0.1101111111111111, 0.09, 0.68, 0.79, 0.51, 0.08233333333333333, 0.3323333333333333, 0.1101111111111111, 0.68, 0.34, 0.12]"
241,AALRIAH7FOPQPAA3SAAPYUAAQ6AB4BRANODNAUQ_192,4,2,4,4389.424289400049,25,0.6802448247869809,0.319755175213019,0.4825734491149584,0.2568316673239072,0.292597230275472,0.6827378996958335,0.3172456685453653,0.4797380985071262,0.2552177041769027,0.2903622627258301,"[0.08233333333333333, 0.3323333333333333, 0.1101111111111111, 0.51, 0.68, 0.12, 0.34, 0.08233333333333333, 0.3323333333333333, 0.1101111111111111, 0.84, 0.68, 0.9, 0.51, 0.51, 0.68, 0.23, 0.93, 0.01, 0.23, 0.68, 0.08233333333333333, 0.3323333333333333, 0.1101111111111111, 0.76, 0.68, 0.34, 0.01, 0.08233333333333333, 0.3323333333333333, 0.1101111111111111, 0.84, 0.68, 0.12, 0.34, 0.08233333333333333, 0.3323333333333333, 0.1101111111111111, 0.26, 0.01, 0.57, 0.51, 0.08233333333333333, 0.3323333333333333, 0.1101111111111111, 0.84, 0.01, 0.01, 0.68, 0.09, 0.01, 0.01, 0.76, 0.34, 0.9, 0.01, 0.34, 0.68, 0.79, 0.09, 0.34, 0.34]"
242,AAAAAAAAAADGRAACGB3UJMAAOWUHUCQAPZYACXA_192,4,2,3,734.352707699989,25,0.0950592493017514,0.9049407506982484,0.9498482962449392,0.6936491459608078,0.9374022165934244,0.0998609339197476,0.900085674226284,0.9467267466088136,0.689838757365942,0.935310673713684,"[0.08233333333333333, 0.3323333333333333, 0.1101111111111111, 0.08233333333333333, 0.3323333333333333, 0.1101111111111111, 0.3323333333333333, 0.08233333333333333, 0.3323333333333333, 0.1101111111111111, 0.08233333333333333, 0.3323333333333333, 0.1101111111111111, 0.499, 0.08233333333333333, 0.3323333333333333, 0.1101111111111111, 0.68, 0.68, 0.79, 0.34, 0.08233333333333333, 0.3323333333333333, 0.1101111111111111, 0.09, 0.01, 0.45, 0.01, 0.09, 0.68, 0.57, 0.59, 0.34, 0.34, 0.68, 0.08233333333333333, 0.3323333333333333, 0.1101111111111111, 0.09, 0.68, 0.68, 0.51, 0.51, 0.01, 0.23, 0.76, 0.01, 0.12, 0.34, 0.08233333333333333, 0.3323333333333333, 0.1101111111111111, 0.84, 0.68, 0.23, 0.51, 0.08233333333333333, 0.3323333333333333, 0.1101111111111111, 0.51, 0.34, 0.9]"
243,IE6TZQKUQADIZAAFSQADZE6MWFZJTNQAHAAAGUA_192,4,2,4,1483.4493916000356,25,0.0750574295719464,0.9249425704280536,0.9607256253560384,0.7069375400741895,0.9416269302368164,0.0736683798333009,0.9263297852128743,0.9615435482313236,0.707218806942304,0.9421664079030356,"[0.59, 0.01, 0.79, 0.84, 0.34, 0.23, 0.68, 0.18, 0.01, 0.12, 0.51, 0.34, 0.34, 0.01, 0.08233333333333333, 0.3323333333333333, 0.1101111111111111, 0.76, 0.01, 0.45, 0.34, 0.08233333333333333, 0.3323333333333333, 0.1101111111111111, 0.26, 0.68, 0.34, 0.51, 0.08233333333333333, 0.3323333333333333, 0.1101111111111111, 0.18, 0.68, 0.34, 0.34, 0.18, 0.68, 0.23, 0.26, 0.68, 0.12, 0.01, 0.93, 0.34, 0.79, 0.68, 0.68, 0.45, 0.68, 0.08233333333333333, 0.3323333333333333, 0.1101111111111111, 0.43, 0.01, 0.01, 0.01, 0.08233333333333333, 0.3323333333333333, 0.1101111111111111, 0.76, 0.34, 0.01]"
244,JUGRIACVQABAFCXYCQADOEABW43H7PRIODAAGQA_192,4,2,4,608.6857923999778,25,0.09568735708793,0.90431264291207,0.9493385702371596,0.6910533999403318,0.9366256713867188,0.1009699236601591,0.8990285119662682,0.9463455439855656,0.6867526923616727,0.9345832427342732,"[0.59, 0.68, 0.79, 0.18, 0.34, 0.12, 0.34, 0.08233333333333333, 0.3323333333333333, 0.1101111111111111, 0.51, 0.34, 0.45, 0.01, 0.08233333333333333, 0.3323333333333333, 0.1101111111111111, 0.59, 0.01, 0.12, 0.34, 0.09, 0.34, 0.57, 0.68, 0.01, 0.34, 0.51, 0.08233333333333333, 0.3323333333333333, 0.1101111111111111, 0.18, 0.34, 0.9, 0.34, 0.08233333333333333, 0.3323333333333333, 0.1101111111111111, 0.34, 0.68, 0.57, 0.01, 0.34, 0.68, 0.23, 0.84, 0.68, 0.57, 0.68, 0.09, 0.34, 0.01, 0.93, 0.01, 0.45, 0.01, 0.08233333333333333, 0.3323333333333333, 0.1101111111111111, 0.76, 0.01, 0.01]"
245,AAAAAAAAAAAAAAAAAMCF2MABSOQYHMQAP3IAHNA_192,4,2,2,2876.2982486999827,25,0.1010368873675664,0.8989631126324336,0.946385178466638,0.6887465486923854,0.9330503463745116,0.1119458218415578,0.888051607956489,0.9400791899611552,0.6824389543384314,0.9301564931869508,"[0.08233333333333333, 0.3323333333333333, 0.1101111111111111, 0.08233333333333333, 0.3323333333333333, 0.1101111111111111, 0.3323333333333333, 0.08233333333333333, 0.3323333333333333, 0.1101111111111111, 0.08233333333333333, 0.3323333333333333, 0.1101111111111111, 0.499, 0.08233333333333333, 0.3323333333333333, 0.1101111111111111, 0.08233333333333333, 0.3323333333333333, 0.1101111111111111, 0.3323333333333333, 0.08233333333333333, 0.3323333333333333, 0.1101111111111111, 0.08233333333333333, 0.3323333333333333, 0.1101111111111111, 0.499, 0.68, 0.01, 0.79, 0.51, 0.68, 0.79, 0.68, 0.08233333333333333, 0.3323333333333333, 0.1101111111111111, 0.34, 0.34, 0.23, 0.51, 0.59, 0.01, 0.9, 0.09, 0.68, 0.45, 0.34, 0.08233333333333333, 0.3323333333333333, 0.1101111111111111, 0.84, 0.68, 0.45, 0.51, 0.08233333333333333, 0.3323333333333333, 0.1101111111111111, 0.93, 0.68, 0.79]"
246,AAAAAAAAAAAAAAAAAFCCZ7OFJSAAMAQAGYYAHNA_192,4,2,2,986.2187157999724,25,0.145579664905866,0.8544203350941341,0.9203470716873804,0.68353880494833,0.9197628021240234,0.1483993823329607,0.8515793219208717,0.9186608744164309,0.6817814331501723,0.918876322110494,"[0.08233333333333333, 0.3323333333333333, 0.1101111111111111, 0.08233333333333333, 0.3323333333333333, 0.1101111111111111, 0.3323333333333333, 0.08233333333333333, 0.3323333333333333, 0.1101111111111111, 0.08233333333333333, 0.3323333333333333, 0.1101111111111111, 0.499, 0.08233333333333333, 0.3323333333333333, 0.1101111111111111, 0.08233333333333333, 0.3323333333333333, 0.1101111111111111, 0.3323333333333333, 0.08233333333333333, 0.3323333333333333, 0.1101111111111111, 0.08233333333333333, 0.3323333333333333, 0.1101111111111111, 0.499, 0.51, 0.01, 0.79, 0.26, 0.68, 0.23, 0.68, 0.76, 0.68, 0.12, 0.51, 0.01, 0.9, 0.51, 0.08233333333333333, 0.3323333333333333, 0.1101111111111111, 0.18, 0.01, 0.01, 0.34, 0.08233333333333333, 0.3323333333333333, 0.1101111111111111, 0.34, 0.68, 0.12, 0.51, 0.08233333333333333, 0.3323333333333333, 0.1101111111111111, 0.93, 0.68, 0.79]"
247,AAAAAAAAAKQO5AAIDQAP2UABYGABQD42RDXFIUA_192,4,2,3,460.0882351000328,25,0.0957281962037086,0.9042718037962914,0.949354196091493,0.6913340205947558,0.9357487360636392,0.1015750889976819,0.8984219831724961,0.9458970376600822,0.6879306410749754,0.9341596523920696,"[0.08233333333333333, 0.3323333333333333, 0.1101111111111111, 0.08233333333333333, 0.3323333333333333, 0.1101111111111111, 0.3323333333333333, 0.08233333333333333, 0.3323333333333333, 0.1101111111111111, 0.08233333333333333, 0.3323333333333333, 0.1101111111111111, 0.499, 0.09, 0.34, 0.79, 0.09, 0.68, 0.57, 0.34, 0.08233333333333333, 0.3323333333333333, 0.1101111111111111, 0.59, 0.01, 0.23, 0.51, 0.08233333333333333, 0.3323333333333333, 0.1101111111111111, 0.84, 0.68, 0.68, 0.34, 0.08233333333333333, 0.3323333333333333, 0.1101111111111111, 0.43, 0.01, 0.12, 0.51, 0.08233333333333333, 0.3323333333333333, 0.1101111111111111, 0.68, 0.01, 0.12, 0.68, 0.68, 0.68, 0.68, 0.09, 0.01, 0.57, 0.01, 0.93, 0.34, 0.68, 0.09, 0.34, 0.01]"
249,AAAAAAAAD6TIB2RLRQACLXKNSTZAEHRCEJDPGRQ_192,4,2,3,2590.244309199974,25,0.0847097853819529,0.915290214618047,0.9555036410689354,0.7045750990509987,0.9380732536315918,0.0834695994853973,0.9165265679359436,0.956169358889262,0.7041369883964459,0.9380918264389038,"[0.08233333333333333, 0.3323333333333333, 0.1101111111111111, 0.08233333333333333, 0.3323333333333333, 0.1101111111111111, 0.3323333333333333, 0.08233333333333333, 0.3323333333333333, 0.1101111111111111, 0.08233333333333333, 0.3323333333333333, 0.1101111111111111, 0.499, 0.84, 0.68, 0.79, 0.76, 0.01, 0.01, 0.34, 0.76, 0.34, 0.12, 0.51, 0.68, 0.12, 0.51, 0.08233333333333333, 0.3323333333333333, 0.1101111111111111, 0.26, 0.34, 0.57, 0.34, 0.76, 0.34, 0.23, 0.34, 0.34, 0.79, 0.51, 0.93, 0.34, 0.01, 0.09, 0.01, 0.23, 0.68, 0.09, 0.01, 0.79, 0.59, 0.34, 0.34, 0.01, 0.34, 0.68, 0.9, 0.76, 0.01, 0.45]"
250,AAAAAAAAAWEOLAAKW6Z6C4ADCKAATJ7BFLQAATA_192,4,2,3,1629.5766318999813,25,0.1977912366390228,0.8022087633609771,0.88827007462581,0.6097143883506457,0.9020335515340168,0.2056939510007699,0.7943026182552179,0.8831569146364927,0.6057410940527916,0.8969560941060384,"[0.08233333333333333, 0.3323333333333333, 0.1101111111111111, 0.08233333333333333, 0.3323333333333333, 0.1101111111111111, 0.3323333333333333, 0.08233333333333333, 0.3323333333333333, 0.1101111111111111, 0.08233333333333333, 0.3323333333333333, 0.1101111111111111, 0.499, 0.26, 0.68, 0.12, 0.09, 0.68, 0.34, 0.68, 0.08233333333333333, 0.3323333333333333, 0.1101111111111111, 0.51, 0.34, 0.45, 0.51, 0.93, 0.68, 0.23, 0.93, 0.01, 0.68, 0.68, 0.08233333333333333, 0.3323333333333333, 0.1101111111111111, 0.68, 0.34, 0.34, 0.51, 0.08233333333333333, 0.3323333333333333, 0.1101111111111111, 0.59, 0.68, 0.79, 0.68, 0.84, 0.01, 0.34, 0.51, 0.34, 0.57, 0.01, 0.08233333333333333, 0.3323333333333333, 0.1101111111111111, 0.09, 0.01, 0.9]"
251,AAAAAAAAD6RSTAAOEAAHYVJQIQAAQDQACYQAHMQ_192,4,2,3,1365.3376033999955,25,0.0793273190657297,0.9206726809342702,0.9585802455743154,0.7049683511257172,0.94301602045695,0.0836994655430316,0.9162478850533564,0.9560929365456105,0.7031222302466631,0.9409651438395182,"[0.08233333333333333, 0.3323333333333333, 0.1101111111111111, 0.08233333333333333, 0.3323333333333333, 0.1101111111111111, 0.3323333333333333, 0.08233333333333333, 0.3323333333333333, 0.1101111111111111, 0.08233333333333333, 0.3323333333333333, 0.1101111111111111, 0.499, 0.84, 0.68, 0.79, 0.34, 0.34, 0.79, 0.68, 0.08233333333333333, 0.3323333333333333, 0.1101111111111111, 0.43, 0.01, 0.79, 0.01, 0.08233333333333333, 0.3323333333333333, 0.1101111111111111, 0.43, 0.68, 0.12, 0.34, 0.51, 0.01, 0.9, 0.09, 0.01, 0.79, 0.01, 0.08233333333333333, 0.3323333333333333, 0.1101111111111111, 0.59, 0.01, 0.12, 0.68, 0.08233333333333333, 0.3323333333333333, 0.1101111111111111, 0.26, 0.68, 0.12, 0.01, 0.08233333333333333, 0.3323333333333333, 0.1101111111111111, 0.93, 0.68, 0.34]"
252,AA44YADFUOH2RAAOGQACOE7RWYYBUA4JNZQABNI_192,4,2,4,3531.707783700025,25,0.0738833496967951,0.9261166503032048,0.961496086915334,0.7092393005887667,0.9424461682637532,0.0739627054582039,0.926025971521934,0.9614535462111234,0.7093895204365254,0.9417855421702068,"[0.08233333333333333, 0.3323333333333333, 0.1101111111111111, 0.93, 0.34, 0.9, 0.68, 0.08233333333333333, 0.3323333333333333, 0.1101111111111111, 0.34, 0.34, 0.45, 0.51, 0.09, 0.68, 0.12, 0.84, 0.34, 0.79, 0.34, 0.08233333333333333, 0.3323333333333333, 0.1101111111111111, 0.43, 0.01, 0.45, 0.51, 0.08233333333333333, 0.3323333333333333, 0.1101111111111111, 0.26, 0.34, 0.9, 0.34, 0.18, 0.68, 0.9, 0.34, 0.68, 0.45, 0.01, 0.34, 0.01, 0.01, 0.76, 0.01, 0.01, 0.34, 0.68, 0.34, 0.34, 0.76, 0.68, 0.23, 0.01, 0.08233333333333333, 0.3323333333333333, 0.1101111111111111, 0.26, 0.68, 0.68]"
253,ICGRIADV4ABQXOUHWOZW3MQV2CAALMVK6BLFLVA_192,4,2,4,429.38021680002566,25,0.0743179554740587,0.9256820445259412,0.9611848930517832,0.7132634023825327,0.9411112149556478,0.0771571402748425,0.922805131971836,0.9595493106792372,0.7124814106772344,0.941250737508138,"[0.59, 0.01, 0.34, 0.18, 0.34, 0.12, 0.34, 0.08233333333333333, 0.3323333333333333, 0.1101111111111111, 0.43, 0.34, 0.57, 0.51, 0.08233333333333333, 0.3323333333333333, 0.1101111111111111, 0.34, 0.01, 0.68, 0.68, 0.43, 0.34, 0.79, 0.18, 0.68, 0.45, 0.01, 0.93, 0.68, 0.23, 0.34, 0.68, 0.45, 0.68, 0.26, 0.01, 0.68, 0.43, 0.34, 0.01, 0.51, 0.08233333333333333, 0.3323333333333333, 0.1101111111111111, 0.26, 0.68, 0.45, 0.34, 0.51, 0.34, 0.68, 0.93, 0.01, 0.34, 0.51, 0.34, 0.34, 0.68, 0.43, 0.34, 0.79]"
254,AAAAAAAABG5RRZTYBDOBC4ABA6AAXIQAPZ2AAUQ_192,4,2,3,784.1226397000137,25,0.1092862134178479,0.8907137865821521,0.9417591964205106,0.6850579639275869,0.9313429832458496,0.1128814013053973,0.8871175029625495,0.9395374750097591,0.6832395561039448,0.9312539259592691,"[0.08233333333333333, 0.3323333333333333, 0.1101111111111111, 0.08233333333333333, 0.3323333333333333, 0.1101111111111111, 0.3323333333333333, 0.08233333333333333, 0.3323333333333333, 0.1101111111111111, 0.08233333333333333, 0.3323333333333333, 0.1101111111111111, 0.499, 0.59, 0.68, 0.57, 0.34, 0.01, 0.9, 0.34, 0.68, 0.68, 0.23, 0.68, 0.01, 0.12, 0.01, 0.18, 0.34, 0.9, 0.09, 0.01, 0.68, 0.68, 0.08233333333333333, 0.3323333333333333, 0.1101111111111111, 0.59, 0.01, 0.57, 0.51, 0.08233333333333333, 0.3323333333333333, 0.1101111111111111, 0.51, 0.68, 0.79, 0.34, 0.08233333333333333, 0.3323333333333333, 0.1101111111111111, 0.84, 0.68, 0.23, 0.51, 0.59, 0.01, 0.01, 0.09, 0.34, 0.34]"
255,AAAAAAAAAAAAAAAAAOYFZ5CQWSABUOWOFKX56RI_192,4,2,2,2843.473832299991,25,0.0651253188649813,0.9348746811350188,0.9662296026945114,0.7184448063373565,0.9426375071207682,0.0689846079796552,0.9309665082643428,0.9640390632053216,0.7166940423349539,0.941828974088033,"[0.08233333333333333, 0.3323333333333333, 0.1101111111111111, 0.08233333333333333, 0.3323333333333333, 0.1101111111111111, 0.3323333333333333, 0.08233333333333333, 0.3323333333333333, 0.1101111111111111, 0.08233333333333333, 0.3323333333333333, 0.1101111111111111, 0.499, 0.08233333333333333, 0.3323333333333333, 0.1101111111111111, 0.08233333333333333, 0.3323333333333333, 0.1101111111111111, 0.3323333333333333, 0.08233333333333333, 0.3323333333333333, 0.1101111111111111, 0.08233333333333333, 0.3323333333333333, 0.1101111111111111, 0.499, 0.93, 0.68, 0.01, 0.51, 0.68, 0.23, 0.68, 0.59, 0.34, 0.79, 0.26, 0.68, 0.79, 0.51, 0.08233333333333333, 0.3323333333333333, 0.1101111111111111, 0.76, 0.01, 0.57, 0.34, 0.34, 0.34, 0.9, 0.51, 0.34, 0.68, 0.01, 0.84, 0.68, 0.57, 0.76, 0.01, 0.68]"
256,AAAAAAAABCUKXAA2G7GHZUOQOUABZBQACL6A6VQ_192,4,2,3,758.6346068000421,25,0.1136549393335978,0.8863450606664022,0.9391947398583096,0.6872764388720195,0.9332729339599608,0.1217915400862693,0.8781984309355418,0.9343236261357863,0.679995205377539,0.9293113152186075,"[0.08233333333333333, 0.3323333333333333, 0.1101111111111111, 0.08233333333333333, 0.3323333333333333, 0.1101111111111111, 0.3323333333333333, 0.08233333333333333, 0.3323333333333333, 0.1101111111111111, 0.08233333333333333, 0.3323333333333333, 0.1101111111111111, 0.499, 0.59, 0.34, 0.68, 0.09, 0.34, 0.68, 0.68, 0.08233333333333333, 0.3323333333333333, 0.1101111111111111, 0.76, 0.01, 0.45, 0.51, 0.84, 0.01, 0.9, 0.43, 0.68, 0.23, 0.34, 0.09, 0.68, 0.79, 0.09, 0.68, 0.68, 0.01, 0.08233333333333333, 0.3323333333333333, 0.1101111111111111, 0.93, 0.34, 0.01, 0.68, 0.08233333333333333, 0.3323333333333333, 0.1101111111111111, 0.26, 0.34, 0.57, 0.51, 0.68, 0.01, 0.23, 0.76, 0.34, 0.45]"
257,AAAAAAAAA3TOJAA6EPJSGEAAKEJJYCQAOYTQ24A_192,4,2,3,2108.172958900046,25,0.3763272409637769,0.6236727590362231,0.766679506500562,0.3895311633745829,0.7812459309895833,0.3852197103202343,0.6147644913444916,0.7600731977572044,0.3858274985104799,0.7776156743367513,"[0.08233333333333333, 0.3323333333333333, 0.1101111111111111, 0.08233333333333333, 0.3323333333333333, 0.1101111111111111, 0.3323333333333333, 0.08233333333333333, 0.3323333333333333, 0.1101111111111111, 0.08233333333333333, 0.3323333333333333, 0.1101111111111111, 0.499, 0.18, 0.34, 0.9, 0.76, 0.68, 0.34, 0.34, 0.08233333333333333, 0.3323333333333333, 0.1101111111111111, 0.84, 0.01, 0.79, 0.01, 0.84, 0.34, 0.23, 0.26, 0.01, 0.9, 0.34, 0.08233333333333333, 0.3323333333333333, 0.1101111111111111, 0.09, 0.34, 0.12, 0.01, 0.26, 0.34, 0.79, 0.93, 0.01, 0.12, 0.34, 0.08233333333333333, 0.3323333333333333, 0.1101111111111111, 0.93, 0.68, 0.12, 0.01, 0.43, 0.01, 0.23, 0.51, 0.68, 0.01]"
258,AAFVIABMVWZRRAANRAAPOMADZSZOTA4JFD2HCTA_192,4,2,4,508.2046455999953,25,0.0627142503857612,0.9372857496142388,0.967534878353278,0.7150675242145856,0.9450395584106446,0.057533552745978,0.9424626221259434,0.97030331629018,0.7181001315514247,0.9455321391423545,"[0.08233333333333333, 0.3323333333333333, 0.1101111111111111, 0.26, 0.68, 0.68, 0.34, 0.08233333333333333, 0.3323333333333333, 0.1101111111111111, 0.26, 0.68, 0.34, 0.51, 0.34, 0.68, 0.45, 0.34, 0.01, 0.9, 0.34, 0.08233333333333333, 0.3323333333333333, 0.1101111111111111, 0.34, 0.68, 0.12, 0.01, 0.08233333333333333, 0.3323333333333333, 0.1101111111111111, 0.84, 0.34, 0.9, 0.68, 0.08233333333333333, 0.3323333333333333, 0.1101111111111111, 0.84, 0.01, 0.9, 0.51, 0.34, 0.34, 0.57, 0.59, 0.68, 0.01, 0.34, 0.68, 0.34, 0.34, 0.51, 0.01, 0.57, 0.51, 0.59, 0.34, 0.9, 0.51, 0.01, 0.9]"
259,AAAAAAAAAAAAAAAAAAAE2MAAZQAB5GQACCIADRA_192,4,2,2,535.4119828999974,25,0.1590322345495224,0.8409677654504776,0.9128020842870076,0.6701146900653839,0.9155011812845866,0.1681855775415897,0.8317666329443455,0.907091262936592,0.6647734933843216,0.911475952466329,"[0.08233333333333333, 0.3323333333333333, 0.1101111111111111, 0.08233333333333333, 0.3323333333333333, 0.1101111111111111, 0.3323333333333333, 0.08233333333333333, 0.3323333333333333, 0.1101111111111111, 0.08233333333333333, 0.3323333333333333, 0.1101111111111111, 0.499, 0.08233333333333333, 0.3323333333333333, 0.1101111111111111, 0.08233333333333333, 0.3323333333333333, 0.1101111111111111, 0.3323333333333333, 0.08233333333333333, 0.3323333333333333, 0.1101111111111111, 0.08233333333333333, 0.3323333333333333, 0.1101111111111111, 0.499, 0.08233333333333333, 0.3323333333333333, 0.1101111111111111, 0.59, 0.68, 0.79, 0.68, 0.08233333333333333, 0.3323333333333333, 0.1101111111111111, 0.18, 0.01, 0.9, 0.01, 0.08233333333333333, 0.3323333333333333, 0.1101111111111111, 0.84, 0.34, 0.23, 0.34, 0.08233333333333333, 0.3323333333333333, 0.1101111111111111, 0.26, 0.01, 0.79, 0.51, 0.08233333333333333, 0.3323333333333333, 0.1101111111111111, 0.43, 0.01, 0.79]"
260,AAAAAAAAAAAAAAAAAAAE2MAAOZ4EEN6K6KQAHQQ_192,4,2,2,6485.055988700013,25,0.2174728587269783,0.7825271412730217,0.8764561841885249,0.6003612995147705,0.8947206815083821,0.233632784585158,0.7663166033724944,0.8656280425687631,0.5892753204951684,0.8874464988708496,"[0.08233333333333333, 0.3323333333333333, 0.1101111111111111, 0.08233333333333333, 0.3323333333333333, 0.1101111111111111, 0.3323333333333333, 0.08233333333333333, 0.3323333333333333, 0.1101111111111111, 0.08233333333333333, 0.3323333333333333, 0.1101111111111111, 0.499, 0.08233333333333333, 0.3323333333333333, 0.1101111111111111, 0.08233333333333333, 0.3323333333333333, 0.1101111111111111, 0.3323333333333333, 0.08233333333333333, 0.3323333333333333, 0.1101111111111111, 0.08233333333333333, 0.3323333333333333, 0.1101111111111111, 0.499, 0.08233333333333333, 0.3323333333333333, 0.1101111111111111, 0.59, 0.68, 0.79, 0.68, 0.08233333333333333, 0.3323333333333333, 0.1101111111111111, 0.09, 0.68, 0.45, 0.01, 0.84, 0.01, 0.34, 0.09, 0.01, 0.45, 0.68, 0.93, 0.34, 0.68, 0.93, 0.34, 0.68, 0.01, 0.08233333333333333, 0.3323333333333333, 0.1101111111111111, 0.84, 0.01, 0.34]"
261,AAAAAAAAAAARRFWIVAAOKUAA2KAALJTGHJRE25Q_192,4,2,3,718.6268220999627,25,0.0867104773720105,0.9132895226279896,0.9543687989314396,0.7002987171212832,0.938361136118571,0.0947716288268566,0.9052268377194802,0.9496136746058862,0.694084246456623,0.9360675970713298,"[0.08233333333333333, 0.3323333333333333, 0.1101111111111111, 0.08233333333333333, 0.3323333333333333, 0.1101111111111111, 0.3323333333333333, 0.08233333333333333, 0.3323333333333333, 0.1101111111111111, 0.08233333333333333, 0.3323333333333333, 0.1101111111111111, 0.499, 0.08233333333333333, 0.3323333333333333, 0.1101111111111111, 0.26, 0.01, 0.9, 0.34, 0.26, 0.68, 0.45, 0.59, 0.34, 0.68, 0.01, 0.08233333333333333, 0.3323333333333333, 0.1101111111111111, 0.93, 0.34, 0.68, 0.34, 0.08233333333333333, 0.3323333333333333, 0.1101111111111111, 0.18, 0.34, 0.34, 0.51, 0.08233333333333333, 0.3323333333333333, 0.1101111111111111, 0.26, 0.68, 0.79, 0.68, 0.18, 0.01, 0.9, 0.43, 0.34, 0.23, 0.01, 0.26, 0.34, 0.23, 0.51, 0.68, 0.45]"
262,AAAAAAAADC5IDAAIDNANI4AB2TUFZM4DBCPNQRA_192,4,2,3,1323.7841147000436,25,0.0629158352812131,0.9370841647187867,0.9674033507704736,0.7142152508099874,0.9435741742451984,0.06252876209716,0.9374626881132524,0.9675431209305922,0.7143560374776522,0.944356377919515,"[0.08233333333333333, 0.3323333333333333, 0.1101111111111111, 0.08233333333333333, 0.3323333333333333, 0.1101111111111111, 0.3323333333333333, 0.08233333333333333, 0.3323333333333333, 0.1101111111111111, 0.08233333333333333, 0.3323333333333333, 0.1101111111111111, 0.499, 0.68, 0.34, 0.57, 0.51, 0.01, 0.01, 0.68, 0.08233333333333333, 0.3323333333333333, 0.1101111111111111, 0.59, 0.01, 0.23, 0.01, 0.76, 0.01, 0.01, 0.76, 0.34, 0.12, 0.68, 0.08233333333333333, 0.3323333333333333, 0.1101111111111111, 0.43, 0.34, 0.79, 0.51, 0.76, 0.01, 0.34, 0.93, 0.34, 0.45, 0.34, 0.68, 0.01, 0.45, 0.09, 0.01, 0.79, 0.51, 0.93, 0.68, 0.45, 0.09, 0.01, 0.79]"
263,LVOEYTHHDW4QZAAEHAAHYNSPQKHAYOQANKQAHBI_192,4,2,4,2722.6554300000425,25,0.6783055111765861,0.3216944888234138,0.4850364034374555,0.2569292078415552,0.2945613861083984,0.6832481888433297,0.3167504465828339,0.4792396653443574,0.2536934627840916,0.2898712237675985,"[0.51, 0.68, 0.68, 0.43, 0.01, 0.79, 0.68, 0.09, 0.01, 0.9, 0.93, 0.34, 0.9, 0.01, 0.93, 0.68, 0.57, 0.26, 0.01, 0.45, 0.34, 0.08233333333333333, 0.3323333333333333, 0.1101111111111111, 0.26, 0.01, 0.57, 0.01, 0.08233333333333333, 0.3323333333333333, 0.1101111111111111, 0.43, 0.68, 0.01, 0.68, 0.34, 0.34, 0.23, 0.93, 0.01, 0.34, 0.51, 0.09, 0.68, 0.01, 0.34, 0.01, 0.57, 0.34, 0.08233333333333333, 0.3323333333333333, 0.1101111111111111, 0.76, 0.34, 0.68, 0.01, 0.08233333333333333, 0.3323333333333333, 0.1101111111111111, 0.93, 0.01, 0.68]"
264,2MESYAC4MADSLAACQQAHAUADKWAAXMQAFCDDDAA_192,4,2,4,1053.638510500023,25,0.0835638950268427,0.9164361049731572,0.9560616746544838,0.7050625279545784,0.93802277247111,0.0754545265187819,0.92454157906274,0.9604804117232562,0.7090787326296171,0.9411354700724284,"[0.76, 0.01, 0.9, 0.26, 0.34, 0.34, 0.68, 0.08233333333333333, 0.3323333333333333, 0.1101111111111111, 0.51, 0.68, 0.12, 0.51, 0.08233333333333333, 0.3323333333333333, 0.1101111111111111, 0.93, 0.34, 0.34, 0.68, 0.08233333333333333, 0.3323333333333333, 0.1101111111111111, 0.09, 0.34, 0.01, 0.51, 0.08233333333333333, 0.3323333333333333, 0.1101111111111111, 0.43, 0.01, 0.12, 0.34, 0.08233333333333333, 0.3323333333333333, 0.1101111111111111, 0.76, 0.34, 0.68, 0.51, 0.08233333333333333, 0.3323333333333333, 0.1101111111111111, 0.51, 0.68, 0.45, 0.34, 0.08233333333333333, 0.3323333333333333, 0.1101111111111111, 0.51, 0.01, 0.79, 0.01, 0.34, 0.01, 0.9, 0.34, 0.01, 0.01]"
265,AAAAAAAABLRIJAAPSQAEJEADGYAAZZQAMYQAHUQ_192,4,2,3,605.2670803000219,25,0.0562805116176605,0.9437194883823394,0.9709611321489016,0.7193169638514518,0.945243771870931,0.0518399457136789,0.9481557292242844,0.9733115347723166,0.7213354802380005,0.9468784650166828,"[0.08233333333333333, 0.3323333333333333, 0.1101111111111111, 0.08233333333333333, 0.3323333333333333, 0.1101111111111111, 0.3323333333333333, 0.08233333333333333, 0.3323333333333333, 0.1101111111111111, 0.08233333333333333, 0.3323333333333333, 0.1101111111111111, 0.499, 0.51, 0.34, 0.9, 0.51, 0.01, 0.34, 0.34, 0.08233333333333333, 0.3323333333333333, 0.1101111111111111, 0.43, 0.68, 0.34, 0.51, 0.08233333333333333, 0.3323333333333333, 0.1101111111111111, 0.59, 0.34, 0.34, 0.34, 0.08233333333333333, 0.3323333333333333, 0.1101111111111111, 0.68, 0.68, 0.45, 0.01, 0.08233333333333333, 0.3323333333333333, 0.1101111111111111, 0.34, 0.34, 0.9, 0.68, 0.08233333333333333, 0.3323333333333333, 0.1101111111111111, 0.68, 0.68, 0.12, 0.01, 0.08233333333333333, 0.3323333333333333, 0.1101111111111111, 0.84, 0.34, 0.34]"
266,AAAAAAAAAAAAAAAAAAAMZFGAYOAAIBSKC6OUA5I_192,4,2,2,591.986605699989,25,0.1399688104788462,0.8600311895211538,0.92393376181523,0.6604354222615559,0.9212176005045573,0.142378024632732,0.8576177731156349,0.9223289852341016,0.6596716063718001,0.9201550165812176,"[0.08233333333333333, 0.3323333333333333, 0.1101111111111111, 0.08233333333333333, 0.3323333333333333, 0.1101111111111111, 0.3323333333333333, 0.08233333333333333, 0.3323333333333333, 0.1101111111111111, 0.08233333333333333, 0.3323333333333333, 0.1101111111111111, 0.499, 0.08233333333333333, 0.3323333333333333, 0.1101111111111111, 0.08233333333333333, 0.3323333333333333, 0.1101111111111111, 0.3323333333333333, 0.08233333333333333, 0.3323333333333333, 0.1101111111111111, 0.08233333333333333, 0.3323333333333333, 0.1101111111111111, 0.499, 0.08233333333333333, 0.3323333333333333, 0.1101111111111111, 0.68, 0.68, 0.34, 0.34, 0.59, 0.68, 0.01, 0.18, 0.01, 0.23, 0.51, 0.08233333333333333, 0.3323333333333333, 0.1101111111111111, 0.26, 0.01, 0.01, 0.68, 0.26, 0.34, 0.79, 0.26, 0.68, 0.9, 0.51, 0.76, 0.34, 0.01, 0.09, 0.68, 0.68]"
267,AAAAAAAAAAAAAAAAAAAMIUADKAABUZUDVGGMW5Y_192,4,2,2,712.9469459999818,25,0.0655725846687952,0.9344274153312048,0.9660165602962176,0.7019767582416534,0.9422856012980144,0.0675352847824494,0.9324638448655606,0.9648854811986288,0.7028845241914193,0.9436729113260904,"[0.08233333333333333, 0.3323333333333333, 0.1101111111111111, 0.08233333333333333, 0.3323333333333333, 0.1101111111111111, 0.3323333333333333, 0.08233333333333333, 0.3323333333333333, 0.1101111111111111, 0.08233333333333333, 0.3323333333333333, 0.1101111111111111, 0.499, 0.08233333333333333, 0.3323333333333333, 0.1101111111111111, 0.08233333333333333, 0.3323333333333333, 0.1101111111111111, 0.3323333333333333, 0.08233333333333333, 0.3323333333333333, 0.1101111111111111, 0.08233333333333333, 0.3323333333333333, 0.1101111111111111, 0.499, 0.08233333333333333, 0.3323333333333333, 0.1101111111111111, 0.68, 0.34, 0.12, 0.34, 0.08233333333333333, 0.3323333333333333, 0.1101111111111111, 0.76, 0.34, 0.01, 0.01, 0.08233333333333333, 0.3323333333333333, 0.1101111111111111, 0.76, 0.01, 0.9, 0.68, 0.59, 0.01, 0.57, 0.51, 0.01, 0.9, 0.01, 0.68, 0.68, 0.34, 0.76, 0.68, 0.57]"
268,CRFWYAA4QAASXAAPRAAB3VOF2UAAMJSZ73YAHRA_192,4,2,4,232.56674460001523,25,0.157926444709301,0.842073555290699,0.9131804888447126,0.6507111936807632,0.9205703735351562,0.158716462055842,0.8414054427295923,0.9127871045221884,0.6509712571899097,0.917567769686381,"[0.09, 0.34, 0.12, 0.26, 0.68, 0.45, 0.68, 0.08233333333333333, 0.3323333333333333, 0.1101111111111111, 0.09, 0.68, 0.34, 0.01, 0.08233333333333333, 0.3323333333333333, 0.1101111111111111, 0.26, 0.34, 0.68, 0.68, 0.08233333333333333, 0.3323333333333333, 0.1101111111111111, 0.43, 0.68, 0.12, 0.01, 0.08233333333333333, 0.3323333333333333, 0.1101111111111111, 0.09, 0.68, 0.57, 0.34, 0.51, 0.68, 0.12, 0.43, 0.34, 0.68, 0.01, 0.08233333333333333, 0.3323333333333333, 0.1101111111111111, 0.18, 0.01, 0.79, 0.68, 0.26, 0.68, 0.23, 0.84, 0.68, 0.57, 0.51, 0.08233333333333333, 0.3323333333333333, 0.1101111111111111, 0.84, 0.01, 0.79]"
269,AAAAAAAAAAAAAAAAAAAD3EABLQAAVBQABKARSRI_192,4,2,2,128.99612159997923,25,0.682302339375019,0.3176976606249809,0.4806101977825164,0.2540083199739456,0.2907119750976562,0.6822267030676206,0.3177830322335164,0.4805293223510186,0.2540026426315308,0.290833576520284,"[0.08233333333333333, 0.3323333333333333, 0.1101111111111111, 0.08233333333333333, 0.3323333333333333, 0.1101111111111111, 0.3323333333333333, 0.08233333333333333, 0.3323333333333333, 0.1101111111111111, 0.08233333333333333, 0.3323333333333333, 0.1101111111111111, 0.499, 0.08233333333333333, 0.3323333333333333, 0.1101111111111111, 0.08233333333333333, 0.3323333333333333, 0.1101111111111111, 0.3323333333333333, 0.08233333333333333, 0.3323333333333333, 0.1101111111111111, 0.08233333333333333, 0.3323333333333333, 0.1101111111111111, 0.499, 0.08233333333333333, 0.3323333333333333, 0.1101111111111111, 0.18, 0.68, 0.45, 0.34, 0.08233333333333333, 0.3323333333333333, 0.1101111111111111, 0.51, 0.34, 0.9, 0.01, 0.08233333333333333, 0.3323333333333333, 0.1101111111111111, 0.51, 0.34, 0.01, 0.68, 0.08233333333333333, 0.3323333333333333, 0.1101111111111111, 0.09, 0.34, 0.79, 0.01, 0.09, 0.01, 0.45, 0.51, 0.01, 0.68]"
270,AAAAAAAAAAAAAAAAAD3BZ4ADG2XH3IQAB3QACEY_192,4,2,2,965.3201469000196,25,0.0936208143830299,0.90637918561697,0.9505300283432008,0.686100772023201,0.9365715026855468,0.0922125122199455,0.9077862648914258,0.9513270513465008,0.6859390900780757,0.9364053805669148,"[0.08233333333333333, 0.3323333333333333, 0.1101111111111111, 0.08233333333333333, 0.3323333333333333, 0.1101111111111111, 0.3323333333333333, 0.08233333333333333, 0.3323333333333333, 0.1101111111111111, 0.08233333333333333, 0.3323333333333333, 0.1101111111111111, 0.499, 0.08233333333333333, 0.3323333333333333, 0.1101111111111111, 0.08233333333333333, 0.3323333333333333, 0.1101111111111111, 0.3323333333333333, 0.08233333333333333, 0.3323333333333333, 0.1101111111111111, 0.08233333333333333, 0.3323333333333333, 0.1101111111111111, 0.499, 0.18, 0.68, 0.45, 0.09, 0.68, 0.23, 0.68, 0.08233333333333333, 0.3323333333333333, 0.1101111111111111, 0.68, 0.68, 0.45, 0.51, 0.51, 0.68, 0.23, 0.93, 0.68, 0.79, 0.34, 0.08233333333333333, 0.3323333333333333, 0.1101111111111111, 0.09, 0.68, 0.57, 0.01, 0.08233333333333333, 0.3323333333333333, 0.1101111111111111, 0.59, 0.34, 0.23]"
271,AAAAAAAABONPTGFGRQAFJ4KYOMAAIJQAOZIAHAQ_192,4,2,3,1612.7688359000022,25,0.0845598002274831,0.9154401997725168,0.9555353452761968,0.7031765495737393,0.9384284019470216,0.0931120932102203,0.9068820421894392,0.9507347515473764,0.6970150224864483,0.936131715774536,"[0.08233333333333333, 0.3323333333333333, 0.1101111111111111, 0.08233333333333333, 0.3323333333333333, 0.1101111111111111, 0.3323333333333333, 0.08233333333333333, 0.3323333333333333, 0.1101111111111111, 0.08233333333333333, 0.3323333333333333, 0.1101111111111111, 0.499, 0.51, 0.68, 0.23, 0.51, 0.68, 0.9, 0.68, 0.18, 0.01, 0.68, 0.18, 0.34, 0.12, 0.51, 0.08233333333333333, 0.3323333333333333, 0.1101111111111111, 0.51, 0.34, 0.23, 0.68, 0.09, 0.34, 0.45, 0.09, 0.68, 0.23, 0.01, 0.08233333333333333, 0.3323333333333333, 0.1101111111111111, 0.26, 0.01, 0.79, 0.68, 0.08233333333333333, 0.3323333333333333, 0.1101111111111111, 0.93, 0.68, 0.34, 0.51, 0.08233333333333333, 0.3323333333333333, 0.1101111111111111, 0.93, 0.01, 0.34]"
272,AAAAAAAAA6RK3AA2TAAGJUADOKABRLQAPASUOFI_192,4,2,3,1745.378995099978,25,0.0688403685887654,0.9311596314112346,0.9642319331566492,0.7081490834554036,0.9420241991678874,0.0645992806802193,0.9353970851749182,0.9664830385396878,0.7104442151884238,0.9437136888504029,"[0.08233333333333333, 0.3323333333333333, 0.1101111111111111, 0.08233333333333333, 0.3323333333333333, 0.1101111111111111, 0.3323333333333333, 0.08233333333333333, 0.3323333333333333, 0.1101111111111111, 0.08233333333333333, 0.3323333333333333, 0.1101111111111111, 0.499, 0.18, 0.68, 0.79, 0.51, 0.34, 0.45, 0.68, 0.08233333333333333, 0.3323333333333333, 0.1101111111111111, 0.76, 0.34, 0.23, 0.01, 0.08233333333333333, 0.3323333333333333, 0.1101111111111111, 0.34, 0.34, 0.23, 0.34, 0.08233333333333333, 0.3323333333333333, 0.1101111111111111, 0.76, 0.68, 0.34, 0.51, 0.08233333333333333, 0.3323333333333333, 0.1101111111111111, 0.68, 0.34, 0.68, 0.68, 0.08233333333333333, 0.3323333333333333, 0.1101111111111111, 0.84, 0.01, 0.12, 0.01, 0.51, 0.34, 0.12, 0.68, 0.34, 0.68]"
273,AAAAAAAAAAAAAAAAAAAH3EABRRZMLLWZS6IAGNQ_192,4,2,2,652.2828817000263,25,0.1126732036471366,0.8873267963528633,0.9397542764743168,0.6944689358274142,0.9328128814697264,0.1212266970425844,0.8788025889545679,0.934650408104062,0.6898250035941601,0.9282421429951986,"[0.08233333333333333, 0.3323333333333333, 0.1101111111111111, 0.08233333333333333, 0.3323333333333333, 0.1101111111111111, 0.3323333333333333, 0.08233333333333333, 0.3323333333333333, 0.1101111111111111, 0.08233333333333333, 0.3323333333333333, 0.1101111111111111, 0.499, 0.08233333333333333, 0.3323333333333333, 0.1101111111111111, 0.08233333333333333, 0.3323333333333333, 0.1101111111111111, 0.3323333333333333, 0.08233333333333333, 0.3323333333333333, 0.1101111111111111, 0.08233333333333333, 0.3323333333333333, 0.1101111111111111, 0.499, 0.08233333333333333, 0.3323333333333333, 0.1101111111111111, 0.43, 0.68, 0.45, 0.34, 0.08233333333333333, 0.3323333333333333, 0.1101111111111111, 0.34, 0.01, 0.9, 0.01, 0.93, 0.34, 0.45, 0.26, 0.68, 0.68, 0.68, 0.34, 0.68, 0.23, 0.26, 0.68, 0.9, 0.51, 0.08233333333333333, 0.3323333333333333, 0.1101111111111111, 0.68, 0.68, 0.45]"
274,AAAAAAAAAAAAAAAAAFIGDEAD6LRARP7YFB77CEI_192,4,2,2,1450.1466165999882,25,0.0540282482902209,0.9459717517097792,0.9721805115540822,0.712353437145551,0.9461257298787434,0.0558591092626253,0.9441398601979016,0.9711541252831618,0.7114789210259914,0.9454322497049968,"[0.08233333333333333, 0.3323333333333333, 0.1101111111111111, 0.08233333333333333, 0.3323333333333333, 0.1101111111111111, 0.3323333333333333, 0.08233333333333333, 0.3323333333333333, 0.1101111111111111, 0.08233333333333333, 0.3323333333333333, 0.1101111111111111, 0.499, 0.08233333333333333, 0.3323333333333333, 0.1101111111111111, 0.08233333333333333, 0.3323333333333333, 0.1101111111111111, 0.3323333333333333, 0.08233333333333333, 0.3323333333333333, 0.1101111111111111, 0.08233333333333333, 0.3323333333333333, 0.1101111111111111, 0.499, 0.51, 0.34, 0.01, 0.34, 0.01, 0.45, 0.34, 0.08233333333333333, 0.3323333333333333, 0.1101111111111111, 0.84, 0.68, 0.34, 0.51, 0.68, 0.34, 0.01, 0.59, 0.34, 0.57, 0.68, 0.84, 0.68, 0.01, 0.51, 0.01, 0.23, 0.51, 0.84, 0.68, 0.9, 0.59, 0.34, 0.12]"
275,AAAAAAAAAAAAAAAAANLSJ5KT6UAB7AWJOK3FBQQ_192,4,2,2,3783.473703099997,25,0.0910431782404581,0.9089568217595418,0.9518898889422416,0.6888363853096962,0.9359861373901368,0.0925267737358808,0.9074722528457642,0.9510085817426444,0.6866870824247598,0.935681406656901,"[0.08233333333333333, 0.3323333333333333, 0.1101111111111111, 0.08233333333333333, 0.3323333333333333, 0.1101111111111111, 0.3323333333333333, 0.08233333333333333, 0.3323333333333333, 0.1101111111111111, 0.08233333333333333, 0.3323333333333333, 0.1101111111111111, 0.499, 0.08233333333333333, 0.3323333333333333, 0.1101111111111111, 0.08233333333333333, 0.3323333333333333, 0.1101111111111111, 0.3323333333333333, 0.08233333333333333, 0.3323333333333333, 0.1101111111111111, 0.08233333333333333, 0.3323333333333333, 0.1101111111111111, 0.499, 0.76, 0.34, 0.57, 0.26, 0.34, 0.23, 0.68, 0.51, 0.34, 0.79, 0.84, 0.68, 0.68, 0.01, 0.08233333333333333, 0.3323333333333333, 0.1101111111111111, 0.84, 0.68, 0.01, 0.34, 0.34, 0.34, 0.34, 0.93, 0.34, 0.68, 0.51, 0.34, 0.34, 0.79, 0.18, 0.01, 0.34]"
276,AAAAAAAAAABS3CTYSRDWC4AAIWJJ5DQAPJD4ODA_192,4,2,3,383.746102599951,25,0.101161807278792,0.8988381927212079,0.9463582783937454,0.6846514523029328,0.9338943799336752,0.0994684054205815,0.9005303190400203,0.9472132911284764,0.6846666614214579,0.934210729598999,"[0.08233333333333333, 0.3323333333333333, 0.1101111111111111, 0.08233333333333333, 0.3323333333333333, 0.1101111111111111, 0.3323333333333333, 0.08233333333333333, 0.3323333333333333, 0.1101111111111111, 0.08233333333333333, 0.3323333333333333, 0.1101111111111111, 0.499, 0.08233333333333333, 0.3323333333333333, 0.1101111111111111, 0.34, 0.34, 0.45, 0.68, 0.09, 0.34, 0.23, 0.68, 0.34, 0.34, 0.51, 0.09, 0.01, 0.57, 0.34, 0.01, 0.68, 0.68, 0.08233333333333333, 0.3323333333333333, 0.1101111111111111, 0.09, 0.01, 0.68, 0.51, 0.26, 0.34, 0.79, 0.84, 0.34, 0.12, 0.68, 0.08233333333333333, 0.3323333333333333, 0.1101111111111111, 0.84, 0.34, 0.34, 0.01, 0.43, 0.68, 0.12, 0.68, 0.01, 0.9]"
277,AAAAAAAAAAAAAAAAAAAGYMADGOAAYNQADCAAGMY_192,4,2,2,352.8757409999962,25,0.1589316626389821,0.8410683373610178,0.9126720627148946,0.6470624407132467,0.9144933700561524,0.1739365966369708,0.8260605136553446,0.9034407036999862,0.6374707985669374,0.9089896996816,"[0.08233333333333333, 0.3323333333333333, 0.1101111111111111, 0.08233333333333333, 0.3323333333333333, 0.1101111111111111, 0.3323333333333333, 0.08233333333333333, 0.3323333333333333, 0.1101111111111111, 0.08233333333333333, 0.3323333333333333, 0.1101111111111111, 0.499, 0.08233333333333333, 0.3323333333333333, 0.1101111111111111, 0.08233333333333333, 0.3323333333333333, 0.1101111111111111, 0.3323333333333333, 0.08233333333333333, 0.3323333333333333, 0.1101111111111111, 0.08233333333333333, 0.3323333333333333, 0.1101111111111111, 0.499, 0.08233333333333333, 0.3323333333333333, 0.1101111111111111, 0.34, 0.68, 0.01, 0.68, 0.08233333333333333, 0.3323333333333333, 0.1101111111111111, 0.68, 0.68, 0.23, 0.51, 0.08233333333333333, 0.3323333333333333, 0.1101111111111111, 0.34, 0.01, 0.45, 0.68, 0.08233333333333333, 0.3323333333333333, 0.1101111111111111, 0.18, 0.01, 0.79, 0.01, 0.08233333333333333, 0.3323333333333333, 0.1101111111111111, 0.68, 0.68, 0.23]"
278,AAAAAAAABYTWTM4MXNC6BH7ROG5A3CVBEZXQKRY_192,4,2,3,6241.803431100037,25,0.0542243734002113,0.9457756265997886,0.9720468242963156,0.7233974759777387,0.9468221346537272,0.0526748994986216,0.9472827697793644,0.9728411824752888,0.7242437289406856,0.9459705114364624,"[0.08233333333333333, 0.3323333333333333, 0.1101111111111111, 0.08233333333333333, 0.3323333333333333, 0.1101111111111111, 0.3323333333333333, 0.08233333333333333, 0.3323333333333333, 0.1101111111111111, 0.08233333333333333, 0.3323333333333333, 0.1101111111111111, 0.499, 0.43, 0.01, 0.79, 0.93, 0.68, 0.79, 0.68, 0.34, 0.34, 0.9, 0.34, 0.34, 0.57, 0.01, 0.76, 0.01, 0.68, 0.93, 0.01, 0.34, 0.34, 0.84, 0.68, 0.9, 0.51, 0.68, 0.12, 0.51, 0.43, 0.34, 0.01, 0.34, 0.68, 0.12, 0.34, 0.51, 0.01, 0.34, 0.59, 0.68, 0.23, 0.01, 0.84, 0.01, 0.12, 0.51, 0.01, 0.57]"
279,AAAAAAAAAKMSH6CYDQAC3PYUXSAAFJ5KWCRBHQQ_192,4,2,3,952.9668897000374,25,0.1705215166012446,0.8294784833987554,0.9050762891769408,0.6325649137298266,0.9112518628438314,0.1872669921567042,0.8127293715874354,0.8942977106819551,0.6203548757980267,0.904399021466573,"[0.08233333333333333, 0.3323333333333333, 0.1101111111111111, 0.08233333333333333, 0.3323333333333333, 0.1101111111111111, 0.3323333333333333, 0.08233333333333333, 0.3323333333333333, 0.1101111111111111, 0.08233333333333333, 0.3323333333333333, 0.1101111111111111, 0.499, 0.09, 0.34, 0.23, 0.26, 0.34, 0.12, 0.68, 0.84, 0.01, 0.34, 0.68, 0.01, 0.23, 0.51, 0.08233333333333333, 0.3323333333333333, 0.1101111111111111, 0.26, 0.68, 0.45, 0.68, 0.84, 0.01, 0.68, 0.26, 0.68, 0.9, 0.51, 0.08233333333333333, 0.3323333333333333, 0.1101111111111111, 0.09, 0.34, 0.79, 0.68, 0.76, 0.34, 0.68, 0.34, 0.01, 0.68, 0.01, 0.26, 0.01, 0.79, 0.84, 0.01, 0.34]"
281,AAAAAAAAAAAAAAAAAHCMZEADLQHGIKRK5ZQAHHA_192,4,2,2,1979.5390234000515,25,0.6805243323246638,0.3194756676753362,0.4820963909228642,0.2569857324163119,0.2927524566650391,0.6826600744078557,0.3173294506967067,0.4799398070822159,0.2556657878061135,0.2903234561284383,"[0.08233333333333333, 0.3323333333333333, 0.1101111111111111, 0.08233333333333333, 0.3323333333333333, 0.1101111111111111, 0.3323333333333333, 0.08233333333333333, 0.3323333333333333, 0.1101111111111111, 0.08233333333333333, 0.3323333333333333, 0.1101111111111111, 0.499, 0.08233333333333333, 0.3323333333333333, 0.1101111111111111, 0.08233333333333333, 0.3323333333333333, 0.1101111111111111, 0.3323333333333333, 0.08233333333333333, 0.3323333333333333, 0.1101111111111111, 0.08233333333333333, 0.3323333333333333, 0.1101111111111111, 0.499, 0.43, 0.01, 0.79, 0.68, 0.68, 0.34, 0.34, 0.08233333333333333, 0.3323333333333333, 0.1101111111111111, 0.76, 0.34, 0.9, 0.01, 0.09, 0.68, 0.23, 0.26, 0.01, 0.68, 0.34, 0.09, 0.34, 0.68, 0.76, 0.68, 0.23, 0.01, 0.08233333333333333, 0.3323333333333333, 0.1101111111111111, 0.93, 0.34, 0.9]"
282,AA4VZADHHWQW3AA4VWK4JMQZXSZO7FQAOOJDA5I_192,4,2,4,8749.266681400011,25,0.1042157471179962,0.8957842528820038,0.9444063405195872,0.7009880299369494,0.9330210049947104,0.1092207562178373,0.8908156936367353,0.9415244890997808,0.6986155106375614,0.9317087332407632,"[0.08233333333333333, 0.3323333333333333, 0.1101111111111111, 0.93, 0.34, 0.68, 0.68, 0.26, 0.01, 0.01, 0.34, 0.34, 0.9, 0.51, 0.93, 0.68, 0.79, 0.26, 0.68, 0.45, 0.68, 0.08233333333333333, 0.3323333333333333, 0.1101111111111111, 0.93, 0.34, 0.68, 0.51, 0.34, 0.34, 0.68, 0.68, 0.34, 0.34, 0.68, 0.26, 0.01, 0.45, 0.34, 0.68, 0.9, 0.51, 0.34, 0.34, 0.57, 0.43, 0.68, 0.34, 0.68, 0.08233333333333333, 0.3323333333333333, 0.1101111111111111, 0.93, 0.34, 0.9, 0.51, 0.26, 0.01, 0.9, 0.09, 0.68, 0.68]"
283,AAFWPFLMYADCVM4KSQAGCEAA2I3AVP7GG3QADEQ_192,4,2,4,2593.1239550000173,25,0.0648919691642125,0.9351080308357874,0.9663193836808204,0.7106918911139171,0.9432801564534504,0.0629988953471183,0.936996047074596,0.967336284245054,0.7113576363772154,0.9440555969874064,"[0.08233333333333333, 0.3323333333333333, 0.1101111111111111, 0.26, 0.68, 0.45, 0.34, 0.93, 0.34, 0.68, 0.34, 0.68, 0.23, 0.01, 0.08233333333333333, 0.3323333333333333, 0.1101111111111111, 0.68, 0.34, 0.68, 0.34, 0.34, 0.34, 0.9, 0.51, 0.34, 0.34, 0.51, 0.08233333333333333, 0.3323333333333333, 0.1101111111111111, 0.34, 0.01, 0.79, 0.34, 0.08233333333333333, 0.3323333333333333, 0.1101111111111111, 0.18, 0.34, 0.34, 0.01, 0.34, 0.68, 0.01, 0.51, 0.34, 0.57, 0.68, 0.84, 0.01, 0.9, 0.34, 0.68, 0.57, 0.01, 0.08233333333333333, 0.3323333333333333, 0.1101111111111111, 0.34, 0.34, 0.34]"
284,AAAAAAAAAAAAAAAAAFCHZUQFKMABZYSCV2LHHQA_192,4,2,2,1009.4791044999728,25,0.0812436153491338,0.9187563846508662,0.957443452378114,0.6993566855788231,0.938254737854004,0.0855802026887734,0.914411407460769,0.9549163252115248,0.6975254649917285,0.9378485123316448,"[0.08233333333333333, 0.3323333333333333, 0.1101111111111111, 0.08233333333333333, 0.3323333333333333, 0.1101111111111111, 0.3323333333333333, 0.08233333333333333, 0.3323333333333333, 0.1101111111111111, 0.08233333333333333, 0.3323333333333333, 0.1101111111111111, 0.499, 0.08233333333333333, 0.3323333333333333, 0.1101111111111111, 0.08233333333333333, 0.3323333333333333, 0.1101111111111111, 0.3323333333333333, 0.08233333333333333, 0.3323333333333333, 0.1101111111111111, 0.08233333333333333, 0.3323333333333333, 0.1101111111111111, 0.499, 0.51, 0.01, 0.79, 0.43, 0.68, 0.23, 0.34, 0.26, 0.01, 0.12, 0.51, 0.34, 0.23, 0.01, 0.08233333333333333, 0.3323333333333333, 0.1101111111111111, 0.93, 0.34, 0.9, 0.34, 0.26, 0.01, 0.68, 0.51, 0.68, 0.79, 0.51, 0.34, 0.34, 0.9, 0.84, 0.01, 0.01]"
285,JUGX6B6A4AA3TMAOEGY4OMADWTYIXZQAHBQADAA_192,4,2,4,1194.2185641000397,25,0.0833807379007339,0.916619262099266,0.9562716230750083,0.7010157729188601,0.9390000979105632,0.0657347723841667,0.9342543508857488,0.965876953303814,0.7111572076876959,0.9432814757029216,"[0.59, 0.68, 0.79, 0.18, 0.34, 0.57, 0.68, 0.68, 0.01, 0.57, 0.68, 0.01, 0.23, 0.51, 0.08233333333333333, 0.3323333333333333, 0.1101111111111111, 0.18, 0.34, 0.9, 0.68, 0.34, 0.01, 0.01, 0.43, 0.01, 0.79, 0.01, 0.34, 0.68, 0.12, 0.68, 0.34, 0.9, 0.68, 0.08233333333333333, 0.3323333333333333, 0.1101111111111111, 0.93, 0.68, 0.79, 0.51, 0.93, 0.01, 0.79, 0.51, 0.68, 0.9, 0.68, 0.08233333333333333, 0.3323333333333333, 0.1101111111111111, 0.43, 0.01, 0.23, 0.01, 0.08233333333333333, 0.3323333333333333, 0.1101111111111111, 0.34, 0.01, 0.01]"
286,AAAAAAAAAABOFAAIVQAFIUABTQAAFAQAB2YAH5A_192,4,2,3,262.648408500012,25,0.087106287976106,0.912893712023894,0.9541672651966412,0.7008086428046226,0.9381442387898764,0.0862935461103916,0.9137019307663043,0.9546173714101316,0.7008217415461938,0.9379424254099528,"[0.08233333333333333, 0.3323333333333333, 0.1101111111111111, 0.08233333333333333, 0.3323333333333333, 0.1101111111111111, 0.3323333333333333, 0.08233333333333333, 0.3323333333333333, 0.1101111111111111, 0.08233333333333333, 0.3323333333333333, 0.1101111111111111, 0.499, 0.08233333333333333, 0.3323333333333333, 0.1101111111111111, 0.51, 0.68, 0.12, 0.34, 0.08233333333333333, 0.3323333333333333, 0.1101111111111111, 0.59, 0.34, 0.68, 0.51, 0.08233333333333333, 0.3323333333333333, 0.1101111111111111, 0.51, 0.34, 0.12, 0.34, 0.08233333333333333, 0.3323333333333333, 0.1101111111111111, 0.34, 0.34, 0.9, 0.01, 0.08233333333333333, 0.3323333333333333, 0.1101111111111111, 0.09, 0.34, 0.01, 0.34, 0.08233333333333333, 0.3323333333333333, 0.1101111111111111, 0.09, 0.68, 0.68, 0.51, 0.08233333333333333, 0.3323333333333333, 0.1101111111111111, 0.84, 0.68, 0.79]"
287,AAKRIACPAABKNGMLUC2OOMYFPQ7OPK7KH3ZQKUI_192,4,2,4,454.5606887000031,25,0.1042391722400983,0.8957608277599017,0.9448266476392746,0.7062072152892749,0.9399263381958008,0.0976210842529932,0.902376746882995,0.9485222674906254,0.7090278695027034,0.941240668296814,"[0.08233333333333333, 0.3323333333333333, 0.1101111111111111, 0.51, 0.34, 0.12, 0.34, 0.08233333333333333, 0.3323333333333333, 0.1101111111111111, 0.59, 0.68, 0.9, 0.01, 0.08233333333333333, 0.3323333333333333, 0.1101111111111111, 0.51, 0.34, 0.23, 0.34, 0.18, 0.01, 0.9, 0.51, 0.68, 0.79, 0.01, 0.26, 0.68, 0.79, 0.93, 0.34, 0.9, 0.68, 0.18, 0.01, 0.12, 0.51, 0.68, 0.9, 0.01, 0.43, 0.68, 0.57, 0.18, 0.68, 0.68, 0.34, 0.84, 0.34, 0.79, 0.43, 0.68, 0.57, 0.51, 0.18, 0.01, 0.12, 0.51, 0.34, 0.12]"
288,AAAAAAAADCDKD6TYEFC7JXGURSABXMQABGIABRY_192,4,2,3,2494.282585899986,25,0.112128135561943,0.887871864438057,0.9399021585782368,0.6772511233886083,0.9285028139750164,0.1192880599449078,0.8807097454865773,0.9358450175573428,0.672825429836909,0.9267139196395874,"[0.08233333333333333, 0.3323333333333333, 0.1101111111111111, 0.08233333333333333, 0.3323333333333333, 0.1101111111111111, 0.3323333333333333, 0.08233333333333333, 0.3323333333333333, 0.1101111111111111, 0.08233333333333333, 0.3323333333333333, 0.1101111111111111, 0.499, 0.68, 0.34, 0.01, 0.76, 0.34, 0.01, 0.68, 0.84, 0.34, 0.23, 0.68, 0.01, 0.79, 0.01, 0.51, 0.01, 0.68, 0.84, 0.34, 0.23, 0.34, 0.68, 0.68, 0.68, 0.26, 0.01, 0.9, 0.51, 0.08233333333333333, 0.3323333333333333, 0.1101111111111111, 0.76, 0.68, 0.45, 0.34, 0.08233333333333333, 0.3323333333333333, 0.1101111111111111, 0.09, 0.01, 0.9, 0.51, 0.08233333333333333, 0.3323333333333333, 0.1101111111111111, 0.18, 0.01, 0.57]"
289,AAAAAAAAAAA2BAAJVTIP2UADQMAALATBPCSFARY_192,4,2,3,2634.686756899988,25,0.1089843094348907,0.8910156905651092,0.9420323272546132,0.6891503105560939,0.9337445576985676,0.105188192302982,0.8948091002802054,0.9440717928111552,0.6894714631140232,0.9332506815592448,"[0.08233333333333333, 0.3323333333333333, 0.1101111111111111, 0.08233333333333333, 0.3323333333333333, 0.1101111111111111, 0.3323333333333333, 0.08233333333333333, 0.3323333333333333, 0.1101111111111111, 0.08233333333333333, 0.3323333333333333, 0.1101111111111111, 0.499, 0.08233333333333333, 0.3323333333333333, 0.1101111111111111, 0.18, 0.34, 0.01, 0.34, 0.08233333333333333, 0.3323333333333333, 0.1101111111111111, 0.59, 0.68, 0.68, 0.51, 0.18, 0.34, 0.01, 0.84, 0.68, 0.68, 0.34, 0.08233333333333333, 0.3323333333333333, 0.1101111111111111, 0.93, 0.01, 0.23, 0.01, 0.08233333333333333, 0.3323333333333333, 0.1101111111111111, 0.26, 0.68, 0.01, 0.34, 0.18, 0.01, 0.34, 0.84, 0.01, 0.68, 0.01, 0.59, 0.34, 0.79, 0.09, 0.01, 0.57]"
290,ZQEAZQPNMABYTFVNWSI5JU6M3QXH3CQAF3YADRY_192,4,2,4,1231.1193247999763,25,0.0570045843720436,0.9429954156279564,0.9705616290370624,0.7168590769171714,0.945719623565674,0.0532497482995192,0.9467486536751192,0.9725578238566716,0.7190969669570525,0.9469719012578328,"[0.68, 0.68, 0.01, 0.26, 0.01, 0.01, 0.68, 0.18, 0.01, 0.12, 0.93, 0.68, 0.68, 0.51, 0.08233333333333333, 0.3323333333333333, 0.1101111111111111, 0.43, 0.01, 0.79, 0.68, 0.26, 0.68, 0.68, 0.34, 0.68, 0.45, 0.51, 0.26, 0.34, 0.12, 0.76, 0.34, 0.23, 0.34, 0.18, 0.68, 0.23, 0.18, 0.34, 0.9, 0.01, 0.51, 0.68, 0.23, 0.93, 0.68, 0.12, 0.34, 0.08233333333333333, 0.3323333333333333, 0.1101111111111111, 0.51, 0.68, 0.57, 0.51, 0.08233333333333333, 0.3323333333333333, 0.1101111111111111, 0.43, 0.01, 0.57]"
291,5RJ4Z5TFUAAWJHXGRAAHGEAAK6AAMHTJPYARJNI_192,4,2,4,2877.6399324999657,25,0.0704352388779322,0.9295647611220678,0.9633297304312388,0.7076472332080205,0.94232816696167,0.0658908184617757,0.934104822576046,0.9657623750468096,0.7090412467718125,0.9430181900660196,"[0.93, 0.68, 0.12, 0.59, 0.68, 0.9, 0.68, 0.18, 0.68, 0.45, 0.34, 0.34, 0.45, 0.51, 0.08233333333333333, 0.3323333333333333, 0.1101111111111111, 0.26, 0.68, 0.34, 0.34, 0.18, 0.68, 0.57, 0.18, 0.34, 0.12, 0.01, 0.08233333333333333, 0.3323333333333333, 0.1101111111111111, 0.43, 0.01, 0.9, 0.34, 0.08233333333333333, 0.3323333333333333, 0.1101111111111111, 0.09, 0.34, 0.57, 0.51, 0.08233333333333333, 0.3323333333333333, 0.1101111111111111, 0.18, 0.01, 0.23, 0.68, 0.18, 0.34, 0.34, 0.84, 0.68, 0.01, 0.01, 0.09, 0.01, 0.68, 0.26, 0.68, 0.68]"
292,AAAAAAAAAAAAAAAAAC3W3VWXQGAA3IQAOZIAB5Q_192,4,2,2,2671.322329400049,25,0.0991365070144335,0.9008634929855664,0.9474759817123412,0.6881666536132495,0.9331842422485352,0.1079417183995246,0.8920561945686738,0.9423219521840414,0.6822910021990538,0.9312835057576496,"[0.08233333333333333, 0.3323333333333333, 0.1101111111111111, 0.08233333333333333, 0.3323333333333333, 0.1101111111111111, 0.3323333333333333, 0.08233333333333333, 0.3323333333333333, 0.1101111111111111, 0.08233333333333333, 0.3323333333333333, 0.1101111111111111, 0.499, 0.08233333333333333, 0.3323333333333333, 0.1101111111111111, 0.08233333333333333, 0.3323333333333333, 0.1101111111111111, 0.3323333333333333, 0.08233333333333333, 0.3323333333333333, 0.1101111111111111, 0.08233333333333333, 0.3323333333333333, 0.1101111111111111, 0.499, 0.26, 0.68, 0.57, 0.34, 0.68, 0.57, 0.34, 0.34, 0.68, 0.68, 0.93, 0.01, 0.12, 0.51, 0.08233333333333333, 0.3323333333333333, 0.1101111111111111, 0.34, 0.68, 0.79, 0.34, 0.08233333333333333, 0.3323333333333333, 0.1101111111111111, 0.93, 0.68, 0.34, 0.51, 0.08233333333333333, 0.3323333333333333, 0.1101111111111111, 0.18, 0.68, 0.45]"
293,AAAAAAAAAZTKFLSGEAAGJU27YUABYATZMDGMJRA_192,4,2,3,1707.5008325999952,25,0.0967470690608024,0.9032529309391976,0.9489085947473844,0.6997571046153704,0.9372846603393554,0.0894722839196523,0.9104952368885278,0.952967085937659,0.703529528900981,0.9396145343780518,"[0.08233333333333333, 0.3323333333333333, 0.1101111111111111, 0.08233333333333333, 0.3323333333333333, 0.1101111111111111, 0.3323333333333333, 0.08233333333333333, 0.3323333333333333, 0.1101111111111111, 0.08233333333333333, 0.3323333333333333, 0.1101111111111111, 0.499, 0.18, 0.01, 0.9, 0.76, 0.34, 0.12, 0.34, 0.51, 0.68, 0.34, 0.18, 0.01, 0.79, 0.01, 0.08233333333333333, 0.3323333333333333, 0.1101111111111111, 0.34, 0.34, 0.23, 0.34, 0.18, 0.34, 0.57, 0.84, 0.01, 0.68, 0.01, 0.08233333333333333, 0.3323333333333333, 0.1101111111111111, 0.93, 0.01, 0.01, 0.34, 0.18, 0.68, 0.34, 0.68, 0.01, 0.45, 0.01, 0.68, 0.68, 0.12, 0.18, 0.01, 0.79]"
294,AAAAAAAAAAAAAAAAAAAMA76VGQAAVJ53HLYABDA_192,4,2,2,2000.003329100029,25,0.1173694665233294,0.8826305334766705,0.9370780438184738,0.6801164989670118,0.928217347462972,0.1206640247255563,0.8793323328097661,0.9349539135893186,0.6777089977016052,0.9267542123794557,"[0.08233333333333333, 0.3323333333333333, 0.1101111111111111, 0.08233333333333333, 0.3323333333333333, 0.1101111111111111, 0.3323333333333333, 0.08233333333333333, 0.3323333333333333, 0.1101111111111111, 0.08233333333333333, 0.3323333333333333, 0.1101111111111111, 0.499, 0.08233333333333333, 0.3323333333333333, 0.1101111111111111, 0.08233333333333333, 0.3323333333333333, 0.1101111111111111, 0.3323333333333333, 0.08233333333333333, 0.3323333333333333, 0.1101111111111111, 0.08233333333333333, 0.3323333333333333, 0.1101111111111111, 0.499, 0.08233333333333333, 0.3323333333333333, 0.1101111111111111, 0.68, 0.01, 0.12, 0.68, 0.84, 0.68, 0.68, 0.59, 0.68, 0.79, 0.01, 0.08233333333333333, 0.3323333333333333, 0.1101111111111111, 0.51, 0.34, 0.79, 0.68, 0.76, 0.68, 0.45, 0.43, 0.34, 0.57, 0.51, 0.08233333333333333, 0.3323333333333333, 0.1101111111111111, 0.26, 0.01, 0.9]"
295,AAAAAAAABOQ2LAAMGQAGKEAD2A4CMDXJCCAACTA_192,4,2,3,504.7960171999876,25,0.1579778765638669,0.842022123436133,0.9131641601522764,0.6501910770932834,0.9165111223856608,0.1565278583516677,0.8434669602662325,0.9139788654943308,0.6501576950152715,0.9153349002202352,"[0.08233333333333333, 0.3323333333333333, 0.1101111111111111, 0.08233333333333333, 0.3323333333333333, 0.1101111111111111, 0.3323333333333333, 0.08233333333333333, 0.3323333333333333, 0.1101111111111111, 0.08233333333333333, 0.3323333333333333, 0.1101111111111111, 0.499, 0.51, 0.68, 0.79, 0.18, 0.34, 0.34, 0.68, 0.08233333333333333, 0.3323333333333333, 0.1101111111111111, 0.34, 0.01, 0.45, 0.51, 0.08233333333333333, 0.3323333333333333, 0.1101111111111111, 0.34, 0.34, 0.79, 0.34, 0.08233333333333333, 0.3323333333333333, 0.1101111111111111, 0.84, 0.34, 0.01, 0.01, 0.43, 0.01, 0.12, 0.18, 0.01, 0.12, 0.68, 0.43, 0.34, 0.34, 0.26, 0.01, 0.79, 0.01, 0.08233333333333333, 0.3323333333333333, 0.1101111111111111, 0.51, 0.01, 0.9]"
296,AAAAAAAAAAAAAAAAAFYO2UAAYYAATYSZOB27DNQ_192,4,2,2,4179.915729,25,0.0538842166463534,0.9461157833536464,0.9722559183835984,0.7198432132601738,0.945687739054362,0.0504622081915537,0.9495341474811236,0.9740471560508012,0.7220166439811389,0.9472813447316488,"[0.08233333333333333, 0.3323333333333333, 0.1101111111111111, 0.08233333333333333, 0.3323333333333333, 0.1101111111111111, 0.3323333333333333, 0.08233333333333333, 0.3323333333333333, 0.1101111111111111, 0.08233333333333333, 0.3323333333333333, 0.1101111111111111, 0.499, 0.08233333333333333, 0.3323333333333333, 0.1101111111111111, 0.08233333333333333, 0.3323333333333333, 0.1101111111111111, 0.3323333333333333, 0.08233333333333333, 0.3323333333333333, 0.1101111111111111, 0.08233333333333333, 0.3323333333333333, 0.1101111111111111, 0.499, 0.51, 0.68, 0.01, 0.93, 0.68, 0.68, 0.34, 0.08233333333333333, 0.3323333333333333, 0.1101111111111111, 0.18, 0.01, 0.45, 0.01, 0.08233333333333333, 0.3323333333333333, 0.1101111111111111, 0.59, 0.68, 0.9, 0.34, 0.26, 0.68, 0.34, 0.93, 0.01, 0.23, 0.51, 0.51, 0.68, 0.9, 0.34, 0.68, 0.45]"
297,IHGDYABFPC3LRCGM4UC5DMADCO7YLBWKBCIAHBI_192,4,2,4,490.72911289997865,25,0.0562264810005823,0.9437735189994176,0.9709863300124804,0.7222501421968143,0.9464584350585936,0.0554603714495897,0.944477676600218,0.9713693052530288,0.722881430014968,0.9463849226633708,"[0.59, 0.01, 0.57, 0.18, 0.01, 0.23, 0.68, 0.08233333333333333, 0.3323333333333333, 0.1101111111111111, 0.26, 0.34, 0.68, 0.51, 0.68, 0.34, 0.45, 0.76, 0.34, 0.9, 0.34, 0.09, 0.01, 0.45, 0.34, 0.34, 0.9, 0.51, 0.59, 0.01, 0.68, 0.76, 0.01, 0.45, 0.68, 0.08233333333333333, 0.3323333333333333, 0.1101111111111111, 0.68, 0.34, 0.23, 0.51, 0.43, 0.68, 0.9, 0.26, 0.68, 0.01, 0.68, 0.34, 0.34, 0.79, 0.09, 0.01, 0.79, 0.51, 0.08233333333333333, 0.3323333333333333, 0.1101111111111111, 0.93, 0.01, 0.68]"
298,AAAAAAAAAAAAAAAAAAAPD7DTOCIJVJRACZYABEY_192,4,2,2,2540.450960300048,25,0.1493379851182301,0.8506620148817698,0.9183603008588156,0.6451513980825742,0.9180074055989584,0.1513347905129194,0.8486625262846549,0.9170403607189656,0.6397761025776466,0.9157772382100424,"[0.08233333333333333, 0.3323333333333333, 0.1101111111111111, 0.08233333333333333, 0.3323333333333333, 0.1101111111111111, 0.3323333333333333, 0.08233333333333333, 0.3323333333333333, 0.1101111111111111, 0.08233333333333333, 0.3323333333333333, 0.1101111111111111, 0.499, 0.08233333333333333, 0.3323333333333333, 0.1101111111111111, 0.08233333333333333, 0.3323333333333333, 0.1101111111111111, 0.3323333333333333, 0.08233333333333333, 0.3323333333333333, 0.1101111111111111, 0.08233333333333333, 0.3323333333333333, 0.1101111111111111, 0.499, 0.08233333333333333, 0.3323333333333333, 0.1101111111111111, 0.84, 0.01, 0.57, 0.68, 0.68, 0.34, 0.9, 0.76, 0.68, 0.01, 0.51, 0.26, 0.01, 0.79, 0.76, 0.34, 0.79, 0.68, 0.09, 0.01, 0.01, 0.26, 0.68, 0.23, 0.51, 0.08233333333333333, 0.3323333333333333, 0.1101111111111111, 0.26, 0.34, 0.23]"
299,AAAAAAAAAAALTLQ2EU3WKUAA2EAAIMUBH2QADTA_192,4,2,3,507.1912632000167,25,0.6576826478044192,0.3423173521955808,0.5082692712545395,0.2630544910828272,0.4010937372843424,0.649442067493995,0.3505521381894747,0.5171409336229166,0.2679989490658044,0.4073597828547159,"[0.08233333333333333, 0.3323333333333333, 0.1101111111111111, 0.08233333333333333, 0.3323333333333333, 0.1101111111111111, 0.3323333333333333, 0.08233333333333333, 0.3323333333333333, 0.1101111111111111, 0.08233333333333333, 0.3323333333333333, 0.1101111111111111, 0.499, 0.08233333333333333, 0.3323333333333333, 0.1101111111111111, 0.09, 0.34, 0.9, 0.68, 0.51, 0.68, 0.01, 0.76, 0.01, 0.79, 0.51, 0.59, 0.68, 0.57, 0.34, 0.34, 0.68, 0.34, 0.08233333333333333, 0.3323333333333333, 0.1101111111111111, 0.18, 0.34, 0.12, 0.01, 0.08233333333333333, 0.3323333333333333, 0.1101111111111111, 0.26, 0.01, 0.45, 0.34, 0.59, 0.01, 0.34, 0.43, 0.68, 0.68, 0.01, 0.08233333333333333, 0.3323333333333333, 0.1101111111111111, 0.43, 0.01, 0.9]"
300,KELVYABBMADQFAAGWRA7C4OMORYK3LQAHGLFJAA_192,4,2,4,691.6853467000183,25,0.0898108844955762,0.9101891155044238,0.9526642858982086,0.7027375598748525,0.9366822878519694,0.0932192080964644,0.906733586639166,0.9506299716730912,0.700711103156209,0.9358245531717936,"[0.51, 0.01, 0.79, 0.51, 0.68, 0.68, 0.68, 0.08233333333333333, 0.3323333333333333, 0.1101111111111111, 0.26, 0.01, 0.68, 0.51, 0.08233333333333333, 0.3323333333333333, 0.1101111111111111, 0.93, 0.01, 0.12, 0.34, 0.08233333333333333, 0.3323333333333333, 0.1101111111111111, 0.18, 0.34, 0.45, 0.51, 0.09, 0.01, 0.12, 0.84, 0.01, 0.68, 0.68, 0.09, 0.68, 0.23, 0.09, 0.68, 0.79, 0.01, 0.93, 0.01, 0.68, 0.34, 0.68, 0.68, 0.68, 0.08233333333333333, 0.3323333333333333, 0.1101111111111111, 0.43, 0.01, 0.9, 0.51, 0.34, 0.34, 0.68, 0.26, 0.01, 0.01]"
300,KELVYABBMADQFAAGWRA7C4OMORYK3LQAHGLFJAA_192,4,2,4,704.7532458239998,25,0.0880116363366445,0.9119883636633556,0.9537270133694012,0.7037291636069616,0.9368143717447917,0.0940674908459186,0.9059022407978772,0.9501622503002484,0.7009366504848004,0.9355679512023926,"[0.51, 0.01, 0.79, 0.51, 0.68, 0.68, 0.68, 0.08233333333333333, 0.3323333333333333, 0.1101111111111111, 0.26, 0.01, 0.68, 0.51, 0.08233333333333333, 0.3323333333333333, 0.1101111111111111, 0.93, 0.01, 0.12, 0.34, 0.08233333333333333, 0.3323333333333333, 0.1101111111111111, 0.18, 0.34, 0.45, 0.51, 0.09, 0.01, 0.12, 0.84, 0.01, 0.68, 0.68, 0.09, 0.68, 0.23, 0.09, 0.68, 0.79, 0.01, 0.93, 0.01, 0.68, 0.34, 0.68, 0.68, 0.68, 0.08233333333333333, 0.3323333333333333, 0.1101111111111111, 0.43, 0.01, 0.9, 0.51, 0.34, 0.34, 0.68, 0.26, 0.01, 0.01]"
301,AAAAAAAADKLWZAANTRZX35WQIGAAUARDSI2ABVI_192,4,2,3,8958.920935405,25,0.0942340061068534,0.9057659938931464,0.950259078045686,0.6923732995986939,0.9348203341166178,0.0987144507467746,0.9012787324686844,0.947574297959606,0.692007418970267,0.9347162008285522,"[0.08233333333333333, 0.3323333333333333, 0.1101111111111111, 0.08233333333333333, 0.3323333333333333, 0.1101111111111111, 0.3323333333333333, 0.08233333333333333, 0.3323333333333333, 0.1101111111111111, 0.08233333333333333, 0.3323333333333333, 0.1101111111111111, 0.499, 0.76, 0.34, 0.34, 0.93, 0.68, 0.45, 0.34, 0.08233333333333333, 0.3323333333333333, 0.1101111111111111, 0.34, 0.68, 0.23, 0.51, 0.09, 0.68, 0.23, 0.43, 0.68, 0.57, 0.68, 0.34, 0.68, 0.79, 0.09, 0.01, 0.12, 0.51, 0.08233333333333333, 0.3323333333333333, 0.1101111111111111, 0.51, 0.01, 0.01, 0.34, 0.09, 0.01, 0.57, 0.26, 0.34, 0.12, 0.51, 0.59, 0.01, 0.01, 0.18, 0.34, 0.68]"
302,YAISK4PPAADJTAAKU6JTDMABCKAAIEQABKYADRA_192,4,2,4,3227.573983258,25,0.6853541230161985,0.3146458769838015,0.4766818851232529,0.25225254346927,0.2877559026082357,0.6814845969279607,0.3185198713093996,0.4813242545972268,0.2548193031301101,0.2915725946426392,"[0.68, 0.01, 0.01, 0.59, 0.34, 0.34, 0.34, 0.51, 0.68, 0.12, 0.93, 0.68, 0.9, 0.01, 0.08233333333333333, 0.3323333333333333, 0.1101111111111111, 0.76, 0.01, 0.9, 0.68, 0.08233333333333333, 0.3323333333333333, 0.1101111111111111, 0.51, 0.34, 0.79, 0.51, 0.93, 0.34, 0.23, 0.18, 0.01, 0.45, 0.68, 0.08233333333333333, 0.3323333333333333, 0.1101111111111111, 0.59, 0.34, 0.34, 0.51, 0.08233333333333333, 0.3323333333333333, 0.1101111111111111, 0.26, 0.01, 0.34, 0.34, 0.08233333333333333, 0.3323333333333333, 0.1101111111111111, 0.09, 0.34, 0.68, 0.51, 0.08233333333333333, 0.3323333333333333, 0.1101111111111111, 0.43, 0.01, 0.79]"
303,AAAAAAAAAAAAAAAAAAAGDESTYYJMHKRBFBYADPA_192,4,2,2,480.8485430789988,25,0.1880439937114715,0.8119560062885285,0.894885870317618,0.5724848647912343,0.9066294352213542,0.2063650851448377,0.7936346831421057,0.8829479057341814,0.5606194761892159,0.898120395342509,"[0.08233333333333333, 0.3323333333333333, 0.1101111111111111, 0.08233333333333333, 0.3323333333333333, 0.1101111111111111, 0.3323333333333333, 0.08233333333333333, 0.3323333333333333, 0.1101111111111111, 0.08233333333333333, 0.3323333333333333, 0.1101111111111111, 0.499, 0.08233333333333333, 0.3323333333333333, 0.1101111111111111, 0.08233333333333333, 0.3323333333333333, 0.1101111111111111, 0.3323333333333333, 0.08233333333333333, 0.3323333333333333, 0.1101111111111111, 0.08233333333333333, 0.3323333333333333, 0.1101111111111111, 0.499, 0.08233333333333333, 0.3323333333333333, 0.1101111111111111, 0.34, 0.01, 0.45, 0.34, 0.26, 0.34, 0.79, 0.84, 0.01, 0.45, 0.01, 0.26, 0.34, 0.45, 0.09, 0.68, 0.68, 0.34, 0.09, 0.01, 0.34, 0.51, 0.01, 0.23, 0.51, 0.08233333333333333, 0.3323333333333333, 0.1101111111111111, 0.34, 0.68, 0.9]"
304,AAAAAAAAAAAAAAAAAAAE2EABWYAAFMQAHJ7UT5A_192,4,2,2,272.7774082959986,25,0.1466429675618807,0.8533570324381192,0.9202294285098712,0.6503987813989321,0.9215489705403646,0.1513734508305788,0.8486246788253387,0.9169864568859338,0.6465188113351663,0.9187295118967692,"[0.08233333333333333, 0.3323333333333333, 0.1101111111111111, 0.08233333333333333, 0.3323333333333333, 0.1101111111111111, 0.3323333333333333, 0.08233333333333333, 0.3323333333333333, 0.1101111111111111, 0.08233333333333333, 0.3323333333333333, 0.1101111111111111, 0.499, 0.08233333333333333, 0.3323333333333333, 0.1101111111111111, 0.08233333333333333, 0.3323333333333333, 0.1101111111111111, 0.3323333333333333, 0.08233333333333333, 0.3323333333333333, 0.1101111111111111, 0.08233333333333333, 0.3323333333333333, 0.1101111111111111, 0.499, 0.08233333333333333, 0.3323333333333333, 0.1101111111111111, 0.59, 0.68, 0.79, 0.34, 0.08233333333333333, 0.3323333333333333, 0.1101111111111111, 0.34, 0.68, 0.45, 0.01, 0.08233333333333333, 0.3323333333333333, 0.1101111111111111, 0.09, 0.34, 0.45, 0.34, 0.08233333333333333, 0.3323333333333333, 0.1101111111111111, 0.43, 0.34, 0.23, 0.51, 0.84, 0.34, 0.34, 0.43, 0.68, 0.79]"
305,AAAAAAAAAAAAAAAAAO3NBUADGYABZJQAHZAABPA_192,4,2,2,2922.786379686,25,0.0791898424426714,0.9208101575573284,0.9585054963827132,0.6917363127072652,0.9399273872375488,0.084976948176821,0.9150220832477012,0.9552733370413384,0.6876059882342815,0.9388667821884156,"[0.08233333333333333, 0.3323333333333333, 0.1101111111111111, 0.08233333333333333, 0.3323333333333333, 0.1101111111111111, 0.3323333333333333, 0.08233333333333333, 0.3323333333333333, 0.1101111111111111, 0.08233333333333333, 0.3323333333333333, 0.1101111111111111, 0.499, 0.08233333333333333, 0.3323333333333333, 0.1101111111111111, 0.08233333333333333, 0.3323333333333333, 0.1101111111111111, 0.3323333333333333, 0.08233333333333333, 0.3323333333333333, 0.1101111111111111, 0.08233333333333333, 0.3323333333333333, 0.1101111111111111, 0.499, 0.93, 0.68, 0.45, 0.76, 0.01, 0.23, 0.34, 0.08233333333333333, 0.3323333333333333, 0.1101111111111111, 0.68, 0.68, 0.45, 0.01, 0.08233333333333333, 0.3323333333333333, 0.1101111111111111, 0.93, 0.34, 0.79, 0.68, 0.08233333333333333, 0.3323333333333333, 0.1101111111111111, 0.43, 0.68, 0.34, 0.01, 0.08233333333333333, 0.3323333333333333, 0.1101111111111111, 0.26, 0.68, 0.9]"
306,AAAAAAAAAAB6LJ4DQHJEGPZR22ABTY5CH3GQBFQ_192,4,2,3,637.5113364579993,25,0.0529469485084215,0.9470530514915784,0.9727577765782676,0.711422506471475,0.9458821614583334,0.0469302306572596,0.9530663752307494,0.9759202547371388,0.7152956927816073,0.9480190674463908,"[0.08233333333333333, 0.3323333333333333, 0.1101111111111111, 0.08233333333333333, 0.3323333333333333, 0.1101111111111111, 0.3323333333333333, 0.08233333333333333, 0.3323333333333333, 0.1101111111111111, 0.08233333333333333, 0.3323333333333333, 0.1101111111111111, 0.499, 0.08233333333333333, 0.3323333333333333, 0.1101111111111111, 0.43, 0.68, 0.34, 0.68, 0.59, 0.68, 0.9, 0.09, 0.68, 0.01, 0.01, 0.43, 0.34, 0.34, 0.59, 0.01, 0.9, 0.68, 0.84, 0.01, 0.9, 0.43, 0.34, 0.45, 0.51, 0.08233333333333333, 0.3323333333333333, 0.1101111111111111, 0.68, 0.68, 0.9, 0.34, 0.76, 0.01, 0.79, 0.43, 0.68, 0.45, 0.01, 0.76, 0.01, 0.01, 0.26, 0.34, 0.45]"
307,PUIQ7BZREAASJAAETMIRYEKYWQAAIHXJEDAADTA_192,4,2,4,1065.5637909510006,25,0.1030481298764546,0.8969518701235454,0.94512263884147,0.6991680840651194,0.9349186897277832,0.1041852487872044,0.8957809756199518,0.9445611669371524,0.6984694194048643,0.9329813400904338,"[0.43, 0.68, 0.79, 0.59, 0.34, 0.01, 0.68, 0.93, 0.01, 0.57, 0.18, 0.01, 0.79, 0.51, 0.08233333333333333, 0.3323333333333333, 0.1101111111111111, 0.26, 0.34, 0.34, 0.34, 0.08233333333333333, 0.3323333333333333, 0.1101111111111111, 0.26, 0.34, 0.23, 0.01, 0.68, 0.34, 0.12, 0.09, 0.68, 0.01, 0.34, 0.09, 0.34, 0.45, 0.26, 0.68, 0.79, 0.01, 0.08233333333333333, 0.3323333333333333, 0.1101111111111111, 0.26, 0.01, 0.23, 0.68, 0.43, 0.34, 0.34, 0.59, 0.01, 0.45, 0.01, 0.08233333333333333, 0.3323333333333333, 0.1101111111111111, 0.43, 0.01, 0.9]"
308,AAAAAAAAAAAAAAAAAAAEL4SZGUABUDQABJCNWMA_192,4,2,2,359.90481043600084,25,0.0897006238500277,0.9102993761499724,0.9527514790495236,0.6949519564708074,0.937375322977702,0.0972385805100202,0.9027597684413194,0.9484304435551166,0.6891686161359151,0.9355332851409912,"[0.08233333333333333, 0.3323333333333333, 0.1101111111111111, 0.08233333333333333, 0.3323333333333333, 0.1101111111111111, 0.3323333333333333, 0.08233333333333333, 0.3323333333333333, 0.1101111111111111, 0.08233333333333333, 0.3323333333333333, 0.1101111111111111, 0.499, 0.08233333333333333, 0.3323333333333333, 0.1101111111111111, 0.08233333333333333, 0.3323333333333333, 0.1101111111111111, 0.3323333333333333, 0.08233333333333333, 0.3323333333333333, 0.1101111111111111, 0.08233333333333333, 0.3323333333333333, 0.1101111111111111, 0.499, 0.08233333333333333, 0.3323333333333333, 0.1101111111111111, 0.59, 0.34, 0.57, 0.68, 0.26, 0.34, 0.45, 0.59, 0.68, 0.68, 0.01, 0.08233333333333333, 0.3323333333333333, 0.1101111111111111, 0.76, 0.01, 0.12, 0.68, 0.08233333333333333, 0.3323333333333333, 0.1101111111111111, 0.09, 0.34, 0.34, 0.01, 0.59, 0.68, 0.45, 0.68, 0.68, 0.01]"
309,AAAAAAAAAAAAAAAAABBGBEIZBQAB7CRIG6AABVI_192,4,2,2,393.9070896789999,25,0.6759526029229164,0.3240473970770836,0.4877930874625841,0.2591812307635943,0.2967925071716308,0.6837772648781538,0.316191096479694,0.4786095861345529,0.25400502619644,0.2893134435017904,"[0.08233333333333333, 0.3323333333333333, 0.1101111111111111, 0.08233333333333333, 0.3323333333333333, 0.1101111111111111, 0.3323333333333333, 0.08233333333333333, 0.3323333333333333, 0.1101111111111111, 0.08233333333333333, 0.3323333333333333, 0.1101111111111111, 0.499, 0.08233333333333333, 0.3323333333333333, 0.1101111111111111, 0.08233333333333333, 0.3323333333333333, 0.1101111111111111, 0.3323333333333333, 0.08233333333333333, 0.3323333333333333, 0.1101111111111111, 0.08233333333333333, 0.3323333333333333, 0.1101111111111111, 0.499, 0.09, 0.01, 0.34, 0.34, 0.01, 0.34, 0.34, 0.09, 0.01, 0.45, 0.59, 0.01, 0.9, 0.01, 0.08233333333333333, 0.3323333333333333, 0.1101111111111111, 0.84, 0.68, 0.12, 0.34, 0.09, 0.34, 0.01, 0.34, 0.68, 0.9, 0.01, 0.08233333333333333, 0.3323333333333333, 0.1101111111111111, 0.18, 0.34, 0.68]"
310,AANWYAD7FGIWZAAKD6DOLM2BASQK7IQAMCCQ7QA_192,4,2,4,942.777004779,25,0.095873919626077,0.904126080373923,0.9492147609591484,0.7059237594405811,0.9353099822998048,0.0914607009540001,0.9086253362397352,0.9518233572443326,0.7082423047473033,0.9375620126724244,"[0.08233333333333333, 0.3323333333333333, 0.1101111111111111, 0.34, 0.68, 0.45, 0.68, 0.08233333333333333, 0.3323333333333333, 0.1101111111111111, 0.43, 0.68, 0.9, 0.51, 0.59, 0.68, 0.34, 0.26, 0.68, 0.45, 0.34, 0.08233333333333333, 0.3323333333333333, 0.1101111111111111, 0.51, 0.01, 0.23, 0.51, 0.93, 0.01, 0.45, 0.93, 0.34, 0.45, 0.68, 0.18, 0.34, 0.01, 0.59, 0.01, 0.79, 0.51, 0.59, 0.01, 0.68, 0.43, 0.68, 0.79, 0.34, 0.08233333333333333, 0.3323333333333333, 0.1101111111111111, 0.68, 0.01, 0.79, 0.01, 0.51, 0.01, 0.23, 0.84, 0.01, 0.01]"
311,AAAAAAAAA2QTTAA2SQAC3M6L26FCHCWAMIAAHTA_192,4,2,3,1585.6427709180025,25,0.1543189764022827,0.8456810235977172,0.9152304857969285,0.6488111207882563,0.9175255457560222,0.1664225003371636,0.8335751297573248,0.9079625632613896,0.6362479499230782,0.9132195870081584,"[0.08233333333333333, 0.3323333333333333, 0.1101111111111111, 0.08233333333333333, 0.3323333333333333, 0.1101111111111111, 0.3323333333333333, 0.08233333333333333, 0.3323333333333333, 0.1101111111111111, 0.08233333333333333, 0.3323333333333333, 0.1101111111111111, 0.499, 0.18, 0.34, 0.79, 0.26, 0.34, 0.9, 0.68, 0.08233333333333333, 0.3323333333333333, 0.1101111111111111, 0.76, 0.34, 0.34, 0.51, 0.08233333333333333, 0.3323333333333333, 0.1101111111111111, 0.26, 0.68, 0.45, 0.68, 0.18, 0.68, 0.34, 0.84, 0.34, 0.57, 0.51, 0.09, 0.34, 0.12, 0.09, 0.68, 0.12, 0.34, 0.34, 0.01, 0.01, 0.68, 0.34, 0.01, 0.01, 0.08233333333333333, 0.3323333333333333, 0.1101111111111111, 0.84, 0.01, 0.9]"
312,AA4QYACQUAB65AACWBLFAUABAILMJOQAOAAADEY_192,4,2,4,2017.0719538970009,25,0.1116511806845665,0.8883488193154335,0.9404042919476828,0.6925660918156306,0.9318372090657552,0.1078807414819797,0.8921071629971266,0.9423959720879792,0.6934224812934796,0.9319852113723754,"[0.08233333333333333, 0.3323333333333333, 0.1101111111111111, 0.93, 0.34, 0.01, 0.68, 0.08233333333333333, 0.3323333333333333, 0.1101111111111111, 0.51, 0.01, 0.34, 0.51, 0.08233333333333333, 0.3323333333333333, 0.1101111111111111, 0.43, 0.68, 0.57, 0.34, 0.08233333333333333, 0.3323333333333333, 0.1101111111111111, 0.09, 0.34, 0.45, 0.01, 0.09, 0.34, 0.45, 0.51, 0.01, 0.12, 0.34, 0.08233333333333333, 0.3323333333333333, 0.1101111111111111, 0.59, 0.01, 0.34, 0.01, 0.26, 0.68, 0.45, 0.26, 0.34, 0.57, 0.34, 0.08233333333333333, 0.3323333333333333, 0.1101111111111111, 0.93, 0.01, 0.01, 0.01, 0.08233333333333333, 0.3323333333333333, 0.1101111111111111, 0.34, 0.34, 0.23]"
313,AA4UYADAEAASV6TKBG3WDFAF2IABTBUCHBQAGMY_192,4,2,4,2488.694692085999,25,0.0713455617427825,0.9286544382572174,0.962826015551885,0.7076525722940763,0.9420845985412598,0.0687390220661958,0.931257988512516,0.964274280766646,0.7087718625863393,0.943057672182719,"[0.08233333333333333, 0.3323333333333333, 0.1101111111111111, 0.93, 0.34, 0.79, 0.68, 0.08233333333333333, 0.3323333333333333, 0.1101111111111111, 0.34, 0.01, 0.01, 0.51, 0.08233333333333333, 0.3323333333333333, 0.1101111111111111, 0.26, 0.34, 0.68, 0.34, 0.84, 0.34, 0.23, 0.51, 0.01, 0.12, 0.01, 0.34, 0.68, 0.57, 0.34, 0.01, 0.45, 0.34, 0.59, 0.01, 0.12, 0.43, 0.34, 0.34, 0.01, 0.08233333333333333, 0.3323333333333333, 0.1101111111111111, 0.68, 0.68, 0.01, 0.68, 0.59, 0.01, 0.79, 0.43, 0.01, 0.23, 0.01, 0.08233333333333333, 0.3323333333333333, 0.1101111111111111, 0.68, 0.68, 0.23]"
314,AAAAAAAAAAAAAAAAADAO3MABAUAAIEQAG3AACVY_192,4,2,2,1554.1773215680005,25,0.1924952909350395,0.8075047090649605,0.8913447106877963,0.6123274972041448,0.9043163299560548,0.2186702686051527,0.7813280055920283,0.8747874112178882,0.59316712419192,0.8940494060516357,"[0.08233333333333333, 0.3323333333333333, 0.1101111111111111, 0.08233333333333333, 0.3323333333333333, 0.1101111111111111, 0.3323333333333333, 0.08233333333333333, 0.3323333333333333, 0.1101111111111111, 0.08233333333333333, 0.3323333333333333, 0.1101111111111111, 0.499, 0.08233333333333333, 0.3323333333333333, 0.1101111111111111, 0.08233333333333333, 0.3323333333333333, 0.1101111111111111, 0.3323333333333333, 0.08233333333333333, 0.3323333333333333, 0.1101111111111111, 0.08233333333333333, 0.3323333333333333, 0.1101111111111111, 0.499, 0.18, 0.01, 0.01, 0.93, 0.68, 0.45, 0.68, 0.08233333333333333, 0.3323333333333333, 0.1101111111111111, 0.59, 0.01, 0.68, 0.01, 0.08233333333333333, 0.3323333333333333, 0.1101111111111111, 0.26, 0.01, 0.34, 0.34, 0.08233333333333333, 0.3323333333333333, 0.1101111111111111, 0.34, 0.68, 0.45, 0.01, 0.08233333333333333, 0.3323333333333333, 0.1101111111111111, 0.51, 0.34, 0.57]"
315,AAAAAAAABI76BAAFWQANA4ABWGAARA4DWAQADBQ_192,4,2,3,2162.0711297680027,25,0.0850430364410082,0.9149569635589916,0.955202904343605,0.6999646802743276,0.9377488772074382,0.0856208957731723,0.914376421396931,0.9548922436932724,0.699994495138526,0.937379010518392,"[0.08233333333333333, 0.3323333333333333, 0.1101111111111111, 0.08233333333333333, 0.3323333333333333, 0.1101111111111111, 0.3323333333333333, 0.08233333333333333, 0.3323333333333333, 0.1101111111111111, 0.08233333333333333, 0.3323333333333333, 0.1101111111111111, 0.499, 0.51, 0.01, 0.57, 0.84, 0.68, 0.01, 0.34, 0.08233333333333333, 0.3323333333333333, 0.1101111111111111, 0.26, 0.68, 0.45, 0.51, 0.08233333333333333, 0.3323333333333333, 0.1101111111111111, 0.76, 0.01, 0.12, 0.68, 0.08233333333333333, 0.3323333333333333, 0.1101111111111111, 0.34, 0.68, 0.12, 0.51, 0.08233333333333333, 0.3323333333333333, 0.1101111111111111, 0.59, 0.34, 0.01, 0.34, 0.68, 0.01, 0.57, 0.34, 0.01, 0.12, 0.01, 0.08233333333333333, 0.3323333333333333, 0.1101111111111111, 0.34, 0.01, 0.45]"
316,AAAAAAAAAAAAAAAAAAAFBEADASAAYHW2N2IADRI_192,4,2,2,531.2669049219985,25,0.1663696145017942,0.8336303854982058,0.908185039460659,0.648449961344401,0.9086529413859048,0.1739682401220003,0.8260281483332316,0.9027564150591691,0.6400256502131622,0.9086907704671224,"[0.08233333333333333, 0.3323333333333333, 0.1101111111111111, 0.08233333333333333, 0.3323333333333333, 0.1101111111111111, 0.3323333333333333, 0.08233333333333333, 0.3323333333333333, 0.1101111111111111, 0.08233333333333333, 0.3323333333333333, 0.1101111111111111, 0.499, 0.08233333333333333, 0.3323333333333333, 0.1101111111111111, 0.08233333333333333, 0.3323333333333333, 0.1101111111111111, 0.3323333333333333, 0.08233333333333333, 0.3323333333333333, 0.1101111111111111, 0.08233333333333333, 0.3323333333333333, 0.1101111111111111, 0.499, 0.08233333333333333, 0.3323333333333333, 0.1101111111111111, 0.51, 0.01, 0.34, 0.34, 0.08233333333333333, 0.3323333333333333, 0.1101111111111111, 0.68, 0.01, 0.79, 0.51, 0.08233333333333333, 0.3323333333333333, 0.1101111111111111, 0.34, 0.01, 0.23, 0.68, 0.34, 0.68, 0.79, 0.76, 0.68, 0.79, 0.51, 0.08233333333333333, 0.3323333333333333, 0.1101111111111111, 0.43, 0.01, 0.68]"
317,AAAAAAAAAABALAA2UXK4IUADK6AAYBRIRCIAB5Y_192,4,2,3,1269.7670018479985,25,0.0738374690214793,0.9261625309785207,0.96147561420997,0.7083195060491562,0.9398666381835936,0.0784276115397612,0.921569708486398,0.9588742385307948,0.70486949061354,0.9399608294169108,"[0.08233333333333333, 0.3323333333333333, 0.1101111111111111, 0.08233333333333333, 0.3323333333333333, 0.1101111111111111, 0.3323333333333333, 0.08233333333333333, 0.3323333333333333, 0.1101111111111111, 0.08233333333333333, 0.3323333333333333, 0.1101111111111111, 0.499, 0.08233333333333333, 0.3323333333333333, 0.1101111111111111, 0.59, 0.01, 0.34, 0.68, 0.08233333333333333, 0.3323333333333333, 0.1101111111111111, 0.76, 0.34, 0.79, 0.51, 0.43, 0.34, 0.68, 0.68, 0.34, 0.12, 0.34, 0.08233333333333333, 0.3323333333333333, 0.1101111111111111, 0.76, 0.34, 0.57, 0.51, 0.08233333333333333, 0.3323333333333333, 0.1101111111111111, 0.34, 0.01, 0.01, 0.68, 0.09, 0.34, 0.12, 0.09, 0.01, 0.79, 0.51, 0.08233333333333333, 0.3323333333333333, 0.1101111111111111, 0.18, 0.68, 0.57]"
318,AAYVYAH5VSMOHLUYEN3WAUADSIAAMPTIW3YAH5Q_192,4,2,4,3789.810710235004,25,0.08411262879769,0.91588737120231,0.9558032363653184,0.696940332154433,0.9393884976704916,0.0882918801158666,0.9117060550798972,0.9533437135318916,0.694082501406471,0.9372162421544392,"[0.08233333333333333, 0.3323333333333333, 0.1101111111111111, 0.68, 0.34, 0.68, 0.68, 0.08233333333333333, 0.3323333333333333, 0.1101111111111111, 0.84, 0.68, 0.45, 0.51, 0.34, 0.34, 0.23, 0.09, 0.68, 0.12, 0.68, 0.51, 0.68, 0.79, 0.68, 0.01, 0.79, 0.01, 0.76, 0.68, 0.57, 0.34, 0.01, 0.12, 0.34, 0.08233333333333333, 0.3323333333333333, 0.1101111111111111, 0.93, 0.34, 0.34, 0.01, 0.08233333333333333, 0.3323333333333333, 0.1101111111111111, 0.18, 0.01, 0.57, 0.68, 0.18, 0.34, 0.12, 0.34, 0.68, 0.57, 0.51, 0.08233333333333333, 0.3323333333333333, 0.1101111111111111, 0.84, 0.68, 0.45]"
319,AAAAAAAAAAAAAAAAAAAN2UABW2AB7OQAGLYU2VI_192,4,2,2,1825.3721081669937,25,0.0956400091449419,0.904359990855058,0.949381270011266,0.6901974861820539,0.934097385406494,0.101671839877963,0.8983255378901959,0.945864234988888,0.6877374768257141,0.9333039045333862,"[0.08233333333333333, 0.3323333333333333, 0.1101111111111111, 0.08233333333333333, 0.3323333333333333, 0.1101111111111111, 0.3323333333333333, 0.08233333333333333, 0.3323333333333333, 0.1101111111111111, 0.08233333333333333, 0.3323333333333333, 0.1101111111111111, 0.499, 0.08233333333333333, 0.3323333333333333, 0.1101111111111111, 0.08233333333333333, 0.3323333333333333, 0.1101111111111111, 0.3323333333333333, 0.08233333333333333, 0.3323333333333333, 0.1101111111111111, 0.08233333333333333, 0.3323333333333333, 0.1101111111111111, 0.499, 0.08233333333333333, 0.3323333333333333, 0.1101111111111111, 0.76, 0.68, 0.68, 0.34, 0.08233333333333333, 0.3323333333333333, 0.1101111111111111, 0.34, 0.68, 0.45, 0.51, 0.08233333333333333, 0.3323333333333333, 0.1101111111111111, 0.84, 0.68, 0.57, 0.34, 0.08233333333333333, 0.3323333333333333, 0.1101111111111111, 0.34, 0.34, 0.57, 0.51, 0.09, 0.34, 0.23, 0.51, 0.34, 0.68]"
320,AAAAAAAAAADG7AAIRCKGJEADGPQGJC62E2IACBI_192,4,2,3,821.8886935600021,25,0.0772624060511589,0.9227375939488413,0.9595939954121908,0.7072373355428377,0.9410298029581706,0.0762211099267005,0.9237773610899844,0.960138250142336,0.7062047840406497,0.9408405701319376,"[0.08233333333333333, 0.3323333333333333, 0.1101111111111111, 0.08233333333333333, 0.3323333333333333, 0.1101111111111111, 0.3323333333333333, 0.08233333333333333, 0.3323333333333333, 0.1101111111111111, 0.08233333333333333, 0.3323333333333333, 0.1101111111111111, 0.499, 0.08233333333333333, 0.3323333333333333, 0.1101111111111111, 0.68, 0.68, 0.57, 0.68, 0.08233333333333333, 0.3323333333333333, 0.1101111111111111, 0.59, 0.34, 0.12, 0.01, 0.26, 0.34, 0.79, 0.34, 0.34, 0.34, 0.34, 0.08233333333333333, 0.3323333333333333, 0.1101111111111111, 0.68, 0.68, 0.23, 0.51, 0.68, 0.01, 0.23, 0.26, 0.34, 0.12, 0.34, 0.93, 0.68, 0.79, 0.59, 0.68, 0.79, 0.51, 0.08233333333333333, 0.3323333333333333, 0.1101111111111111, 0.59, 0.01, 0.68]"
321,AAAAAAAAATTCLJVYAQAE2MAAYKNIXFWYVCCVRQA_192,4,2,3,814.0510897489949,25,0.0775967642664909,0.922403235733509,0.9593243305881818,0.7000438829263051,0.9402648289998372,0.0773283296575148,0.922670464590192,0.9594792826722066,0.699874273315072,0.9397520224253336,"[0.08233333333333333, 0.3323333333333333, 0.1101111111111111, 0.08233333333333333, 0.3323333333333333, 0.1101111111111111, 0.3323333333333333, 0.08233333333333333, 0.3323333333333333, 0.1101111111111111, 0.08233333333333333, 0.3323333333333333, 0.1101111111111111, 0.499, 0.26, 0.34, 0.9, 0.68, 0.34, 0.34, 0.68, 0.59, 0.68, 0.68, 0.68, 0.01, 0.01, 0.51, 0.08233333333333333, 0.3323333333333333, 0.1101111111111111, 0.59, 0.68, 0.79, 0.68, 0.08233333333333333, 0.3323333333333333, 0.1101111111111111, 0.18, 0.01, 0.34, 0.51, 0.18, 0.34, 0.79, 0.51, 0.68, 0.34, 0.68, 0.34, 0.68, 0.12, 0.51, 0.01, 0.79, 0.01, 0.51, 0.34, 0.45, 0.18, 0.01, 0.01]"
322,ECOTJPGQUADG5GRIRAAOYN65GWABYBQACICBRAA_192,4,2,4,862.2155977869988,25,0.062734609345595,0.937265390654405,0.9674986759821574,0.7077542394399643,0.94313809076945,0.0633568348983923,0.9366417535891136,0.9671373085429272,0.7073195815086365,0.9438958247502643,"[0.26, 0.01, 0.34, 0.43, 0.34, 0.23, 0.34, 0.26, 0.68, 0.9, 0.76, 0.01, 0.34, 0.51, 0.08233333333333333, 0.3323333333333333, 0.1101111111111111, 0.68, 0.68, 0.57, 0.34, 0.18, 0.34, 0.12, 0.59, 0.34, 0.12, 0.01, 0.08233333333333333, 0.3323333333333333, 0.1101111111111111, 0.93, 0.68, 0.01, 0.68, 0.43, 0.68, 0.57, 0.59, 0.68, 0.68, 0.51, 0.08233333333333333, 0.3323333333333333, 0.1101111111111111, 0.93, 0.01, 0.01, 0.68, 0.08233333333333333, 0.3323333333333333, 0.1101111111111111, 0.26, 0.34, 0.01, 0.01, 0.59, 0.01, 0.45, 0.26, 0.01, 0.01]"
323,AAFWYAG5FCLA3HVODAAC6P2IWFQLVPQAGODNTFY_192,4,2,4,753.6817962040004,25,0.0831003591418266,0.9168996408581732,0.9564346492290496,0.7085217396418254,0.9394728660583496,0.0828384159753719,0.9171546753495932,0.9565170379976432,0.7079053631673257,0.9396785974502564,"[0.08233333333333333, 0.3323333333333333, 0.1101111111111111, 0.26, 0.68, 0.45, 0.68, 0.08233333333333333, 0.3323333333333333, 0.1101111111111111, 0.76, 0.68, 0.79, 0.51, 0.59, 0.34, 0.34, 0.68, 0.01, 0.45, 0.68, 0.18, 0.68, 0.68, 0.43, 0.01, 0.23, 0.01, 0.08233333333333333, 0.3323333333333333, 0.1101111111111111, 0.26, 0.68, 0.9, 0.68, 0.84, 0.34, 0.34, 0.26, 0.68, 0.12, 0.01, 0.68, 0.01, 0.68, 0.76, 0.34, 0.57, 0.68, 0.08233333333333333, 0.3323333333333333, 0.1101111111111111, 0.34, 0.34, 0.9, 0.01, 0.34, 0.68, 0.45, 0.34, 0.34, 0.57]"
324,AAYMKQD44WV6LAAGTAAHCMADIQQATA6CFJT4BEY_192,4,2,4,589.5528935370021,25,0.0707147826751073,0.9292852173248928,0.9632343004147212,0.7117716322342554,0.942155170440674,0.0638724748045206,0.9361178543418646,0.9668886318802834,0.71528970922033,0.9444636265436808,"[0.08233333333333333, 0.3323333333333333, 0.1101111111111111, 0.68, 0.01, 0.9, 0.34, 0.51, 0.01, 0.01, 0.43, 0.68, 0.23, 0.51, 0.26, 0.68, 0.68, 0.43, 0.68, 0.34, 0.68, 0.08233333333333333, 0.3323333333333333, 0.1101111111111111, 0.18, 0.34, 0.23, 0.01, 0.08233333333333333, 0.3323333333333333, 0.1101111111111111, 0.43, 0.01, 0.79, 0.68, 0.08233333333333333, 0.3323333333333333, 0.1101111111111111, 0.76, 0.01, 0.79, 0.01, 0.59, 0.01, 0.01, 0.59, 0.68, 0.01, 0.34, 0.93, 0.01, 0.79, 0.51, 0.34, 0.23, 0.01, 0.43, 0.68, 0.01, 0.26, 0.34, 0.23]"
325,AA6BIACQQAAYNAAYSG3BL4Y5QXRE5O4DFJGDBVQ_192,4,2,4,727.7789460009953,25,0.1438942397634188,0.8561057602365811,0.9216568663716316,0.6421049202481905,0.922724437713623,0.1456100049118201,0.8543853800743818,0.9207636176298062,0.6406089793890715,0.9220309813817342,"[0.08233333333333333, 0.3323333333333333, 0.1101111111111111, 0.84, 0.01, 0.12, 0.34, 0.08233333333333333, 0.3323333333333333, 0.1101111111111111, 0.51, 0.01, 0.34, 0.01, 0.08233333333333333, 0.3323333333333333, 0.1101111111111111, 0.18, 0.01, 0.23, 0.34, 0.08233333333333333, 0.3323333333333333, 0.1101111111111111, 0.68, 0.34, 0.34, 0.01, 0.34, 0.68, 0.45, 0.09, 0.34, 0.57, 0.68, 0.18, 0.01, 0.57, 0.34, 0.01, 0.68, 0.51, 0.68, 0.34, 0.34, 0.43, 0.34, 0.57, 0.34, 0.68, 0.01, 0.45, 0.51, 0.34, 0.34, 0.01, 0.68, 0.01, 0.9, 0.18, 0.34, 0.45]"
326,AAAAAAAAAAAAAAAAAHCEA5OM2EAA4NQAMCYACMQ_192,4,2,2,473.22044007800287,25,0.1711717903614044,0.8288282096385956,0.9053616618116695,0.6489391456047694,0.907412052154541,0.1430301487445831,0.8568240092446406,0.9218592333296934,0.6574377126991748,0.9192033449808756,"[0.08233333333333333, 0.3323333333333333, 0.1101111111111111, 0.08233333333333333, 0.3323333333333333, 0.1101111111111111, 0.3323333333333333, 0.08233333333333333, 0.3323333333333333, 0.1101111111111111, 0.08233333333333333, 0.3323333333333333, 0.1101111111111111, 0.499, 0.08233333333333333, 0.3323333333333333, 0.1101111111111111, 0.08233333333333333, 0.3323333333333333, 0.1101111111111111, 0.3323333333333333, 0.08233333333333333, 0.3323333333333333, 0.1101111111111111, 0.08233333333333333, 0.3323333333333333, 0.1101111111111111, 0.499, 0.43, 0.01, 0.79, 0.59, 0.01, 0.12, 0.68, 0.51, 0.68, 0.23, 0.18, 0.34, 0.12, 0.01, 0.08233333333333333, 0.3323333333333333, 0.1101111111111111, 0.43, 0.01, 0.45, 0.68, 0.08233333333333333, 0.3323333333333333, 0.1101111111111111, 0.68, 0.01, 0.68, 0.51, 0.08233333333333333, 0.3323333333333333, 0.1101111111111111, 0.59, 0.68, 0.34]"
327,AAAAAAAAAAAAAAAAAFZSCEAAYMAAEGQAGLDNLMA_192,4,2,2,143.75950605300022,25,0.1835881610711415,0.8164118389288585,0.8973303005099297,0.6225467254718144,0.9089619636535644,0.1903033699840307,0.809693843871355,0.8931585447241862,0.6151464899381002,0.905222741762797,"[0.08233333333333333, 0.3323333333333333, 0.1101111111111111, 0.08233333333333333, 0.3323333333333333, 0.1101111111111111, 0.3323333333333333, 0.08233333333333333, 0.3323333333333333, 0.1101111111111111, 0.08233333333333333, 0.3323333333333333, 0.1101111111111111, 0.499, 0.08233333333333333, 0.3323333333333333, 0.1101111111111111, 0.08233333333333333, 0.3323333333333333, 0.1101111111111111, 0.3323333333333333, 0.08233333333333333, 0.3323333333333333, 0.1101111111111111, 0.08233333333333333, 0.3323333333333333, 0.1101111111111111, 0.499, 0.51, 0.68, 0.23, 0.26, 0.01, 0.79, 0.34, 0.08233333333333333, 0.3323333333333333, 0.1101111111111111, 0.18, 0.01, 0.23, 0.01, 0.08233333333333333, 0.3323333333333333, 0.1101111111111111, 0.09, 0.01, 0.23, 0.34, 0.08233333333333333, 0.3323333333333333, 0.1101111111111111, 0.34, 0.34, 0.45, 0.01, 0.34, 0.68, 0.68, 0.34, 0.68, 0.01]"
328,YRZU3N6VUADKJAALTAAFAEAAI6ME5MUJSZ2AJ5A_192,4,2,4,1388.373941273996,25,0.0596945027510325,0.9403054972489676,0.969110650320848,0.7110535581906636,0.9451287269592286,0.0558505728840827,0.9441483795642852,0.9711863866696756,0.7128397103399038,0.9456325451533,"[0.68, 0.34, 0.12, 0.68, 0.68, 0.79, 0.68, 0.34, 0.68, 0.57, 0.76, 0.34, 0.45, 0.51, 0.08233333333333333, 0.3323333333333333, 0.1101111111111111, 0.76, 0.34, 0.34, 0.34, 0.08233333333333333, 0.3323333333333333, 0.1101111111111111, 0.51, 0.68, 0.23, 0.01, 0.08233333333333333, 0.3323333333333333, 0.1101111111111111, 0.51, 0.01, 0.01, 0.34, 0.08233333333333333, 0.3323333333333333, 0.1101111111111111, 0.09, 0.01, 0.57, 0.51, 0.18, 0.01, 0.34, 0.43, 0.34, 0.45, 0.34, 0.59, 0.34, 0.23, 0.26, 0.68, 0.23, 0.51, 0.59, 0.01, 0.12, 0.18, 0.68, 0.79]"
329,AAAAAAAADKJCLAAYMAAEGFSHAIAB4DVBVJ35RMA_192,4,2,3,888.9734502489955,25,0.6822023212909698,0.3177976787090301,0.4805539081494013,0.2631123627225558,0.2902714093526204,0.6819496676325798,0.3180697429925203,0.4808272369205951,0.2633159761627515,0.2909437179565429,"[0.08233333333333333, 0.3323333333333333, 0.1101111111111111, 0.08233333333333333, 0.3323333333333333, 0.1101111111111111, 0.3323333333333333, 0.08233333333333333, 0.3323333333333333, 0.1101111111111111, 0.08233333333333333, 0.3323333333333333, 0.1101111111111111, 0.499, 0.76, 0.34, 0.34, 0.59, 0.34, 0.34, 0.68, 0.08233333333333333, 0.3323333333333333, 0.1101111111111111, 0.68, 0.01, 0.9, 0.01, 0.08233333333333333, 0.3323333333333333, 0.1101111111111111, 0.59, 0.01, 0.9, 0.34, 0.34, 0.34, 0.12, 0.68, 0.01, 0.34, 0.01, 0.08233333333333333, 0.3323333333333333, 0.1101111111111111, 0.84, 0.01, 0.12, 0.68, 0.51, 0.01, 0.23, 0.51, 0.34, 0.23, 0.51, 0.43, 0.68, 0.45, 0.26, 0.68, 0.01]"
330,AAC4YAC7AAAQVAA3QAAMJMAD3R5MUARK53RFOBY_192,4,2,4,1471.642645268999,25,0.6874013299743335,0.3125986700256665,0.4741556639472643,0.2506706962982813,0.2860540390014648,0.6809451611091694,0.3190618305156628,0.4819859286149343,0.2549849809457858,0.2919980605443318,"[0.08233333333333333, 0.3323333333333333, 0.1101111111111111, 0.09, 0.34, 0.9, 0.68, 0.08233333333333333, 0.3323333333333333, 0.1101111111111111, 0.51, 0.68, 0.9, 0.01, 0.08233333333333333, 0.3323333333333333, 0.1101111111111111, 0.26, 0.01, 0.68, 0.34, 0.08233333333333333, 0.3323333333333333, 0.1101111111111111, 0.76, 0.68, 0.01, 0.01, 0.08233333333333333, 0.3323333333333333, 0.1101111111111111, 0.68, 0.34, 0.34, 0.68, 0.08233333333333333, 0.3323333333333333, 0.1101111111111111, 0.84, 0.34, 0.9, 0.01, 0.84, 0.34, 0.45, 0.51, 0.01, 0.01, 0.34, 0.09, 0.34, 0.68, 0.76, 0.68, 0.57, 0.01, 0.26, 0.34, 0.68, 0.68, 0.01, 0.57]"
332,AAAAAAAAAAAAAAAAAPJRGEAAOEABXLQAMZH47NY_192,4,2,2,3019.315707747999,25,0.6416142130891482,0.3583857869108518,0.5257972906033198,0.2890527134140332,0.4375491142272949,0.6396974232047796,0.3603042878210544,0.5277556978166104,0.2903208161393801,0.4394739230473836,"[0.08233333333333333, 0.3323333333333333, 0.1101111111111111, 0.08233333333333333, 0.3323333333333333, 0.1101111111111111, 0.3323333333333333, 0.08233333333333333, 0.3323333333333333, 0.1101111111111111, 0.08233333333333333, 0.3323333333333333, 0.1101111111111111, 0.499, 0.08233333333333333, 0.3323333333333333, 0.1101111111111111, 0.08233333333333333, 0.3323333333333333, 0.1101111111111111, 0.3323333333333333, 0.08233333333333333, 0.3323333333333333, 0.1101111111111111, 0.08233333333333333, 0.3323333333333333, 0.1101111111111111, 0.499, 0.84, 0.34, 0.23, 0.09, 0.01, 0.9, 0.34, 0.08233333333333333, 0.3323333333333333, 0.1101111111111111, 0.09, 0.68, 0.12, 0.01, 0.08233333333333333, 0.3323333333333333, 0.1101111111111111, 0.76, 0.68, 0.68, 0.68, 0.08233333333333333, 0.3323333333333333, 0.1101111111111111, 0.68, 0.68, 0.34, 0.01, 0.84, 0.68, 0.23, 0.93, 0.68, 0.57]"
333,KFG42ES4QKXGZM4OGQAOB4AAKMEERJ4CV6AAAQY_192,4,2,4,470.5889346840049,25,0.1144569997986157,0.8855430002013842,0.9387198234597842,0.6784181758761406,0.93116029103597,0.1199454445391893,0.8800528169920047,0.9354245031873384,0.6750342889378468,0.9288729826609292,"[0.51, 0.01, 0.68, 0.18, 0.34, 0.9, 0.68, 0.59, 0.34, 0.34, 0.51, 0.68, 0.34, 0.01, 0.09, 0.34, 0.68, 0.68, 0.68, 0.45, 0.34, 0.34, 0.34, 0.9, 0.43, 0.01, 0.45, 0.51, 0.08233333333333333, 0.3323333333333333, 0.1101111111111111, 0.93, 0.01, 0.23, 0.68, 0.08233333333333333, 0.3323333333333333, 0.1101111111111111, 0.09, 0.34, 0.23, 0.01, 0.09, 0.01, 0.34, 0.59, 0.34, 0.79, 0.68, 0.68, 0.01, 0.68, 0.51, 0.68, 0.9, 0.01, 0.08233333333333333, 0.3323333333333333, 0.1101111111111111, 0.09, 0.01, 0.23]"
334,AAAAAAAAAAAAAAAAAEDVJEAB2AMCLM76COAAH5Y_192,4,2,2,1964.1020186540045,25,0.1017674009005228,0.8982325990994772,0.9460520550608637,0.6779733613133431,0.9338496843973796,0.1075540035963058,0.8924444232136011,0.9425508276869852,0.6735327903181314,0.9318469603856404,"[0.08233333333333333, 0.3323333333333333, 0.1101111111111111, 0.08233333333333333, 0.3323333333333333, 0.1101111111111111, 0.3323333333333333, 0.08233333333333333, 0.3323333333333333, 0.1101111111111111, 0.08233333333333333, 0.3323333333333333, 0.1101111111111111, 0.499, 0.08233333333333333, 0.3323333333333333, 0.1101111111111111, 0.08233333333333333, 0.3323333333333333, 0.1101111111111111, 0.3323333333333333, 0.08233333333333333, 0.3323333333333333, 0.1101111111111111, 0.08233333333333333, 0.3323333333333333, 0.1101111111111111, 0.499, 0.59, 0.01, 0.57, 0.51, 0.34, 0.34, 0.34, 0.08233333333333333, 0.3323333333333333, 0.1101111111111111, 0.43, 0.34, 0.01, 0.01, 0.18, 0.01, 0.12, 0.26, 0.68, 0.45, 0.34, 0.84, 0.68, 0.9, 0.26, 0.34, 0.9, 0.01, 0.08233333333333333, 0.3323333333333333, 0.1101111111111111, 0.84, 0.68, 0.57]"
335,AAAAAAAAAAAAAAAAAAAM2UADWDZPRBQAFCGUZRA_192,4,2,2,5618.8224986279965,25,0.1136108835538228,0.8863891164461771,0.9392748236656188,0.6624220828215281,0.929148546854655,0.1170534335076809,0.8829454153776168,0.937137137974302,0.6571314568320911,0.9281975984573364,"[0.08233333333333333, 0.3323333333333333, 0.1101111111111111, 0.08233333333333333, 0.3323333333333333, 0.1101111111111111, 0.3323333333333333, 0.08233333333333333, 0.3323333333333333, 0.1101111111111111, 0.08233333333333333, 0.3323333333333333, 0.1101111111111111, 0.499, 0.08233333333333333, 0.3323333333333333, 0.1101111111111111, 0.08233333333333333, 0.3323333333333333, 0.1101111111111111, 0.3323333333333333, 0.08233333333333333, 0.3323333333333333, 0.1101111111111111, 0.08233333333333333, 0.3323333333333333, 0.1101111111111111, 0.499, 0.08233333333333333, 0.3323333333333333, 0.1101111111111111, 0.68, 0.68, 0.68, 0.34, 0.08233333333333333, 0.3323333333333333, 0.1101111111111111, 0.93, 0.68, 0.01, 0.51, 0.93, 0.34, 0.57, 0.68, 0.34, 0.01, 0.68, 0.08233333333333333, 0.3323333333333333, 0.1101111111111111, 0.51, 0.01, 0.79, 0.01, 0.76, 0.34, 0.23, 0.18, 0.01, 0.79]"
336,AAAAAAAAAAAAAAAAAAAC34ADGCAAQI7J6LYADBI_192,4,2,2,4296.093773468994,25,0.1459647074341774,0.8540352925658226,0.9203373263279596,0.6429439415534337,0.9198209444681804,0.1526017941534519,0.8473967096457878,0.9163237341990074,0.6356328374395768,0.9156437635421752,"[0.08233333333333333, 0.3323333333333333, 0.1101111111111111, 0.08233333333333333, 0.3323333333333333, 0.1101111111111111, 0.3323333333333333, 0.08233333333333333, 0.3323333333333333, 0.1101111111111111, 0.08233333333333333, 0.3323333333333333, 0.1101111111111111, 0.499, 0.08233333333333333, 0.3323333333333333, 0.1101111111111111, 0.08233333333333333, 0.3323333333333333, 0.1101111111111111, 0.3323333333333333, 0.08233333333333333, 0.3323333333333333, 0.1101111111111111, 0.08233333333333333, 0.3323333333333333, 0.1101111111111111, 0.499, 0.08233333333333333, 0.3323333333333333, 0.1101111111111111, 0.26, 0.68, 0.57, 0.68, 0.08233333333333333, 0.3323333333333333, 0.1101111111111111, 0.68, 0.68, 0.01, 0.51, 0.08233333333333333, 0.3323333333333333, 0.1101111111111111, 0.59, 0.01, 0.79, 0.34, 0.84, 0.34, 0.23, 0.93, 0.34, 0.57, 0.51, 0.08233333333333333, 0.3323333333333333, 0.1101111111111111, 0.34, 0.01, 0.68]"
337,AAAAAAAAAAAAAAAAANIN3XA7SCAAEHQAC3WBBPA_192,4,2,2,4193.5067662910005,25,0.1311090807120005,0.8688909192879994,0.9288064524531364,0.6381935641169548,0.9249945004781088,0.1268753666430711,0.8731238529086113,0.9314704988151788,0.6364314968387286,0.9246355613072712,"[0.08233333333333333, 0.3323333333333333, 0.1101111111111111, 0.08233333333333333, 0.3323333333333333, 0.1101111111111111, 0.3323333333333333, 0.08233333333333333, 0.3323333333333333, 0.1101111111111111, 0.08233333333333333, 0.3323333333333333, 0.1101111111111111, 0.499, 0.08233333333333333, 0.3323333333333333, 0.1101111111111111, 0.08233333333333333, 0.3323333333333333, 0.1101111111111111, 0.3323333333333333, 0.08233333333333333, 0.3323333333333333, 0.1101111111111111, 0.08233333333333333, 0.3323333333333333, 0.1101111111111111, 0.499, 0.76, 0.34, 0.01, 0.76, 0.68, 0.57, 0.34, 0.68, 0.01, 0.57, 0.93, 0.34, 0.01, 0.51, 0.08233333333333333, 0.3323333333333333, 0.1101111111111111, 0.09, 0.01, 0.23, 0.68, 0.08233333333333333, 0.3323333333333333, 0.1101111111111111, 0.26, 0.68, 0.57, 0.01, 0.68, 0.01, 0.79, 0.26, 0.68, 0.9]"
338,AAAAAAAAAAAAAAAAAHKGYHGVOIAA3KQAHB3MDVI_192,4,2,2,509.6160392849997,25,0.0807312443852424,0.9192687556147576,0.9577259376645088,0.7028391852974891,0.9382940928141276,0.0858625039458274,0.9141358505934476,0.9548620286087196,0.699286020671328,0.9383766253789266,"[0.08233333333333333, 0.3323333333333333, 0.1101111111111111, 0.08233333333333333, 0.3323333333333333, 0.1101111111111111, 0.3323333333333333, 0.08233333333333333, 0.3323333333333333, 0.1101111111111111, 0.08233333333333333, 0.3323333333333333, 0.1101111111111111, 0.499, 0.08233333333333333, 0.3323333333333333, 0.1101111111111111, 0.08233333333333333, 0.3323333333333333, 0.1101111111111111, 0.3323333333333333, 0.08233333333333333, 0.3323333333333333, 0.1101111111111111, 0.08233333333333333, 0.3323333333333333, 0.1101111111111111, 0.499, 0.43, 0.34, 0.79, 0.34, 0.68, 0.01, 0.34, 0.68, 0.68, 0.68, 0.51, 0.68, 0.34, 0.01, 0.08233333333333333, 0.3323333333333333, 0.1101111111111111, 0.34, 0.68, 0.68, 0.34, 0.08233333333333333, 0.3323333333333333, 0.1101111111111111, 0.43, 0.01, 0.23, 0.51, 0.34, 0.68, 0.01, 0.43, 0.34, 0.68]"
339,AAAAAAAAAAAAAAAAAAAMGEAD2SAB5BQAD3S7GQY_192,4,2,2,2125.361234031996,25,0.1263844976822535,0.8736155023177464,0.9318754245837528,0.6629994377493859,0.9245028813680012,0.1198635806639989,0.8801351215690374,0.9355353699376184,0.6652663220961889,0.9266062577565513,"[0.08233333333333333, 0.3323333333333333, 0.1101111111111111, 0.08233333333333333, 0.3323333333333333, 0.1101111111111111, 0.3323333333333333, 0.08233333333333333, 0.3323333333333333, 0.1101111111111111, 0.08233333333333333, 0.3323333333333333, 0.1101111111111111, 0.499, 0.08233333333333333, 0.3323333333333333, 0.1101111111111111, 0.08233333333333333, 0.3323333333333333, 0.1101111111111111, 0.3323333333333333, 0.08233333333333333, 0.3323333333333333, 0.1101111111111111, 0.08233333333333333, 0.3323333333333333, 0.1101111111111111, 0.499, 0.08233333333333333, 0.3323333333333333, 0.1101111111111111, 0.68, 0.01, 0.9, 0.34, 0.08233333333333333, 0.3323333333333333, 0.1101111111111111, 0.84, 0.34, 0.79, 0.51, 0.08233333333333333, 0.3323333333333333, 0.1101111111111111, 0.84, 0.34, 0.01, 0.68, 0.08233333333333333, 0.3323333333333333, 0.1101111111111111, 0.18, 0.68, 0.57, 0.01, 0.51, 0.68, 0.9, 0.76, 0.01, 0.23]"
340,AAAAAAAAAADOHES3WCLNAMAAIQAA4JQAHJQABAQ_192,4,2,3,813.4826401320024,25,0.1796028311053912,0.8203971688946088,0.8998672291636467,0.5828671197096507,0.9106092135111492,0.1857203791538874,0.814278927197059,0.8961492980519931,0.580775489533941,0.9067113161087036,"[0.08233333333333333, 0.3323333333333333, 0.1101111111111111, 0.08233333333333333, 0.3323333333333333, 0.1101111111111111, 0.3323333333333333, 0.08233333333333333, 0.3323333333333333, 0.1101111111111111, 0.08233333333333333, 0.3323333333333333, 0.1101111111111111, 0.499, 0.08233333333333333, 0.3323333333333333, 0.1101111111111111, 0.76, 0.68, 0.12, 0.68, 0.26, 0.34, 0.34, 0.76, 0.68, 0.45, 0.01, 0.26, 0.34, 0.45, 0.76, 0.01, 0.01, 0.68, 0.08233333333333333, 0.3323333333333333, 0.1101111111111111, 0.09, 0.01, 0.79, 0.01, 0.08233333333333333, 0.3323333333333333, 0.1101111111111111, 0.43, 0.01, 0.79, 0.68, 0.08233333333333333, 0.3323333333333333, 0.1101111111111111, 0.43, 0.34, 0.23, 0.01, 0.08233333333333333, 0.3323333333333333, 0.1101111111111111, 0.26, 0.01, 0.34]"
341,6ADWYAD5AABKHAAPRBDPKMAB6IZGYOVYRJO5TEY_192,4,2,4,820.1645709469885,25,0.1062999775012334,0.8937000224987666,0.9436285848418872,0.6905849561095238,0.9337171236673992,0.0992008441438277,0.900777443870902,0.9475165302554768,0.6946666747331619,0.9372275273005168,"[0.84, 0.01, 0.01, 0.09, 0.68, 0.45, 0.68, 0.08233333333333333, 0.3323333333333333, 0.1101111111111111, 0.43, 0.68, 0.79, 0.01, 0.08233333333333333, 0.3323333333333333, 0.1101111111111111, 0.51, 0.34, 0.12, 0.68, 0.08233333333333333, 0.3323333333333333, 0.1101111111111111, 0.43, 0.68, 0.12, 0.01, 0.09, 0.01, 0.45, 0.84, 0.34, 0.79, 0.68, 0.08233333333333333, 0.3323333333333333, 0.1101111111111111, 0.43, 0.68, 0.34, 0.01, 0.34, 0.34, 0.23, 0.34, 0.01, 0.57, 0.34, 0.51, 0.68, 0.12, 0.09, 0.34, 0.34, 0.51, 0.76, 0.68, 0.45, 0.34, 0.34, 0.23]"
342,AAAAAAAAAAAAAAAAAAAPA4ADBRQHYGQAEKHR7UQ_192,4,2,2,1678.7613163630012,25,0.6801380917429924,0.3198619082570076,0.4829662193854649,0.2595544353127479,0.2927704493204752,0.6827247456957897,0.3172772881885369,0.4799557391554117,0.2578545957803726,0.2903189579645792,"[0.08233333333333333, 0.3323333333333333, 0.1101111111111111, 0.08233333333333333, 0.3323333333333333, 0.1101111111111111, 0.3323333333333333, 0.08233333333333333, 0.3323333333333333, 0.1101111111111111, 0.08233333333333333, 0.3323333333333333, 0.1101111111111111, 0.499, 0.08233333333333333, 0.3323333333333333, 0.1101111111111111, 0.08233333333333333, 0.3323333333333333, 0.1101111111111111, 0.3323333333333333, 0.08233333333333333, 0.3323333333333333, 0.1101111111111111, 0.08233333333333333, 0.3323333333333333, 0.1101111111111111, 0.499, 0.08233333333333333, 0.3323333333333333, 0.1101111111111111, 0.84, 0.01, 0.12, 0.68, 0.08233333333333333, 0.3323333333333333, 0.1101111111111111, 0.68, 0.01, 0.9, 0.01, 0.68, 0.01, 0.23, 0.93, 0.01, 0.23, 0.34, 0.08233333333333333, 0.3323333333333333, 0.1101111111111111, 0.59, 0.34, 0.79, 0.01, 0.84, 0.01, 0.57, 0.84, 0.34, 0.34]"
343,AAAAAAAAAAAAAAAAACI5KUAB2MAAUN5KNKIAGUY_192,4,2,2,1208.380287922002,25,0.091734625895818,0.908265374104182,0.9515902996063232,0.6958146040638288,0.9349150021870932,0.0965325621267159,0.9034645156313976,0.9488741810123126,0.6928899484376113,0.9335295836130778,"[0.08233333333333333, 0.3323333333333333, 0.1101111111111111, 0.08233333333333333, 0.3323333333333333, 0.1101111111111111, 0.3323333333333333, 0.08233333333333333, 0.3323333333333333, 0.1101111111111111, 0.08233333333333333, 0.3323333333333333, 0.1101111111111111, 0.499, 0.08233333333333333, 0.3323333333333333, 0.1101111111111111, 0.08233333333333333, 0.3323333333333333, 0.1101111111111111, 0.3323333333333333, 0.08233333333333333, 0.3323333333333333, 0.1101111111111111, 0.08233333333333333, 0.3323333333333333, 0.1101111111111111, 0.499, 0.26, 0.34, 0.12, 0.76, 0.34, 0.68, 0.34, 0.08233333333333333, 0.3323333333333333, 0.1101111111111111, 0.43, 0.34, 0.23, 0.01, 0.08233333333333333, 0.3323333333333333, 0.1101111111111111, 0.51, 0.01, 0.45, 0.68, 0.76, 0.34, 0.79, 0.76, 0.34, 0.79, 0.51, 0.08233333333333333, 0.3323333333333333, 0.1101111111111111, 0.76, 0.34, 0.23]"
344,AAAAAAAAA3TW7IWLVAAFZ7SFY43A7C4A7LQAHEI_192,4,2,3,3593.960250674005,25,0.0742940172553062,0.9257059827446936,0.9612296134233476,0.7029074708620707,0.9427382469177246,0.070173504948616,0.929821992913882,0.963455915575226,0.7056338952233394,0.9434849262237548,"[0.08233333333333333, 0.3323333333333333, 0.1101111111111111, 0.08233333333333333, 0.3323333333333333, 0.1101111111111111, 0.3323333333333333, 0.08233333333333333, 0.3323333333333333, 0.1101111111111111, 0.08233333333333333, 0.3323333333333333, 0.1101111111111111, 0.499, 0.18, 0.34, 0.9, 0.93, 0.68, 0.57, 0.68, 0.59, 0.34, 0.45, 0.51, 0.68, 0.68, 0.01, 0.08233333333333333, 0.3323333333333333, 0.1101111111111111, 0.51, 0.68, 0.23, 0.68, 0.93, 0.34, 0.12, 0.43, 0.01, 0.57, 0.01, 0.34, 0.68, 0.01, 0.43, 0.68, 0.12, 0.34, 0.68, 0.01, 0.12, 0.84, 0.34, 0.57, 0.01, 0.08233333333333333, 0.3323333333333333, 0.1101111111111111, 0.93, 0.34, 0.12]"
345,AAAAAAAAAAASHAALTR3SD4ABI2ABYM4AMZYAB7A_192,4,2,3,328.859341295989,25,0.1432395552595456,0.8567604447404543,0.9220768496394156,0.6639407818516095,0.920874563852946,0.1542016064127286,0.8457946121692658,0.915050512428085,0.6564884311209123,0.9161858797073364,"[0.08233333333333333, 0.3323333333333333, 0.1101111111111111, 0.08233333333333333, 0.3323333333333333, 0.1101111111111111, 0.3323333333333333, 0.08233333333333333, 0.3323333333333333, 0.1101111111111111, 0.08233333333333333, 0.3323333333333333, 0.1101111111111111, 0.499, 0.08233333333333333, 0.3323333333333333, 0.1101111111111111, 0.26, 0.34, 0.12, 0.68, 0.08233333333333333, 0.3323333333333333, 0.1101111111111111, 0.51, 0.68, 0.23, 0.51, 0.09, 0.68, 0.57, 0.26, 0.01, 0.57, 0.68, 0.08233333333333333, 0.3323333333333333, 0.1101111111111111, 0.51, 0.01, 0.45, 0.51, 0.08233333333333333, 0.3323333333333333, 0.1101111111111111, 0.93, 0.01, 0.45, 0.34, 0.68, 0.01, 0.01, 0.68, 0.68, 0.23, 0.51, 0.08233333333333333, 0.3323333333333333, 0.1101111111111111, 0.18, 0.68, 0.9]"
346,AA7RO7GEYABGHODKV5Z4D4ADG6AB3E4YMGIAH4Y_192,4,2,4,2345.605534925009,25,0.0488668695092201,0.95113313049078,0.9749037995934486,0.7187839443484942,0.9474631945292156,0.0452859491109848,0.9547089299807946,0.9767902294794718,0.7201448100308577,0.9481387694676716,"[0.08233333333333333, 0.3323333333333333, 0.1101111111111111, 0.84, 0.68, 0.12, 0.34, 0.76, 0.68, 0.9, 0.68, 0.34, 0.23, 0.01, 0.08233333333333333, 0.3323333333333333, 0.1101111111111111, 0.59, 0.68, 0.12, 0.68, 0.43, 0.01, 0.23, 0.51, 0.34, 0.68, 0.51, 0.76, 0.68, 0.23, 0.68, 0.01, 0.57, 0.68, 0.08233333333333333, 0.3323333333333333, 0.1101111111111111, 0.68, 0.68, 0.57, 0.51, 0.08233333333333333, 0.3323333333333333, 0.1101111111111111, 0.93, 0.68, 0.34, 0.34, 0.68, 0.68, 0.01, 0.68, 0.01, 0.9, 0.51, 0.08233333333333333, 0.3323333333333333, 0.1101111111111111, 0.84, 0.68, 0.23]"
347,AAAAAAAAB2JSZAAIAQAFJMAAWW7MVIQAMCQACMQ_192,4,2,3,207.86209062600392,25,0.0637471487124761,0.936252851287524,0.9669441908597948,0.7106678381562233,0.9437533696492512,0.0614176488171021,0.9385799745718638,0.9681724010656276,0.7117981185515722,0.94495849609375,"[0.08233333333333333, 0.3323333333333333, 0.1101111111111111, 0.08233333333333333, 0.3323333333333333, 0.1101111111111111, 0.3323333333333333, 0.08233333333333333, 0.3323333333333333, 0.1101111111111111, 0.08233333333333333, 0.3323333333333333, 0.1101111111111111, 0.499, 0.43, 0.34, 0.34, 0.34, 0.34, 0.45, 0.34, 0.08233333333333333, 0.3323333333333333, 0.1101111111111111, 0.59, 0.01, 0.01, 0.51, 0.08233333333333333, 0.3323333333333333, 0.1101111111111111, 0.51, 0.34, 0.34, 0.68, 0.08233333333333333, 0.3323333333333333, 0.1101111111111111, 0.26, 0.68, 0.68, 0.51, 0.43, 0.68, 0.45, 0.51, 0.34, 0.79, 0.34, 0.08233333333333333, 0.3323333333333333, 0.1101111111111111, 0.68, 0.01, 0.68, 0.01, 0.08233333333333333, 0.3323333333333333, 0.1101111111111111, 0.59, 0.68, 0.34]"
348,AAAAAAAAAABQTHSIEDGPI5WXAKAB7HQAFYSAZMI_192,4,2,3,1132.3179579559946,25,0.0819775352875391,0.9180224647124609,0.9569985508918762,0.7059975792964299,0.9392094294230144,0.0866394201914469,0.9133561491966248,0.954291087264816,0.7029972525934378,0.9383026123046876,"[0.08233333333333333, 0.3323333333333333, 0.1101111111111111, 0.08233333333333333, 0.3323333333333333, 0.1101111111111111, 0.3323333333333333, 0.08233333333333333, 0.3323333333333333, 0.1101111111111111, 0.08233333333333333, 0.3323333333333333, 0.1101111111111111, 0.499, 0.08233333333333333, 0.3323333333333333, 0.1101111111111111, 0.34, 0.01, 0.79, 0.68, 0.18, 0.68, 0.34, 0.59, 0.01, 0.79, 0.01, 0.18, 0.01, 0.9, 0.84, 0.34, 0.12, 0.68, 0.34, 0.68, 0.68, 0.68, 0.01, 0.34, 0.51, 0.08233333333333333, 0.3323333333333333, 0.1101111111111111, 0.84, 0.68, 0.23, 0.68, 0.08233333333333333, 0.3323333333333333, 0.1101111111111111, 0.51, 0.68, 0.12, 0.01, 0.59, 0.01, 0.23, 0.26, 0.68, 0.12]"
349,AAAAAAAAB6X2Z3QYQ5JHY5O5HQAATDQANICBBEY_192,4,2,3,5292.270589109001,25,0.0628078907728195,0.9371921092271804,0.9674576640129088,0.7059296185771624,0.9450449625651042,0.0582993780573209,0.9416990398118892,0.9698778707534076,0.7084317978471517,0.9452043692270916,"[0.08233333333333333, 0.3323333333333333, 0.1101111111111111, 0.08233333333333333, 0.3323333333333333, 0.1101111111111111, 0.3323333333333333, 0.08233333333333333, 0.3323333333333333, 0.1101111111111111, 0.08233333333333333, 0.3323333333333333, 0.1101111111111111, 0.499, 0.43, 0.68, 0.68, 0.84, 0.34, 0.45, 0.34, 0.76, 0.68, 0.01, 0.68, 0.34, 0.01, 0.51, 0.76, 0.34, 0.34, 0.43, 0.68, 0.12, 0.68, 0.51, 0.68, 0.57, 0.59, 0.68, 0.9, 0.01, 0.08233333333333333, 0.3323333333333333, 0.1101111111111111, 0.59, 0.68, 0.12, 0.68, 0.08233333333333333, 0.3323333333333333, 0.1101111111111111, 0.76, 0.34, 0.01, 0.01, 0.59, 0.01, 0.79, 0.26, 0.34, 0.23]"
350,AAAAAAAAAABG5OEEUFIM6PBRHSAALMVIUBQACMQ_192,4,2,3,474.24553777500114,25,0.0538251762588818,0.9461748237411182,0.9722820510466892,0.7222759718696277,0.9456880887349448,0.0522782797614733,0.9476739663630724,0.9730684712529184,0.7231964750836293,0.9467265844345092,"[0.08233333333333333, 0.3323333333333333, 0.1101111111111111, 0.08233333333333333, 0.3323333333333333, 0.1101111111111111, 0.3323333333333333, 0.08233333333333333, 0.3323333333333333, 0.1101111111111111, 0.08233333333333333, 0.3323333333333333, 0.1101111111111111, 0.499, 0.08233333333333333, 0.3323333333333333, 0.1101111111111111, 0.59, 0.68, 0.57, 0.34, 0.43, 0.01, 0.79, 0.26, 0.34, 0.79, 0.01, 0.51, 0.34, 0.01, 0.68, 0.68, 0.9, 0.68, 0.68, 0.01, 0.9, 0.59, 0.68, 0.9, 0.51, 0.08233333333333333, 0.3323333333333333, 0.1101111111111111, 0.26, 0.68, 0.45, 0.34, 0.51, 0.34, 0.12, 0.59, 0.01, 0.23, 0.01, 0.08233333333333333, 0.3323333333333333, 0.1101111111111111, 0.59, 0.68, 0.34]"
351,LWLW2BOBXKHIZ4BZWEBPLEABOMABYDQANZKMBFQ_192,4,2,4,1673.9706598150078,25,0.0443135797977447,0.9556864202022552,0.9773030996322633,0.7192958225806554,0.9482370058695476,0.0379337735474109,0.9620655367771784,0.980644622941812,0.723176899800698,0.9493676821390789,"[0.51, 0.68, 0.45, 0.51, 0.68, 0.45, 0.68, 0.59, 0.01, 0.68, 0.68, 0.01, 0.45, 0.51, 0.76, 0.34, 0.12, 0.76, 0.01, 0.45, 0.34, 0.93, 0.01, 0.12, 0.68, 0.68, 0.45, 0.01, 0.59, 0.01, 0.34, 0.84, 0.34, 0.45, 0.34, 0.08233333333333333, 0.3323333333333333, 0.1101111111111111, 0.51, 0.68, 0.23, 0.01, 0.08233333333333333, 0.3323333333333333, 0.1101111111111111, 0.93, 0.01, 0.12, 0.68, 0.08233333333333333, 0.3323333333333333, 0.1101111111111111, 0.76, 0.68, 0.34, 0.51, 0.59, 0.68, 0.01, 0.26, 0.34, 0.45]"
352,AAAAAAAAAAA6ZAA6EDASDHIHSOLN4KTLS3YADUI_192,4,2,3,3770.9758349009935,25,0.1266566808025042,0.8733433191974957,0.9318005154530208,0.6599537412325541,0.925304094950358,0.1292711873849233,0.8707280506690344,0.9300831875453393,0.6576137131700913,0.9256072839101156,"[0.08233333333333333, 0.3323333333333333, 0.1101111111111111, 0.08233333333333333, 0.3323333333333333, 0.1101111111111111, 0.3323333333333333, 0.08233333333333333, 0.3323333333333333, 0.1101111111111111, 0.08233333333333333, 0.3323333333333333, 0.1101111111111111, 0.499, 0.08233333333333333, 0.3323333333333333, 0.1101111111111111, 0.18, 0.68, 0.45, 0.34, 0.08233333333333333, 0.3323333333333333, 0.1101111111111111, 0.84, 0.01, 0.79, 0.01, 0.18, 0.01, 0.12, 0.26, 0.01, 0.45, 0.34, 0.76, 0.01, 0.12, 0.93, 0.34, 0.23, 0.51, 0.26, 0.68, 0.45, 0.84, 0.01, 0.68, 0.34, 0.18, 0.34, 0.57, 0.26, 0.68, 0.57, 0.51, 0.08233333333333333, 0.3323333333333333, 0.1101111111111111, 0.43, 0.34, 0.12]"
353,AAAAAAAAAAAAAAAAAAAEY5GH2UUMFLQACK6PDVY_192,4,2,2,955.6737909920048,25,0.1311810175577799,0.86881898244222,0.928916252652804,0.6507681702574094,0.925587526957194,0.132498600706458,0.8675006403277318,0.9283234952638548,0.6480099295576414,0.9244983514149984,"[0.08233333333333333, 0.3323333333333333, 0.1101111111111111, 0.08233333333333333, 0.3323333333333333, 0.1101111111111111, 0.3323333333333333, 0.08233333333333333, 0.3323333333333333, 0.1101111111111111, 0.08233333333333333, 0.3323333333333333, 0.1101111111111111, 0.499, 0.08233333333333333, 0.3323333333333333, 0.1101111111111111, 0.08233333333333333, 0.3323333333333333, 0.1101111111111111, 0.3323333333333333, 0.08233333333333333, 0.3323333333333333, 0.1101111111111111, 0.08233333333333333, 0.3323333333333333, 0.1101111111111111, 0.499, 0.08233333333333333, 0.3323333333333333, 0.1101111111111111, 0.59, 0.68, 0.12, 0.68, 0.59, 0.68, 0.12, 0.84, 0.34, 0.68, 0.01, 0.51, 0.01, 0.45, 0.09, 0.34, 0.68, 0.68, 0.08233333333333333, 0.3323333333333333, 0.1101111111111111, 0.26, 0.34, 0.68, 0.51, 0.68, 0.68, 0.9, 0.43, 0.34, 0.57]"
354,AAAAAAAAAAAAAAAAAAADYUAAI2AA5LSJF2D7GQA_192,4,2,2,182.5795534600038,25,0.1431932846705118,0.8568067153294882,0.922260245680809,0.6641316572825114,0.920658047993978,0.1413462354491154,0.8586523097008467,0.922635307163,0.6608932254215082,0.9203462282816568,"[0.08233333333333333, 0.3323333333333333, 0.1101111111111111, 0.08233333333333333, 0.3323333333333333, 0.1101111111111111, 0.3323333333333333, 0.08233333333333333, 0.3323333333333333, 0.1101111111111111, 0.08233333333333333, 0.3323333333333333, 0.1101111111111111, 0.499, 0.08233333333333333, 0.3323333333333333, 0.1101111111111111, 0.08233333333333333, 0.3323333333333333, 0.1101111111111111, 0.3323333333333333, 0.08233333333333333, 0.3323333333333333, 0.1101111111111111, 0.08233333333333333, 0.3323333333333333, 0.1101111111111111, 0.499, 0.08233333333333333, 0.3323333333333333, 0.1101111111111111, 0.18, 0.68, 0.12, 0.34, 0.08233333333333333, 0.3323333333333333, 0.1101111111111111, 0.09, 0.01, 0.45, 0.51, 0.08233333333333333, 0.3323333333333333, 0.1101111111111111, 0.43, 0.34, 0.68, 0.68, 0.26, 0.34, 0.34, 0.51, 0.68, 0.79, 0.01, 0.43, 0.68, 0.9, 0.76, 0.01, 0.01]"
355,AAAAAAAAAAAAAAAAAAAPLUAAXQAATY63SL2RO4A_192,4,2,2,2334.398023414993,25,0.0678102398912112,0.9321897601087888,0.9648101642727852,0.7185262565811475,0.9436400413513184,0.0711851942042509,0.9287140204260746,0.9628120576341946,0.7168446507304906,0.9428458452224732,"[0.08233333333333333, 0.3323333333333333, 0.1101111111111111, 0.08233333333333333, 0.3323333333333333, 0.1101111111111111, 0.3323333333333333, 0.08233333333333333, 0.3323333333333333, 0.1101111111111111, 0.08233333333333333, 0.3323333333333333, 0.1101111111111111, 0.499, 0.08233333333333333, 0.3323333333333333, 0.1101111111111111, 0.08233333333333333, 0.3323333333333333, 0.1101111111111111, 0.3323333333333333, 0.08233333333333333, 0.3323333333333333, 0.1101111111111111, 0.08233333333333333, 0.3323333333333333, 0.1101111111111111, 0.499, 0.08233333333333333, 0.3323333333333333, 0.1101111111111111, 0.84, 0.34, 0.57, 0.34, 0.08233333333333333, 0.3323333333333333, 0.1101111111111111, 0.26, 0.68, 0.9, 0.01, 0.08233333333333333, 0.3323333333333333, 0.1101111111111111, 0.59, 0.68, 0.9, 0.34, 0.93, 0.68, 0.57, 0.26, 0.34, 0.57, 0.51, 0.51, 0.01, 0.68, 0.76, 0.68, 0.01]"
356,AAYV7XGUXWV2VYW7TDY4D4ABOQEPZJVJFZJBLNQ_192,4,2,4,5952.386932267997,25,0.0580475320418675,0.9419524679581324,0.9700301801164944,0.7085585271318754,0.944183127085368,0.0560037571936845,0.943994652107358,0.9710965321709712,0.7093881959716479,0.9453112602233886,"[0.08233333333333333, 0.3323333333333333, 0.1101111111111111, 0.68, 0.34, 0.68, 0.68, 0.84, 0.34, 0.9, 0.76, 0.34, 0.34, 0.51, 0.93, 0.68, 0.68, 0.43, 0.34, 0.68, 0.34, 0.68, 0.34, 0.45, 0.84, 0.68, 0.23, 0.01, 0.18, 0.68, 0.12, 0.68, 0.01, 0.57, 0.68, 0.08233333333333333, 0.3323333333333333, 0.1101111111111111, 0.51, 0.68, 0.79, 0.01, 0.09, 0.01, 0.57, 0.93, 0.34, 0.79, 0.68, 0.51, 0.34, 0.34, 0.51, 0.68, 0.34, 0.51, 0.26, 0.01, 0.68, 0.34, 0.68, 0.45]"
357,AAAAAAAAAAAAAAAAADBHGEABCOFC5LQAFAYAHVA_192,4,2,2,355.7126454629906,25,0.1817438478271166,0.8182561521728834,0.8985127766927083,0.6378269419074059,0.9067542711893718,0.1888492672393719,0.811148185407122,0.8939765044798453,0.6283882354696592,0.9031476338704428,"[0.08233333333333333, 0.3323333333333333, 0.1101111111111111, 0.08233333333333333, 0.3323333333333333, 0.1101111111111111, 0.3323333333333333, 0.08233333333333333, 0.3323333333333333, 0.1101111111111111, 0.08233333333333333, 0.3323333333333333, 0.1101111111111111, 0.499, 0.08233333333333333, 0.3323333333333333, 0.1101111111111111, 0.08233333333333333, 0.3323333333333333, 0.1101111111111111, 0.3323333333333333, 0.08233333333333333, 0.3323333333333333, 0.1101111111111111, 0.08233333333333333, 0.3323333333333333, 0.1101111111111111, 0.499, 0.18, 0.01, 0.34, 0.43, 0.01, 0.9, 0.34, 0.08233333333333333, 0.3323333333333333, 0.1101111111111111, 0.59, 0.34, 0.23, 0.51, 0.09, 0.34, 0.12, 0.43, 0.34, 0.68, 0.68, 0.08233333333333333, 0.3323333333333333, 0.1101111111111111, 0.51, 0.01, 0.12, 0.51, 0.08233333333333333, 0.3323333333333333, 0.1101111111111111, 0.84, 0.34, 0.79]"
358,AAAAAAAAAAAAAAAAAAAE3EAAIEAAVOQAEZSM3NY_192,4,2,2,218.72164764899927,25,0.0820291514197985,0.9179708485802016,0.956960495809714,0.7041686450441679,0.9399813652038574,0.0848583407700061,0.9151401296257972,0.95543230685095,0.7012504265954097,0.9393398841222128,"[0.08233333333333333, 0.3323333333333333, 0.1101111111111111, 0.08233333333333333, 0.3323333333333333, 0.1101111111111111, 0.3323333333333333, 0.08233333333333333, 0.3323333333333333, 0.1101111111111111, 0.08233333333333333, 0.3323333333333333, 0.1101111111111111, 0.499, 0.08233333333333333, 0.3323333333333333, 0.1101111111111111, 0.08233333333333333, 0.3323333333333333, 0.1101111111111111, 0.3323333333333333, 0.08233333333333333, 0.3323333333333333, 0.1101111111111111, 0.08233333333333333, 0.3323333333333333, 0.1101111111111111, 0.499, 0.08233333333333333, 0.3323333333333333, 0.1101111111111111, 0.59, 0.68, 0.45, 0.34, 0.08233333333333333, 0.3323333333333333, 0.1101111111111111, 0.09, 0.01, 0.12, 0.01, 0.08233333333333333, 0.3323333333333333, 0.1101111111111111, 0.51, 0.34, 0.57, 0.34, 0.08233333333333333, 0.3323333333333333, 0.1101111111111111, 0.59, 0.68, 0.23, 0.01, 0.59, 0.68, 0.23, 0.34, 0.68, 0.57]"
359,AAAAAAAAAAAAAAAAAPLEGEADQIIZYLQAG2Q4S4A_192,4,2,2,1665.6981130810018,25,0.1108136778076489,0.889186322192351,0.940709143380324,0.6620161180694898,0.9322665850321452,0.1115381187448898,0.8884611445168654,0.9404286657770474,0.6642689742147923,0.9319709539413452,"[0.08233333333333333, 0.3323333333333333, 0.1101111111111111, 0.08233333333333333, 0.3323333333333333, 0.1101111111111111, 0.3323333333333333, 0.08233333333333333, 0.3323333333333333, 0.1101111111111111, 0.08233333333333333, 0.3323333333333333, 0.1101111111111111, 0.499, 0.08233333333333333, 0.3323333333333333, 0.1101111111111111, 0.08233333333333333, 0.3323333333333333, 0.1101111111111111, 0.3323333333333333, 0.08233333333333333, 0.3323333333333333, 0.1101111111111111, 0.08233333333333333, 0.3323333333333333, 0.1101111111111111, 0.499, 0.84, 0.34, 0.45, 0.59, 0.01, 0.9, 0.34, 0.08233333333333333, 0.3323333333333333, 0.1101111111111111, 0.93, 0.01, 0.34, 0.01, 0.26, 0.01, 0.9, 0.93, 0.01, 0.68, 0.68, 0.08233333333333333, 0.3323333333333333, 0.1101111111111111, 0.34, 0.68, 0.68, 0.01, 0.09, 0.68, 0.34, 0.51, 0.68, 0.01]"
360,AAAAAAAAAAAAAAAAAGYWZUAAYGLLRGVJFI3TBPA_192,4,2,2,258.8066802510002,25,0.09288915147384,0.90711084852616,0.9509593004981676,0.697934576869011,0.9357885360717774,0.0924159807463487,0.9075762420892716,0.951170505086581,0.6970168861250082,0.9355807145436604,"[0.08233333333333333, 0.3323333333333333, 0.1101111111111111, 0.08233333333333333, 0.3323333333333333, 0.1101111111111111, 0.3323333333333333, 0.08233333333333333, 0.3323333333333333, 0.1101111111111111, 0.08233333333333333, 0.3323333333333333, 0.1101111111111111, 0.499, 0.08233333333333333, 0.3323333333333333, 0.1101111111111111, 0.08233333333333333, 0.3323333333333333, 0.1101111111111111, 0.3323333333333333, 0.08233333333333333, 0.3323333333333333, 0.1101111111111111, 0.08233333333333333, 0.3323333333333333, 0.1101111111111111, 0.499, 0.34, 0.68, 0.12, 0.34, 0.68, 0.23, 0.34, 0.08233333333333333, 0.3323333333333333, 0.1101111111111111, 0.18, 0.01, 0.12, 0.51, 0.26, 0.68, 0.68, 0.68, 0.34, 0.23, 0.34, 0.51, 0.34, 0.34, 0.51, 0.34, 0.12, 0.51, 0.43, 0.01, 0.9, 0.26, 0.68, 0.9]"
361,AAIUIACM72ULRAAIQAAM2XG5WKIIFYQAPDIAGQY_192,4,2,4,801.2150520989962,25,0.2244030276934306,0.7755969723065694,0.8716520508130391,0.6229885503649711,0.8886419932047526,0.2345710831383864,0.7654201415677865,0.8648943432917198,0.61523807408909,0.886799160639445,"[0.08233333333333333, 0.3323333333333333, 0.1101111111111111, 0.59, 0.34, 0.79, 0.34, 0.08233333333333333, 0.3323333333333333, 0.1101111111111111, 0.59, 0.68, 0.23, 0.51, 0.84, 0.34, 0.68, 0.09, 0.34, 0.9, 0.34, 0.08233333333333333, 0.3323333333333333, 0.1101111111111111, 0.59, 0.34, 0.01, 0.01, 0.08233333333333333, 0.3323333333333333, 0.1101111111111111, 0.68, 0.68, 0.68, 0.34, 0.68, 0.68, 0.57, 0.34, 0.68, 0.34, 0.51, 0.26, 0.01, 0.79, 0.09, 0.34, 0.9, 0.34, 0.08233333333333333, 0.3323333333333333, 0.1101111111111111, 0.84, 0.01, 0.45, 0.51, 0.08233333333333333, 0.3323333333333333, 0.1101111111111111, 0.76, 0.01, 0.23]"
362,NX7WLV74UADYDAA7TAAGLEAARQAA3KRL6YQACVQ_192,4,2,4,3283.4830402419902,25,0.0702016149957974,0.9297983850042024,0.9634717817107836,0.7096435874700546,0.942176628112793,0.066522712384661,0.933475311473012,0.96544658181568,0.7117094511787097,0.9434597651163736,"[0.34, 0.68, 0.57, 0.84, 0.68, 0.45, 0.34, 0.43, 0.34, 0.57, 0.84, 0.68, 0.34, 0.51, 0.08233333333333333, 0.3323333333333333, 0.1101111111111111, 0.84, 0.01, 0.01, 0.68, 0.08233333333333333, 0.3323333333333333, 0.1101111111111111, 0.84, 0.68, 0.23, 0.01, 0.08233333333333333, 0.3323333333333333, 0.1101111111111111, 0.34, 0.34, 0.45, 0.34, 0.08233333333333333, 0.3323333333333333, 0.1101111111111111, 0.26, 0.01, 0.9, 0.01, 0.08233333333333333, 0.3323333333333333, 0.1101111111111111, 0.34, 0.68, 0.68, 0.34, 0.09, 0.34, 0.57, 0.93, 0.68, 0.12, 0.01, 0.08233333333333333, 0.3323333333333333, 0.1101111111111111, 0.51, 0.34, 0.45]"
363,AAAAAAAAAAAAAAAAAAANDEAA6WAAZFQADGAAG5Y_192,4,2,2,802.2536163300101,25,0.1806009446581204,0.8193990553418795,0.8991745322942734,0.6520137513677279,0.904954751332601,0.2129685617983341,0.7869763607780139,0.8779343048731486,0.6325075666109721,0.8949882666269938,"[0.08233333333333333, 0.3323333333333333, 0.1101111111111111, 0.08233333333333333, 0.3323333333333333, 0.1101111111111111, 0.3323333333333333, 0.08233333333333333, 0.3323333333333333, 0.1101111111111111, 0.08233333333333333, 0.3323333333333333, 0.1101111111111111, 0.499, 0.08233333333333333, 0.3323333333333333, 0.1101111111111111, 0.08233333333333333, 0.3323333333333333, 0.1101111111111111, 0.3323333333333333, 0.08233333333333333, 0.3323333333333333, 0.1101111111111111, 0.08233333333333333, 0.3323333333333333, 0.1101111111111111, 0.499, 0.08233333333333333, 0.3323333333333333, 0.1101111111111111, 0.76, 0.01, 0.45, 0.34, 0.08233333333333333, 0.3323333333333333, 0.1101111111111111, 0.18, 0.68, 0.68, 0.51, 0.08233333333333333, 0.3323333333333333, 0.1101111111111111, 0.34, 0.34, 0.34, 0.68, 0.08233333333333333, 0.3323333333333333, 0.1101111111111111, 0.18, 0.01, 0.9, 0.01, 0.08233333333333333, 0.3323333333333333, 0.1101111111111111, 0.76, 0.68, 0.57]"
364,AAAAAAAAAAAAAAAAAAAMAEABIMAA4DQABCZADVI_192,4,2,2,205.56754704899504,25,0.2088446050882339,0.791155394911766,0.8819153005878131,0.6098647306362788,0.8966220855712891,0.2181689750403165,0.7818291825552781,0.8753128342330456,0.6029832770427068,0.8925020217895507,"[0.08233333333333333, 0.3323333333333333, 0.1101111111111111, 0.08233333333333333, 0.3323333333333333, 0.1101111111111111, 0.3323333333333333, 0.08233333333333333, 0.3323333333333333, 0.1101111111111111, 0.08233333333333333, 0.3323333333333333, 0.1101111111111111, 0.499, 0.08233333333333333, 0.3323333333333333, 0.1101111111111111, 0.08233333333333333, 0.3323333333333333, 0.1101111111111111, 0.3323333333333333, 0.08233333333333333, 0.3323333333333333, 0.1101111111111111, 0.08233333333333333, 0.3323333333333333, 0.1101111111111111, 0.499, 0.08233333333333333, 0.3323333333333333, 0.1101111111111111, 0.68, 0.01, 0.01, 0.34, 0.08233333333333333, 0.3323333333333333, 0.1101111111111111, 0.51, 0.01, 0.23, 0.01, 0.08233333333333333, 0.3323333333333333, 0.1101111111111111, 0.43, 0.01, 0.12, 0.68, 0.08233333333333333, 0.3323333333333333, 0.1101111111111111, 0.09, 0.01, 0.68, 0.51, 0.26, 0.01, 0.01, 0.43, 0.34, 0.68]"
365,ES2VIAAQL2NCBAANWQABDVWPQHVHQPXCWDIR3EQ_192,4,2,4,1380.4510627459968,25,0.0663886383175849,0.933611361682415,0.9655226324995358,0.7111183727780978,0.9433303833007812,0.0654301963746547,0.9346468704442183,0.9660693698873124,0.7117744856824477,0.9434225877126058,"[0.26, 0.34, 0.34, 0.76, 0.34, 0.68, 0.34, 0.08233333333333333, 0.3323333333333333, 0.1101111111111111, 0.09, 0.01, 0.12, 0.01, 0.84, 0.34, 0.23, 0.59, 0.34, 0.01, 0.34, 0.08233333333333333, 0.3323333333333333, 0.1101111111111111, 0.34, 0.68, 0.45, 0.51, 0.08233333333333333, 0.3323333333333333, 0.1101111111111111, 0.09, 0.01, 0.57, 0.34, 0.34, 0.68, 0.23, 0.93, 0.01, 0.12, 0.51, 0.76, 0.34, 0.23, 0.68, 0.01, 0.57, 0.68, 0.43, 0.01, 0.68, 0.34, 0.01, 0.45, 0.51, 0.09, 0.01, 0.57, 0.34, 0.34, 0.34]"
366,AAAAAAAAAAAAAAAAADGE2XQESQAA4GQANAWASVY_192,4,2,2,1851.560956678004,25,0.1731796875596046,0.8268203124403953,0.9039366240302722,0.6586851452787718,0.9094255447387696,0.1793163279692332,0.8206476344416539,0.8999747247745593,0.6545120014498631,0.9074652512868244,"[0.08233333333333333, 0.3323333333333333, 0.1101111111111111, 0.08233333333333333, 0.3323333333333333, 0.1101111111111111, 0.3323333333333333, 0.08233333333333333, 0.3323333333333333, 0.1101111111111111, 0.08233333333333333, 0.3323333333333333, 0.1101111111111111, 0.499, 0.08233333333333333, 0.3323333333333333, 0.1101111111111111, 0.08233333333333333, 0.3323333333333333, 0.1101111111111111, 0.3323333333333333, 0.08233333333333333, 0.3323333333333333, 0.1101111111111111, 0.08233333333333333, 0.3323333333333333, 0.1101111111111111, 0.499, 0.18, 0.01, 0.9, 0.59, 0.68, 0.68, 0.34, 0.93, 0.01, 0.12, 0.26, 0.34, 0.79, 0.01, 0.08233333333333333, 0.3323333333333333, 0.1101111111111111, 0.43, 0.01, 0.23, 0.34, 0.08233333333333333, 0.3323333333333333, 0.1101111111111111, 0.76, 0.01, 0.12, 0.01, 0.68, 0.01, 0.34, 0.51, 0.34, 0.57]"
367,AAAAAAAAAAAAAAAAABJB3PGAID5MZGQAHIQAB4A_192,4,2,2,436.5993177159981,25,0.1621640389164289,0.8378359610835712,0.9107082029183704,0.6435879503687223,0.914802614847819,0.1608912711342175,0.8391071476042271,0.9112422067672016,0.6423476091275613,0.9145413080851236,"[0.08233333333333333, 0.3323333333333333, 0.1101111111111111, 0.08233333333333333, 0.3323333333333333, 0.1101111111111111, 0.3323333333333333, 0.08233333333333333, 0.3323333333333333, 0.1101111111111111, 0.08233333333333333, 0.3323333333333333, 0.1101111111111111, 0.499, 0.08233333333333333, 0.3323333333333333, 0.1101111111111111, 0.08233333333333333, 0.3323333333333333, 0.1101111111111111, 0.3323333333333333, 0.08233333333333333, 0.3323333333333333, 0.1101111111111111, 0.08233333333333333, 0.3323333333333333, 0.1101111111111111, 0.499, 0.09, 0.34, 0.34, 0.09, 0.68, 0.45, 0.68, 0.68, 0.68, 0.01, 0.09, 0.01, 0.01, 0.51, 0.84, 0.34, 0.45, 0.34, 0.34, 0.23, 0.34, 0.08233333333333333, 0.3323333333333333, 0.1101111111111111, 0.43, 0.34, 0.12, 0.01, 0.08233333333333333, 0.3323333333333333, 0.1101111111111111, 0.18, 0.68, 0.01]"
368,AAAAAAAAAAAIH74OHQAD27OXAIABQJ6IB2HRTAQ_192,4,2,3,2126.6716037519946,25,0.1766182377934456,0.8233817622065545,0.9012409488360088,0.6589857190847397,0.9101140022277832,0.1874821571012338,0.8124755587428808,0.8945672824978829,0.6528499887635311,0.9049203475316364,"[0.08233333333333333, 0.3323333333333333, 0.1101111111111111, 0.08233333333333333, 0.3323333333333333, 0.1101111111111111, 0.3323333333333333, 0.08233333333333333, 0.3323333333333333, 0.1101111111111111, 0.08233333333333333, 0.3323333333333333, 0.1101111111111111, 0.499, 0.08233333333333333, 0.3323333333333333, 0.1101111111111111, 0.09, 0.01, 0.12, 0.68, 0.84, 0.68, 0.9, 0.43, 0.01, 0.57, 0.51, 0.08233333333333333, 0.3323333333333333, 0.1101111111111111, 0.18, 0.68, 0.68, 0.68, 0.76, 0.68, 0.68, 0.68, 0.01, 0.34, 0.01, 0.08233333333333333, 0.3323333333333333, 0.1101111111111111, 0.68, 0.01, 0.79, 0.68, 0.93, 0.34, 0.01, 0.09, 0.68, 0.79, 0.01, 0.84, 0.01, 0.45, 0.34, 0.01, 0.34]"
369,AAAAAAAABWAKLAA6MEDRYHO7IQAAVL4CXI2F6QI_192,4,2,3,1271.9180389880055,25,0.6790393387277921,0.3209606612722079,0.4841844504078229,0.2564106747508049,0.2940747578938802,0.6830632095535596,0.3169379965712627,0.4795847285538911,0.2538192972540855,0.289992880821228,"[0.08233333333333333, 0.3323333333333333, 0.1101111111111111, 0.08233333333333333, 0.3323333333333333, 0.1101111111111111, 0.3323333333333333, 0.08233333333333333, 0.3323333333333333, 0.1101111111111111, 0.08233333333333333, 0.3323333333333333, 0.1101111111111111, 0.499, 0.34, 0.68, 0.01, 0.09, 0.34, 0.34, 0.68, 0.08233333333333333, 0.3323333333333333, 0.1101111111111111, 0.84, 0.01, 0.9, 0.01, 0.59, 0.01, 0.57, 0.09, 0.68, 0.01, 0.34, 0.76, 0.68, 0.57, 0.76, 0.01, 0.79, 0.01, 0.08233333333333333, 0.3323333333333333, 0.1101111111111111, 0.51, 0.34, 0.68, 0.68, 0.68, 0.01, 0.68, 0.43, 0.34, 0.12, 0.51, 0.59, 0.34, 0.57, 0.76, 0.01, 0.12]"
370,AAAAAAAAAAAAAAAAAP3ODMAD6B7N3EVY4LHR6UY_192,4,2,2,10289.987986535984,25,0.0653836836417516,0.9346163163582484,0.966076370080312,0.6940670311450958,0.9427934010823568,0.067767371982336,0.9322319443027178,0.9647622500856716,0.6934072662144899,0.9433239221572876,"[0.08233333333333333, 0.3323333333333333, 0.1101111111111111, 0.08233333333333333, 0.3323333333333333, 0.1101111111111111, 0.3323333333333333, 0.08233333333333333, 0.3323333333333333, 0.1101111111111111, 0.08233333333333333, 0.3323333333333333, 0.1101111111111111, 0.499, 0.08233333333333333, 0.3323333333333333, 0.1101111111111111, 0.08233333333333333, 0.3323333333333333, 0.1101111111111111, 0.3323333333333333, 0.08233333333333333, 0.3323333333333333, 0.1101111111111111, 0.08233333333333333, 0.3323333333333333, 0.1101111111111111, 0.499, 0.84, 0.68, 0.45, 0.93, 0.01, 0.45, 0.68, 0.08233333333333333, 0.3323333333333333, 0.1101111111111111, 0.84, 0.68, 0.01, 0.01, 0.84, 0.68, 0.45, 0.93, 0.68, 0.34, 0.34, 0.51, 0.68, 0.12, 0.68, 0.34, 0.45, 0.01, 0.84, 0.01, 0.57, 0.76, 0.34, 0.23]"
371,AAAAAAAABGFSDAA7SAACZEPRQGMPTETONLQACVY_192,4,2,3,973.9398525849974,25,0.6724572132031122,0.3275427867968877,0.4914537300666173,0.24933686008056,0.3128254254659017,0.6818341163297494,0.3181850562493006,0.4810633968561887,0.2439040802419185,0.303920571009318,"[0.08233333333333333, 0.3323333333333333, 0.1101111111111111, 0.08233333333333333, 0.3323333333333333, 0.1101111111111111, 0.3323333333333333, 0.08233333333333333, 0.3323333333333333, 0.1101111111111111, 0.08233333333333333, 0.3323333333333333, 0.1101111111111111, 0.499, 0.59, 0.68, 0.12, 0.34, 0.34, 0.01, 0.68, 0.08233333333333333, 0.3323333333333333, 0.1101111111111111, 0.84, 0.68, 0.34, 0.01, 0.08233333333333333, 0.3323333333333333, 0.1101111111111111, 0.26, 0.68, 0.34, 0.34, 0.09, 0.68, 0.9, 0.34, 0.01, 0.12, 0.51, 0.18, 0.01, 0.57, 0.68, 0.68, 0.34, 0.34, 0.18, 0.34, 0.9, 0.76, 0.34, 0.57, 0.01, 0.08233333333333333, 0.3323333333333333, 0.1101111111111111, 0.51, 0.34, 0.57]"
372,AAAAAAAAAAAAAAAAAGGG2H6JA2AALMWJVJPRTRA_192,4,2,2,1057.4898818980146,25,0.1311312024792035,0.8688687975207965,0.9289949571092924,0.6559979284803072,0.923214340209961,0.1463916720201571,0.8536065465460221,0.9199249879767496,0.6450773481279611,0.9178581078847248,"[0.08233333333333333, 0.3323333333333333, 0.1101111111111111, 0.08233333333333333, 0.3323333333333333, 0.1101111111111111, 0.3323333333333333, 0.08233333333333333, 0.3323333333333333, 0.1101111111111111, 0.08233333333333333, 0.3323333333333333, 0.1101111111111111, 0.499, 0.08233333333333333, 0.3323333333333333, 0.1101111111111111, 0.08233333333333333, 0.3323333333333333, 0.1101111111111111, 0.3323333333333333, 0.08233333333333333, 0.3323333333333333, 0.1101111111111111, 0.08233333333333333, 0.3323333333333333, 0.1101111111111111, 0.499, 0.34, 0.01, 0.9, 0.34, 0.68, 0.79, 0.34, 0.84, 0.68, 0.34, 0.59, 0.01, 0.45, 0.51, 0.08233333333333333, 0.3323333333333333, 0.1101111111111111, 0.26, 0.68, 0.45, 0.34, 0.34, 0.34, 0.23, 0.51, 0.34, 0.34, 0.51, 0.84, 0.01, 0.45, 0.43, 0.01, 0.79]"
373,AAAAAAAAAAAAAAAAAAAOY4ABW65DZA6AOAS4KRY_192,4,2,2,5692.784130407992,25,0.0716803019245465,0.9283196980754534,0.9626866817474364,0.7159763182202975,0.9421672821044922,0.0718955324341853,0.9280547733108204,0.9624460170666376,0.7154402704288562,0.9411889314651488,"[0.08233333333333333, 0.3323333333333333, 0.1101111111111111, 0.08233333333333333, 0.3323333333333333, 0.1101111111111111, 0.3323333333333333, 0.08233333333333333, 0.3323333333333333, 0.1101111111111111, 0.08233333333333333, 0.3323333333333333, 0.1101111111111111, 0.499, 0.08233333333333333, 0.3323333333333333, 0.1101111111111111, 0.08233333333333333, 0.3323333333333333, 0.1101111111111111, 0.3323333333333333, 0.08233333333333333, 0.3323333333333333, 0.1101111111111111, 0.08233333333333333, 0.3323333333333333, 0.1101111111111111, 0.499, 0.08233333333333333, 0.3323333333333333, 0.1101111111111111, 0.93, 0.68, 0.12, 0.68, 0.08233333333333333, 0.3323333333333333, 0.1101111111111111, 0.34, 0.68, 0.57, 0.51, 0.43, 0.34, 0.12, 0.93, 0.34, 0.01, 0.34, 0.93, 0.01, 0.01, 0.93, 0.01, 0.12, 0.01, 0.51, 0.68, 0.12, 0.51, 0.01, 0.57]"
374,AAAAAAAAAADIPAAZW5KNDVHTSJ4AMMS37ZRNDTA_192,4,2,3,4895.043521967978,25,0.0918411195278167,0.9081588804721832,0.9514981503287951,0.6963524028658867,0.9371270497639974,0.0883622019241253,0.9116328079253436,0.9534658879041672,0.6964956517020862,0.9376264969507854,"[0.08233333333333333, 0.3323333333333333, 0.1101111111111111, 0.08233333333333333, 0.3323333333333333, 0.1101111111111111, 0.3323333333333333, 0.08233333333333333, 0.3323333333333333, 0.1101111111111111, 0.08233333333333333, 0.3323333333333333, 0.1101111111111111, 0.499, 0.08233333333333333, 0.3323333333333333, 0.1101111111111111, 0.76, 0.01, 0.23, 0.68, 0.08233333333333333, 0.3323333333333333, 0.1101111111111111, 0.68, 0.68, 0.45, 0.51, 0.76, 0.34, 0.79, 0.76, 0.01, 0.57, 0.34, 0.59, 0.68, 0.9, 0.93, 0.34, 0.34, 0.01, 0.84, 0.01, 0.01, 0.18, 0.01, 0.45, 0.34, 0.26, 0.68, 0.57, 0.84, 0.68, 0.23, 0.01, 0.26, 0.68, 0.79, 0.43, 0.01, 0.9]"
375,AAAAAAAAAAAAAAAAAG2SJUWVGOAAMIXITJA4ZFI_192,4,2,2,247.81580277899047,25,0.1521814251939455,0.8478185748060544,0.9166132236520448,0.6558097591002782,0.9177523930867512,0.1495245618124802,0.8504707207282384,0.9180433547745148,0.6559008070578177,0.9183887958526612,"[0.08233333333333333, 0.3323333333333333, 0.1101111111111111, 0.08233333333333333, 0.3323333333333333, 0.1101111111111111, 0.3323333333333333, 0.08233333333333333, 0.3323333333333333, 0.1101111111111111, 0.08233333333333333, 0.3323333333333333, 0.1101111111111111, 0.499, 0.08233333333333333, 0.3323333333333333, 0.1101111111111111, 0.08233333333333333, 0.3323333333333333, 0.1101111111111111, 0.3323333333333333, 0.08233333333333333, 0.3323333333333333, 0.1101111111111111, 0.08233333333333333, 0.3323333333333333, 0.1101111111111111, 0.499, 0.34, 0.68, 0.68, 0.26, 0.34, 0.23, 0.34, 0.26, 0.68, 0.68, 0.59, 0.68, 0.23, 0.51, 0.08233333333333333, 0.3323333333333333, 0.1101111111111111, 0.18, 0.01, 0.79, 0.34, 0.43, 0.34, 0.12, 0.18, 0.34, 0.34, 0.01, 0.09, 0.68, 0.23, 0.26, 0.34, 0.68]"
376,YT5R2AGEYADBRAAHTO6MLMABWBUL4OXZE3KMTAA_192,4,2,4,4897.929695827013,25,0.0490874096751213,0.9509125903248788,0.9748059719800948,0.7202908724546433,0.9482673327128092,0.0438162345439195,0.9561734185864528,0.9775605121006568,0.7228435133894284,0.949468731880188,"[0.68, 0.34, 0.23, 0.93, 0.68, 0.12, 0.68, 0.59, 0.01, 0.01, 0.68, 0.34, 0.23, 0.01, 0.08233333333333333, 0.3323333333333333, 0.1101111111111111, 0.68, 0.01, 0.9, 0.34, 0.08233333333333333, 0.3323333333333333, 0.1101111111111111, 0.18, 0.68, 0.23, 0.01, 0.93, 0.68, 0.9, 0.68, 0.34, 0.45, 0.68, 0.08233333333333333, 0.3323333333333333, 0.1101111111111111, 0.34, 0.68, 0.01, 0.01, 0.76, 0.01, 0.68, 0.84, 0.01, 0.57, 0.34, 0.43, 0.68, 0.34, 0.59, 0.68, 0.45, 0.51, 0.59, 0.68, 0.34, 0.34, 0.01, 0.01]"
377,AAAAAAAAAAAAAAAAAAAGANSTQ4FH7B6J5YYADBY_192,4,2,2,3971.805429119995,25,0.6800779407223065,0.3199220592776934,0.4831841205557187,0.2433894490202268,0.2922734896341959,0.6821157777061065,0.3178625245889028,0.4805188740293185,0.2420495678981145,0.2904431978861491,"[0.08233333333333333, 0.3323333333333333, 0.1101111111111111, 0.08233333333333333, 0.3323333333333333, 0.1101111111111111, 0.3323333333333333, 0.08233333333333333, 0.3323333333333333, 0.1101111111111111, 0.08233333333333333, 0.3323333333333333, 0.1101111111111111, 0.499, 0.08233333333333333, 0.3323333333333333, 0.1101111111111111, 0.08233333333333333, 0.3323333333333333, 0.1101111111111111, 0.3323333333333333, 0.08233333333333333, 0.3323333333333333, 0.1101111111111111, 0.08233333333333333, 0.3323333333333333, 0.1101111111111111, 0.499, 0.08233333333333333, 0.3323333333333333, 0.1101111111111111, 0.34, 0.01, 0.01, 0.68, 0.34, 0.34, 0.79, 0.93, 0.01, 0.57, 0.01, 0.09, 0.34, 0.23, 0.84, 0.68, 0.01, 0.68, 0.93, 0.34, 0.23, 0.76, 0.68, 0.12, 0.51, 0.08233333333333333, 0.3323333333333333, 0.1101111111111111, 0.34, 0.01, 0.57]"
378,AAAAAAAAAAAAAAAAAE2C2EIJIQ5PTJQAG6IABUY_192,4,2,2,400.4159213030071,25,0.1045086830854415,0.8954913169145584,0.9443778052926064,0.691379580895106,0.9334109624226888,0.1038715906441211,0.8961236779888471,0.9447202908496062,0.6918206887940566,0.9332171678543092,"[0.08233333333333333, 0.3323333333333333, 0.1101111111111111, 0.08233333333333333, 0.3323333333333333, 0.1101111111111111, 0.3323333333333333, 0.08233333333333333, 0.3323333333333333, 0.1101111111111111, 0.08233333333333333, 0.3323333333333333, 0.1101111111111111, 0.499, 0.08233333333333333, 0.3323333333333333, 0.1101111111111111, 0.08233333333333333, 0.3323333333333333, 0.1101111111111111, 0.3323333333333333, 0.08233333333333333, 0.3323333333333333, 0.1101111111111111, 0.08233333333333333, 0.3323333333333333, 0.1101111111111111, 0.499, 0.59, 0.68, 0.79, 0.26, 0.68, 0.79, 0.34, 0.09, 0.01, 0.34, 0.51, 0.01, 0.79, 0.01, 0.43, 0.34, 0.57, 0.68, 0.68, 0.79, 0.68, 0.08233333333333333, 0.3323333333333333, 0.1101111111111111, 0.34, 0.68, 0.9, 0.51, 0.08233333333333333, 0.3323333333333333, 0.1101111111111111, 0.18, 0.34, 0.23]"
379,AAAAAAAAAAAAAAAAAAAN37G7GEAB5MVYULS5BEY_192,4,2,2,1632.5063779250197,25,0.0796614358822504,0.9203385641177496,0.9582474703590076,0.7018922323981921,0.9410012245178224,0.0826705083250999,0.9173283336063226,0.9565997964392106,0.6995888092865546,0.93964950243632,"[0.08233333333333333, 0.3323333333333333, 0.1101111111111111, 0.08233333333333333, 0.3323333333333333, 0.1101111111111111, 0.3323333333333333, 0.08233333333333333, 0.3323333333333333, 0.1101111111111111, 0.08233333333333333, 0.3323333333333333, 0.1101111111111111, 0.499, 0.08233333333333333, 0.3323333333333333, 0.1101111111111111, 0.08233333333333333, 0.3323333333333333, 0.1101111111111111, 0.3323333333333333, 0.08233333333333333, 0.3323333333333333, 0.1101111111111111, 0.08233333333333333, 0.3323333333333333, 0.1101111111111111, 0.499, 0.08233333333333333, 0.3323333333333333, 0.1101111111111111, 0.76, 0.68, 0.57, 0.68, 0.68, 0.68, 0.57, 0.68, 0.68, 0.12, 0.01, 0.08233333333333333, 0.3323333333333333, 0.1101111111111111, 0.84, 0.34, 0.45, 0.34, 0.51, 0.68, 0.12, 0.59, 0.34, 0.57, 0.01, 0.51, 0.68, 0.79, 0.26, 0.34, 0.23]"
380,AAAAAAAAAAAAAAAAAPOMBHGZDQABZKQAGCDRL4I_192,4,2,2,1929.035299526004,25,0.0861823896567026,0.9138176103432972,0.9547379925847054,0.7130561456084251,0.9405436515808104,0.0876291887213786,0.9124042304853598,0.9538957111537456,0.7124193141857783,0.9405664841334024,"[0.08233333333333333, 0.3323333333333333, 0.1101111111111111, 0.08233333333333333, 0.3323333333333333, 0.1101111111111111, 0.3323333333333333, 0.08233333333333333, 0.3323333333333333, 0.1101111111111111, 0.08233333333333333, 0.3323333333333333, 0.1101111111111111, 0.499, 0.08233333333333333, 0.3323333333333333, 0.1101111111111111, 0.08233333333333333, 0.3323333333333333, 0.1101111111111111, 0.3323333333333333, 0.08233333333333333, 0.3323333333333333, 0.1101111111111111, 0.08233333333333333, 0.3323333333333333, 0.1101111111111111, 0.499, 0.84, 0.34, 0.9, 0.68, 0.01, 0.34, 0.34, 0.68, 0.68, 0.45, 0.59, 0.34, 0.9, 0.01, 0.08233333333333333, 0.3323333333333333, 0.1101111111111111, 0.93, 0.34, 0.68, 0.34, 0.08233333333333333, 0.3323333333333333, 0.1101111111111111, 0.34, 0.01, 0.79, 0.01, 0.43, 0.01, 0.68, 0.43, 0.68, 0.12]"
381,AAAAAAAADYI2J4F4EAAPJ4ABKPVL3AQAEYKUPNQ_192,4,2,3,5081.920376355993,25,0.0637779215971628,0.9362220784028372,0.966944819688797,0.7071883459885915,0.944627825419108,0.0501346136132876,0.9498643348614376,0.9742353429396948,0.7140577301383019,0.947505784034729,"[0.08233333333333333, 0.3323333333333333, 0.1101111111111111, 0.08233333333333333, 0.3323333333333333, 0.1101111111111111, 0.3323333333333333, 0.08233333333333333, 0.3323333333333333, 0.1101111111111111, 0.08233333333333333, 0.3323333333333333, 0.1101111111111111, 0.499, 0.84, 0.01, 0.34, 0.18, 0.34, 0.34, 0.34, 0.93, 0.01, 0.68, 0.93, 0.01, 0.79, 0.01, 0.08233333333333333, 0.3323333333333333, 0.1101111111111111, 0.84, 0.34, 0.23, 0.68, 0.08233333333333333, 0.3323333333333333, 0.1101111111111111, 0.51, 0.34, 0.23, 0.51, 0.76, 0.34, 0.68, 0.93, 0.68, 0.01, 0.34, 0.08233333333333333, 0.3323333333333333, 0.1101111111111111, 0.59, 0.68, 0.01, 0.51, 0.51, 0.34, 0.12, 0.93, 0.68, 0.45]"
382,AAAAAAAAAAAAAAAAACJND7Y5OAAARHWBSCY564I_192,4,2,2,1563.8083113979956,25,0.1310327559709549,0.8689672440290451,0.9289873426159224,0.6601859092712402,0.9242175102233888,0.1387284149726232,0.861269960179925,0.9245567637185256,0.6547241857896249,0.9220622857411702,"[0.08233333333333333, 0.3323333333333333, 0.1101111111111111, 0.08233333333333333, 0.3323333333333333, 0.1101111111111111, 0.3323333333333333, 0.08233333333333333, 0.3323333333333333, 0.1101111111111111, 0.08233333333333333, 0.3323333333333333, 0.1101111111111111, 0.499, 0.08233333333333333, 0.3323333333333333, 0.1101111111111111, 0.08233333333333333, 0.3323333333333333, 0.1101111111111111, 0.3323333333333333, 0.08233333333333333, 0.3323333333333333, 0.1101111111111111, 0.08233333333333333, 0.3323333333333333, 0.1101111111111111, 0.499, 0.26, 0.34, 0.34, 0.76, 0.01, 0.57, 0.68, 0.84, 0.01, 0.57, 0.51, 0.68, 0.01, 0.01, 0.08233333333333333, 0.3323333333333333, 0.1101111111111111, 0.59, 0.34, 0.23, 0.68, 0.34, 0.01, 0.23, 0.26, 0.01, 0.68, 0.51, 0.09, 0.68, 0.57, 0.76, 0.68, 0.12]"
383,EEHXLAT4MAD2TJXYAAAGLUABYCLELZ4JRLQAB4I_192,4,2,4,487.6202243870066,25,0.0809843276937802,0.9190156723062196,0.957542596757412,0.7063779498140017,0.9388956069946288,0.0864972822368145,0.9134979027012984,0.9544271548589072,0.703436120475332,0.9387266079584756,"[0.26, 0.01, 0.79, 0.18, 0.68, 0.57, 0.34, 0.34, 0.01, 0.34, 0.43, 0.68, 0.12, 0.51, 0.08233333333333333, 0.3323333333333333, 0.1101111111111111, 0.84, 0.34, 0.79, 0.68, 0.59, 0.68, 0.57, 0.68, 0.01, 0.01, 0.01, 0.08233333333333333, 0.3323333333333333, 0.1101111111111111, 0.34, 0.34, 0.57, 0.34, 0.08233333333333333, 0.3323333333333333, 0.1101111111111111, 0.43, 0.01, 0.01, 0.51, 0.26, 0.68, 0.34, 0.26, 0.68, 0.9, 0.68, 0.68, 0.34, 0.23, 0.09, 0.34, 0.57, 0.01, 0.08233333333333333, 0.3323333333333333, 0.1101111111111111, 0.18, 0.68, 0.12]"
384,DQ4SLDDFTA3WXYVJVQAHZ4SRSSFBRPQAGAAAHEI_192,4,2,4,3116.7796296620218,25,0.0649659261107444,0.9350340738892556,0.9663020595908164,0.7122918546199799,0.9428385734558106,0.065717526525259,0.934280280272166,0.9658684180428584,0.7124281608810027,0.943718417485555,"[0.09, 0.68, 0.01, 0.93, 0.34, 0.34, 0.34, 0.34, 0.01, 0.9, 0.34, 0.34, 0.45, 0.01, 0.68, 0.01, 0.45, 0.93, 0.68, 0.68, 0.68, 0.68, 0.34, 0.68, 0.59, 0.68, 0.68, 0.51, 0.08233333333333333, 0.3323333333333333, 0.1101111111111111, 0.43, 0.68, 0.23, 0.68, 0.26, 0.34, 0.79, 0.34, 0.34, 0.79, 0.51, 0.09, 0.34, 0.01, 0.68, 0.34, 0.57, 0.68, 0.08233333333333333, 0.3323333333333333, 0.1101111111111111, 0.34, 0.01, 0.01, 0.01, 0.08233333333333333, 0.3323333333333333, 0.1101111111111111, 0.93, 0.34, 0.12]"
385,AAAAAAAAAAAAAAAAAE3BJFONWUAA3GXBT3B4JVA_192,4,2,2,251.3641437029873,25,0.1573899825414021,0.8426100174585979,0.9137629821896552,0.6546871662139893,0.918183199564616,0.1737931443999211,0.8262008113165696,0.903472035129865,0.6459409670283397,0.9119369665781656,"[0.08233333333333333, 0.3323333333333333, 0.1101111111111111, 0.08233333333333333, 0.3323333333333333, 0.1101111111111111, 0.3323333333333333, 0.08233333333333333, 0.3323333333333333, 0.1101111111111111, 0.08233333333333333, 0.3323333333333333, 0.1101111111111111, 0.499, 0.08233333333333333, 0.3323333333333333, 0.1101111111111111, 0.08233333333333333, 0.3323333333333333, 0.1101111111111111, 0.3323333333333333, 0.08233333333333333, 0.3323333333333333, 0.1101111111111111, 0.08233333333333333, 0.3323333333333333, 0.1101111111111111, 0.499, 0.59, 0.68, 0.45, 0.09, 0.34, 0.34, 0.34, 0.51, 0.68, 0.23, 0.34, 0.68, 0.68, 0.01, 0.08233333333333333, 0.3323333333333333, 0.1101111111111111, 0.34, 0.68, 0.23, 0.34, 0.43, 0.01, 0.23, 0.18, 0.68, 0.45, 0.01, 0.18, 0.68, 0.12, 0.18, 0.34, 0.79]"
386,JUIMIADFVIUWBAA6CHCNGMABQUABTYRYUIIAD5A_192,4,2,4,995.445652306982,25,0.0559019471208254,0.9440980528791746,0.9711740876237552,0.7179106826583544,0.947265116373698,0.0525858741253614,0.9474105156958104,0.9729382912317912,0.7191789818306764,0.9467685143152872,"[0.59, 0.68, 0.79, 0.59, 0.01, 0.9, 0.34, 0.08233333333333333, 0.3323333333333333, 0.1101111111111111, 0.34, 0.34, 0.45, 0.51, 0.51, 0.01, 0.68, 0.26, 0.68, 0.01, 0.34, 0.08233333333333333, 0.3323333333333333, 0.1101111111111111, 0.84, 0.01, 0.34, 0.01, 0.43, 0.01, 0.79, 0.76, 0.01, 0.9, 0.68, 0.08233333333333333, 0.3323333333333333, 0.1101111111111111, 0.34, 0.01, 0.68, 0.01, 0.08233333333333333, 0.3323333333333333, 0.1101111111111111, 0.68, 0.68, 0.9, 0.34, 0.09, 0.68, 0.12, 0.59, 0.34, 0.01, 0.51, 0.08233333333333333, 0.3323333333333333, 0.1101111111111111, 0.43, 0.68, 0.79]"
387,AAAAAAAAAAAIJAAK4AADGNYLOMIFXCQAPBAADBQ_192,4,2,3,745.3762955690036,25,0.2166729137301445,0.7833270862698555,0.8767145787676175,0.6431247646609942,0.8968140920003255,0.2251180533319711,0.7748926519105832,0.8713761704663435,0.6393870523820321,0.8943578799565634,"[0.08233333333333333, 0.3323333333333333, 0.1101111111111111, 0.08233333333333333, 0.3323333333333333, 0.1101111111111111, 0.3323333333333333, 0.08233333333333333, 0.3323333333333333, 0.1101111111111111, 0.08233333333333333, 0.3323333333333333, 0.1101111111111111, 0.499, 0.08233333333333333, 0.3323333333333333, 0.1101111111111111, 0.09, 0.01, 0.34, 0.34, 0.08233333333333333, 0.3323333333333333, 0.1101111111111111, 0.51, 0.34, 0.9, 0.01, 0.08233333333333333, 0.3323333333333333, 0.1101111111111111, 0.18, 0.01, 0.9, 0.68, 0.43, 0.01, 0.34, 0.76, 0.68, 0.23, 0.01, 0.26, 0.01, 0.34, 0.76, 0.68, 0.12, 0.34, 0.08233333333333333, 0.3323333333333333, 0.1101111111111111, 0.84, 0.01, 0.34, 0.01, 0.08233333333333333, 0.3323333333333333, 0.1101111111111111, 0.34, 0.01, 0.45]"
388,AAAAAAAABOPQTAAMSAADB7OY26AAUFQACJAADXA_192,4,2,3,1828.236016538984,25,0.1244875902930895,0.8755124097069105,0.932656846443812,0.6755587096015613,0.9273426055908204,0.1235739171504974,0.8764239177107811,0.9332311077664296,0.6741856810947259,0.9269526958465576,"[0.08233333333333333, 0.3323333333333333, 0.1101111111111111, 0.08233333333333333, 0.3323333333333333, 0.1101111111111111, 0.3323333333333333, 0.08233333333333333, 0.3323333333333333, 0.1101111111111111, 0.08233333333333333, 0.3323333333333333, 0.1101111111111111, 0.499, 0.51, 0.68, 0.23, 0.93, 0.01, 0.79, 0.68, 0.08233333333333333, 0.3323333333333333, 0.1101111111111111, 0.34, 0.34, 0.34, 0.01, 0.08233333333333333, 0.3323333333333333, 0.1101111111111111, 0.18, 0.01, 0.23, 0.68, 0.76, 0.68, 0.45, 0.18, 0.34, 0.57, 0.51, 0.08233333333333333, 0.3323333333333333, 0.1101111111111111, 0.51, 0.01, 0.34, 0.68, 0.08233333333333333, 0.3323333333333333, 0.1101111111111111, 0.26, 0.34, 0.34, 0.01, 0.08233333333333333, 0.3323333333333333, 0.1101111111111111, 0.43, 0.34, 0.9]"
389,64MEJETBBKPQZAAJVQAPK4AAISAA4MQABK6NTRI_192,4,2,4,2332.5806498369784,25,0.0602332696318626,0.9397667303681374,0.96886266519626,0.7197635089357693,0.9439844131469728,0.0594147319595019,0.9405404238651196,0.9692526150494812,0.7203363424787919,0.94507311185201,"[0.84, 0.34, 0.9, 0.34, 0.01, 0.79, 0.34, 0.26, 0.34, 0.34, 0.34, 0.01, 0.79, 0.01, 0.51, 0.34, 0.23, 0.93, 0.01, 0.45, 0.34, 0.08233333333333333, 0.3323333333333333, 0.1101111111111111, 0.59, 0.68, 0.68, 0.51, 0.08233333333333333, 0.3323333333333333, 0.1101111111111111, 0.84, 0.34, 0.68, 0.68, 0.08233333333333333, 0.3323333333333333, 0.1101111111111111, 0.09, 0.01, 0.79, 0.51, 0.08233333333333333, 0.3323333333333333, 0.1101111111111111, 0.43, 0.01, 0.45, 0.34, 0.08233333333333333, 0.3323333333333333, 0.1101111111111111, 0.09, 0.34, 0.68, 0.51, 0.68, 0.68, 0.45, 0.43, 0.01, 0.68]"
390,AA34IR7HEABYZAA4WDA4ZMABOMAB7NQAPBO4LAA_192,4,2,4,3736.253005856997,25,0.6769118696451187,0.3230881303548812,0.4872736821571986,0.2580317472418149,0.2967968940734863,0.6835953608155251,0.3164033439010382,0.4788847620288531,0.2534807683279117,0.2893123467763265,"[0.08233333333333333, 0.3323333333333333, 0.1101111111111111, 0.76, 0.68, 0.9, 0.34, 0.09, 0.01, 0.57, 0.93, 0.34, 0.9, 0.51, 0.08233333333333333, 0.3323333333333333, 0.1101111111111111, 0.43, 0.01, 0.45, 0.34, 0.08233333333333333, 0.3323333333333333, 0.1101111111111111, 0.93, 0.34, 0.45, 0.01, 0.18, 0.01, 0.12, 0.68, 0.68, 0.34, 0.68, 0.08233333333333333, 0.3323333333333333, 0.1101111111111111, 0.51, 0.68, 0.23, 0.01, 0.08233333333333333, 0.3323333333333333, 0.1101111111111111, 0.84, 0.68, 0.45, 0.68, 0.08233333333333333, 0.3323333333333333, 0.1101111111111111, 0.84, 0.01, 0.34, 0.51, 0.76, 0.68, 0.12, 0.34, 0.01, 0.01]"
391,AAAAAAAAAADQNAAYEAAE24ABWG7NYL4YRK2AXNA_192,4,2,3,2650.998507534008,25,0.07454201678435,0.92545798321565,0.9611130778988204,0.707777026295662,0.9409041086832682,0.0712010281781355,0.9287963714450598,0.962904891744256,0.7086432298024495,0.9429229418436686,"[0.08233333333333333, 0.3323333333333333, 0.1101111111111111, 0.08233333333333333, 0.3323333333333333, 0.1101111111111111, 0.3323333333333333, 0.08233333333333333, 0.3323333333333333, 0.1101111111111111, 0.08233333333333333, 0.3323333333333333, 0.1101111111111111, 0.499, 0.08233333333333333, 0.3323333333333333, 0.1101111111111111, 0.93, 0.01, 0.23, 0.34, 0.08233333333333333, 0.3323333333333333, 0.1101111111111111, 0.68, 0.01, 0.79, 0.01, 0.08233333333333333, 0.3323333333333333, 0.1101111111111111, 0.59, 0.68, 0.68, 0.68, 0.08233333333333333, 0.3323333333333333, 0.1101111111111111, 0.34, 0.68, 0.12, 0.51, 0.43, 0.68, 0.45, 0.93, 0.01, 0.68, 0.68, 0.68, 0.68, 0.12, 0.09, 0.34, 0.68, 0.51, 0.59, 0.01, 0.34, 0.93, 0.68, 0.79]"
392,ZSYHIAGRUAAOHAAYHQABYUAAQUAAEMQADLQAB5Y_192,4,2,4,671.4117206539959,25,0.106668584048748,0.893331415951252,0.9432049994667372,0.6819560994704564,0.9316270192464192,0.1197220776230096,0.8802735503762961,0.935502724101146,0.6747313945243756,0.928286377588908,"[0.68, 0.68, 0.34, 0.68, 0.01, 0.57, 0.34, 0.08233333333333333, 0.3323333333333333, 0.1101111111111111, 0.76, 0.01, 0.45, 0.51, 0.08233333333333333, 0.3323333333333333, 0.1101111111111111, 0.09, 0.68, 0.12, 0.68, 0.08233333333333333, 0.3323333333333333, 0.1101111111111111, 0.68, 0.01, 0.57, 0.51, 0.08233333333333333, 0.3323333333333333, 0.1101111111111111, 0.09, 0.68, 0.12, 0.34, 0.08233333333333333, 0.3323333333333333, 0.1101111111111111, 0.26, 0.01, 0.68, 0.01, 0.08233333333333333, 0.3323333333333333, 0.1101111111111111, 0.09, 0.01, 0.45, 0.34, 0.08233333333333333, 0.3323333333333333, 0.1101111111111111, 0.18, 0.34, 0.57, 0.01, 0.08233333333333333, 0.3323333333333333, 0.1101111111111111, 0.18, 0.68, 0.57]"
393,AAAAAAAAAQXGNAAMBAAM6EABWSAA3JS6MLIAG5A_192,4,2,3,588.440031228005,25,0.0536075577139854,0.9463924422860146,0.9723705942432086,0.7203030447165172,0.9462292035420736,0.0498727182547251,0.9501003537327052,0.9743474069982768,0.7218050749351581,0.9474278529485066,"[0.08233333333333333, 0.3323333333333333, 0.1101111111111111, 0.08233333333333333, 0.3323333333333333, 0.1101111111111111, 0.3323333333333333, 0.08233333333333333, 0.3323333333333333, 0.1101111111111111, 0.08233333333333333, 0.3323333333333333, 0.1101111111111111, 0.499, 0.26, 0.01, 0.68, 0.68, 0.68, 0.23, 0.34, 0.08233333333333333, 0.3323333333333333, 0.1101111111111111, 0.34, 0.01, 0.12, 0.01, 0.08233333333333333, 0.3323333333333333, 0.1101111111111111, 0.68, 0.68, 0.9, 0.34, 0.08233333333333333, 0.3323333333333333, 0.1101111111111111, 0.34, 0.68, 0.79, 0.51, 0.08233333333333333, 0.3323333333333333, 0.1101111111111111, 0.34, 0.68, 0.79, 0.68, 0.26, 0.68, 0.9, 0.68, 0.34, 0.45, 0.51, 0.08233333333333333, 0.3323333333333333, 0.1101111111111111, 0.76, 0.68, 0.79]"
394,AAAAAAAAAAAAAAAAAAAFZE25QX4JVEQAGYP4BVI_192,4,2,2,979.1543752099968,25,0.0757226129372914,0.9242773870627086,0.9603998611370722,0.7101283128062884,0.9403604507446288,0.0776415392756462,0.9223535320411126,0.9593253004054229,0.7092308228214582,0.9401360352834066,"[0.08233333333333333, 0.3323333333333333, 0.1101111111111111, 0.08233333333333333, 0.3323333333333333, 0.1101111111111111, 0.3323333333333333, 0.08233333333333333, 0.3323333333333333, 0.1101111111111111, 0.08233333333333333, 0.3323333333333333, 0.1101111111111111, 0.499, 0.08233333333333333, 0.3323333333333333, 0.1101111111111111, 0.08233333333333333, 0.3323333333333333, 0.1101111111111111, 0.3323333333333333, 0.08233333333333333, 0.3323333333333333, 0.1101111111111111, 0.08233333333333333, 0.3323333333333333, 0.1101111111111111, 0.499, 0.08233333333333333, 0.3323333333333333, 0.1101111111111111, 0.51, 0.68, 0.34, 0.34, 0.18, 0.34, 0.57, 0.34, 0.01, 0.68, 0.51, 0.84, 0.01, 0.79, 0.76, 0.34, 0.34, 0.34, 0.08233333333333333, 0.3323333333333333, 0.1101111111111111, 0.34, 0.68, 0.01, 0.51, 0.84, 0.68, 0.01, 0.18, 0.34, 0.68]"
395,AAAAAAAAAIFI7AAIGAAE3MADWWZEILQABJAADDA_192,4,2,3,2560.9791747790005,25,0.1662733475367228,0.8337266524632772,0.9076006318132084,0.6299138193329176,0.9125142097473145,0.1739829094459613,0.8260155253112316,0.9029006529599428,0.6229392347236474,0.909942356745402,"[0.08233333333333333, 0.3323333333333333, 0.1101111111111111, 0.08233333333333333, 0.3323333333333333, 0.1101111111111111, 0.3323333333333333, 0.08233333333333333, 0.3323333333333333, 0.1101111111111111, 0.08233333333333333, 0.3323333333333333, 0.1101111111111111, 0.499, 0.09, 0.01, 0.12, 0.51, 0.01, 0.57, 0.68, 0.08233333333333333, 0.3323333333333333, 0.1101111111111111, 0.59, 0.01, 0.45, 0.01, 0.08233333333333333, 0.3323333333333333, 0.1101111111111111, 0.59, 0.68, 0.45, 0.68, 0.08233333333333333, 0.3323333333333333, 0.1101111111111111, 0.93, 0.68, 0.68, 0.51, 0.34, 0.34, 0.34, 0.26, 0.01, 0.68, 0.68, 0.08233333333333333, 0.3323333333333333, 0.1101111111111111, 0.09, 0.34, 0.34, 0.01, 0.08233333333333333, 0.3323333333333333, 0.1101111111111111, 0.34, 0.01, 0.9]"
396,AAAAAAAAAAAAAAAAAOOCK4ABOYVHRPRYN3IADUQ_192,4,2,2,2766.028937227995,25,0.1087076683839162,0.8912923316160838,0.9419530500968296,0.6767359435558319,0.9310585657755532,0.1074491494645675,0.8925483784327904,0.9425398827840884,0.6765437287588915,0.9315616607666016,"[0.08233333333333333, 0.3323333333333333, 0.1101111111111111, 0.08233333333333333, 0.3323333333333333, 0.1101111111111111, 0.3323333333333333, 0.08233333333333333, 0.3323333333333333, 0.1101111111111111, 0.08233333333333333, 0.3323333333333333, 0.1101111111111111, 0.499, 0.08233333333333333, 0.3323333333333333, 0.1101111111111111, 0.08233333333333333, 0.3323333333333333, 0.1101111111111111, 0.3323333333333333, 0.08233333333333333, 0.3323333333333333, 0.1101111111111111, 0.08233333333333333, 0.3323333333333333, 0.1101111111111111, 0.499, 0.93, 0.34, 0.9, 0.26, 0.34, 0.68, 0.68, 0.08233333333333333, 0.3323333333333333, 0.1101111111111111, 0.51, 0.68, 0.45, 0.01, 0.51, 0.34, 0.23, 0.68, 0.34, 0.57, 0.68, 0.09, 0.68, 0.01, 0.76, 0.68, 0.45, 0.51, 0.08233333333333333, 0.3323333333333333, 0.1101111111111111, 0.43, 0.34, 0.34]"
397,AAAAAAAAAAAAAAAAAAAEIPYJCHVLYP6LRKG4TEQ_192,4,2,2,2290.776692177984,25,0.0974125857154528,0.9025874142845473,0.9482864131530124,0.6936157330870628,0.9343960126241048,0.0911398044476906,0.9088525673995416,0.9517991515497368,0.6961378594239552,0.936132009824117,"[0.08233333333333333, 0.3323333333333333, 0.1101111111111111, 0.08233333333333333, 0.3323333333333333, 0.1101111111111111, 0.3323333333333333, 0.08233333333333333, 0.3323333333333333, 0.1101111111111111, 0.08233333333333333, 0.3323333333333333, 0.1101111111111111, 0.499, 0.08233333333333333, 0.3323333333333333, 0.1101111111111111, 0.08233333333333333, 0.3323333333333333, 0.1101111111111111, 0.3323333333333333, 0.08233333333333333, 0.3323333333333333, 0.1101111111111111, 0.08233333333333333, 0.3323333333333333, 0.1101111111111111, 0.499, 0.08233333333333333, 0.3323333333333333, 0.1101111111111111, 0.59, 0.34, 0.01, 0.68, 0.84, 0.01, 0.34, 0.59, 0.34, 0.12, 0.51, 0.76, 0.34, 0.68, 0.93, 0.01, 0.57, 0.68, 0.93, 0.34, 0.57, 0.09, 0.34, 0.79, 0.01, 0.76, 0.68, 0.34, 0.34, 0.34, 0.34]"
398,AAAAAAAABWRKPAAC4EOFA4ABYJXJTB6C5CTA6AI_192,4,2,3,382.6106266370043,25,0.6832054197788239,0.3167945802211761,0.4792287603020668,0.2492198124527931,0.2893049240112305,0.6817071748276552,0.3182850704838832,0.4811143849045038,0.2502134145547946,0.2911853392918904,"[0.08233333333333333, 0.3323333333333333, 0.1101111111111111, 0.08233333333333333, 0.3323333333333333, 0.1101111111111111, 0.3323333333333333, 0.08233333333333333, 0.3323333333333333, 0.1101111111111111, 0.08233333333333333, 0.3323333333333333, 0.1101111111111111, 0.499, 0.34, 0.68, 0.79, 0.51, 0.34, 0.23, 0.68, 0.08233333333333333, 0.3323333333333333, 0.1101111111111111, 0.09, 0.34, 0.9, 0.01, 0.59, 0.34, 0.9, 0.51, 0.01, 0.12, 0.68, 0.08233333333333333, 0.3323333333333333, 0.1101111111111111, 0.43, 0.01, 0.34, 0.01, 0.76, 0.68, 0.79, 0.68, 0.68, 0.01, 0.68, 0.93, 0.01, 0.68, 0.76, 0.01, 0.68, 0.01, 0.34, 0.01, 0.23, 0.68, 0.01, 0.12]"
399,AAAAAAAAAAAAAAAAAAAPBEAAWEAARZRJ62AABVI_192,4,2,2,3959.794630255986,25,0.1367423107226689,0.863257689277331,0.9259165659546852,0.66952718993028,0.92210324605306,0.1393837956090768,0.8606142574300368,0.9240418141086896,0.6677141943325599,0.921864406267802,"[0.08233333333333333, 0.3323333333333333, 0.1101111111111111, 0.08233333333333333, 0.3323333333333333, 0.1101111111111111, 0.3323333333333333, 0.08233333333333333, 0.3323333333333333, 0.1101111111111111, 0.08233333333333333, 0.3323333333333333, 0.1101111111111111, 0.499, 0.08233333333333333, 0.3323333333333333, 0.1101111111111111, 0.08233333333333333, 0.3323333333333333, 0.1101111111111111, 0.3323333333333333, 0.08233333333333333, 0.3323333333333333, 0.1101111111111111, 0.08233333333333333, 0.3323333333333333, 0.1101111111111111, 0.499, 0.08233333333333333, 0.3323333333333333, 0.1101111111111111, 0.84, 0.01, 0.34, 0.34, 0.08233333333333333, 0.3323333333333333, 0.1101111111111111, 0.26, 0.68, 0.12, 0.01, 0.08233333333333333, 0.3323333333333333, 0.1101111111111111, 0.59, 0.34, 0.9, 0.68, 0.09, 0.34, 0.23, 0.93, 0.68, 0.79, 0.01, 0.08233333333333333, 0.3323333333333333, 0.1101111111111111, 0.18, 0.34, 0.68]"
400,AAAAAAAAA6TCVOS4TAAEJFQE2GAAECQAC32EDBI_192,4,2,3,478.96127177000017,25,0.681038514773051,0.318961485226949,0.4822270636757215,0.2413989906509717,0.291136614481608,0.6818685539066791,0.3181284197916587,0.4809375209112962,0.2407438710331916,0.2907274166742961,"[0.08233333333333333, 0.3323333333333333, 0.1101111111111111, 0.08233333333333333, 0.3323333333333333, 0.1101111111111111, 0.3323333333333333, 0.08233333333333333, 0.3323333333333333, 0.1101111111111111, 0.08233333333333333, 0.3323333333333333, 0.1101111111111111, 0.499, 0.18, 0.68, 0.79, 0.68, 0.34, 0.68, 0.34, 0.43, 0.34, 0.34, 0.93, 0.34, 0.23, 0.01, 0.08233333333333333, 0.3323333333333333, 0.1101111111111111, 0.59, 0.34, 0.34, 0.34, 0.34, 0.01, 0.12, 0.18, 0.34, 0.12, 0.51, 0.08233333333333333, 0.3323333333333333, 0.1101111111111111, 0.09, 0.01, 0.12, 0.34, 0.08233333333333333, 0.3323333333333333, 0.1101111111111111, 0.26, 0.68, 0.57, 0.51, 0.59, 0.34, 0.01, 0.34, 0.01, 0.68]"
401,AAAAAAAAAABCVKG4TOGB2EABYGABVHVLBJQAGBY_192,4,2,3,558.3180248890003,25,0.6803401013215383,0.3196598986784617,0.4829588174819946,0.2414926866690318,0.2920455614725749,0.6820424022773902,0.3179575824489196,0.4807132632782062,0.2403700056175391,0.2905001799265543,"[0.08233333333333333, 0.3323333333333333, 0.1101111111111111, 0.08233333333333333, 0.3323333333333333, 0.1101111111111111, 0.3323333333333333, 0.08233333333333333, 0.3323333333333333, 0.1101111111111111, 0.08233333333333333, 0.3323333333333333, 0.1101111111111111, 0.499, 0.08233333333333333, 0.3323333333333333, 0.1101111111111111, 0.59, 0.34, 0.68, 0.34, 0.51, 0.01, 0.45, 0.93, 0.34, 0.23, 0.01, 0.93, 0.01, 0.9, 0.09, 0.68, 0.79, 0.34, 0.08233333333333333, 0.3323333333333333, 0.1101111111111111, 0.43, 0.01, 0.12, 0.51, 0.08233333333333333, 0.3323333333333333, 0.1101111111111111, 0.76, 0.34, 0.23, 0.68, 0.51, 0.34, 0.45, 0.09, 0.34, 0.23, 0.01, 0.08233333333333333, 0.3323333333333333, 0.1101111111111111, 0.68, 0.01, 0.57]"
402,AAAAAAAAAADSV2V6TSZXIUAD2C7PXDQAPLHMREQ_192,4,2,3,1074.9173812159995,25,0.054220167795817,0.9457798322041828,0.9720604196190834,0.716604066391786,0.9454278628031412,0.0474425914386908,0.9525553324570258,0.975650039066871,0.719693622738123,0.9476443529129028,"[0.08233333333333333, 0.3323333333333333, 0.1101111111111111, 0.08233333333333333, 0.3323333333333333, 0.1101111111111111, 0.3323333333333333, 0.08233333333333333, 0.3323333333333333, 0.1101111111111111, 0.08233333333333333, 0.3323333333333333, 0.1101111111111111, 0.499, 0.08233333333333333, 0.3323333333333333, 0.1101111111111111, 0.93, 0.34, 0.68, 0.34, 0.76, 0.34, 0.68, 0.84, 0.34, 0.23, 0.51, 0.26, 0.68, 0.23, 0.43, 0.34, 0.12, 0.34, 0.08233333333333333, 0.3323333333333333, 0.1101111111111111, 0.84, 0.34, 0.01, 0.51, 0.43, 0.68, 0.57, 0.76, 0.68, 0.12, 0.68, 0.08233333333333333, 0.3323333333333333, 0.1101111111111111, 0.84, 0.34, 0.45, 0.01, 0.93, 0.68, 0.34, 0.26, 0.34, 0.34]"
403,AAAAAAAAAAAAAAAAABDMGFKM6YABQE4CNJDR6XA_192,4,2,2,245.59203260400045,25,0.1417391051848729,0.858260894815127,0.9229048828283946,0.6645073140660922,0.9198159217834472,0.1436914934466282,0.8563051181534926,0.9215167180945476,0.6613760852565368,0.918267059326172,"[0.08233333333333333, 0.3323333333333333, 0.1101111111111111, 0.08233333333333333, 0.3323333333333333, 0.1101111111111111, 0.3323333333333333, 0.08233333333333333, 0.3323333333333333, 0.1101111111111111, 0.08233333333333333, 0.3323333333333333, 0.1101111111111111, 0.499, 0.08233333333333333, 0.3323333333333333, 0.1101111111111111, 0.08233333333333333, 0.3323333333333333, 0.1101111111111111, 0.3323333333333333, 0.08233333333333333, 0.3323333333333333, 0.1101111111111111, 0.08233333333333333, 0.3323333333333333, 0.1101111111111111, 0.499, 0.09, 0.01, 0.45, 0.68, 0.01, 0.9, 0.34, 0.51, 0.34, 0.23, 0.18, 0.68, 0.45, 0.01, 0.08233333333333333, 0.3323333333333333, 0.1101111111111111, 0.68, 0.01, 0.34, 0.34, 0.68, 0.01, 0.79, 0.76, 0.34, 0.34, 0.01, 0.43, 0.01, 0.57, 0.76, 0.34, 0.9]"
404,AAAAAAAAAAAAAAAAABY6YUSEOQAB3HQACZ6RS4Q_192,4,2,2,1069.300896736001,25,0.087235947450002,0.912764052549998,0.954145246744156,0.707812570532163,0.93744166692098,0.0917599120487769,0.9082926514248052,0.9515559860815604,0.7056862426300844,0.9363969484965008,"[0.08233333333333333, 0.3323333333333333, 0.1101111111111111, 0.08233333333333333, 0.3323333333333333, 0.1101111111111111, 0.3323333333333333, 0.08233333333333333, 0.3323333333333333, 0.1101111111111111, 0.08233333333333333, 0.3323333333333333, 0.1101111111111111, 0.499, 0.08233333333333333, 0.3323333333333333, 0.1101111111111111, 0.08233333333333333, 0.3323333333333333, 0.1101111111111111, 0.3323333333333333, 0.08233333333333333, 0.3323333333333333, 0.1101111111111111, 0.08233333333333333, 0.3323333333333333, 0.1101111111111111, 0.499, 0.09, 0.68, 0.12, 0.93, 0.68, 0.12, 0.34, 0.26, 0.34, 0.12, 0.09, 0.68, 0.79, 0.01, 0.08233333333333333, 0.3323333333333333, 0.1101111111111111, 0.93, 0.68, 0.23, 0.68, 0.08233333333333333, 0.3323333333333333, 0.1101111111111111, 0.26, 0.68, 0.23, 0.51, 0.76, 0.01, 0.45, 0.51, 0.68, 0.34]"
405,AAAAAAAAAAAAAAAAAAAMGEADSYFZTOXCPKYADEI_192,4,2,2,780.7119268349998,25,0.6655316377679507,0.3344683622320493,0.499474257727464,0.2518327931563059,0.3558639208475748,0.6666471406817436,0.3333521356185277,0.4980830895404021,0.2511218403776487,0.3548742373784383,"[0.08233333333333333, 0.3323333333333333, 0.1101111111111111, 0.08233333333333333, 0.3323333333333333, 0.1101111111111111, 0.3323333333333333, 0.08233333333333333, 0.3323333333333333, 0.1101111111111111, 0.08233333333333333, 0.3323333333333333, 0.1101111111111111, 0.499, 0.08233333333333333, 0.3323333333333333, 0.1101111111111111, 0.08233333333333333, 0.3323333333333333, 0.1101111111111111, 0.3323333333333333, 0.08233333333333333, 0.3323333333333333, 0.1101111111111111, 0.08233333333333333, 0.3323333333333333, 0.1101111111111111, 0.499, 0.08233333333333333, 0.3323333333333333, 0.1101111111111111, 0.68, 0.01, 0.9, 0.34, 0.08233333333333333, 0.3323333333333333, 0.1101111111111111, 0.93, 0.34, 0.45, 0.01, 0.09, 0.34, 0.9, 0.68, 0.68, 0.57, 0.34, 0.43, 0.01, 0.79, 0.84, 0.34, 0.68, 0.51, 0.08233333333333333, 0.3323333333333333, 0.1101111111111111, 0.34, 0.34, 0.12]"
406,AAAAAAAABG3QNAAGGG2UB4ABQGYBRKSKW3QACFQ_192,4,2,3,450.5489288909994,25,0.0729639694094657,0.9270360305905342,0.9619587515791256,0.7073569213350613,0.9421682675679524,0.0698976907879114,0.9301010152945915,0.9636308420449496,0.7085410306851069,0.9431177377700806,"[0.08233333333333333, 0.3323333333333333, 0.1101111111111111, 0.08233333333333333, 0.3323333333333333, 0.1101111111111111, 0.3323333333333333, 0.08233333333333333, 0.3323333333333333, 0.1101111111111111, 0.08233333333333333, 0.3323333333333333, 0.1101111111111111, 0.499, 0.59, 0.68, 0.45, 0.93, 0.01, 0.23, 0.34, 0.08233333333333333, 0.3323333333333333, 0.1101111111111111, 0.18, 0.01, 0.45, 0.01, 0.34, 0.68, 0.68, 0.59, 0.01, 0.23, 0.68, 0.08233333333333333, 0.3323333333333333, 0.1101111111111111, 0.34, 0.01, 0.12, 0.51, 0.34, 0.01, 0.01, 0.68, 0.34, 0.68, 0.34, 0.26, 0.34, 0.68, 0.34, 0.68, 0.57, 0.01, 0.08233333333333333, 0.3323333333333333, 0.1101111111111111, 0.59, 0.34, 0.45]"
407,AAPV75HPD2DIRAAYFAAHZEW7IT5CIGQAP3QACXA_192,4,2,4,1819.2097171419991,25,0.6832492222388585,0.3167507777611414,0.4792245239019393,0.2541881759961446,0.2897421518961589,0.6819648804763953,0.3179778405775627,0.4808381496618191,0.2550499784449736,0.2910760323206584,"[0.08233333333333333, 0.3323333333333333, 0.1101111111111111, 0.43, 0.68, 0.68, 0.68, 0.84, 0.68, 0.79, 0.93, 0.68, 0.9, 0.01, 0.84, 0.34, 0.01, 0.76, 0.01, 0.79, 0.34, 0.08233333333333333, 0.3323333333333333, 0.1101111111111111, 0.68, 0.01, 0.68, 0.01, 0.08233333333333333, 0.3323333333333333, 0.1101111111111111, 0.43, 0.68, 0.34, 0.34, 0.26, 0.68, 0.57, 0.76, 0.01, 0.79, 0.51, 0.84, 0.34, 0.12, 0.26, 0.01, 0.23, 0.34, 0.08233333333333333, 0.3323333333333333, 0.1101111111111111, 0.84, 0.68, 0.57, 0.01, 0.08233333333333333, 0.3323333333333333, 0.1101111111111111, 0.51, 0.34, 0.9]"
408,PS7ROUOXEWMINAAGQUIRDMAAO6ABUBQAPGHMCQI_192,4,2,4,625.3525496759994,25,0.6838307296236356,0.3161692703763644,0.4786270106832186,0.2542475273211797,0.2892451286315918,0.6818705322841804,0.3181576158851385,0.4810670709858338,0.255599728350838,0.2912002881368001,"[0.43, 0.68, 0.34, 0.84, 0.68, 0.12, 0.34, 0.76, 0.34, 0.12, 0.76, 0.34, 0.9, 0.51, 0.26, 0.68, 0.23, 0.09, 0.01, 0.23, 0.34, 0.08233333333333333, 0.3323333333333333, 0.1101111111111111, 0.18, 0.34, 0.01, 0.51, 0.59, 0.34, 0.12, 0.09, 0.01, 0.45, 0.68, 0.08233333333333333, 0.3323333333333333, 0.1101111111111111, 0.09, 0.68, 0.57, 0.51, 0.08233333333333333, 0.3323333333333333, 0.1101111111111111, 0.76, 0.01, 0.01, 0.68, 0.08233333333333333, 0.3323333333333333, 0.1101111111111111, 0.84, 0.01, 0.9, 0.01, 0.93, 0.68, 0.01, 0.51, 0.01, 0.12]"
409,FV4FYAGTAABZRAAFUAAFB4KUWOAA5IQAEBSBKFY_192,4,2,4,433.193340881,25,0.6879249304533005,0.3120750695466995,0.4741239761312802,0.2505519971251487,0.2852915445963541,0.6808395631611347,0.31917239887019,0.4820483015229305,0.2550552225361268,0.2921886841456095,"[0.26, 0.68, 0.68, 0.93, 0.01, 0.68, 0.68, 0.08233333333333333, 0.3323333333333333, 0.1101111111111111, 0.76, 0.01, 0.9, 0.01, 0.08233333333333333, 0.3323333333333333, 0.1101111111111111, 0.43, 0.01, 0.9, 0.34, 0.08233333333333333, 0.3323333333333333, 0.1101111111111111, 0.26, 0.68, 0.79, 0.01, 0.08233333333333333, 0.3323333333333333, 0.1101111111111111, 0.51, 0.01, 0.23, 0.68, 0.09, 0.34, 0.68, 0.26, 0.68, 0.23, 0.51, 0.08233333333333333, 0.3323333333333333, 0.1101111111111111, 0.43, 0.34, 0.79, 0.34, 0.08233333333333333, 0.3323333333333333, 0.1101111111111111, 0.59, 0.01, 0.23, 0.01, 0.59, 0.01, 0.68, 0.59, 0.34, 0.57]"
410,AAAAAAAAAAAAAAAAAB3TKMABQMZIPHWC5A2ALVA_192,4,2,2,164.46142584900008,25,0.2138308892647425,0.7861691107352574,0.8786204780141512,0.6017720550298691,0.8980396906534831,0.2161939407388369,0.7837940877924363,0.8770897444337606,0.5977601353079081,0.8947125355402629,"[0.08233333333333333, 0.3323333333333333, 0.1101111111111111, 0.08233333333333333, 0.3323333333333333, 0.1101111111111111, 0.3323333333333333, 0.08233333333333333, 0.3323333333333333, 0.1101111111111111, 0.08233333333333333, 0.3323333333333333, 0.1101111111111111, 0.499, 0.08233333333333333, 0.3323333333333333, 0.1101111111111111, 0.08233333333333333, 0.3323333333333333, 0.1101111111111111, 0.3323333333333333, 0.08233333333333333, 0.3323333333333333, 0.1101111111111111, 0.08233333333333333, 0.3323333333333333, 0.1101111111111111, 0.499, 0.09, 0.68, 0.57, 0.18, 0.34, 0.79, 0.68, 0.08233333333333333, 0.3323333333333333, 0.1101111111111111, 0.34, 0.01, 0.23, 0.01, 0.34, 0.34, 0.79, 0.18, 0.68, 0.23, 0.68, 0.34, 0.01, 0.68, 0.76, 0.01, 0.12, 0.51, 0.59, 0.01, 0.12, 0.43, 0.34, 0.79]"
411,AAAAAAAAAAAAAAAAAAAFBEADCIAANYVYBCQABTA_192,4,2,2,139.70037472900003,25,0.2480213125546773,0.7519786874453227,0.8559398467342059,0.5583320985237757,0.8835277557373047,0.2660476819922526,0.7339513372629881,0.8437175319840511,0.5432510949671269,0.8747413714726766,"[0.08233333333333333, 0.3323333333333333, 0.1101111111111111, 0.08233333333333333, 0.3323333333333333, 0.1101111111111111, 0.3323333333333333, 0.08233333333333333, 0.3323333333333333, 0.1101111111111111, 0.08233333333333333, 0.3323333333333333, 0.1101111111111111, 0.499, 0.08233333333333333, 0.3323333333333333, 0.1101111111111111, 0.08233333333333333, 0.3323333333333333, 0.1101111111111111, 0.3323333333333333, 0.08233333333333333, 0.3323333333333333, 0.1101111111111111, 0.08233333333333333, 0.3323333333333333, 0.1101111111111111, 0.499, 0.08233333333333333, 0.3323333333333333, 0.1101111111111111, 0.51, 0.01, 0.34, 0.34, 0.08233333333333333, 0.3323333333333333, 0.1101111111111111, 0.68, 0.34, 0.34, 0.01, 0.08233333333333333, 0.3323333333333333, 0.1101111111111111, 0.18, 0.34, 0.9, 0.34, 0.51, 0.68, 0.01, 0.09, 0.01, 0.68, 0.01, 0.08233333333333333, 0.3323333333333333, 0.1101111111111111, 0.18, 0.01, 0.9]"
412,AAAAAAAAAAAYFNSYQNLHOPCTWJ7KHMQAOCYAHDA_192,4,2,3,703.8497120930006,25,0.1024635796745618,0.8975364203254382,0.9455914661288262,0.6768182943264643,0.9343370755513508,0.1019375634690125,0.8980616363386313,0.9457860740522545,0.675872196132938,0.9338635842005412,"[0.08233333333333333, 0.3323333333333333, 0.1101111111111111, 0.08233333333333333, 0.3323333333333333, 0.1101111111111111, 0.3323333333333333, 0.08233333333333333, 0.3323333333333333, 0.1101111111111111, 0.08233333333333333, 0.3323333333333333, 0.1101111111111111, 0.499, 0.08233333333333333, 0.3323333333333333, 0.1101111111111111, 0.18, 0.01, 0.12, 0.34, 0.34, 0.68, 0.34, 0.68, 0.34, 0.01, 0.01, 0.76, 0.34, 0.45, 0.43, 0.34, 0.9, 0.68, 0.68, 0.34, 0.79, 0.93, 0.68, 0.34, 0.01, 0.84, 0.68, 0.68, 0.09, 0.68, 0.45, 0.34, 0.08233333333333333, 0.3323333333333333, 0.1101111111111111, 0.93, 0.01, 0.68, 0.51, 0.08233333333333333, 0.3323333333333333, 0.1101111111111111, 0.93, 0.01, 0.9]"
413,EMOMIADVV2HA3KHKEXCODUAA2QUZVHRLP2DVDUQ_192,4,2,4,242.88330173900067,25,0.0624407952030499,0.93755920479695,0.9676548620065052,0.7163648312290509,0.9446041742960612,0.0584590278565883,0.9415380249420802,0.96978830806911,0.7177967590590318,0.9454365253448488,"[0.26, 0.01, 0.9, 0.43, 0.01, 0.9, 0.34, 0.08233333333333333, 0.3323333333333333, 0.1101111111111111, 0.43, 0.34, 0.45, 0.51, 0.43, 0.34, 0.12, 0.68, 0.01, 0.45, 0.68, 0.51, 0.01, 0.57, 0.51, 0.01, 0.79, 0.51, 0.43, 0.01, 0.79, 0.93, 0.01, 0.57, 0.34, 0.08233333333333333, 0.3323333333333333, 0.1101111111111111, 0.18, 0.34, 0.79, 0.01, 0.51, 0.01, 0.9, 0.76, 0.34, 0.23, 0.68, 0.09, 0.34, 0.45, 0.84, 0.68, 0.79, 0.01, 0.43, 0.34, 0.79, 0.43, 0.34, 0.34]"
414,AAAAAAAAD6L23AAPTQAHJ4AD2CABYNQACKYAD4Y_192,4,2,3,719.7370040260012,25,0.087995537618796,0.912004462381204,0.953595039745172,0.700259056687355,0.937152608235677,0.0963247705250978,0.90367179363966,0.9489691894501447,0.6947744488716125,0.935262362162272,"[0.08233333333333333, 0.3323333333333333, 0.1101111111111111, 0.08233333333333333, 0.3323333333333333, 0.1101111111111111, 0.3323333333333333, 0.08233333333333333, 0.3323333333333333, 0.1101111111111111, 0.08233333333333333, 0.3323333333333333, 0.1101111111111111, 0.499, 0.84, 0.68, 0.34, 0.84, 0.34, 0.45, 0.68, 0.08233333333333333, 0.3323333333333333, 0.1101111111111111, 0.43, 0.68, 0.23, 0.51, 0.08233333333333333, 0.3323333333333333, 0.1101111111111111, 0.43, 0.34, 0.23, 0.68, 0.08233333333333333, 0.3323333333333333, 0.1101111111111111, 0.84, 0.34, 0.01, 0.51, 0.08233333333333333, 0.3323333333333333, 0.1101111111111111, 0.93, 0.01, 0.45, 0.68, 0.08233333333333333, 0.3323333333333333, 0.1101111111111111, 0.26, 0.34, 0.68, 0.51, 0.08233333333333333, 0.3323333333333333, 0.1101111111111111, 0.43, 0.68, 0.23]"
415,AAAAAAAAAABYLAAHQAADYMQNYWAARLQAFKAAD4A_192,4,2,3,153.64741768599924,25,0.122008940577507,0.877991059422493,0.9345309962828954,0.6698901206254959,0.9270881017049154,0.123030083750685,0.8769684843719006,0.933621641000112,0.6676260718454917,0.9272876024246216,"[0.08233333333333333, 0.3323333333333333, 0.1101111111111111, 0.08233333333333333, 0.3323333333333333, 0.1101111111111111, 0.3323333333333333, 0.08233333333333333, 0.3323333333333333, 0.1101111111111111, 0.08233333333333333, 0.3323333333333333, 0.1101111111111111, 0.499, 0.08233333333333333, 0.3323333333333333, 0.1101111111111111, 0.43, 0.01, 0.34, 0.68, 0.08233333333333333, 0.3323333333333333, 0.1101111111111111, 0.18, 0.68, 0.01, 0.01, 0.08233333333333333, 0.3323333333333333, 0.1101111111111111, 0.18, 0.68, 0.01, 0.68, 0.26, 0.01, 0.23, 0.43, 0.01, 0.68, 0.51, 0.08233333333333333, 0.3323333333333333, 0.1101111111111111, 0.59, 0.34, 0.68, 0.68, 0.08233333333333333, 0.3323333333333333, 0.1101111111111111, 0.51, 0.34, 0.79, 0.01, 0.08233333333333333, 0.3323333333333333, 0.1101111111111111, 0.43, 0.68, 0.01]"
416,AAAAAAAAAADOZZQ2QWIHI4ABOCABTFQACBAAHAI_192,4,2,3,362.6496472179988,25,0.0833802158633867,0.9166197841366132,0.9562172288695971,0.6881623501578967,0.9376176516215008,0.0802597718934218,0.9197393267105024,0.9579260817418496,0.6897860785325368,0.9395882606506348,"[0.08233333333333333, 0.3323333333333333, 0.1101111111111111, 0.08233333333333333, 0.3323333333333333, 0.1101111111111111, 0.3323333333333333, 0.08233333333333333, 0.3323333333333333, 0.1101111111111111, 0.08233333333333333, 0.3323333333333333, 0.1101111111111111, 0.499, 0.08233333333333333, 0.3323333333333333, 0.1101111111111111, 0.76, 0.68, 0.45, 0.34, 0.68, 0.68, 0.01, 0.76, 0.34, 0.01, 0.51, 0.34, 0.34, 0.01, 0.43, 0.34, 0.12, 0.68, 0.08233333333333333, 0.3323333333333333, 0.1101111111111111, 0.51, 0.68, 0.01, 0.51, 0.08233333333333333, 0.3323333333333333, 0.1101111111111111, 0.68, 0.68, 0.34, 0.68, 0.08233333333333333, 0.3323333333333333, 0.1101111111111111, 0.26, 0.01, 0.34, 0.01, 0.08233333333333333, 0.3323333333333333, 0.1101111111111111, 0.93, 0.01, 0.12]"
417,AADVPBY5EAAKXAAOHECMC4ADKYAATY7LSLIAB4A_192,4,2,4,432.37065812499895,25,0.1175299008687337,0.8824700991312663,0.9371645420789718,0.6886883497238159,0.9298984209696451,0.1183993926892677,0.8816183728476366,0.936547023554643,0.6887377767513195,0.9304160515467326,"[0.08233333333333333, 0.3323333333333333, 0.1101111111111111, 0.09, 0.68, 0.68, 0.34, 0.93, 0.01, 0.57, 0.09, 0.68, 0.79, 0.51, 0.08233333333333333, 0.3323333333333333, 0.1101111111111111, 0.09, 0.34, 0.68, 0.68, 0.08233333333333333, 0.3323333333333333, 0.1101111111111111, 0.43, 0.01, 0.57, 0.01, 0.59, 0.01, 0.79, 0.68, 0.01, 0.68, 0.68, 0.08233333333333333, 0.3323333333333333, 0.1101111111111111, 0.76, 0.34, 0.45, 0.01, 0.08233333333333333, 0.3323333333333333, 0.1101111111111111, 0.59, 0.68, 0.9, 0.34, 0.84, 0.34, 0.57, 0.26, 0.34, 0.45, 0.51, 0.08233333333333333, 0.3323333333333333, 0.1101111111111111, 0.18, 0.68, 0.01]"
418,AAAAAAAAA2N7TAAOD7DOK4AAKGAATAQAHAYADBI_192,4,2,3,322.1598519320014,25,0.0974718987941742,0.9025281012058258,0.9483926117420196,0.6921197871367136,0.934281539916992,0.1006561587254206,0.8993107511351506,0.9465440763781467,0.6906277266641457,0.9338294506072998,"[0.08233333333333333, 0.3323333333333333, 0.1101111111111111, 0.08233333333333333, 0.3323333333333333, 0.1101111111111111, 0.3323333333333333, 0.08233333333333333, 0.3323333333333333, 0.1101111111111111, 0.08233333333333333, 0.3323333333333333, 0.1101111111111111, 0.499, 0.18, 0.34, 0.23, 0.43, 0.68, 0.9, 0.68, 0.08233333333333333, 0.3323333333333333, 0.1101111111111111, 0.43, 0.01, 0.23, 0.51, 0.84, 0.01, 0.45, 0.93, 0.34, 0.68, 0.68, 0.08233333333333333, 0.3323333333333333, 0.1101111111111111, 0.09, 0.34, 0.12, 0.51, 0.08233333333333333, 0.3323333333333333, 0.1101111111111111, 0.59, 0.68, 0.01, 0.34, 0.08233333333333333, 0.3323333333333333, 0.1101111111111111, 0.43, 0.01, 0.12, 0.51, 0.08233333333333333, 0.3323333333333333, 0.1101111111111111, 0.34, 0.01, 0.68]"
419,AAEXIAA7BYBIR6UGXAAHCPYAO37MUFTZDIQABNA_192,4,2,4,204.88561496599868,25,0.6783795297145844,0.3216204702854156,0.4846733719110488,0.2522706682483355,0.2947970072428385,0.6829146150499582,0.3170752661923567,0.479660981396834,0.2494806004067262,0.2898123184839884,"[0.08233333333333333, 0.3323333333333333, 0.1101111111111111, 0.26, 0.34, 0.57, 0.34, 0.08233333333333333, 0.3323333333333333, 0.1101111111111111, 0.09, 0.68, 0.9, 0.01, 0.43, 0.01, 0.01, 0.51, 0.01, 0.79, 0.34, 0.84, 0.34, 0.79, 0.18, 0.34, 0.57, 0.01, 0.08233333333333333, 0.3323333333333333, 0.1101111111111111, 0.43, 0.01, 0.79, 0.68, 0.84, 0.01, 0.01, 0.09, 0.68, 0.45, 0.51, 0.84, 0.68, 0.45, 0.51, 0.01, 0.34, 0.68, 0.18, 0.68, 0.34, 0.18, 0.34, 0.12, 0.01, 0.08233333333333333, 0.3323333333333333, 0.1101111111111111, 0.26, 0.68, 0.79]"
420,AAAAAAAAAAAAAAAAAHI6YUADKQRCVHQAHJQAGBI_192,4,2,2,514.9291824809989,25,0.0672777995467186,0.9327222004532814,0.965021018187205,0.7078901703159014,0.943097686767578,0.0651646442711353,0.9348341664920252,0.966198934490482,0.7088380996137857,0.9428701321283977,"[0.08233333333333333, 0.3323333333333333, 0.1101111111111111, 0.08233333333333333, 0.3323333333333333, 0.1101111111111111, 0.3323333333333333, 0.08233333333333333, 0.3323333333333333, 0.1101111111111111, 0.08233333333333333, 0.3323333333333333, 0.1101111111111111, 0.499, 0.08233333333333333, 0.3323333333333333, 0.1101111111111111, 0.08233333333333333, 0.3323333333333333, 0.1101111111111111, 0.3323333333333333, 0.08233333333333333, 0.3323333333333333, 0.1101111111111111, 0.08233333333333333, 0.3323333333333333, 0.1101111111111111, 0.499, 0.43, 0.34, 0.12, 0.93, 0.68, 0.12, 0.34, 0.08233333333333333, 0.3323333333333333, 0.1101111111111111, 0.76, 0.34, 0.79, 0.01, 0.59, 0.34, 0.12, 0.51, 0.34, 0.23, 0.68, 0.08233333333333333, 0.3323333333333333, 0.1101111111111111, 0.43, 0.34, 0.23, 0.01, 0.08233333333333333, 0.3323333333333333, 0.1101111111111111, 0.68, 0.01, 0.68]"
421,ZUO42MSMLGPGVKQCVAANAUAB2WZPYYQAFLAABBQ_192,4,2,4,279.9229475739994,25,0.0574986904859542,0.9425013095140458,0.9703178624312084,0.7180239473779996,0.946503512064616,0.05030118227005,0.9496962763369085,0.9741441123187542,0.7201357107609511,0.9476101716359456,"[0.68, 0.68, 0.79, 0.43, 0.34, 0.9, 0.68, 0.59, 0.68, 0.34, 0.59, 0.68, 0.12, 0.01, 0.68, 0.68, 0.23, 0.68, 0.68, 0.68, 0.34, 0.51, 0.34, 0.01, 0.09, 0.34, 0.68, 0.01, 0.08233333333333333, 0.3323333333333333, 0.1101111111111111, 0.76, 0.01, 0.12, 0.34, 0.08233333333333333, 0.3323333333333333, 0.1101111111111111, 0.43, 0.34, 0.68, 0.51, 0.34, 0.34, 0.57, 0.93, 0.01, 0.9, 0.34, 0.08233333333333333, 0.3323333333333333, 0.1101111111111111, 0.51, 0.34, 0.45, 0.01, 0.08233333333333333, 0.3323333333333333, 0.1101111111111111, 0.26, 0.01, 0.45]"
423,AAAAAAAAAADPTM4NUDYVYU6TYEIKTMQACDYAC4Y_192,4,2,3,339.612763055,25,0.0913346717754999,0.9086653282245,0.9516766076286634,0.7024332424004872,0.9389758427937824,0.0833217104276021,0.9166294833024344,0.956157965833942,0.7057284538944563,0.9402204593022664,"[0.08233333333333333, 0.3323333333333333, 0.1101111111111111, 0.08233333333333333, 0.3323333333333333, 0.1101111111111111, 0.3323333333333333, 0.08233333333333333, 0.3323333333333333, 0.1101111111111111, 0.08233333333333333, 0.3323333333333333, 0.1101111111111111, 0.499, 0.08233333333333333, 0.3323333333333333, 0.1101111111111111, 0.76, 0.68, 0.9, 0.68, 0.34, 0.34, 0.9, 0.34, 0.68, 0.79, 0.01, 0.18, 0.68, 0.12, 0.51, 0.68, 0.12, 0.34, 0.18, 0.68, 0.79, 0.84, 0.01, 0.12, 0.01, 0.26, 0.01, 0.68, 0.59, 0.68, 0.45, 0.34, 0.08233333333333333, 0.3323333333333333, 0.1101111111111111, 0.26, 0.01, 0.57, 0.51, 0.08233333333333333, 0.3323333333333333, 0.1101111111111111, 0.51, 0.68, 0.23]"
424,5TDVIADAEABQHNVOEW6PLVGT26AA4BSYHZ6FJQA_192,4,2,4,582.5786609260031,25,0.0854651401440302,0.9145348598559696,0.9550143326322238,0.6898592948913574,0.9398795127868652,0.0815175097435712,0.9184793518235286,0.9572734919687113,0.690072305376331,0.9398541847864786,"[0.93, 0.68, 0.23, 0.09, 0.68, 0.68, 0.34, 0.08233333333333333, 0.3323333333333333, 0.1101111111111111, 0.34, 0.01, 0.01, 0.51, 0.08233333333333333, 0.3323333333333333, 0.1101111111111111, 0.34, 0.01, 0.12, 0.68, 0.34, 0.68, 0.68, 0.43, 0.01, 0.79, 0.51, 0.34, 0.68, 0.9, 0.84, 0.34, 0.57, 0.34, 0.59, 0.68, 0.79, 0.84, 0.34, 0.57, 0.51, 0.08233333333333333, 0.3323333333333333, 0.1101111111111111, 0.43, 0.01, 0.01, 0.68, 0.26, 0.68, 0.01, 0.43, 0.68, 0.23, 0.51, 0.68, 0.34, 0.68, 0.18, 0.01, 0.01]"
425,AAAAAAAAAAASDAA7SQAGOM6DQUVHZOTKW6IAD5Q_192,4,2,3,985.9670793099976,25,0.0752287785212198,0.92477122147878,0.9607349599401156,0.7049932782848676,0.9407405853271484,0.0694240336616834,0.9305741172283888,0.963881250222524,0.7085761524736881,0.9430297374725342,"[0.08233333333333333, 0.3323333333333333, 0.1101111111111111, 0.08233333333333333, 0.3323333333333333, 0.1101111111111111, 0.3323333333333333, 0.08233333333333333, 0.3323333333333333, 0.1101111111111111, 0.08233333333333333, 0.3323333333333333, 0.1101111111111111, 0.499, 0.08233333333333333, 0.3323333333333333, 0.1101111111111111, 0.26, 0.34, 0.01, 0.68, 0.08233333333333333, 0.3323333333333333, 0.1101111111111111, 0.84, 0.68, 0.34, 0.51, 0.08233333333333333, 0.3323333333333333, 0.1101111111111111, 0.34, 0.34, 0.9, 0.68, 0.18, 0.68, 0.01, 0.93, 0.01, 0.68, 0.01, 0.51, 0.34, 0.23, 0.93, 0.34, 0.57, 0.34, 0.18, 0.34, 0.68, 0.34, 0.68, 0.9, 0.51, 0.08233333333333333, 0.3323333333333333, 0.1101111111111111, 0.43, 0.68, 0.45]"
426,AAAAAAAAAAAAAAAAAFBDKMOV26PMZJRKOGIACRQ_192,4,2,2,422.612382905998,25,0.2014549747109413,0.7985450252890587,0.8854185819625855,0.6404177501797677,0.8998479207356771,0.2117050231744845,0.7882426117857297,0.878753395130237,0.6320826821029186,0.8958011945088704,"[0.08233333333333333, 0.3323333333333333, 0.1101111111111111, 0.08233333333333333, 0.3323333333333333, 0.1101111111111111, 0.3323333333333333, 0.08233333333333333, 0.3323333333333333, 0.1101111111111111, 0.08233333333333333, 0.3323333333333333, 0.1101111111111111, 0.499, 0.08233333333333333, 0.3323333333333333, 0.1101111111111111, 0.08233333333333333, 0.3323333333333333, 0.1101111111111111, 0.3323333333333333, 0.08233333333333333, 0.3323333333333333, 0.1101111111111111, 0.08233333333333333, 0.3323333333333333, 0.1101111111111111, 0.499, 0.51, 0.01, 0.34, 0.18, 0.34, 0.79, 0.68, 0.09, 0.68, 0.68, 0.43, 0.34, 0.57, 0.51, 0.18, 0.68, 0.45, 0.34, 0.34, 0.79, 0.68, 0.09, 0.34, 0.79, 0.93, 0.01, 0.9, 0.51, 0.08233333333333333, 0.3323333333333333, 0.1101111111111111, 0.51, 0.01, 0.45]"
427,AAAAAAAAAAAAAAAAAFBXAFK5G6AATH7ZXOAAHMI_192,4,2,2,510.3017651290029,25,0.0677722449103991,0.9322277550896008,0.9647779872020086,0.7160046522816023,0.942559814453125,0.0668209930260976,0.933164347956578,0.96524662040174,0.7158185798674822,0.9426772038141886,"[0.08233333333333333, 0.3323333333333333, 0.1101111111111111, 0.08233333333333333, 0.3323333333333333, 0.1101111111111111, 0.3323333333333333, 0.08233333333333333, 0.3323333333333333, 0.1101111111111111, 0.08233333333333333, 0.3323333333333333, 0.1101111111111111, 0.499, 0.08233333333333333, 0.3323333333333333, 0.1101111111111111, 0.08233333333333333, 0.3323333333333333, 0.1101111111111111, 0.3323333333333333, 0.08233333333333333, 0.3323333333333333, 0.1101111111111111, 0.08233333333333333, 0.3323333333333333, 0.1101111111111111, 0.499, 0.51, 0.01, 0.23, 0.43, 0.01, 0.01, 0.34, 0.51, 0.34, 0.57, 0.59, 0.68, 0.57, 0.51, 0.08233333333333333, 0.3323333333333333, 0.1101111111111111, 0.59, 0.68, 0.23, 0.68, 0.84, 0.68, 0.23, 0.43, 0.34, 0.9, 0.01, 0.08233333333333333, 0.3323333333333333, 0.1101111111111111, 0.93, 0.68, 0.12]"
428,AAAAAAAAAADKHPRORAACKXWZQZZZ3C52OBAAHEI_192,4,2,3,1137.029891217,25,0.0557035729289054,0.9442964270710944,0.9712701683243116,0.7170244505008062,0.9471196174621582,0.0402460350344578,0.9597158378611008,0.979417584091425,0.7251543914278348,0.9494089285532632,"[0.08233333333333333, 0.3323333333333333, 0.1101111111111111, 0.08233333333333333, 0.3323333333333333, 0.1101111111111111, 0.3323333333333333, 0.08233333333333333, 0.3323333333333333, 0.1101111111111111, 0.08233333333333333, 0.3323333333333333, 0.1101111111111111, 0.499, 0.08233333333333333, 0.3323333333333333, 0.1101111111111111, 0.76, 0.34, 0.12, 0.68, 0.43, 0.68, 0.12, 0.43, 0.34, 0.12, 0.01, 0.08233333333333333, 0.3323333333333333, 0.1101111111111111, 0.26, 0.34, 0.68, 0.34, 0.93, 0.68, 0.45, 0.34, 0.01, 0.45, 0.01, 0.93, 0.34, 0.9, 0.93, 0.68, 0.12, 0.34, 0.76, 0.68, 0.79, 0.93, 0.01, 0.34, 0.01, 0.08233333333333333, 0.3323333333333333, 0.1101111111111111, 0.93, 0.34, 0.12]"
429,AACQIAGE46RZT6TCBOBBCPK7CMAB3ZQAMJC4TAY_192,4,2,4,262.26631634399746,25,0.1052843019366264,0.8947156980633736,0.9439895158012708,0.6846859410405159,0.9340744972229004,0.0943896621465683,0.905604333927234,0.9501620328674714,0.6907581376532713,0.93702396551768,"[0.08233333333333333, 0.3323333333333333, 0.1101111111111111, 0.09, 0.34, 0.01, 0.34, 0.08233333333333333, 0.3323333333333333, 0.1101111111111111, 0.68, 0.34, 0.23, 0.51, 0.18, 0.68, 0.79, 0.43, 0.01, 0.9, 0.68, 0.84, 0.34, 0.23, 0.09, 0.01, 0.12, 0.01, 0.93, 0.01, 0.34, 0.09, 0.01, 0.79, 0.68, 0.76, 0.34, 0.57, 0.68, 0.34, 0.23, 0.01, 0.08233333333333333, 0.3323333333333333, 0.1101111111111111, 0.93, 0.68, 0.9, 0.68, 0.08233333333333333, 0.3323333333333333, 0.1101111111111111, 0.68, 0.34, 0.34, 0.01, 0.51, 0.68, 0.34, 0.34, 0.01, 0.23]"
430,AAAAAAAAAAAILKSGFAAD3UABCJ4HTZQANIIAHVI_192,4,2,3,176.4444608699996,25,0.1079780613382657,0.8920219386617343,0.942526689171791,0.6941290199756622,0.933719571431478,0.1090354202936093,0.8908364014079173,0.9416674431413412,0.6933728158473969,0.9322437365849812,"[0.08233333333333333, 0.3323333333333333, 0.1101111111111111, 0.08233333333333333, 0.3323333333333333, 0.1101111111111111, 0.3323333333333333, 0.08233333333333333, 0.3323333333333333, 0.1101111111111111, 0.08233333333333333, 0.3323333333333333, 0.1101111111111111, 0.499, 0.08233333333333333, 0.3323333333333333, 0.1101111111111111, 0.09, 0.01, 0.34, 0.68, 0.51, 0.34, 0.34, 0.18, 0.01, 0.68, 0.01, 0.08233333333333333, 0.3323333333333333, 0.1101111111111111, 0.18, 0.68, 0.57, 0.34, 0.08233333333333333, 0.3323333333333333, 0.1101111111111111, 0.59, 0.34, 0.34, 0.01, 0.84, 0.01, 0.23, 0.68, 0.68, 0.9, 0.68, 0.08233333333333333, 0.3323333333333333, 0.1101111111111111, 0.76, 0.34, 0.01, 0.51, 0.08233333333333333, 0.3323333333333333, 0.1101111111111111, 0.84, 0.34, 0.68]"
431,AAAAAAAAAAAIXAANSDKTB4ZTQQAAJYVIEGIAHDA_192,4,2,3,515.4501467980008,25,0.2307757849494616,0.7692242150505384,0.8668128793438276,0.5884029820561409,0.8929998079935709,0.2263031906137863,0.7736950311809778,0.8696144522478183,0.589056788633267,0.8916898330052694,"[0.08233333333333333, 0.3323333333333333, 0.1101111111111111, 0.08233333333333333, 0.3323333333333333, 0.1101111111111111, 0.3323333333333333, 0.08233333333333333, 0.3323333333333333, 0.1101111111111111, 0.08233333333333333, 0.3323333333333333, 0.1101111111111111, 0.499, 0.08233333333333333, 0.3323333333333333, 0.1101111111111111, 0.09, 0.01, 0.68, 0.68, 0.08233333333333333, 0.3323333333333333, 0.1101111111111111, 0.34, 0.68, 0.34, 0.01, 0.18, 0.34, 0.68, 0.18, 0.01, 0.23, 0.68, 0.18, 0.01, 0.9, 0.93, 0.01, 0.79, 0.01, 0.08233333333333333, 0.3323333333333333, 0.1101111111111111, 0.26, 0.34, 0.9, 0.34, 0.51, 0.34, 0.01, 0.59, 0.01, 0.9, 0.51, 0.08233333333333333, 0.3323333333333333, 0.1101111111111111, 0.93, 0.01, 0.9]"
432,GUEMIAHHAABKRAANUD6FZPQFI6AA5Z7KRDAACEQ_192,4,2,4,521.9114159540004,25,0.6897339617212613,0.3102660382787386,0.4711825544635454,0.249088550110658,0.2836642265319824,0.6803889227410157,0.3196226912240187,0.4825414607922236,0.2553295566389958,0.2925955136617025,"[0.18, 0.34, 0.79, 0.26, 0.01, 0.9, 0.34, 0.08233333333333333, 0.3323333333333333, 0.1101111111111111, 0.93, 0.34, 0.9, 0.01, 0.08233333333333333, 0.3323333333333333, 0.1101111111111111, 0.51, 0.34, 0.79, 0.34, 0.08233333333333333, 0.3323333333333333, 0.1101111111111111, 0.34, 0.68, 0.79, 0.01, 0.18, 0.68, 0.9, 0.51, 0.68, 0.34, 0.68, 0.93, 0.01, 0.12, 0.51, 0.01, 0.57, 0.51, 0.08233333333333333, 0.3323333333333333, 0.1101111111111111, 0.43, 0.34, 0.9, 0.68, 0.84, 0.34, 0.68, 0.09, 0.01, 0.45, 0.01, 0.08233333333333333, 0.3323333333333333, 0.1101111111111111, 0.59, 0.34, 0.34]"
433,AAAAAAAAAAAAAAAAADCPLMADIIHAMGR6NYRFP4A_192,4,2,2,371.00295046799874,25,0.6747188255190849,0.3252811744809151,0.4892309327920278,0.2480788777271906,0.3234859784444173,0.6790372747927904,0.3209833243240912,0.4840239488830169,0.2453798572222391,0.3194907665252685,"[0.08233333333333333, 0.3323333333333333, 0.1101111111111111, 0.08233333333333333, 0.3323333333333333, 0.1101111111111111, 0.3323333333333333, 0.08233333333333333, 0.3323333333333333, 0.1101111111111111, 0.08233333333333333, 0.3323333333333333, 0.1101111111111111, 0.499, 0.08233333333333333, 0.3323333333333333, 0.1101111111111111, 0.08233333333333333, 0.3323333333333333, 0.1101111111111111, 0.3323333333333333, 0.08233333333333333, 0.3323333333333333, 0.1101111111111111, 0.08233333333333333, 0.3323333333333333, 0.1101111111111111, 0.499, 0.18, 0.01, 0.79, 0.84, 0.34, 0.45, 0.68, 0.08233333333333333, 0.3323333333333333, 0.1101111111111111, 0.76, 0.01, 0.34, 0.01, 0.09, 0.68, 0.01, 0.18, 0.01, 0.23, 0.34, 0.09, 0.68, 0.9, 0.76, 0.68, 0.12, 0.01, 0.26, 0.34, 0.68, 0.84, 0.68, 0.01]"
434,AAAAAAAAAADIXCEITAAFA4AAZQ4N3DXZNYPFBFI_192,4,2,3,245.1749487059969,25,0.0762045328815778,0.9237954671184222,0.9601371963818868,0.7080941612521807,0.9423756917317708,0.0760923370718956,0.9239032346755266,0.9602322451770304,0.707390233874321,0.9419217665990194,"[0.08233333333333333, 0.3323333333333333, 0.1101111111111111, 0.08233333333333333, 0.3323333333333333, 0.1101111111111111, 0.3323333333333333, 0.08233333333333333, 0.3323333333333333, 0.1101111111111111, 0.08233333333333333, 0.3323333333333333, 0.1101111111111111, 0.499, 0.08233333333333333, 0.3323333333333333, 0.1101111111111111, 0.76, 0.01, 0.68, 0.68, 0.09, 0.01, 0.79, 0.59, 0.34, 0.23, 0.01, 0.08233333333333333, 0.3323333333333333, 0.1101111111111111, 0.51, 0.01, 0.12, 0.68, 0.08233333333333333, 0.3323333333333333, 0.1101111111111111, 0.18, 0.01, 0.9, 0.01, 0.43, 0.01, 0.45, 0.93, 0.68, 0.12, 0.68, 0.43, 0.68, 0.34, 0.76, 0.68, 0.01, 0.51, 0.93, 0.34, 0.79, 0.26, 0.34, 0.68]"
435,AAAAAAAAAAAAAAAAAHCF6EAA6YPK3Y4IDCOQLUI_192,4,2,2,168.97395881199918,25,0.0914079268773396,0.9085920731226604,0.9518309230605762,0.6983340705434481,0.935647455851237,0.100944834202528,0.8990433094402154,0.9463080714146296,0.6926780559122563,0.9340706904729208,"[0.08233333333333333, 0.3323333333333333, 0.1101111111111111, 0.08233333333333333, 0.3323333333333333, 0.1101111111111111, 0.3323333333333333, 0.08233333333333333, 0.3323333333333333, 0.1101111111111111, 0.08233333333333333, 0.3323333333333333, 0.1101111111111111, 0.499, 0.08233333333333333, 0.3323333333333333, 0.1101111111111111, 0.08233333333333333, 0.3323333333333333, 0.1101111111111111, 0.3323333333333333, 0.08233333333333333, 0.3323333333333333, 0.1101111111111111, 0.08233333333333333, 0.3323333333333333, 0.1101111111111111, 0.499, 0.43, 0.01, 0.79, 0.51, 0.68, 0.9, 0.34, 0.08233333333333333, 0.3323333333333333, 0.1101111111111111, 0.18, 0.68, 0.45, 0.01, 0.18, 0.68, 0.68, 0.34, 0.68, 0.9, 0.34, 0.68, 0.34, 0.01, 0.18, 0.01, 0.79, 0.51, 0.76, 0.01, 0.12, 0.43, 0.34, 0.12]"
436,AAAAAAAABANJRAALRQABYPDTY2QG4LQAPY3RLUQ_192,4,2,3,301.0466578760024,25,0.1138142814238866,0.8861857185761134,0.9390590831637382,0.6839231674869856,0.9299469312032064,0.1040178487698237,0.8959763643642267,0.9444857846945524,0.6880532200137774,0.9318375984827676,"[0.08233333333333333, 0.3323333333333333, 0.1101111111111111, 0.08233333333333333, 0.3323333333333333, 0.1101111111111111, 0.3323333333333333, 0.08233333333333333, 0.3323333333333333, 0.1101111111111111, 0.08233333333333333, 0.3323333333333333, 0.1101111111111111, 0.499, 0.59, 0.01, 0.23, 0.51, 0.01, 0.9, 0.34, 0.08233333333333333, 0.3323333333333333, 0.1101111111111111, 0.51, 0.68, 0.12, 0.51, 0.08233333333333333, 0.3323333333333333, 0.1101111111111111, 0.09, 0.68, 0.01, 0.68, 0.68, 0.34, 0.9, 0.84, 0.01, 0.45, 0.51, 0.59, 0.01, 0.23, 0.43, 0.01, 0.68, 0.68, 0.08233333333333333, 0.3323333333333333, 0.1101111111111111, 0.84, 0.68, 0.12, 0.51, 0.43, 0.01, 0.68, 0.43, 0.34, 0.34]"
437,GDDW7NHVR6DI5EAC4S2BYU67AOAA4GQAGDA5DQA_192,4,2,4,966.0344822460028,25,0.7054476544260979,0.2945523455739021,0.453979343175888,0.2287992417812347,0.3919873873392741,0.7074323233217001,0.2925450161099434,0.4513725933929284,0.2274818615367015,0.3912303765614827,"[0.18, 0.01, 0.23, 0.09, 0.68, 0.45, 0.68, 0.93, 0.68, 0.79, 0.84, 0.34, 0.45, 0.01, 0.43, 0.68, 0.01, 0.76, 0.01, 0.57, 0.34, 0.26, 0.01, 0.01, 0.09, 0.34, 0.9, 0.51, 0.26, 0.68, 0.79, 0.09, 0.68, 0.12, 0.34, 0.18, 0.68, 0.57, 0.68, 0.01, 0.23, 0.51, 0.08233333333333333, 0.3323333333333333, 0.1101111111111111, 0.43, 0.01, 0.23, 0.34, 0.08233333333333333, 0.3323333333333333, 0.1101111111111111, 0.34, 0.01, 0.45, 0.01, 0.09, 0.68, 0.79, 0.43, 0.01, 0.01]"
438,AAAAAAAAAAAAAAAAAAAH24AAIUAAFHQAMAYADQI_192,4,2,2,123.88849308600038,25,0.3162900765736898,0.6837099234263102,0.809729148944219,0.5653237894177436,0.8517926534016927,0.3407222434878349,0.6593447308987379,0.7921806254734596,0.5488852138320605,0.839326000213623,"[0.08233333333333333, 0.3323333333333333, 0.1101111111111111, 0.08233333333333333, 0.3323333333333333, 0.1101111111111111, 0.3323333333333333, 0.08233333333333333, 0.3323333333333333, 0.1101111111111111, 0.08233333333333333, 0.3323333333333333, 0.1101111111111111, 0.499, 0.08233333333333333, 0.3323333333333333, 0.1101111111111111, 0.08233333333333333, 0.3323333333333333, 0.1101111111111111, 0.3323333333333333, 0.08233333333333333, 0.3323333333333333, 0.1101111111111111, 0.08233333333333333, 0.3323333333333333, 0.1101111111111111, 0.499, 0.08233333333333333, 0.3323333333333333, 0.1101111111111111, 0.43, 0.68, 0.68, 0.68, 0.08233333333333333, 0.3323333333333333, 0.1101111111111111, 0.09, 0.01, 0.68, 0.01, 0.08233333333333333, 0.3323333333333333, 0.1101111111111111, 0.09, 0.34, 0.23, 0.68, 0.08233333333333333, 0.3323333333333333, 0.1101111111111111, 0.68, 0.01, 0.12, 0.51, 0.08233333333333333, 0.3323333333333333, 0.1101111111111111, 0.43, 0.01, 0.12]"
439,AAAAAAAAB23K3ZWMWAADZ4ADSIJH3N6GMDQAGVQ_192,4,2,3,822.0213988389987,25,0.0958675230542818,0.904132476945718,0.9493640159567196,0.6904387767116229,0.9353261629740396,0.0928005781024694,0.9071879904717208,0.9509904135018588,0.6926852222532034,0.9375703732172648,"[0.08233333333333333, 0.3323333333333333, 0.1101111111111111, 0.08233333333333333, 0.3323333333333333, 0.1101111111111111, 0.3323333333333333, 0.08233333333333333, 0.3323333333333333, 0.1101111111111111, 0.08233333333333333, 0.3323333333333333, 0.1101111111111111, 0.499, 0.43, 0.34, 0.45, 0.76, 0.34, 0.45, 0.68, 0.68, 0.68, 0.45, 0.34, 0.34, 0.45, 0.01, 0.08233333333333333, 0.3323333333333333, 0.1101111111111111, 0.18, 0.68, 0.23, 0.68, 0.08233333333333333, 0.3323333333333333, 0.1101111111111111, 0.93, 0.34, 0.34, 0.01, 0.26, 0.34, 0.23, 0.93, 0.68, 0.45, 0.68, 0.93, 0.01, 0.9, 0.68, 0.01, 0.57, 0.01, 0.08233333333333333, 0.3323333333333333, 0.1101111111111111, 0.76, 0.34, 0.45]"
440,AAAAAAAAAAAAAAAAAAAHJEABQ6AA3KQADJJEG5Y_192,4,2,2,133.47402404499735,25,0.1257286801934242,0.8742713198065758,0.932354391614596,0.6891815816362699,0.9287935256958008,0.1278425534566243,0.8721217344204585,0.9308191210031508,0.6864897696922223,0.9256727854410808,"[0.08233333333333333, 0.3323333333333333, 0.1101111111111111, 0.08233333333333333, 0.3323333333333333, 0.1101111111111111, 0.3323333333333333, 0.08233333333333333, 0.3323333333333333, 0.1101111111111111, 0.08233333333333333, 0.3323333333333333, 0.1101111111111111, 0.499, 0.08233333333333333, 0.3323333333333333, 0.1101111111111111, 0.08233333333333333, 0.3323333333333333, 0.1101111111111111, 0.3323333333333333, 0.08233333333333333, 0.3323333333333333, 0.1101111111111111, 0.08233333333333333, 0.3323333333333333, 0.1101111111111111, 0.499, 0.08233333333333333, 0.3323333333333333, 0.1101111111111111, 0.43, 0.34, 0.34, 0.34, 0.08233333333333333, 0.3323333333333333, 0.1101111111111111, 0.34, 0.01, 0.57, 0.51, 0.08233333333333333, 0.3323333333333333, 0.1101111111111111, 0.34, 0.68, 0.68, 0.34, 0.08233333333333333, 0.3323333333333333, 0.1101111111111111, 0.18, 0.34, 0.34, 0.51, 0.26, 0.34, 0.01, 0.76, 0.68, 0.57]"
441,AAAAAAAAAAAAAAAAAPCGLMABCE4GZYQAC3IADAA_192,4,2,2,265.6939747260003,25,0.1535308882594108,0.8464691117405891,0.9159048179785412,0.6545661384860675,0.9159715334574382,0.1626117857793967,0.8373856055239837,0.9102632192273936,0.6478276328494151,0.9137781778971354,"[0.08233333333333333, 0.3323333333333333, 0.1101111111111111, 0.08233333333333333, 0.3323333333333333, 0.1101111111111111, 0.3323333333333333, 0.08233333333333333, 0.3323333333333333, 0.1101111111111111, 0.08233333333333333, 0.3323333333333333, 0.1101111111111111, 0.499, 0.08233333333333333, 0.3323333333333333, 0.1101111111111111, 0.08233333333333333, 0.3323333333333333, 0.1101111111111111, 0.3323333333333333, 0.08233333333333333, 0.3323333333333333, 0.1101111111111111, 0.08233333333333333, 0.3323333333333333, 0.1101111111111111, 0.499, 0.84, 0.01, 0.79, 0.34, 0.34, 0.45, 0.68, 0.08233333333333333, 0.3323333333333333, 0.1101111111111111, 0.59, 0.34, 0.12, 0.01, 0.43, 0.01, 0.23, 0.34, 0.34, 0.9, 0.34, 0.08233333333333333, 0.3323333333333333, 0.1101111111111111, 0.26, 0.68, 0.45, 0.51, 0.08233333333333333, 0.3323333333333333, 0.1101111111111111, 0.34, 0.01, 0.01]"
442,AAAAAAAAD2VCXAA7SQAGJEADGWIMNKQAPKAAGRA_192,4,2,3,511.0693508889999,25,0.0801706925034523,0.9198293074965476,0.9579826047023138,0.7011124635736148,0.9405426343282064,0.0851688830802838,0.9148296722521384,0.9550786096602678,0.6963086099674304,0.9370448112487793,"[0.08233333333333333, 0.3323333333333333, 0.1101111111111111, 0.08233333333333333, 0.3323333333333333, 0.1101111111111111, 0.3323333333333333, 0.08233333333333333, 0.3323333333333333, 0.1101111111111111, 0.08233333333333333, 0.3323333333333333, 0.1101111111111111, 0.499, 0.84, 0.34, 0.68, 0.59, 0.34, 0.68, 0.68, 0.08233333333333333, 0.3323333333333333, 0.1101111111111111, 0.84, 0.68, 0.34, 0.51, 0.08233333333333333, 0.3323333333333333, 0.1101111111111111, 0.34, 0.34, 0.34, 0.34, 0.08233333333333333, 0.3323333333333333, 0.1101111111111111, 0.68, 0.68, 0.68, 0.51, 0.26, 0.01, 0.45, 0.18, 0.34, 0.68, 0.34, 0.08233333333333333, 0.3323333333333333, 0.1101111111111111, 0.84, 0.34, 0.79, 0.01, 0.08233333333333333, 0.3323333333333333, 0.1101111111111111, 0.76, 0.01, 0.79]"
443,AAAAAAAAAAAAAAAAAAAO3FYZQ7TENJWIFZJ4G5Q_192,4,2,2,493.129137762,25,0.1022401457031567,0.8977598542968432,0.9456927920381228,0.700531520942847,0.9336736996968588,0.106439163411657,0.893515183031559,0.9431688944498698,0.6984082008401553,0.9325441519419352,"[0.08233333333333333, 0.3323333333333333, 0.1101111111111111, 0.08233333333333333, 0.3323333333333333, 0.1101111111111111, 0.3323333333333333, 0.08233333333333333, 0.3323333333333333, 0.1101111111111111, 0.08233333333333333, 0.3323333333333333, 0.1101111111111111, 0.499, 0.08233333333333333, 0.3323333333333333, 0.1101111111111111, 0.08233333333333333, 0.3323333333333333, 0.1101111111111111, 0.3323333333333333, 0.08233333333333333, 0.3323333333333333, 0.1101111111111111, 0.08233333333333333, 0.3323333333333333, 0.1101111111111111, 0.499, 0.08233333333333333, 0.3323333333333333, 0.1101111111111111, 0.93, 0.68, 0.45, 0.34, 0.43, 0.01, 0.45, 0.34, 0.01, 0.57, 0.51, 0.68, 0.68, 0.34, 0.18, 0.34, 0.79, 0.68, 0.34, 0.34, 0.01, 0.51, 0.68, 0.34, 0.51, 0.18, 0.68, 0.01, 0.76, 0.68, 0.45]"
444,AAAAAAAAAKR3T2UGSAABAHTQS4AAVPX6O2HQ7FQ_192,4,2,3,621.3335604589993,25,0.1040974204738934,0.8959025795261065,0.944706629216671,0.6776553213596344,0.932732391357422,0.090369718025128,0.9096242194374402,0.9523720265676576,0.6870107376327117,0.9381579558054606,"[0.08233333333333333, 0.3323333333333333, 0.1101111111111111, 0.08233333333333333, 0.3323333333333333, 0.1101111111111111, 0.3323333333333333, 0.08233333333333333, 0.3323333333333333, 0.1101111111111111, 0.08233333333333333, 0.3323333333333333, 0.1101111111111111, 0.499, 0.09, 0.34, 0.79, 0.43, 0.34, 0.9, 0.68, 0.76, 0.34, 0.79, 0.18, 0.34, 0.34, 0.01, 0.08233333333333333, 0.3323333333333333, 0.1101111111111111, 0.09, 0.01, 0.01, 0.34, 0.93, 0.34, 0.9, 0.26, 0.34, 0.57, 0.01, 0.08233333333333333, 0.3323333333333333, 0.1101111111111111, 0.51, 0.34, 0.57, 0.68, 0.43, 0.68, 0.9, 0.93, 0.68, 0.79, 0.01, 0.84, 0.01, 0.23, 0.93, 0.34, 0.45]"
445,MF4VZFLVYAB256V6QAAFBUABSHZA7FR3T6D5TBY_192,4,2,4,616.6589787390003,25,0.0604329377412796,0.9395670622587204,0.968761517604192,0.7191393410166105,0.9454321225484212,0.0570203232268492,0.9429432368526856,0.9705610693742832,0.7203778741260369,0.9461784680684407,"[0.34, 0.01, 0.68, 0.93, 0.34, 0.68, 0.68, 0.26, 0.34, 0.68, 0.43, 0.34, 0.57, 0.01, 0.08233333333333333, 0.3323333333333333, 0.1101111111111111, 0.43, 0.34, 0.57, 0.34, 0.84, 0.34, 0.68, 0.84, 0.34, 0.01, 0.01, 0.08233333333333333, 0.3323333333333333, 0.1101111111111111, 0.51, 0.01, 0.23, 0.34, 0.08233333333333333, 0.3323333333333333, 0.1101111111111111, 0.34, 0.34, 0.12, 0.51, 0.93, 0.34, 0.01, 0.43, 0.68, 0.34, 0.68, 0.09, 0.68, 0.57, 0.18, 0.68, 0.9, 0.01, 0.43, 0.68, 0.45, 0.34, 0.01, 0.57]"
446,AAAAAAAAAAAQXAAICAACY5YLCCZIZPQAGCYAC5Y_192,4,2,3,157.23009261699917,25,0.1210404475529988,0.8789595524470012,0.9349491705497106,0.6771848345796267,0.9295086860656738,0.1229624785482883,0.8770356204360723,0.9336446080356836,0.6739928531150023,0.9270660241444906,"[0.08233333333333333, 0.3323333333333333, 0.1101111111111111, 0.08233333333333333, 0.3323333333333333, 0.1101111111111111, 0.3323333333333333, 0.08233333333333333, 0.3323333333333333, 0.1101111111111111, 0.08233333333333333, 0.3323333333333333, 0.1101111111111111, 0.499, 0.08233333333333333, 0.3323333333333333, 0.1101111111111111, 0.26, 0.01, 0.68, 0.68, 0.08233333333333333, 0.3323333333333333, 0.1101111111111111, 0.59, 0.01, 0.34, 0.01, 0.08233333333333333, 0.3323333333333333, 0.1101111111111111, 0.26, 0.68, 0.12, 0.68, 0.43, 0.01, 0.34, 0.68, 0.34, 0.01, 0.51, 0.34, 0.34, 0.79, 0.34, 0.34, 0.57, 0.68, 0.08233333333333333, 0.3323333333333333, 0.1101111111111111, 0.34, 0.01, 0.68, 0.51, 0.08233333333333333, 0.3323333333333333, 0.1101111111111111, 0.51, 0.68, 0.57]"
447,AAAAAAAAAAD2XAAIRMZBZ5Q7QMQLQKQAEJIAB4I_192,4,2,3,592.5552337180015,25,0.1631860643625259,0.8368139356374741,0.9102580527464548,0.6352879509329796,0.9165475845336916,0.1624423988163471,0.83755515627563,0.9105299743513268,0.6372326222558816,0.9168729384740194,"[0.08233333333333333, 0.3323333333333333, 0.1101111111111111, 0.08233333333333333, 0.3323333333333333, 0.1101111111111111, 0.3323333333333333, 0.08233333333333333, 0.3323333333333333, 0.1101111111111111, 0.08233333333333333, 0.3323333333333333, 0.1101111111111111, 0.499, 0.08233333333333333, 0.3323333333333333, 0.1101111111111111, 0.84, 0.34, 0.68, 0.68, 0.08233333333333333, 0.3323333333333333, 0.1101111111111111, 0.59, 0.34, 0.12, 0.01, 0.68, 0.68, 0.34, 0.09, 0.68, 0.23, 0.68, 0.34, 0.01, 0.57, 0.93, 0.01, 0.23, 0.01, 0.59, 0.01, 0.68, 0.68, 0.01, 0.68, 0.34, 0.08233333333333333, 0.3323333333333333, 0.1101111111111111, 0.59, 0.34, 0.34, 0.51, 0.08233333333333333, 0.3323333333333333, 0.1101111111111111, 0.18, 0.68, 0.12]"
448,AAAAAAAAAAA2PAA7XAANL5K3I6ABXAQAHJAAGRQ_192,4,2,3,512.8819395960018,25,0.1106237073739369,0.889376292626063,0.940822089711825,0.686955984433492,0.9298751195271808,0.1055072385817766,0.8944890533884367,0.9437530209620794,0.6881258454173803,0.9328787088394164,"[0.08233333333333333, 0.3323333333333333, 0.1101111111111111, 0.08233333333333333, 0.3323333333333333, 0.1101111111111111, 0.3323333333333333, 0.08233333333333333, 0.3323333333333333, 0.1101111111111111, 0.08233333333333333, 0.3323333333333333, 0.1101111111111111, 0.499, 0.08233333333333333, 0.3323333333333333, 0.1101111111111111, 0.18, 0.34, 0.23, 0.68, 0.08233333333333333, 0.3323333333333333, 0.1101111111111111, 0.84, 0.68, 0.57, 0.01, 0.08233333333333333, 0.3323333333333333, 0.1101111111111111, 0.76, 0.34, 0.57, 0.68, 0.51, 0.34, 0.45, 0.76, 0.01, 0.57, 0.51, 0.08233333333333333, 0.3323333333333333, 0.1101111111111111, 0.76, 0.68, 0.01, 0.34, 0.08233333333333333, 0.3323333333333333, 0.1101111111111111, 0.43, 0.34, 0.34, 0.01, 0.08233333333333333, 0.3323333333333333, 0.1101111111111111, 0.76, 0.01, 0.45]"
449,AAAAAAAAAAAAAAAAAAAG24ADWJZYMLQAF23RRUA_192,4,2,2,463.1869547089991,25,0.1158754895130793,0.8841245104869206,0.9378742009401322,0.6651185164848964,0.9296797434488931,0.1158700036505858,0.8841289131591717,0.9378278316309054,0.6638972874730825,0.9290387709935506,"[0.08233333333333333, 0.3323333333333333, 0.1101111111111111, 0.08233333333333333, 0.3323333333333333, 0.1101111111111111, 0.3323333333333333, 0.08233333333333333, 0.3323333333333333, 0.1101111111111111, 0.08233333333333333, 0.3323333333333333, 0.1101111111111111, 0.499, 0.08233333333333333, 0.3323333333333333, 0.1101111111111111, 0.08233333333333333, 0.3323333333333333, 0.1101111111111111, 0.3323333333333333, 0.08233333333333333, 0.3323333333333333, 0.1101111111111111, 0.08233333333333333, 0.3323333333333333, 0.1101111111111111, 0.499, 0.08233333333333333, 0.3323333333333333, 0.1101111111111111, 0.34, 0.68, 0.68, 0.68, 0.08233333333333333, 0.3323333333333333, 0.1101111111111111, 0.93, 0.68, 0.34, 0.01, 0.93, 0.34, 0.9, 0.18, 0.01, 0.68, 0.68, 0.08233333333333333, 0.3323333333333333, 0.1101111111111111, 0.51, 0.68, 0.68, 0.51, 0.43, 0.01, 0.45, 0.18, 0.34, 0.01]"
450,AAAAAAAAAAAAAAAAAOCRCEAAIQLMMMSBP2IAAQI_192,4,2,2,383.5960087870001,25,0.2472177599867185,0.7527822400132815,0.8567507073283196,0.6200679754217465,0.8838382720947265,0.2617314954598744,0.7382992601643006,0.8467205981413524,0.6093340504914522,0.876294223467509,"[0.08233333333333333, 0.3323333333333333, 0.1101111111111111, 0.08233333333333333, 0.3323333333333333, 0.1101111111111111, 0.3323333333333333, 0.08233333333333333, 0.3323333333333333, 0.1101111111111111, 0.08233333333333333, 0.3323333333333333, 0.1101111111111111, 0.499, 0.08233333333333333, 0.3323333333333333, 0.1101111111111111, 0.08233333333333333, 0.3323333333333333, 0.1101111111111111, 0.3323333333333333, 0.08233333333333333, 0.3323333333333333, 0.1101111111111111, 0.08233333333333333, 0.3323333333333333, 0.1101111111111111, 0.499, 0.93, 0.01, 0.68, 0.09, 0.01, 0.79, 0.34, 0.08233333333333333, 0.3323333333333333, 0.1101111111111111, 0.09, 0.01, 0.79, 0.01, 0.26, 0.68, 0.45, 0.18, 0.01, 0.45, 0.34, 0.26, 0.01, 0.34, 0.84, 0.68, 0.79, 0.51, 0.08233333333333333, 0.3323333333333333, 0.1101111111111111, 0.09, 0.01, 0.12]"
451,AAAAAAAAAAAAAAAAAAAM34AAY5QKYL6BNZW56MY_192,4,2,2,346.83131482,25,0.0937210023403167,0.9062789976596832,0.9505176246166228,0.70714380890131,0.9367382049560546,0.0933410286903381,0.9066230817387502,0.9506842649231354,0.7071449750413498,0.9370007673899332,"[0.08233333333333333, 0.3323333333333333, 0.1101111111111111, 0.08233333333333333, 0.3323333333333333, 0.1101111111111111, 0.3323333333333333, 0.08233333333333333, 0.3323333333333333, 0.1101111111111111, 0.08233333333333333, 0.3323333333333333, 0.1101111111111111, 0.499, 0.08233333333333333, 0.3323333333333333, 0.1101111111111111, 0.08233333333333333, 0.3323333333333333, 0.1101111111111111, 0.3323333333333333, 0.08233333333333333, 0.3323333333333333, 0.1101111111111111, 0.08233333333333333, 0.3323333333333333, 0.1101111111111111, 0.499, 0.08233333333333333, 0.3323333333333333, 0.1101111111111111, 0.68, 0.68, 0.57, 0.68, 0.08233333333333333, 0.3323333333333333, 0.1101111111111111, 0.18, 0.01, 0.57, 0.01, 0.68, 0.01, 0.68, 0.34, 0.01, 0.68, 0.68, 0.93, 0.01, 0.34, 0.76, 0.68, 0.23, 0.01, 0.76, 0.68, 0.57, 0.68, 0.68, 0.23]"
452,AAAAAAAADWZI3AAN4CLECVIZPTZCPAQAFBSFJMQ_192,4,2,3,346.68044790500016,25,0.0635706941286722,0.9364293058713276,0.9670523226261138,0.7208389525612195,0.944058354695638,0.0638717287530501,0.9361171706269183,0.9668923733135064,0.7211484049757322,0.9449680884679158,"[0.08233333333333333, 0.3323333333333333, 0.1101111111111111, 0.08233333333333333, 0.3323333333333333, 0.1101111111111111, 0.3323333333333333, 0.08233333333333333, 0.3323333333333333, 0.1101111111111111, 0.08233333333333333, 0.3323333333333333, 0.1101111111111111, 0.499, 0.93, 0.68, 0.45, 0.51, 0.01, 0.45, 0.68, 0.08233333333333333, 0.3323333333333333, 0.1101111111111111, 0.34, 0.68, 0.9, 0.01, 0.26, 0.34, 0.45, 0.59, 0.01, 0.68, 0.34, 0.51, 0.01, 0.45, 0.51, 0.68, 0.9, 0.51, 0.93, 0.34, 0.12, 0.18, 0.68, 0.01, 0.34, 0.08233333333333333, 0.3323333333333333, 0.1101111111111111, 0.51, 0.01, 0.23, 0.01, 0.59, 0.34, 0.68, 0.26, 0.68, 0.34]"
453,AAAAAAAAAAAAAAAAANK5JEKQ2MAB3ZQAMCYVPEY_192,4,2,2,582.9708958609999,25,0.0674839347600936,0.9325160652399064,0.9649792045354844,0.7091755489508311,0.9433281898498536,0.0684630344311396,0.9315334902455408,0.964352522045374,0.7084241659690936,0.9429631551106772,"[0.08233333333333333, 0.3323333333333333, 0.1101111111111111, 0.08233333333333333, 0.3323333333333333, 0.1101111111111111, 0.3323333333333333, 0.08233333333333333, 0.3323333333333333, 0.1101111111111111, 0.08233333333333333, 0.3323333333333333, 0.1101111111111111, 0.499, 0.08233333333333333, 0.3323333333333333, 0.1101111111111111, 0.08233333333333333, 0.3323333333333333, 0.1101111111111111, 0.3323333333333333, 0.08233333333333333, 0.3323333333333333, 0.1101111111111111, 0.08233333333333333, 0.3323333333333333, 0.1101111111111111, 0.499, 0.76, 0.34, 0.68, 0.76, 0.34, 0.34, 0.34, 0.09, 0.34, 0.79, 0.18, 0.34, 0.23, 0.01, 0.08233333333333333, 0.3323333333333333, 0.1101111111111111, 0.93, 0.68, 0.9, 0.68, 0.08233333333333333, 0.3323333333333333, 0.1101111111111111, 0.68, 0.01, 0.68, 0.51, 0.09, 0.34, 0.68, 0.93, 0.34, 0.23]"
454,AAAAAAAAB3RW5EQ4XAACZEADSJZAZYSJ7JIAD4A_192,4,2,3,744.0016232310004,25,0.6809624408682188,0.3190375591317813,0.4821030482649803,0.2421014413237571,0.2910737991333008,0.6818889765689771,0.3181023550530275,0.4806858574350675,0.241396631176273,0.2907431205113729,"[0.08233333333333333, 0.3323333333333333, 0.1101111111111111, 0.08233333333333333, 0.3323333333333333, 0.1101111111111111, 0.3323333333333333, 0.08233333333333333, 0.3323333333333333, 0.1101111111111111, 0.08233333333333333, 0.3323333333333333, 0.1101111111111111, 0.499, 0.43, 0.34, 0.9, 0.34, 0.68, 0.57, 0.34, 0.26, 0.34, 0.01, 0.93, 0.34, 0.57, 0.01, 0.08233333333333333, 0.3323333333333333, 0.1101111111111111, 0.26, 0.68, 0.34, 0.34, 0.08233333333333333, 0.3323333333333333, 0.1101111111111111, 0.93, 0.34, 0.34, 0.01, 0.93, 0.34, 0.01, 0.34, 0.34, 0.9, 0.34, 0.26, 0.34, 0.23, 0.84, 0.34, 0.34, 0.51, 0.08233333333333333, 0.3323333333333333, 0.1101111111111111, 0.43, 0.68, 0.01]"
455,AAJSIADBASHGRAA2W6ODCMAAWEAA5AV2PLAACAI_192,4,2,4,267.37551960400015,25,0.0610909213622411,0.9389090786377589,0.9683839599291484,0.719855464498202,0.9442583401997884,0.0571036887665589,0.9428599533935388,0.9705163531005384,0.7221141312271356,0.9460978507995604,"[0.08233333333333333, 0.3323333333333333, 0.1101111111111111, 0.59, 0.68, 0.34, 0.34, 0.08233333333333333, 0.3323333333333333, 0.1101111111111111, 0.34, 0.01, 0.79, 0.01, 0.26, 0.34, 0.12, 0.68, 0.68, 0.79, 0.34, 0.08233333333333333, 0.3323333333333333, 0.1101111111111111, 0.76, 0.34, 0.45, 0.51, 0.93, 0.34, 0.9, 0.18, 0.01, 0.79, 0.68, 0.08233333333333333, 0.3323333333333333, 0.1101111111111111, 0.26, 0.68, 0.12, 0.01, 0.08233333333333333, 0.3323333333333333, 0.1101111111111111, 0.43, 0.34, 0.01, 0.34, 0.51, 0.68, 0.79, 0.84, 0.34, 0.45, 0.01, 0.08233333333333333, 0.3323333333333333, 0.1101111111111111, 0.59, 0.01, 0.12]"
456,YV4MIACUMKMQP3454QAPYF6VSOAB3ORLC265HBA_192,4,2,4,1141.0936825860008,25,0.0570958152413368,0.9429041847586632,0.9704994748036068,0.7181589439511299,0.944853369394938,0.0469182815402746,0.95307539490362,0.9759247137854496,0.7220896831403176,0.9477144956588746,"[0.68, 0.34, 0.68, 0.93, 0.01, 0.9, 0.34, 0.08233333333333333, 0.3323333333333333, 0.1101111111111111, 0.51, 0.34, 0.12, 0.51, 0.09, 0.34, 0.23, 0.26, 0.01, 0.23, 0.68, 0.76, 0.68, 0.9, 0.93, 0.68, 0.9, 0.51, 0.08233333333333333, 0.3323333333333333, 0.1101111111111111, 0.84, 0.68, 0.01, 0.34, 0.43, 0.68, 0.68, 0.34, 0.34, 0.23, 0.51, 0.08233333333333333, 0.3323333333333333, 0.1101111111111111, 0.93, 0.68, 0.57, 0.34, 0.09, 0.34, 0.45, 0.26, 0.68, 0.68, 0.51, 0.76, 0.68, 0.79, 0.93, 0.01, 0.79]"
457,AAAAAAAAAAAAAAAAANKOIEAAWJZGTIQAD3QAH5Q_192,4,2,2,901.5718318299996,25,0.0656067604819933,0.9343932395180068,0.9659511754910152,0.7099068239331245,0.9434409777323404,0.064471639941136,0.9355270337313414,0.9665618972231944,0.7108570703615745,0.9445849736531576,"[0.08233333333333333, 0.3323333333333333, 0.1101111111111111, 0.08233333333333333, 0.3323333333333333, 0.1101111111111111, 0.3323333333333333, 0.08233333333333333, 0.3323333333333333, 0.1101111111111111, 0.08233333333333333, 0.3323333333333333, 0.1101111111111111, 0.499, 0.08233333333333333, 0.3323333333333333, 0.1101111111111111, 0.08233333333333333, 0.3323333333333333, 0.1101111111111111, 0.3323333333333333, 0.08233333333333333, 0.3323333333333333, 0.1101111111111111, 0.08233333333333333, 0.3323333333333333, 0.1101111111111111, 0.499, 0.76, 0.34, 0.79, 0.93, 0.34, 0.01, 0.34, 0.08233333333333333, 0.3323333333333333, 0.1101111111111111, 0.26, 0.68, 0.34, 0.01, 0.93, 0.34, 0.23, 0.59, 0.68, 0.79, 0.34, 0.08233333333333333, 0.3323333333333333, 0.1101111111111111, 0.18, 0.68, 0.57, 0.01, 0.08233333333333333, 0.3323333333333333, 0.1101111111111111, 0.84, 0.68, 0.45]"
458,AAAAAAAAAAAAAAAAADDN2HODC4ZH3MQAG3YAHEQ_192,4,2,2,531.6395849139999,25,0.0849144071340561,0.915085592865944,0.955360205968221,0.705185046295325,0.9380898475646972,0.097659953807791,0.902334037423134,0.948133156945308,0.6980873763561248,0.935100277264913,"[0.08233333333333333, 0.3323333333333333, 0.1101111111111111, 0.08233333333333333, 0.3323333333333333, 0.1101111111111111, 0.3323333333333333, 0.08233333333333333, 0.3323333333333333, 0.1101111111111111, 0.08233333333333333, 0.3323333333333333, 0.1101111111111111, 0.499, 0.08233333333333333, 0.3323333333333333, 0.1101111111111111, 0.08233333333333333, 0.3323333333333333, 0.1101111111111111, 0.3323333333333333, 0.08233333333333333, 0.3323333333333333, 0.1101111111111111, 0.08233333333333333, 0.3323333333333333, 0.1101111111111111, 0.499, 0.18, 0.01, 0.45, 0.76, 0.68, 0.79, 0.34, 0.76, 0.68, 0.01, 0.68, 0.34, 0.57, 0.01, 0.34, 0.34, 0.23, 0.93, 0.68, 0.45, 0.34, 0.08233333333333333, 0.3323333333333333, 0.1101111111111111, 0.34, 0.68, 0.57, 0.51, 0.08233333333333333, 0.3323333333333333, 0.1101111111111111, 0.93, 0.34, 0.34]"
459,AAJQYAGFZWQYBAACE7ZN34ABTSABUZQAEITTCAY_192,4,2,4,209.7944933179997,25,0.6795213868220648,0.3204786131779353,0.4841379518310229,0.2439073284467061,0.2924255053202311,0.6822778570155302,0.3177236218005418,0.4805251684039831,0.242091574644049,0.2904051939646403,"[0.08233333333333333, 0.3323333333333333, 0.1101111111111111, 0.59, 0.68, 0.01, 0.68, 0.08233333333333333, 0.3323333333333333, 0.1101111111111111, 0.68, 0.34, 0.57, 0.01, 0.34, 0.68, 0.79, 0.18, 0.01, 0.01, 0.34, 0.08233333333333333, 0.3323333333333333, 0.1101111111111111, 0.09, 0.01, 0.79, 0.51, 0.84, 0.68, 0.34, 0.76, 0.68, 0.57, 0.68, 0.08233333333333333, 0.3323333333333333, 0.1101111111111111, 0.34, 0.34, 0.9, 0.51, 0.08233333333333333, 0.3323333333333333, 0.1101111111111111, 0.76, 0.01, 0.9, 0.68, 0.08233333333333333, 0.3323333333333333, 0.1101111111111111, 0.59, 0.34, 0.12, 0.01, 0.43, 0.01, 0.9, 0.59, 0.01, 0.23]"
460,AAAAAAAAAK4LRYQEBAAEIPQUSYABZJV2DJYACMA_192,4,2,3,234.98049556099977,25,0.6150458320975304,0.3849541679024696,0.5534744163354238,0.3104177549481391,0.5288004875183105,0.6084053495277961,0.3915793282290299,0.560696745912234,0.3149047292768955,0.5338911056518555,"[0.08233333333333333, 0.3323333333333333, 0.1101111111111111, 0.08233333333333333, 0.3323333333333333, 0.1101111111111111, 0.3323333333333333, 0.08233333333333333, 0.3323333333333333, 0.1101111111111111, 0.08233333333333333, 0.3323333333333333, 0.1101111111111111, 0.499, 0.09, 0.34, 0.57, 0.09, 0.34, 0.9, 0.34, 0.68, 0.34, 0.01, 0.26, 0.01, 0.12, 0.01, 0.08233333333333333, 0.3323333333333333, 0.1101111111111111, 0.59, 0.34, 0.01, 0.68, 0.93, 0.01, 0.68, 0.26, 0.34, 0.45, 0.01, 0.08233333333333333, 0.3323333333333333, 0.1101111111111111, 0.93, 0.34, 0.79, 0.68, 0.51, 0.68, 0.79, 0.18, 0.34, 0.23, 0.51, 0.08233333333333333, 0.3323333333333333, 0.1101111111111111, 0.59, 0.68, 0.01]"
461,H46TIACFDCM25AADVHGHANGUYMABQYQACGOXD5I_192,4,2,4,342.1806086229999,25,0.0874353503187497,0.9125646496812504,0.9541567380229632,0.6942652950684229,0.940506903330485,0.0785449857513109,0.9214499389131864,0.9590108486513296,0.6997861257443826,0.9427106062571208,"[0.18, 0.68, 0.9, 0.84, 0.34, 0.23, 0.34, 0.08233333333333333, 0.3323333333333333, 0.1101111111111111, 0.59, 0.34, 0.79, 0.01, 0.68, 0.34, 0.23, 0.18, 0.34, 0.57, 0.34, 0.08233333333333333, 0.3323333333333333, 0.1101111111111111, 0.09, 0.68, 0.68, 0.01, 0.43, 0.01, 0.9, 0.43, 0.01, 0.01, 0.68, 0.59, 0.68, 0.68, 0.18, 0.01, 0.23, 0.01, 0.08233333333333333, 0.3323333333333333, 0.1101111111111111, 0.68, 0.01, 0.9, 0.34, 0.08233333333333333, 0.3323333333333333, 0.1101111111111111, 0.26, 0.01, 0.9, 0.51, 0.76, 0.34, 0.9, 0.43, 0.68, 0.68]"
462,AAJTYABRQINCLDRMAVKXDEQYO2YMZBSJSAXRDNY_192,4,2,4,229.1519393549997,25,0.0947350631157557,0.9052649368842444,0.949901302655538,0.6954271897673607,0.937550163269043,0.0932097456107537,0.9067867636680604,0.9507442651937406,0.6953447102258603,0.9376957178115845,"[0.08233333333333333, 0.3323333333333333, 0.1101111111111111, 0.59, 0.68, 0.23, 0.68, 0.08233333333333333, 0.3323333333333333, 0.1101111111111111, 0.18, 0.01, 0.45, 0.01, 0.09, 0.01, 0.23, 0.59, 0.34, 0.34, 0.68, 0.09, 0.68, 0.12, 0.34, 0.01, 0.01, 0.51, 0.51, 0.34, 0.68, 0.43, 0.01, 0.45, 0.34, 0.26, 0.01, 0.45, 0.09, 0.68, 0.45, 0.51, 0.34, 0.01, 0.45, 0.34, 0.34, 0.01, 0.68, 0.26, 0.34, 0.23, 0.26, 0.01, 0.12, 0.01, 0.84, 0.01, 0.79, 0.34, 0.68, 0.57]"
463,AAAAAAAAAAAAAAAAANBNB7QLOVYGZB7CHZIADMQ_192,4,2,2,1068.8311751069996,25,0.1349159727493921,0.8650840272506078,0.9271203835805256,0.6551197161277135,0.9196216265360514,0.1311325700332721,0.8688661926736434,0.9289121131102244,0.6608294274657964,0.9237832148869832,"[0.08233333333333333, 0.3323333333333333, 0.1101111111111111, 0.08233333333333333, 0.3323333333333333, 0.1101111111111111, 0.3323333333333333, 0.08233333333333333, 0.3323333333333333, 0.1101111111111111, 0.08233333333333333, 0.3323333333333333, 0.1101111111111111, 0.499, 0.08233333333333333, 0.3323333333333333, 0.1101111111111111, 0.08233333333333333, 0.3323333333333333, 0.1101111111111111, 0.3323333333333333, 0.08233333333333333, 0.3323333333333333, 0.1101111111111111, 0.08233333333333333, 0.3323333333333333, 0.1101111111111111, 0.499, 0.76, 0.01, 0.34, 0.76, 0.01, 0.23, 0.68, 0.93, 0.01, 0.34, 0.76, 0.68, 0.68, 0.01, 0.93, 0.01, 0.23, 0.34, 0.34, 0.01, 0.68, 0.84, 0.01, 0.79, 0.43, 0.68, 0.34, 0.51, 0.08233333333333333, 0.3323333333333333, 0.1101111111111111, 0.34, 0.68, 0.34]"
464,AAAAAAAAAADOLAAPTH2NIPWM6EABYGQAGKYACRY_192,4,2,3,340.9175127269991,25,0.1015802209575971,0.8984197790424029,0.9460418075323104,0.6887737105290095,0.9346500396728517,0.1009669054299593,0.8990300990641117,0.9463063322007657,0.688253254070878,0.9343578020731608,"[0.08233333333333333, 0.3323333333333333, 0.1101111111111111, 0.08233333333333333, 0.3323333333333333, 0.1101111111111111, 0.3323333333333333, 0.08233333333333333, 0.3323333333333333, 0.1101111111111111, 0.08233333333333333, 0.3323333333333333, 0.1101111111111111, 0.499, 0.08233333333333333, 0.3323333333333333, 0.1101111111111111, 0.76, 0.68, 0.34, 0.68, 0.08233333333333333, 0.3323333333333333, 0.1101111111111111, 0.43, 0.68, 0.23, 0.01, 0.43, 0.68, 0.79, 0.76, 0.34, 0.01, 0.68, 0.93, 0.68, 0.23, 0.18, 0.68, 0.12, 0.01, 0.08233333333333333, 0.3323333333333333, 0.1101111111111111, 0.93, 0.01, 0.23, 0.34, 0.08233333333333333, 0.3323333333333333, 0.1101111111111111, 0.34, 0.34, 0.68, 0.51, 0.08233333333333333, 0.3323333333333333, 0.1101111111111111, 0.51, 0.01, 0.57]"
465,AAAAAAAAAAAAAAAAAAABYMABWMZEYYU36DPMGNA_192,4,2,2,487.9083028650002,25,0.0887616917490959,0.911238308250904,0.953259639441967,0.6942192792892456,0.9376773834228516,0.0905958149582147,0.9094018055746952,0.952207093934218,0.6936454959213734,0.9371081352233886,"[0.08233333333333333, 0.3323333333333333, 0.1101111111111111, 0.08233333333333333, 0.3323333333333333, 0.1101111111111111, 0.3323333333333333, 0.08233333333333333, 0.3323333333333333, 0.1101111111111111, 0.08233333333333333, 0.3323333333333333, 0.1101111111111111, 0.499, 0.08233333333333333, 0.3323333333333333, 0.1101111111111111, 0.08233333333333333, 0.3323333333333333, 0.1101111111111111, 0.3323333333333333, 0.08233333333333333, 0.3323333333333333, 0.1101111111111111, 0.08233333333333333, 0.3323333333333333, 0.1101111111111111, 0.499, 0.08233333333333333, 0.3323333333333333, 0.1101111111111111, 0.09, 0.68, 0.01, 0.68, 0.08233333333333333, 0.3323333333333333, 0.1101111111111111, 0.34, 0.68, 0.23, 0.01, 0.34, 0.34, 0.34, 0.34, 0.01, 0.9, 0.34, 0.59, 0.68, 0.57, 0.93, 0.01, 0.45, 0.51, 0.93, 0.68, 0.01, 0.68, 0.68, 0.79]"
466,AAAAAAAAAAAAAAAAAAAHB4ABWRRC5MTI7ZQADVA_192,4,2,2,284.9196357429992,25,0.094618014494578,0.905381985505422,0.9500175376733144,0.7013606861233711,0.9360546747843425,0.1004420618216196,0.8995406351983547,0.9466016799211502,0.6978072979797919,0.9345746040344238,"[0.08233333333333333, 0.3323333333333333, 0.1101111111111111, 0.08233333333333333, 0.3323333333333333, 0.1101111111111111, 0.3323333333333333, 0.08233333333333333, 0.3323333333333333, 0.1101111111111111, 0.08233333333333333, 0.3323333333333333, 0.1101111111111111, 0.499, 0.08233333333333333, 0.3323333333333333, 0.1101111111111111, 0.08233333333333333, 0.3323333333333333, 0.1101111111111111, 0.3323333333333333, 0.08233333333333333, 0.3323333333333333, 0.1101111111111111, 0.08233333333333333, 0.3323333333333333, 0.1101111111111111, 0.499, 0.08233333333333333, 0.3323333333333333, 0.1101111111111111, 0.43, 0.01, 0.23, 0.68, 0.08233333333333333, 0.3323333333333333, 0.1101111111111111, 0.34, 0.68, 0.79, 0.01, 0.68, 0.34, 0.12, 0.43, 0.34, 0.45, 0.34, 0.18, 0.34, 0.12, 0.84, 0.68, 0.23, 0.01, 0.08233333333333333, 0.3323333333333333, 0.1101111111111111, 0.43, 0.34, 0.79]"
467,AAAAAAAABABBROR4BQAGJU2BLRRPTYQAG2QADNI_192,4,2,3,342.4645179880008,25,0.0567661136388778,0.9432338863611222,0.97070003002882,0.7161158710718155,0.944200865427653,0.047339129820466,0.952658240745465,0.9757066488265992,0.7202953271567821,0.9477792660395304,"[0.08233333333333333, 0.3323333333333333, 0.1101111111111111, 0.08233333333333333, 0.3323333333333333, 0.1101111111111111, 0.3323333333333333, 0.08233333333333333, 0.3323333333333333, 0.1101111111111111, 0.08233333333333333, 0.3323333333333333, 0.1101111111111111, 0.499, 0.59, 0.01, 0.01, 0.59, 0.01, 0.9, 0.34, 0.43, 0.34, 0.12, 0.93, 0.01, 0.12, 0.51, 0.08233333333333333, 0.3323333333333333, 0.1101111111111111, 0.34, 0.34, 0.23, 0.34, 0.18, 0.34, 0.01, 0.51, 0.34, 0.9, 0.01, 0.68, 0.34, 0.57, 0.68, 0.68, 0.9, 0.34, 0.08233333333333333, 0.3323333333333333, 0.1101111111111111, 0.34, 0.68, 0.68, 0.01, 0.08233333333333333, 0.3323333333333333, 0.1101111111111111, 0.34, 0.68, 0.68]"
468,AAAAAAAAAAAAAAAAABYS24ADKUIDQIQAFJTNRUQ_192,4,2,2,174.87159515799976,25,0.1608204543590545,0.8391795456409454,0.911556260784467,0.6331612090269725,0.9172001520792644,0.1671669110655784,0.832831984013319,0.907531205068032,0.6250613211343686,0.9130633195241292,"[0.08233333333333333, 0.3323333333333333, 0.1101111111111111, 0.08233333333333333, 0.3323333333333333, 0.1101111111111111, 0.3323333333333333, 0.08233333333333333, 0.3323333333333333, 0.1101111111111111, 0.08233333333333333, 0.3323333333333333, 0.1101111111111111, 0.499, 0.08233333333333333, 0.3323333333333333, 0.1101111111111111, 0.08233333333333333, 0.3323333333333333, 0.1101111111111111, 0.3323333333333333, 0.08233333333333333, 0.3323333333333333, 0.1101111111111111, 0.08233333333333333, 0.3323333333333333, 0.1101111111111111, 0.499, 0.09, 0.68, 0.12, 0.26, 0.68, 0.68, 0.68, 0.08233333333333333, 0.3323333333333333, 0.1101111111111111, 0.76, 0.34, 0.68, 0.01, 0.26, 0.01, 0.12, 0.68, 0.01, 0.79, 0.34, 0.08233333333333333, 0.3323333333333333, 0.1101111111111111, 0.51, 0.34, 0.23, 0.01, 0.34, 0.68, 0.45, 0.18, 0.34, 0.34]"
469,AAAAAAAADSXSBAAOCAABDXSVK2FL7B4YECIAHMA_192,4,2,3,1391.7644330490002,25,0.0977942620714505,0.9022057379285494,0.9482679719726244,0.687638116379579,0.9361855506896972,0.1004401118805011,0.8995557274669409,0.946740390608708,0.6858803526808818,0.9349695761998494,"[0.08233333333333333, 0.3323333333333333, 0.1101111111111111, 0.08233333333333333, 0.3323333333333333, 0.1101111111111111, 0.3323333333333333, 0.08233333333333333, 0.3323333333333333, 0.1101111111111111, 0.08233333333333333, 0.3323333333333333, 0.1101111111111111, 0.499, 0.93, 0.34, 0.68, 0.93, 0.34, 0.01, 0.34, 0.08233333333333333, 0.3323333333333333, 0.1101111111111111, 0.43, 0.01, 0.34, 0.01, 0.08233333333333333, 0.3323333333333333, 0.1101111111111111, 0.09, 0.01, 0.57, 0.34, 0.93, 0.34, 0.68, 0.51, 0.34, 0.45, 0.51, 0.09, 0.34, 0.68, 0.84, 0.68, 0.01, 0.68, 0.68, 0.68, 0.01, 0.59, 0.01, 0.79, 0.51, 0.08233333333333333, 0.3323333333333333, 0.1101111111111111, 0.93, 0.68, 0.01]"
470,AAAAAAAAAAAAAAAAACGO2MABCAUEZYQAPCAAA4Y_192,4,2,2,689.1253342090004,25,0.1347267965475718,0.8652732034524282,0.9270770639181136,0.6528637066483498,0.9261730511983236,0.1455122331778208,0.8544859994202852,0.9205817761520544,0.6462499695519607,0.9214511791865032,"[0.08233333333333333, 0.3323333333333333, 0.1101111111111111, 0.08233333333333333, 0.3323333333333333, 0.1101111111111111, 0.3323333333333333, 0.08233333333333333, 0.3323333333333333, 0.1101111111111111, 0.08233333333333333, 0.3323333333333333, 0.1101111111111111, 0.499, 0.08233333333333333, 0.3323333333333333, 0.1101111111111111, 0.08233333333333333, 0.3323333333333333, 0.1101111111111111, 0.3323333333333333, 0.08233333333333333, 0.3323333333333333, 0.1101111111111111, 0.08233333333333333, 0.3323333333333333, 0.1101111111111111, 0.499, 0.26, 0.01, 0.9, 0.93, 0.68, 0.79, 0.68, 0.08233333333333333, 0.3323333333333333, 0.1101111111111111, 0.59, 0.34, 0.01, 0.01, 0.51, 0.01, 0.34, 0.34, 0.34, 0.9, 0.34, 0.08233333333333333, 0.3323333333333333, 0.1101111111111111, 0.84, 0.01, 0.79, 0.01, 0.08233333333333333, 0.3323333333333333, 0.1101111111111111, 0.09, 0.68, 0.23]"
471,AA4U2TC4L6VCRAAKGSJSCM24QAAB4OQACKIAC4Y_192,4,2,4,805.1660529849996,25,0.0730770965417226,0.9269229034582774,0.961829865972201,0.7117960810661316,0.9417107582092286,0.067278374855717,0.932718681792418,0.9650370623916388,0.7143245227634907,0.9433217604955038,"[0.08233333333333333, 0.3323333333333333, 0.1101111111111111, 0.93, 0.34, 0.79, 0.68, 0.51, 0.01, 0.9, 0.51, 0.68, 0.12, 0.01, 0.84, 0.68, 0.68, 0.59, 0.34, 0.79, 0.34, 0.08233333333333333, 0.3323333333333333, 0.1101111111111111, 0.51, 0.01, 0.45, 0.51, 0.26, 0.34, 0.23, 0.26, 0.01, 0.79, 0.68, 0.18, 0.34, 0.57, 0.26, 0.01, 0.01, 0.01, 0.08233333333333333, 0.3323333333333333, 0.1101111111111111, 0.84, 0.01, 0.57, 0.34, 0.08233333333333333, 0.3323333333333333, 0.1101111111111111, 0.26, 0.34, 0.79, 0.51, 0.08233333333333333, 0.3323333333333333, 0.1101111111111111, 0.51, 0.68, 0.23]"
472,AAAAAAAAAAAAAAAAAAAOIEAA2YAA4DWODLDBZ5Q_192,4,2,2,287.0280230539993,25,0.1173992092410723,0.8826007907589276,0.9370962286988894,0.6809728398919106,0.9303415934244792,0.1309243684013684,0.86907229659458,0.9291724565128484,0.6709791984409094,0.9257117827733358,"[0.08233333333333333, 0.3323333333333333, 0.1101111111111111, 0.08233333333333333, 0.3323333333333333, 0.1101111111111111, 0.3323333333333333, 0.08233333333333333, 0.3323333333333333, 0.1101111111111111, 0.08233333333333333, 0.3323333333333333, 0.1101111111111111, 0.499, 0.08233333333333333, 0.3323333333333333, 0.1101111111111111, 0.08233333333333333, 0.3323333333333333, 0.1101111111111111, 0.3323333333333333, 0.08233333333333333, 0.3323333333333333, 0.1101111111111111, 0.08233333333333333, 0.3323333333333333, 0.1101111111111111, 0.499, 0.08233333333333333, 0.3323333333333333, 0.1101111111111111, 0.93, 0.34, 0.01, 0.34, 0.08233333333333333, 0.3323333333333333, 0.1101111111111111, 0.18, 0.34, 0.45, 0.01, 0.08233333333333333, 0.3323333333333333, 0.1101111111111111, 0.43, 0.01, 0.12, 0.68, 0.34, 0.34, 0.9, 0.18, 0.34, 0.45, 0.01, 0.34, 0.01, 0.57, 0.18, 0.68, 0.45]"
473,AAAAAAAAAI463FUCH42OLMAAYOAA4FQAPJI564Q_192,4,2,3,250.8183468459993,25,0.0976043278972307,0.9023956721027692,0.9483072946468988,0.7036051834623019,0.936157766977946,0.099770950525999,0.9001601016769807,0.947016645843784,0.7019135798017184,0.9347144842147828,"[0.08233333333333333, 0.3323333333333333, 0.1101111111111111, 0.08233333333333333, 0.3323333333333333, 0.1101111111111111, 0.3323333333333333, 0.08233333333333333, 0.3323333333333333, 0.1101111111111111, 0.08233333333333333, 0.3323333333333333, 0.1101111111111111, 0.499, 0.09, 0.01, 0.57, 0.18, 0.68, 0.45, 0.68, 0.26, 0.68, 0.79, 0.09, 0.01, 0.57, 0.51, 0.68, 0.68, 0.79, 0.93, 0.34, 0.45, 0.68, 0.08233333333333333, 0.3323333333333333, 0.1101111111111111, 0.18, 0.01, 0.23, 0.51, 0.08233333333333333, 0.3323333333333333, 0.1101111111111111, 0.43, 0.01, 0.34, 0.68, 0.08233333333333333, 0.3323333333333333, 0.1101111111111111, 0.84, 0.34, 0.34, 0.51, 0.09, 0.68, 0.57, 0.76, 0.68, 0.34]"
474,AAAAAAAAAAAAAAAAAAAEDFIM2IABUAULS2P4Q4Q_192,4,2,2,181.4367767219992,25,0.1164616028467814,0.8835383971532186,0.9373369326194128,0.6766529520352681,0.9294209798177084,0.1187022561828295,0.8812956713140011,0.936138233045737,0.6752562212447325,0.9281521399815876,"[0.08233333333333333, 0.3323333333333333, 0.1101111111111111, 0.08233333333333333, 0.3323333333333333, 0.1101111111111111, 0.3323333333333333, 0.08233333333333333, 0.3323333333333333, 0.1101111111111111, 0.08233333333333333, 0.3323333333333333, 0.1101111111111111, 0.499, 0.08233333333333333, 0.3323333333333333, 0.1101111111111111, 0.08233333333333333, 0.3323333333333333, 0.1101111111111111, 0.3323333333333333, 0.08233333333333333, 0.3323333333333333, 0.1101111111111111, 0.08233333333333333, 0.3323333333333333, 0.1101111111111111, 0.499, 0.08233333333333333, 0.3323333333333333, 0.1101111111111111, 0.59, 0.01, 0.45, 0.34, 0.51, 0.01, 0.23, 0.18, 0.34, 0.34, 0.01, 0.08233333333333333, 0.3323333333333333, 0.1101111111111111, 0.76, 0.01, 0.01, 0.34, 0.59, 0.34, 0.57, 0.26, 0.68, 0.79, 0.51, 0.84, 0.68, 0.34, 0.09, 0.68, 0.34]"
475,AAAAAAAAAAAAAAAAAAAO2MY7AE7OHGQAN27A3UA_192,4,2,2,607.9738543130006,25,0.1608175759514173,0.8391824240485827,0.9117215822140377,0.6398405392964681,0.9151875813802084,0.1721559007962544,0.8278415241589149,0.9044284004718064,0.6330630296220382,0.9118355751037598,"[0.08233333333333333, 0.3323333333333333, 0.1101111111111111, 0.08233333333333333, 0.3323333333333333, 0.1101111111111111, 0.3323333333333333, 0.08233333333333333, 0.3323333333333333, 0.1101111111111111, 0.08233333333333333, 0.3323333333333333, 0.1101111111111111, 0.499, 0.08233333333333333, 0.3323333333333333, 0.1101111111111111, 0.08233333333333333, 0.3323333333333333, 0.1101111111111111, 0.3323333333333333, 0.08233333333333333, 0.3323333333333333, 0.1101111111111111, 0.08233333333333333, 0.3323333333333333, 0.1101111111111111, 0.499, 0.08233333333333333, 0.3323333333333333, 0.1101111111111111, 0.93, 0.68, 0.79, 0.68, 0.18, 0.01, 0.57, 0.68, 0.01, 0.12, 0.01, 0.43, 0.68, 0.57, 0.09, 0.68, 0.23, 0.34, 0.08233333333333333, 0.3323333333333333, 0.1101111111111111, 0.76, 0.68, 0.68, 0.51, 0.93, 0.01, 0.23, 0.43, 0.34, 0.01]"
476,AAAAAAAABO7CJDQEFBL6K7SVIYAAJBVIC3TUH4A_192,4,2,3,299.49470073799966,25,0.1008319189151128,0.8991680810848872,0.9465911174813908,0.6969176481167475,0.9352423350016276,0.0974776338785886,0.9024811372160912,0.9483867639054856,0.698066084086895,0.936788789431254,"[0.08233333333333333, 0.3323333333333333, 0.1101111111111111, 0.08233333333333333, 0.3323333333333333, 0.1101111111111111, 0.3323333333333333, 0.08233333333333333, 0.3323333333333333, 0.1101111111111111, 0.08233333333333333, 0.3323333333333333, 0.1101111111111111, 0.499, 0.51, 0.68, 0.57, 0.68, 0.34, 0.34, 0.34, 0.09, 0.68, 0.01, 0.26, 0.01, 0.68, 0.01, 0.09, 0.34, 0.57, 0.93, 0.34, 0.68, 0.68, 0.93, 0.34, 0.68, 0.51, 0.01, 0.45, 0.01, 0.08233333333333333, 0.3323333333333333, 0.1101111111111111, 0.26, 0.34, 0.01, 0.68, 0.51, 0.34, 0.01, 0.26, 0.68, 0.57, 0.01, 0.43, 0.34, 0.01, 0.84, 0.68, 0.01]"
477,CT3VYAA442IYFAAJTW6HZ4ABSNUMVZ4IVIGABEY_192,4,2,4,281.68294913200043,25,0.0787578652302424,0.9212421347697576,0.9588646953304608,0.7060537139574686,0.9407905260721844,0.0738249694307645,0.926102817306916,0.9614378498246272,0.707800583789746,0.9420453866322837,"[0.09, 0.34, 0.23, 0.76, 0.68, 0.68, 0.68, 0.08233333333333333, 0.3323333333333333, 0.1101111111111111, 0.09, 0.68, 0.23, 0.51, 0.18, 0.34, 0.34, 0.18, 0.01, 0.12, 0.34, 0.08233333333333333, 0.3323333333333333, 0.1101111111111111, 0.59, 0.68, 0.23, 0.51, 0.34, 0.68, 0.9, 0.43, 0.68, 0.23, 0.68, 0.08233333333333333, 0.3323333333333333, 0.1101111111111111, 0.34, 0.34, 0.23, 0.01, 0.76, 0.01, 0.45, 0.51, 0.34, 0.9, 0.68, 0.68, 0.34, 0.12, 0.51, 0.34, 0.01, 0.01, 0.68, 0.01, 0.01, 0.26, 0.34, 0.23]"
478,AAAAAAAAAAA6DIR7XQAFL7GLZQMMREQABD3UHQA_192,4,2,3,415.85954899199896,25,0.1314450482527415,0.8685549517472585,0.9288467491666476,0.6698720420400301,0.9247246742248536,0.1360564632962147,0.8639398299157619,0.9263097297400236,0.66693975503246,0.9222504695256551,"[0.08233333333333333, 0.3323333333333333, 0.1101111111111111, 0.08233333333333333, 0.3323333333333333, 0.1101111111111111, 0.3323333333333333, 0.08233333333333333, 0.3323333333333333, 0.1101111111111111, 0.08233333333333333, 0.3323333333333333, 0.1101111111111111, 0.499, 0.08233333333333333, 0.3323333333333333, 0.1101111111111111, 0.18, 0.68, 0.01, 0.68, 0.59, 0.34, 0.12, 0.84, 0.68, 0.57, 0.51, 0.08233333333333333, 0.3323333333333333, 0.1101111111111111, 0.51, 0.34, 0.57, 0.68, 0.68, 0.68, 0.34, 0.84, 0.01, 0.9, 0.01, 0.18, 0.01, 0.45, 0.59, 0.34, 0.34, 0.34, 0.08233333333333333, 0.3323333333333333, 0.1101111111111111, 0.09, 0.01, 0.57, 0.51, 0.43, 0.34, 0.01, 0.84, 0.01, 0.01]"
500,AAAAAAAAB6VQ5AACHRD43ESFTSVHUBQAMJZPGHA_192,4,2,3,210.37459355300007,25,0.1295298337936401,0.8704701662063599,0.9300891583164532,0.6910412768522899,0.926645056406657,0.1340148693571488,0.8659093619634708,0.9272838920354844,0.6881036397069693,0.9242653052012124,"[0.08233333333333333, 0.3323333333333333, 0.1101111111111111, 0.08233333333333333, 0.3323333333333333, 0.1101111111111111, 0.3323333333333333, 0.08233333333333333, 0.3323333333333333, 0.1101111111111111, 0.08233333333333333, 0.3323333333333333, 0.1101111111111111, 0.499, 0.43, 0.68, 0.68, 0.34, 0.01, 0.57, 0.34, 0.08233333333333333, 0.3323333333333333, 0.1101111111111111, 0.09, 0.01, 0.57, 0.51, 0.09, 0.01, 0.57, 0.68, 0.68, 0.45, 0.34, 0.26, 0.34, 0.12, 0.34, 0.34, 0.9, 0.51, 0.51, 0.34, 0.23, 0.76, 0.01, 0.01, 0.68, 0.08233333333333333, 0.3323333333333333, 0.1101111111111111, 0.68, 0.34, 0.23, 0.51, 0.26, 0.68, 0.9, 0.68, 0.34, 0.9]"
501,4S4XJN2VEKISBEFKRAAPB5YBQ6AARC5JTGKNKRQ_192,4,2,4,1570.391789229,25,0.0619416152437527,0.9380583847562473,0.967924504975478,0.7193060532212258,0.9448789914449056,0.0542404932280381,0.945747511088848,0.9720496332893768,0.7225877152134975,0.9463781038920084,"[0.93, 0.34, 0.34, 0.93, 0.34, 0.57, 0.34, 0.26, 0.68, 0.57, 0.51, 0.34, 0.79, 0.51, 0.09, 0.34, 0.34, 0.26, 0.34, 0.01, 0.34, 0.26, 0.01, 0.68, 0.51, 0.34, 0.12, 0.01, 0.08233333333333333, 0.3323333333333333, 0.1101111111111111, 0.84, 0.01, 0.23, 0.68, 0.43, 0.01, 0.01, 0.34, 0.01, 0.57, 0.51, 0.08233333333333333, 0.3323333333333333, 0.1101111111111111, 0.59, 0.34, 0.12, 0.34, 0.76, 0.34, 0.23, 0.18, 0.01, 0.9, 0.51, 0.59, 0.68, 0.68, 0.51, 0.01, 0.45]"
502,FXEQ6QSQIADYBAAHTAAMBEADIAABVYQAHKAADFY_192,4,2,4,216.846446389,25,0.0892405480146408,0.9107594519853592,0.9531354948878288,0.6920965448021889,0.9396693865458172,0.0772715292870998,0.9227209132164716,0.9596839317431052,0.6992099550863107,0.9434870719909668,"[0.26, 0.68, 0.57, 0.26, 0.34, 0.01, 0.68, 0.76, 0.01, 0.34, 0.51, 0.01, 0.12, 0.01, 0.08233333333333333, 0.3323333333333333, 0.1101111111111111, 0.84, 0.01, 0.01, 0.34, 0.08233333333333333, 0.3323333333333333, 0.1101111111111111, 0.18, 0.68, 0.23, 0.01, 0.08233333333333333, 0.3323333333333333, 0.1101111111111111, 0.68, 0.01, 0.34, 0.34, 0.08233333333333333, 0.3323333333333333, 0.1101111111111111, 0.76, 0.01, 0.01, 0.01, 0.08233333333333333, 0.3323333333333333, 0.1101111111111111, 0.76, 0.34, 0.9, 0.34, 0.08233333333333333, 0.3323333333333333, 0.1101111111111111, 0.43, 0.34, 0.79, 0.01, 0.08233333333333333, 0.3323333333333333, 0.1101111111111111, 0.34, 0.34, 0.57]"
503,AAAAAAAAAAAAAAAAAAAFZFYAKETAPZ4243JFZUQ_192,4,2,2,176.05762014099992,25,0.1157493765155474,0.8842506234844526,0.9378967637817064,0.6787705605228742,0.9277360598246256,0.1323105630775292,0.867532255500555,0.9280315322180588,0.6714320901781321,0.9249159336090088,"[0.08233333333333333, 0.3323333333333333, 0.1101111111111111, 0.08233333333333333, 0.3323333333333333, 0.1101111111111111, 0.3323333333333333, 0.08233333333333333, 0.3323333333333333, 0.1101111111111111, 0.08233333333333333, 0.3323333333333333, 0.1101111111111111, 0.499, 0.08233333333333333, 0.3323333333333333, 0.1101111111111111, 0.08233333333333333, 0.3323333333333333, 0.1101111111111111, 0.3323333333333333, 0.08233333333333333, 0.3323333333333333, 0.1101111111111111, 0.08233333333333333, 0.3323333333333333, 0.1101111111111111, 0.499, 0.08233333333333333, 0.3323333333333333, 0.1101111111111111, 0.51, 0.68, 0.34, 0.34, 0.43, 0.01, 0.01, 0.09, 0.34, 0.12, 0.01, 0.59, 0.68, 0.01, 0.18, 0.68, 0.9, 0.68, 0.68, 0.68, 0.68, 0.68, 0.68, 0.45, 0.51, 0.26, 0.34, 0.57, 0.18, 0.34, 0.34]"
504,AAAAAAAAAIAQ5GQMWAAEAFYMICAARG6DO2IAGNQ_192,4,2,3,333.98087153000006,25,0.0881540651122729,0.9118459348877272,0.9535351331035296,0.7006914362311363,0.9373486518859864,0.0784317831198374,0.9215660049269596,0.9589353740215302,0.7049941580742598,0.9407196124394734,"[0.08233333333333333, 0.3323333333333333, 0.1101111111111111, 0.08233333333333333, 0.3323333333333333, 0.1101111111111111, 0.3323333333333333, 0.08233333333333333, 0.3323333333333333, 0.1101111111111111, 0.08233333333333333, 0.3323333333333333, 0.1101111111111111, 0.499, 0.09, 0.01, 0.01, 0.26, 0.01, 0.57, 0.34, 0.18, 0.34, 0.01, 0.34, 0.34, 0.45, 0.01, 0.08233333333333333, 0.3323333333333333, 0.1101111111111111, 0.59, 0.01, 0.01, 0.34, 0.43, 0.01, 0.23, 0.09, 0.01, 0.01, 0.51, 0.08233333333333333, 0.3323333333333333, 0.1101111111111111, 0.59, 0.34, 0.23, 0.34, 0.93, 0.01, 0.45, 0.93, 0.68, 0.79, 0.51, 0.08233333333333333, 0.3323333333333333, 0.1101111111111111, 0.68, 0.68, 0.45]"
505,AAAAAAAAAAAAAAAAAHL4OMKX6GAAMMSAU3LUSTA_192,4,2,2,313.52415951600005,25,0.0935189167658488,0.9064810832341512,0.9505167509118716,0.6914516444007556,0.9349791526794432,0.0987333577126264,0.9012656199435392,0.9476022114356358,0.6871126115322113,0.93360861937205,"[0.08233333333333333, 0.3323333333333333, 0.1101111111111111, 0.08233333333333333, 0.3323333333333333, 0.1101111111111111, 0.3323333333333333, 0.08233333333333333, 0.3323333333333333, 0.1101111111111111, 0.08233333333333333, 0.3323333333333333, 0.1101111111111111, 0.499, 0.08233333333333333, 0.3323333333333333, 0.1101111111111111, 0.08233333333333333, 0.3323333333333333, 0.1101111111111111, 0.3323333333333333, 0.08233333333333333, 0.3323333333333333, 0.1101111111111111, 0.08233333333333333, 0.3323333333333333, 0.1101111111111111, 0.499, 0.43, 0.34, 0.57, 0.68, 0.34, 0.9, 0.68, 0.09, 0.34, 0.68, 0.84, 0.68, 0.12, 0.51, 0.08233333333333333, 0.3323333333333333, 0.1101111111111111, 0.18, 0.01, 0.45, 0.34, 0.26, 0.01, 0.12, 0.59, 0.68, 0.45, 0.51, 0.43, 0.34, 0.34, 0.51, 0.01, 0.9]"
506,AAAAAAAABGVZTAA4XAAB2UAAOMAA3AQAN2JTA4Y_192,4,2,3,363.2026791720005,25,0.6917754247784614,0.3082245752215385,0.4690520559748014,0.236216805378596,0.2810431798299154,0.6791928054143985,0.3207853828867276,0.4841429526607195,0.2439195527384678,0.2932507753372192,"[0.08233333333333333, 0.3323333333333333, 0.1101111111111111, 0.08233333333333333, 0.3323333333333333, 0.1101111111111111, 0.3323333333333333, 0.08233333333333333, 0.3323333333333333, 0.1101111111111111, 0.08233333333333333, 0.3323333333333333, 0.1101111111111111, 0.499, 0.59, 0.68, 0.68, 0.43, 0.01, 0.9, 0.68, 0.08233333333333333, 0.3323333333333333, 0.1101111111111111, 0.93, 0.34, 0.57, 0.01, 0.08233333333333333, 0.3323333333333333, 0.1101111111111111, 0.09, 0.68, 0.68, 0.34, 0.08233333333333333, 0.3323333333333333, 0.1101111111111111, 0.09, 0.68, 0.23, 0.01, 0.08233333333333333, 0.3323333333333333, 0.1101111111111111, 0.34, 0.68, 0.01, 0.34, 0.08233333333333333, 0.3323333333333333, 0.1101111111111111, 0.76, 0.68, 0.79, 0.51, 0.18, 0.01, 0.9, 0.09, 0.68, 0.23]"
507,AAAAAAAAAADGJLRLSQAOB4ADWWXOTFVZRAHAH5Q_192,4,2,3,1132.2028400889994,25,0.0579668348034222,0.9420331651965778,0.9700871035456656,0.714397739370664,0.945107618967692,0.0549842019875844,0.9450139085451762,0.9716387213518222,0.7151087852815787,0.9456042130788168,"[0.08233333333333333, 0.3323333333333333, 0.1101111111111111, 0.08233333333333333, 0.3323333333333333, 0.1101111111111111, 0.3323333333333333, 0.08233333333333333, 0.3323333333333333, 0.1101111111111111, 0.08233333333333333, 0.3323333333333333, 0.1101111111111111, 0.499, 0.08233333333333333, 0.3323333333333333, 0.1101111111111111, 0.68, 0.68, 0.34, 0.34, 0.51, 0.68, 0.12, 0.51, 0.68, 0.34, 0.51, 0.08233333333333333, 0.3323333333333333, 0.1101111111111111, 0.93, 0.01, 0.23, 0.68, 0.08233333333333333, 0.3323333333333333, 0.1101111111111111, 0.93, 0.68, 0.68, 0.51, 0.51, 0.68, 0.57, 0.59, 0.68, 0.34, 0.68, 0.51, 0.68, 0.23, 0.09, 0.01, 0.01, 0.01, 0.93, 0.01, 0.01, 0.84, 0.68, 0.45]"
508,YBOR7FZ5IWMYD4S54WYOOMY5KFQIYCQAEZWEAXA_192,4,2,4,2196.619547759,25,0.1043034384648005,0.8956965615351995,0.9442557538549106,0.6974999740719795,0.932609494527181,0.0971729223926862,0.902725080276529,0.9483621443311372,0.7003772961596648,0.9335438251495362,"[0.68, 0.01, 0.12, 0.43, 0.34, 0.12, 0.68, 0.93, 0.34, 0.57, 0.18, 0.68, 0.68, 0.01, 0.26, 0.68, 0.23, 0.18, 0.01, 0.01, 0.68, 0.93, 0.34, 0.34, 0.93, 0.68, 0.9, 0.51, 0.34, 0.68, 0.01, 0.93, 0.34, 0.9, 0.68, 0.18, 0.01, 0.57, 0.51, 0.34, 0.12, 0.01, 0.68, 0.01, 0.79, 0.34, 0.01, 0.12, 0.34, 0.08233333333333333, 0.3323333333333333, 0.1101111111111111, 0.59, 0.68, 0.23, 0.01, 0.68, 0.34, 0.01, 0.09, 0.34, 0.9]"
509,MDHW2EHUAAD2LGDEV76GZ4IJO2UFUMQAH2YAGBA_192,4,2,4,366.3599077210001,25,0.0696588277816772,0.9303411722183228,0.9637821679313976,0.6994329556822777,0.9426621754964192,0.063894997537136,0.9361045689632496,0.9668866495291392,0.7009569875895977,0.945003612836202,"[0.34, 0.01, 0.23, 0.18, 0.68, 0.45, 0.68, 0.59, 0.34, 0.01, 0.84, 0.34, 0.01, 0.01, 0.08233333333333333, 0.3323333333333333, 0.1101111111111111, 0.84, 0.34, 0.34, 0.68, 0.18, 0.01, 0.23, 0.26, 0.34, 0.68, 0.51, 0.84, 0.68, 0.9, 0.34, 0.68, 0.23, 0.68, 0.09, 0.01, 0.34, 0.51, 0.68, 0.45, 0.51, 0.51, 0.01, 0.34, 0.76, 0.01, 0.45, 0.34, 0.08233333333333333, 0.3323333333333333, 0.1101111111111111, 0.43, 0.68, 0.68, 0.51, 0.08233333333333333, 0.3323333333333333, 0.1101111111111111, 0.68, 0.01, 0.79]"
510,IRGHYAGR4AB3TIGGBAAMZVKBI6AAYOQADLYAGRA_192,4,2,4,212.992950291,25,0.0943264171481132,0.9056735828518868,0.9500033388535182,0.6965617631872495,0.9362388928731282,0.0874886725097894,0.9124983917921782,0.953911127646764,0.6992797733594974,0.93743999004364,"[0.59, 0.34, 0.12, 0.18, 0.01, 0.57, 0.68, 0.08233333333333333, 0.3323333333333333, 0.1101111111111111, 0.76, 0.01, 0.57, 0.51, 0.08233333333333333, 0.3323333333333333, 0.1101111111111111, 0.43, 0.34, 0.9, 0.68, 0.59, 0.01, 0.45, 0.18, 0.01, 0.12, 0.01, 0.08233333333333333, 0.3323333333333333, 0.1101111111111111, 0.68, 0.68, 0.23, 0.34, 0.51, 0.34, 0.01, 0.51, 0.01, 0.57, 0.51, 0.08233333333333333, 0.3323333333333333, 0.1101111111111111, 0.34, 0.01, 0.57, 0.34, 0.08233333333333333, 0.3323333333333333, 0.1101111111111111, 0.18, 0.34, 0.57, 0.51, 0.08233333333333333, 0.3323333333333333, 0.1101111111111111, 0.76, 0.01, 0.79]"
511,AAAAAAAAAAAAAAAAADBMZPYPOAAAPKQAFBR4J5Q_192,4,2,2,541.8245249699994,25,0.1704856529831886,0.8295143470168114,0.9058307612935702,0.5897701854507128,0.9108966827392578,0.1855613466352224,0.8144376742343108,0.8962819057206313,0.5829361380388339,0.9076571544011434,"[0.08233333333333333, 0.3323333333333333, 0.1101111111111111, 0.08233333333333333, 0.3323333333333333, 0.1101111111111111, 0.3323333333333333, 0.08233333333333333, 0.3323333333333333, 0.1101111111111111, 0.08233333333333333, 0.3323333333333333, 0.1101111111111111, 0.499, 0.08233333333333333, 0.3323333333333333, 0.1101111111111111, 0.08233333333333333, 0.3323333333333333, 0.1101111111111111, 0.3323333333333333, 0.08233333333333333, 0.3323333333333333, 0.1101111111111111, 0.08233333333333333, 0.3323333333333333, 0.1101111111111111, 0.499, 0.18, 0.01, 0.34, 0.68, 0.68, 0.34, 0.68, 0.84, 0.01, 0.23, 0.76, 0.68, 0.01, 0.01, 0.08233333333333333, 0.3323333333333333, 0.1101111111111111, 0.18, 0.68, 0.68, 0.34, 0.08233333333333333, 0.3323333333333333, 0.1101111111111111, 0.51, 0.01, 0.23, 0.01, 0.18, 0.68, 0.12, 0.18, 0.68, 0.45]"
512,AAAAAAAAAAAAAAAAACKV2UABQJVDVAT3BAYAGNA_192,4,2,2,178.18027341500056,25,0.0674972539146741,0.932502746085326,0.9649791901310284,0.7094494491815567,0.9441976547241212,0.0596170759449402,0.940329439813892,0.9691456074515978,0.7128457153836886,0.9464431047439577,"[0.08233333333333333, 0.3323333333333333, 0.1101111111111111, 0.08233333333333333, 0.3323333333333333, 0.1101111111111111, 0.3323333333333333, 0.08233333333333333, 0.3323333333333333, 0.1101111111111111, 0.08233333333333333, 0.3323333333333333, 0.1101111111111111, 0.499, 0.08233333333333333, 0.3323333333333333, 0.1101111111111111, 0.08233333333333333, 0.3323333333333333, 0.1101111111111111, 0.3323333333333333, 0.08233333333333333, 0.3323333333333333, 0.1101111111111111, 0.08233333333333333, 0.3323333333333333, 0.1101111111111111, 0.499, 0.26, 0.34, 0.68, 0.51, 0.68, 0.68, 0.34, 0.08233333333333333, 0.3323333333333333, 0.1101111111111111, 0.34, 0.01, 0.34, 0.01, 0.76, 0.34, 0.12, 0.76, 0.34, 0.01, 0.34, 0.18, 0.68, 0.45, 0.09, 0.01, 0.12, 0.51, 0.08233333333333333, 0.3323333333333333, 0.1101111111111111, 0.68, 0.68, 0.79]"
513,AAAAAAAAAAAAAAAAAAACZ725AOABUYQAFZQADAQ_192,4,2,2,239.76127334800003,25,0.1630195428927739,0.836980457107226,0.910208760201931,0.6469471260905266,0.9131675084431966,0.1713513437658548,0.8286458409080902,0.9048718960334856,0.6382594830046098,0.9090947151184082,"[0.08233333333333333, 0.3323333333333333, 0.1101111111111111, 0.08233333333333333, 0.3323333333333333, 0.1101111111111111, 0.3323333333333333, 0.08233333333333333, 0.3323333333333333, 0.1101111111111111, 0.08233333333333333, 0.3323333333333333, 0.1101111111111111, 0.499, 0.08233333333333333, 0.3323333333333333, 0.1101111111111111, 0.08233333333333333, 0.3323333333333333, 0.1101111111111111, 0.3323333333333333, 0.08233333333333333, 0.3323333333333333, 0.1101111111111111, 0.08233333333333333, 0.3323333333333333, 0.1101111111111111, 0.499, 0.08233333333333333, 0.3323333333333333, 0.1101111111111111, 0.26, 0.68, 0.23, 0.68, 0.84, 0.34, 0.57, 0.59, 0.01, 0.23, 0.51, 0.08233333333333333, 0.3323333333333333, 0.1101111111111111, 0.76, 0.01, 0.9, 0.34, 0.08233333333333333, 0.3323333333333333, 0.1101111111111111, 0.51, 0.68, 0.23, 0.01, 0.08233333333333333, 0.3323333333333333, 0.1101111111111111, 0.34, 0.01, 0.34]"
514,AAAAAAAAAADWLAAIXVKHAUABKVVZ4HQAGIYABBY_192,4,2,3,575.7186244900004,25,0.077132111787796,0.922867888212204,0.9597080419460932,0.7101875419418017,0.9399586677551268,0.0740192508945862,0.9259622654567162,0.9613293427973986,0.7110377768675487,0.94086967309316,"[0.08233333333333333, 0.3323333333333333, 0.1101111111111111, 0.08233333333333333, 0.3323333333333333, 0.1101111111111111, 0.3323333333333333, 0.08233333333333333, 0.3323333333333333, 0.1101111111111111, 0.08233333333333333, 0.3323333333333333, 0.1101111111111111, 0.499, 0.08233333333333333, 0.3323333333333333, 0.1101111111111111, 0.93, 0.68, 0.34, 0.68, 0.08233333333333333, 0.3323333333333333, 0.1101111111111111, 0.59, 0.34, 0.57, 0.51, 0.51, 0.34, 0.79, 0.43, 0.01, 0.12, 0.34, 0.08233333333333333, 0.3323333333333333, 0.1101111111111111, 0.51, 0.34, 0.68, 0.01, 0.76, 0.34, 0.9, 0.84, 0.01, 0.23, 0.68, 0.08233333333333333, 0.3323333333333333, 0.1101111111111111, 0.34, 0.34, 0.12, 0.51, 0.08233333333333333, 0.3323333333333333, 0.1101111111111111, 0.26, 0.01, 0.57]"
515,AAAAAAAAAAAAAAAAAHARLEAAITTDZBUBWJ7AOQA_192,4,2,2,227.1234802510008,25,0.1615084856748581,0.8384915143251419,0.9107635378837584,0.6683865010738372,0.9138202667236328,0.1675328311820824,0.8324986382077137,0.9069390336672464,0.6642843581736088,0.9109651803970336,"[0.08233333333333333, 0.3323333333333333, 0.1101111111111111, 0.08233333333333333, 0.3323333333333333, 0.1101111111111111, 0.3323333333333333, 0.08233333333333333, 0.3323333333333333, 0.1101111111111111, 0.08233333333333333, 0.3323333333333333, 0.1101111111111111, 0.499, 0.08233333333333333, 0.3323333333333333, 0.1101111111111111, 0.08233333333333333, 0.3323333333333333, 0.1101111111111111, 0.3323333333333333, 0.08233333333333333, 0.3323333333333333, 0.1101111111111111, 0.08233333333333333, 0.3323333333333333, 0.1101111111111111, 0.499, 0.43, 0.01, 0.12, 0.09, 0.34, 0.45, 0.34, 0.08233333333333333, 0.3323333333333333, 0.1101111111111111, 0.09, 0.01, 0.79, 0.51, 0.68, 0.68, 0.12, 0.93, 0.34, 0.01, 0.68, 0.59, 0.01, 0.23, 0.34, 0.34, 0.23, 0.51, 0.93, 0.01, 0.12, 0.76, 0.01, 0.01]"
516,AA34YABEAADPRPWYEPCHBMOVA25I4JXAU6AABVI_192,4,2,4,338.9504782029999,25,0.0655352607369423,0.9344647392630576,0.9659954289595286,0.704757571220398,0.9435262044270832,0.0616460282355546,0.9383366682877144,0.9680836959431568,0.7077051428457101,0.9455665667851766,"[0.08233333333333333, 0.3323333333333333, 0.1101111111111111, 0.76, 0.68, 0.9, 0.68, 0.08233333333333333, 0.3323333333333333, 0.1101111111111111, 0.26, 0.34, 0.01, 0.01, 0.08233333333333333, 0.3323333333333333, 0.1101111111111111, 0.76, 0.68, 0.9, 0.34, 0.43, 0.68, 0.45, 0.68, 0.01, 0.79, 0.01, 0.84, 0.01, 0.79, 0.43, 0.01, 0.34, 0.68, 0.09, 0.68, 0.68, 0.59, 0.01, 0.45, 0.51, 0.43, 0.34, 0.79, 0.43, 0.01, 0.79, 0.68, 0.43, 0.01, 0.12, 0.59, 0.68, 0.9, 0.01, 0.08233333333333333, 0.3323333333333333, 0.1101111111111111, 0.18, 0.34, 0.68]"
517,AAAAAAAABSPDRAA6AVGOINQLWXYI3CTJCJG42AY_192,4,2,3,579.8791093679993,25,0.0492571239670117,0.9507428760329882,0.974700445930163,0.711543644964695,0.9477264086405436,0.0494859068344036,0.9505136797825496,0.9745756986240546,0.711339036996166,0.9470662434895832,"[0.08233333333333333, 0.3323333333333333, 0.1101111111111111, 0.08233333333333333, 0.3323333333333333, 0.1101111111111111, 0.3323333333333333, 0.08233333333333333, 0.3323333333333333, 0.1101111111111111, 0.08233333333333333, 0.3323333333333333, 0.1101111111111111, 0.499, 0.34, 0.34, 0.23, 0.68, 0.34, 0.9, 0.34, 0.08233333333333333, 0.3323333333333333, 0.1101111111111111, 0.84, 0.01, 0.01, 0.51, 0.51, 0.01, 0.9, 0.93, 0.34, 0.01, 0.68, 0.34, 0.01, 0.34, 0.93, 0.68, 0.68, 0.51, 0.93, 0.01, 0.79, 0.34, 0.68, 0.12, 0.34, 0.18, 0.34, 0.34, 0.26, 0.34, 0.34, 0.01, 0.76, 0.68, 0.23, 0.59, 0.01, 0.23]"
518,AAAAAAAAB63KLCRKDDOCCEAD64XGUHQABIQACMQ_192,4,2,3,329.94920258899947,25,0.0976823503772417,0.9023176496227582,0.9483639682332676,0.6860599140326182,0.9368847846984864,0.1010159796724716,0.898980554069082,0.9464430030435323,0.6840090366701285,0.9361367543538412,"[0.08233333333333333, 0.3323333333333333, 0.1101111111111111, 0.08233333333333333, 0.3323333333333333, 0.1101111111111111, 0.3323333333333333, 0.08233333333333333, 0.3323333333333333, 0.1101111111111111, 0.08233333333333333, 0.3323333333333333, 0.1101111111111111, 0.499, 0.43, 0.68, 0.45, 0.76, 0.34, 0.34, 0.68, 0.09, 0.34, 0.12, 0.51, 0.01, 0.23, 0.01, 0.18, 0.34, 0.9, 0.26, 0.01, 0.79, 0.34, 0.08233333333333333, 0.3323333333333333, 0.1101111111111111, 0.84, 0.68, 0.57, 0.01, 0.51, 0.68, 0.23, 0.51, 0.01, 0.23, 0.68, 0.08233333333333333, 0.3323333333333333, 0.1101111111111111, 0.09, 0.34, 0.12, 0.01, 0.08233333333333333, 0.3323333333333333, 0.1101111111111111, 0.59, 0.68, 0.34]"
519,CSE4IAHRIABCBIG5RAAEDV64KX7ERCXCSYHAONA_192,4,2,4,568.0189595009997,25,0.0580596874157587,0.9419403125842412,0.9700212796529134,0.7083280935883522,0.9467576344807944,0.0516452337304751,0.9483542772630852,0.973439998800556,0.712186834961176,0.948088765144348,"[0.09, 0.34, 0.34, 0.26, 0.34, 0.9, 0.34, 0.08233333333333333, 0.3323333333333333, 0.1101111111111111, 0.84, 0.01, 0.68, 0.01, 0.08233333333333333, 0.3323333333333333, 0.1101111111111111, 0.59, 0.34, 0.01, 0.34, 0.59, 0.01, 0.45, 0.93, 0.68, 0.12, 0.01, 0.08233333333333333, 0.3323333333333333, 0.1101111111111111, 0.59, 0.01, 0.57, 0.34, 0.43, 0.68, 0.57, 0.09, 0.34, 0.68, 0.51, 0.84, 0.68, 0.34, 0.59, 0.34, 0.12, 0.34, 0.43, 0.01, 0.68, 0.26, 0.68, 0.01, 0.01, 0.93, 0.01, 0.12, 0.68, 0.68, 0.79]"
520,AAAAAAAAAAAAAAAAAAAEJVCJSWAAVYQABJJMPNQ_192,4,2,2,207.62480868700004,25,0.0767878462870915,0.9232121537129084,0.9598592912157377,0.7079808264970779,0.939737065633138,0.0803989538302024,0.9195902756104868,0.9577050998806952,0.7059056958804528,0.9391629060109457,"[0.08233333333333333, 0.3323333333333333, 0.1101111111111111, 0.08233333333333333, 0.3323333333333333, 0.1101111111111111, 0.3323333333333333, 0.08233333333333333, 0.3323333333333333, 0.1101111111111111, 0.08233333333333333, 0.3323333333333333, 0.1101111111111111, 0.499, 0.08233333333333333, 0.3323333333333333, 0.1101111111111111, 0.08233333333333333, 0.3323333333333333, 0.1101111111111111, 0.3323333333333333, 0.08233333333333333, 0.3323333333333333, 0.1101111111111111, 0.08233333333333333, 0.3323333333333333, 0.1101111111111111, 0.499, 0.08233333333333333, 0.3323333333333333, 0.1101111111111111, 0.59, 0.34, 0.23, 0.34, 0.59, 0.34, 0.34, 0.34, 0.34, 0.68, 0.51, 0.08233333333333333, 0.3323333333333333, 0.1101111111111111, 0.51, 0.34, 0.9, 0.34, 0.08233333333333333, 0.3323333333333333, 0.1101111111111111, 0.09, 0.34, 0.34, 0.51, 0.26, 0.68, 0.12, 0.93, 0.68, 0.45]"
521,AAAAAAAAAAAAAAAAAAAHK4ABKHUATH6AULAAB5Y_192,4,2,2,188.5018343920001,25,0.1077909092108408,0.8922090907891591,0.9426080857714018,0.6900722687443097,0.9303374290466307,0.1136470817029476,0.8863485238204399,0.9389732558280228,0.6857886593788862,0.9292505343755086,"[0.08233333333333333, 0.3323333333333333, 0.1101111111111111, 0.08233333333333333, 0.3323333333333333, 0.1101111111111111, 0.3323333333333333, 0.08233333333333333, 0.3323333333333333, 0.1101111111111111, 0.08233333333333333, 0.3323333333333333, 0.1101111111111111, 0.499, 0.08233333333333333, 0.3323333333333333, 0.1101111111111111, 0.08233333333333333, 0.3323333333333333, 0.1101111111111111, 0.3323333333333333, 0.08233333333333333, 0.3323333333333333, 0.1101111111111111, 0.08233333333333333, 0.3323333333333333, 0.1101111111111111, 0.499, 0.08233333333333333, 0.3323333333333333, 0.1101111111111111, 0.43, 0.34, 0.68, 0.68, 0.08233333333333333, 0.3323333333333333, 0.1101111111111111, 0.51, 0.34, 0.12, 0.51, 0.76, 0.01, 0.01, 0.59, 0.68, 0.23, 0.68, 0.93, 0.01, 0.12, 0.59, 0.34, 0.45, 0.01, 0.08233333333333333, 0.3323333333333333, 0.1101111111111111, 0.18, 0.68, 0.57]"
522,AAAAAAAAAAAAAAAAAAAEYEAA7QAB3JXC4AIAHVA_192,4,2,2,321.8530256480008,25,0.1008423641324043,0.8991576358675957,0.9462514107426008,0.7014398316542307,0.9326217015584308,0.1086496267467737,0.8912422729035219,0.9419409214208524,0.6979775978873174,0.931566588083903,"[0.08233333333333333, 0.3323333333333333, 0.1101111111111111, 0.08233333333333333, 0.3323333333333333, 0.1101111111111111, 0.3323333333333333, 0.08233333333333333, 0.3323333333333333, 0.1101111111111111, 0.08233333333333333, 0.3323333333333333, 0.1101111111111111, 0.499, 0.08233333333333333, 0.3323333333333333, 0.1101111111111111, 0.08233333333333333, 0.3323333333333333, 0.1101111111111111, 0.3323333333333333, 0.08233333333333333, 0.3323333333333333, 0.1101111111111111, 0.08233333333333333, 0.3323333333333333, 0.1101111111111111, 0.499, 0.08233333333333333, 0.3323333333333333, 0.1101111111111111, 0.59, 0.68, 0.01, 0.34, 0.08233333333333333, 0.3323333333333333, 0.1101111111111111, 0.18, 0.68, 0.9, 0.01, 0.08233333333333333, 0.3323333333333333, 0.1101111111111111, 0.93, 0.68, 0.79, 0.68, 0.43, 0.01, 0.68, 0.68, 0.01, 0.01, 0.51, 0.08233333333333333, 0.3323333333333333, 0.1101111111111111, 0.84, 0.34, 0.79]"
523,2TYMYACNP3TSJ4QEWAAGIMYAOOAB5M4CGD6UKVQ_192,4,2,4,563.3111078359998,25,0.050350031753381,0.949649968246619,0.9741160308321316,0.7218695243199666,0.947942288716634,0.0426791446904341,0.9573172541956106,0.9781625613570212,0.7254475325345993,0.948488998413086,"[0.76, 0.34, 0.23, 0.68, 0.01, 0.9, 0.68, 0.08233333333333333, 0.3323333333333333, 0.1101111111111111, 0.59, 0.68, 0.68, 0.51, 0.84, 0.34, 0.9, 0.93, 0.34, 0.34, 0.34, 0.93, 0.34, 0.01, 0.26, 0.34, 0.45, 0.01, 0.08233333333333333, 0.3323333333333333, 0.1101111111111111, 0.34, 0.34, 0.01, 0.68, 0.18, 0.01, 0.01, 0.09, 0.68, 0.23, 0.51, 0.08233333333333333, 0.3323333333333333, 0.1101111111111111, 0.84, 0.34, 0.45, 0.34, 0.68, 0.01, 0.79, 0.34, 0.01, 0.57, 0.51, 0.76, 0.34, 0.12, 0.51, 0.34, 0.45]"
524,AAAAAAAAAAAAAAAAAAAPKE6ZQEAAXAXJUOP7GQI_192,4,2,2,355.12076785000136,25,0.0680830091238021,0.9319169908761978,0.9645844648281732,0.7120747750004133,0.9426230112711588,0.0658313449472189,0.934158354004224,0.9657831627875566,0.7124683390061061,0.9433679739634196,"[0.08233333333333333, 0.3323333333333333, 0.1101111111111111, 0.08233333333333333, 0.3323333333333333, 0.1101111111111111, 0.3323333333333333, 0.08233333333333333, 0.3323333333333333, 0.1101111111111111, 0.08233333333333333, 0.3323333333333333, 0.1101111111111111, 0.499, 0.08233333333333333, 0.3323333333333333, 0.1101111111111111, 0.08233333333333333, 0.3323333333333333, 0.1101111111111111, 0.3323333333333333, 0.08233333333333333, 0.3323333333333333, 0.1101111111111111, 0.08233333333333333, 0.3323333333333333, 0.1101111111111111, 0.499, 0.08233333333333333, 0.3323333333333333, 0.1101111111111111, 0.84, 0.34, 0.79, 0.34, 0.18, 0.68, 0.45, 0.34, 0.01, 0.12, 0.01, 0.08233333333333333, 0.3323333333333333, 0.1101111111111111, 0.51, 0.68, 0.01, 0.34, 0.43, 0.34, 0.23, 0.59, 0.34, 0.9, 0.51, 0.84, 0.68, 0.9, 0.76, 0.01, 0.12]"
525,AAYDYABNQABSJ4MOAAAEI7YPKYJNQLQAFAYADNY_192,4,2,4,283.511112786,25,0.0826018388072649,0.917398161192735,0.9566969002286592,0.6995896851023038,0.9405781110127768,0.0868947332104047,0.9130957139035066,0.9542790771772464,0.6977280014504988,0.9394900639851888,"[0.08233333333333333, 0.3323333333333333, 0.1101111111111111, 0.68, 0.01, 0.23, 0.68, 0.08233333333333333, 0.3323333333333333, 0.1101111111111111, 0.26, 0.68, 0.45, 0.01, 0.08233333333333333, 0.3323333333333333, 0.1101111111111111, 0.34, 0.34, 0.34, 0.34, 0.93, 0.01, 0.9, 0.43, 0.01, 0.01, 0.01, 0.08233333333333333, 0.3323333333333333, 0.1101111111111111, 0.59, 0.34, 0.12, 0.68, 0.84, 0.01, 0.23, 0.76, 0.34, 0.45, 0.01, 0.26, 0.34, 0.45, 0.68, 0.01, 0.68, 0.68, 0.08233333333333333, 0.3323333333333333, 0.1101111111111111, 0.51, 0.01, 0.12, 0.51, 0.08233333333333333, 0.3323333333333333, 0.1101111111111111, 0.34, 0.68, 0.57]"
526,AAAAAAAAAAAAAAAAAAACDNDQOMNZZBUB43IAGEQ_192,4,2,2,251.78774403900024,25,0.1534398213028907,0.8465601786971092,0.91580544958512,0.6657521208127339,0.917938232421875,0.1477282680571079,0.8522699298957984,0.9191673036664724,0.665318347265323,0.9184991995493572,"[0.08233333333333333, 0.3323333333333333, 0.1101111111111111, 0.08233333333333333, 0.3323333333333333, 0.1101111111111111, 0.3323333333333333, 0.08233333333333333, 0.3323333333333333, 0.1101111111111111, 0.08233333333333333, 0.3323333333333333, 0.1101111111111111, 0.499, 0.08233333333333333, 0.3323333333333333, 0.1101111111111111, 0.08233333333333333, 0.3323333333333333, 0.1101111111111111, 0.3323333333333333, 0.08233333333333333, 0.3323333333333333, 0.1101111111111111, 0.08233333333333333, 0.3323333333333333, 0.1101111111111111, 0.499, 0.08233333333333333, 0.3323333333333333, 0.1101111111111111, 0.26, 0.01, 0.45, 0.68, 0.59, 0.34, 0.9, 0.09, 0.68, 0.23, 0.01, 0.18, 0.34, 0.9, 0.93, 0.34, 0.01, 0.68, 0.59, 0.01, 0.23, 0.68, 0.68, 0.45, 0.51, 0.08233333333333333, 0.3323333333333333, 0.1101111111111111, 0.68, 0.34, 0.34]"
527,AAAAAAAADWNI3AADTTJUYMWTQWAAZERJEAPPGBQ_192,4,2,3,653.1358401950001,25,0.0717225218812624,0.9282774781187376,0.9626524234811464,0.7083136782050132,0.9428048451741536,0.0698598444461822,0.9301356015106044,0.9636282075196504,0.7098954882472753,0.9424782673517864,"[0.08233333333333333, 0.3323333333333333, 0.1101111111111111, 0.08233333333333333, 0.3323333333333333, 0.1101111111111111, 0.3323333333333333, 0.08233333333333333, 0.3323333333333333, 0.1101111111111111, 0.08233333333333333, 0.3323333333333333, 0.1101111111111111, 0.499, 0.93, 0.68, 0.23, 0.51, 0.01, 0.45, 0.68, 0.08233333333333333, 0.3323333333333333, 0.1101111111111111, 0.09, 0.68, 0.23, 0.51, 0.18, 0.34, 0.23, 0.59, 0.68, 0.01, 0.68, 0.26, 0.68, 0.79, 0.93, 0.01, 0.68, 0.51, 0.08233333333333333, 0.3323333333333333, 0.1101111111111111, 0.34, 0.34, 0.34, 0.34, 0.09, 0.34, 0.34, 0.59, 0.01, 0.01, 0.51, 0.93, 0.68, 0.9, 0.68, 0.01, 0.45]"
528,AAAAAAAAAAAAAAAAADKPBEAD2IAAXBT3GCTRARI_192,4,2,2,328.1207245170008,25,0.2144901161392529,0.785509883860747,0.8777509187658628,0.5792523245016734,0.899285888671875,0.2070887050280968,0.7929104583958785,0.8827611092478037,0.5804527891178926,0.8990622282028198,"[0.08233333333333333, 0.3323333333333333, 0.1101111111111111, 0.08233333333333333, 0.3323333333333333, 0.1101111111111111, 0.3323333333333333, 0.08233333333333333, 0.3323333333333333, 0.1101111111111111, 0.08233333333333333, 0.3323333333333333, 0.1101111111111111, 0.499, 0.08233333333333333, 0.3323333333333333, 0.1101111111111111, 0.08233333333333333, 0.3323333333333333, 0.1101111111111111, 0.3323333333333333, 0.08233333333333333, 0.3323333333333333, 0.1101111111111111, 0.08233333333333333, 0.3323333333333333, 0.1101111111111111, 0.499, 0.18, 0.34, 0.79, 0.84, 0.01, 0.34, 0.34, 0.08233333333333333, 0.3323333333333333, 0.1101111111111111, 0.84, 0.34, 0.34, 0.01, 0.08233333333333333, 0.3323333333333333, 0.1101111111111111, 0.51, 0.68, 0.01, 0.68, 0.18, 0.68, 0.45, 0.34, 0.01, 0.68, 0.01, 0.43, 0.01, 0.79, 0.09, 0.01, 0.68]"
529,AANUYACBIAD2NI4KSQACKMABKMAAMB5ZS2IAAVQ_192,4,2,4,216.161616252999,25,0.0674123048782348,0.9325876951217652,0.9649997716148694,0.7098354379336039,0.9428183237711588,0.0647594763586918,0.9352391806741556,0.9663291135181984,0.710453953469793,0.9434359073638916,"[0.08233333333333333, 0.3323333333333333, 0.1101111111111111, 0.34, 0.68, 0.79, 0.68, 0.08233333333333333, 0.3323333333333333, 0.1101111111111111, 0.59, 0.01, 0.68, 0.01, 0.08233333333333333, 0.3323333333333333, 0.1101111111111111, 0.84, 0.34, 0.23, 0.34, 0.59, 0.34, 0.9, 0.51, 0.34, 0.34, 0.51, 0.08233333333333333, 0.3323333333333333, 0.1101111111111111, 0.26, 0.34, 0.79, 0.68, 0.08233333333333333, 0.3323333333333333, 0.1101111111111111, 0.51, 0.34, 0.23, 0.01, 0.08233333333333333, 0.3323333333333333, 0.1101111111111111, 0.18, 0.01, 0.01, 0.68, 0.76, 0.68, 0.23, 0.26, 0.68, 0.79, 0.51, 0.08233333333333333, 0.3323333333333333, 0.1101111111111111, 0.09, 0.34, 0.45]"
530,AAAAAAAAAADIRAA2VAAO6N64IAAAQAXAHIIAH4Q_192,4,2,3,466.6921315719992,25,0.0704746256271998,0.9295253743728,0.963319267332554,0.7019718999663989,0.943470827738444,0.0698697489996751,0.9301293097436428,0.9636201042681932,0.7013929737110932,0.9434097290039064,"[0.08233333333333333, 0.3323333333333333, 0.1101111111111111, 0.08233333333333333, 0.3323333333333333, 0.1101111111111111, 0.3323333333333333, 0.08233333333333333, 0.3323333333333333, 0.1101111111111111, 0.08233333333333333, 0.3323333333333333, 0.1101111111111111, 0.499, 0.08233333333333333, 0.3323333333333333, 0.1101111111111111, 0.76, 0.01, 0.79, 0.34, 0.08233333333333333, 0.3323333333333333, 0.1101111111111111, 0.76, 0.34, 0.68, 0.01, 0.08233333333333333, 0.3323333333333333, 0.1101111111111111, 0.93, 0.68, 0.9, 0.68, 0.43, 0.68, 0.57, 0.09, 0.01, 0.01, 0.01, 0.08233333333333333, 0.3323333333333333, 0.1101111111111111, 0.59, 0.01, 0.01, 0.34, 0.43, 0.01, 0.01, 0.43, 0.34, 0.01, 0.51, 0.08233333333333333, 0.3323333333333333, 0.1101111111111111, 0.84, 0.68, 0.34]"
531,AAZX64IUIADYFAAN4AAEKMWZQ2AAXCXZPCH4SBQ_192,4,2,4,275.59500398900127,25,0.0568469007809956,0.9431530992190044,0.9706760873397192,0.7183940341075261,0.9459234555562336,0.0518619558463494,0.9482931905736526,0.9734086129814388,0.7210530190418164,0.9478654861450196,"[0.08233333333333333, 0.3323333333333333, 0.1101111111111111, 0.68, 0.68, 0.57, 0.68, 0.76, 0.68, 0.12, 0.09, 0.34, 0.12, 0.01, 0.08233333333333333, 0.3323333333333333, 0.1101111111111111, 0.84, 0.01, 0.12, 0.34, 0.08233333333333333, 0.3323333333333333, 0.1101111111111111, 0.34, 0.68, 0.9, 0.01, 0.08233333333333333, 0.3323333333333333, 0.1101111111111111, 0.59, 0.34, 0.79, 0.68, 0.26, 0.68, 0.45, 0.34, 0.01, 0.45, 0.51, 0.08233333333333333, 0.3323333333333333, 0.1101111111111111, 0.51, 0.68, 0.12, 0.34, 0.43, 0.68, 0.34, 0.84, 0.01, 0.79, 0.01, 0.84, 0.68, 0.34, 0.59, 0.01, 0.45]"
532,AAAAAAAAAAAAAAAAAAADLUADWGJOLF4DP6AAARQ_192,4,2,2,1022.4435653740002,25,0.168130495150884,0.831869504849116,0.9070045972863832,0.6423493067423502,0.9102622350056966,0.1883174780756235,0.8116789462665717,0.8943685508022706,0.6260335450371106,0.9043998559316,"[0.08233333333333333, 0.3323333333333333, 0.1101111111111111, 0.08233333333333333, 0.3323333333333333, 0.1101111111111111, 0.3323333333333333, 0.08233333333333333, 0.3323333333333333, 0.1101111111111111, 0.08233333333333333, 0.3323333333333333, 0.1101111111111111, 0.499, 0.08233333333333333, 0.3323333333333333, 0.1101111111111111, 0.08233333333333333, 0.3323333333333333, 0.1101111111111111, 0.3323333333333333, 0.08233333333333333, 0.3323333333333333, 0.1101111111111111, 0.08233333333333333, 0.3323333333333333, 0.1101111111111111, 0.499, 0.08233333333333333, 0.3323333333333333, 0.1101111111111111, 0.18, 0.34, 0.57, 0.34, 0.08233333333333333, 0.3323333333333333, 0.1101111111111111, 0.93, 0.68, 0.12, 0.51, 0.26, 0.34, 0.57, 0.26, 0.68, 0.34, 0.68, 0.68, 0.01, 0.45, 0.84, 0.68, 0.9, 0.01, 0.08233333333333333, 0.3323333333333333, 0.1101111111111111, 0.09, 0.01, 0.45]"
533,AAAAAAAAAABKVAAYWQAPDUAB6EMGHF7YRYAADHA_192,4,2,3,195.34986918999857,25,0.0939833705623944,0.9060166294376056,0.9500794877608616,0.6936963066458702,0.9367147127787272,0.0955034962544838,0.9044933198640744,0.9493354696780444,0.6924423510829608,0.935254716873169,"[0.08233333333333333, 0.3323333333333333, 0.1101111111111111, 0.08233333333333333, 0.3323333333333333, 0.1101111111111111, 0.3323333333333333, 0.08233333333333333, 0.3323333333333333, 0.1101111111111111, 0.08233333333333333, 0.3323333333333333, 0.1101111111111111, 0.499, 0.08233333333333333, 0.3323333333333333, 0.1101111111111111, 0.51, 0.34, 0.68, 0.34, 0.08233333333333333, 0.3323333333333333, 0.1101111111111111, 0.68, 0.34, 0.45, 0.51, 0.08233333333333333, 0.3323333333333333, 0.1101111111111111, 0.84, 0.01, 0.57, 0.34, 0.08233333333333333, 0.3323333333333333, 0.1101111111111111, 0.43, 0.68, 0.12, 0.01, 0.18, 0.01, 0.23, 0.09, 0.68, 0.34, 0.68, 0.84, 0.68, 0.12, 0.09, 0.68, 0.01, 0.01, 0.08233333333333333, 0.3323333333333333, 0.1101111111111111, 0.34, 0.34, 0.9]"
534,AAAAAAAAAADGPKQEDQACLMABAEAAUPQADOAACMY_192,4,2,3,186.5574323010005,25,0.1128158241510391,0.8871841758489609,0.9396561712026597,0.6798472558458646,0.9297566095987956,0.1222018620620171,0.8777892341216406,0.9340834033985932,0.6740380987524986,0.9270582755406698,"[0.08233333333333333, 0.3323333333333333, 0.1101111111111111, 0.08233333333333333, 0.3323333333333333, 0.1101111111111111, 0.3323333333333333, 0.08233333333333333, 0.3323333333333333, 0.1101111111111111, 0.08233333333333333, 0.3323333333333333, 0.1101111111111111, 0.499, 0.08233333333333333, 0.3323333333333333, 0.1101111111111111, 0.68, 0.68, 0.23, 0.68, 0.51, 0.34, 0.01, 0.26, 0.01, 0.23, 0.51, 0.08233333333333333, 0.3323333333333333, 0.1101111111111111, 0.26, 0.34, 0.45, 0.68, 0.08233333333333333, 0.3323333333333333, 0.1101111111111111, 0.59, 0.01, 0.12, 0.01, 0.08233333333333333, 0.3323333333333333, 0.1101111111111111, 0.51, 0.01, 0.57, 0.68, 0.08233333333333333, 0.3323333333333333, 0.1101111111111111, 0.18, 0.34, 0.9, 0.01, 0.08233333333333333, 0.3323333333333333, 0.1101111111111111, 0.59, 0.68, 0.23]"
535,AAAAAAAAAAAAAAAAAE2SBMAATQYIHZWZXJGVZBA_192,4,2,2,167.69801991799977,25,0.6779557670156161,0.3220442329843839,0.4854111790657043,0.28111578921477,0.347967529296875,0.6737486851712068,0.3262515655408303,0.4902349803596735,0.2841026825209459,0.3521536747614542,"[0.08233333333333333, 0.3323333333333333, 0.1101111111111111, 0.08233333333333333, 0.3323333333333333, 0.1101111111111111, 0.3323333333333333, 0.08233333333333333, 0.3323333333333333, 0.1101111111111111, 0.08233333333333333, 0.3323333333333333, 0.1101111111111111, 0.499, 0.08233333333333333, 0.3323333333333333, 0.1101111111111111, 0.08233333333333333, 0.3323333333333333, 0.1101111111111111, 0.3323333333333333, 0.08233333333333333, 0.3323333333333333, 0.1101111111111111, 0.08233333333333333, 0.3323333333333333, 0.1101111111111111, 0.499, 0.59, 0.68, 0.68, 0.26, 0.01, 0.34, 0.68, 0.08233333333333333, 0.3323333333333333, 0.1101111111111111, 0.26, 0.34, 0.9, 0.01, 0.34, 0.01, 0.79, 0.09, 0.68, 0.9, 0.68, 0.34, 0.68, 0.23, 0.43, 0.34, 0.34, 0.01, 0.76, 0.34, 0.57, 0.26, 0.01, 0.79]"
536,AA54YAGVMADCVAAGVAAOL7AA2EYPYBQAMZWAHQI_192,4,2,4,946.8323053329988,25,0.0704827959338823,0.9295172040661176,0.963315578798453,0.7080477987726529,0.9421182950337728,0.073270355289181,0.9267253030091523,0.9617523098985354,0.7058817444990079,0.9417802492777506,"[0.08233333333333333, 0.3323333333333333, 0.1101111111111111, 0.93, 0.68, 0.9, 0.68, 0.08233333333333333, 0.3323333333333333, 0.1101111111111111, 0.76, 0.34, 0.68, 0.51, 0.08233333333333333, 0.3323333333333333, 0.1101111111111111, 0.68, 0.34, 0.68, 0.34, 0.08233333333333333, 0.3323333333333333, 0.1101111111111111, 0.18, 0.34, 0.68, 0.01, 0.08233333333333333, 0.3323333333333333, 0.1101111111111111, 0.93, 0.34, 0.57, 0.68, 0.68, 0.01, 0.01, 0.18, 0.34, 0.12, 0.01, 0.34, 0.01, 0.57, 0.93, 0.01, 0.01, 0.68, 0.08233333333333333, 0.3323333333333333, 0.1101111111111111, 0.68, 0.68, 0.23, 0.01, 0.68, 0.01, 0.01, 0.84, 0.01, 0.12]"
537,MAZVIAGV7CE2LAAFWAAE2NQ4WIIKQOWZTYHMXMQ_192,4,2,4,316.44127925000066,25,0.0621890102823575,0.9378109897176424,0.9678328076998391,0.7175780648986498,0.9447359720865884,0.0587213259190321,0.9412654696653286,0.9696499632050594,0.7196726330866416,0.9459112087885538,"[0.34, 0.01, 0.01, 0.68, 0.68, 0.68, 0.34, 0.08233333333333333, 0.3323333333333333, 0.1101111111111111, 0.76, 0.34, 0.57, 0.51, 0.68, 0.34, 0.12, 0.18, 0.34, 0.34, 0.68, 0.08233333333333333, 0.3323333333333333, 0.1101111111111111, 0.26, 0.68, 0.45, 0.01, 0.08233333333333333, 0.3323333333333333, 0.1101111111111111, 0.59, 0.68, 0.79, 0.68, 0.34, 0.01, 0.57, 0.26, 0.68, 0.34, 0.01, 0.26, 0.01, 0.68, 0.59, 0.01, 0.57, 0.34, 0.34, 0.68, 0.23, 0.18, 0.68, 0.01, 0.01, 0.93, 0.68, 0.34, 0.93, 0.68, 0.34]"
538,AAAAAAAAAKAS7AAFTEJ7KHCTAYAA5NUBTDZQSVI_192,4,2,3,232.1141464200009,25,0.0784164930383364,0.9215835069616636,0.959042701125145,0.703146601219972,0.9407318115234377,0.0758286599069833,0.924167457719644,0.9603590562939645,0.7044873765359322,0.9420122464497884,"[0.08233333333333333, 0.3323333333333333, 0.1101111111111111, 0.08233333333333333, 0.3323333333333333, 0.1101111111111111, 0.3323333333333333, 0.08233333333333333, 0.3323333333333333, 0.1101111111111111, 0.08233333333333333, 0.3323333333333333, 0.1101111111111111, 0.499, 0.09, 0.34, 0.01, 0.26, 0.34, 0.57, 0.68, 0.08233333333333333, 0.3323333333333333, 0.1101111111111111, 0.26, 0.68, 0.23, 0.01, 0.59, 0.34, 0.23, 0.84, 0.34, 0.79, 0.34, 0.68, 0.34, 0.79, 0.68, 0.01, 0.45, 0.01, 0.08233333333333333, 0.3323333333333333, 0.1101111111111111, 0.43, 0.34, 0.45, 0.68, 0.59, 0.01, 0.23, 0.18, 0.01, 0.57, 0.51, 0.18, 0.01, 0.34, 0.51, 0.34, 0.68]"
539,AAAAAAAAAADOBAAKBNC7YEABAAABTLQAFOHVZMQ_192,4,2,3,274.91037710500314,25,0.0759013921022415,0.9240986078977584,0.9604435727000236,0.7050765792528788,0.9431169191996256,0.0736356807251771,0.9263606344660124,0.9616280132283768,0.7056511801977953,0.9436665137608846,"[0.08233333333333333, 0.3323333333333333, 0.1101111111111111, 0.08233333333333333, 0.3323333333333333, 0.1101111111111111, 0.3323333333333333, 0.08233333333333333, 0.3323333333333333, 0.1101111111111111, 0.08233333333333333, 0.3323333333333333, 0.1101111111111111, 0.499, 0.08233333333333333, 0.3323333333333333, 0.1101111111111111, 0.76, 0.68, 0.01, 0.34, 0.08233333333333333, 0.3323333333333333, 0.1101111111111111, 0.51, 0.01, 0.12, 0.01, 0.76, 0.01, 0.68, 0.84, 0.68, 0.01, 0.34, 0.08233333333333333, 0.3323333333333333, 0.1101111111111111, 0.59, 0.01, 0.01, 0.01, 0.08233333333333333, 0.3323333333333333, 0.1101111111111111, 0.68, 0.68, 0.68, 0.68, 0.08233333333333333, 0.3323333333333333, 0.1101111111111111, 0.51, 0.34, 0.9, 0.01, 0.84, 0.34, 0.57, 0.26, 0.68, 0.34]"
540,CX6VIADXEABTRAAFVRDTI4Y5II3OTN7J6CWECUQ_192,4,2,4,367.480171444,25,0.0799154783288637,0.9200845216711362,0.9581729903817175,0.7125050519903501,0.9387335141499836,0.085411558051904,0.9146063619603714,0.9550870047261316,0.7102973493436973,0.9392071882883708,"[0.09, 0.34, 0.57, 0.84, 0.34, 0.68, 0.34, 0.08233333333333333, 0.3323333333333333, 0.1101111111111111, 0.43, 0.34, 0.9, 0.51, 0.08233333333333333, 0.3323333333333333, 0.1101111111111111, 0.34, 0.34, 0.9, 0.34, 0.08233333333333333, 0.3323333333333333, 0.1101111111111111, 0.26, 0.68, 0.68, 0.51, 0.09, 0.01, 0.57, 0.18, 0.34, 0.12, 0.68, 0.18, 0.01, 0.57, 0.51, 0.01, 0.34, 0.01, 0.34, 0.68, 0.57, 0.59, 0.68, 0.45, 0.68, 0.84, 0.34, 0.23, 0.93, 0.01, 0.68, 0.01, 0.68, 0.34, 0.01, 0.51, 0.34, 0.34]"
541,AAAAAAAAAADCPAA2XAAPZUKF6WJDTGX3XJIABPA_192,4,2,3,302.6204582879982,25,0.0734965160489082,0.9265034839510916,0.9616754427552224,0.7123710791269938,0.9422325134277344,0.0728558824708064,0.9271378602832556,0.9619509084771076,0.7118169847875834,0.9425379355748494,"[0.08233333333333333, 0.3323333333333333, 0.1101111111111111, 0.08233333333333333, 0.3323333333333333, 0.1101111111111111, 0.3323333333333333, 0.08233333333333333, 0.3323333333333333, 0.1101111111111111, 0.08233333333333333, 0.3323333333333333, 0.1101111111111111, 0.499, 0.08233333333333333, 0.3323333333333333, 0.1101111111111111, 0.68, 0.34, 0.23, 0.68, 0.08233333333333333, 0.3323333333333333, 0.1101111111111111, 0.76, 0.34, 0.57, 0.01, 0.08233333333333333, 0.3323333333333333, 0.1101111111111111, 0.84, 0.68, 0.23, 0.34, 0.09, 0.34, 0.12, 0.43, 0.68, 0.68, 0.51, 0.26, 0.34, 0.12, 0.68, 0.68, 0.23, 0.34, 0.43, 0.68, 0.57, 0.43, 0.34, 0.34, 0.51, 0.08233333333333333, 0.3323333333333333, 0.1101111111111111, 0.26, 0.68, 0.9]"
542,AAAAAAAAAAASJAAZXQABZ4AAQDRLVDQAOILBRAQ_192,4,2,3,206.27853507300097,25,0.1374401976664861,0.8625598023335139,0.9255303715666136,0.6783549691239993,0.9224461873372396,0.1436850495636463,0.8563070323318243,0.9217319631328186,0.6734252409388621,0.9206246693929035,"[0.08233333333333333, 0.3323333333333333, 0.1101111111111111, 0.08233333333333333, 0.3323333333333333, 0.1101111111111111, 0.3323333333333333, 0.08233333333333333, 0.3323333333333333, 0.1101111111111111, 0.08233333333333333, 0.3323333333333333, 0.1101111111111111, 0.499, 0.08233333333333333, 0.3323333333333333, 0.1101111111111111, 0.26, 0.34, 0.34, 0.34, 0.08233333333333333, 0.3323333333333333, 0.1101111111111111, 0.68, 0.68, 0.57, 0.51, 0.08233333333333333, 0.3323333333333333, 0.1101111111111111, 0.09, 0.68, 0.23, 0.68, 0.08233333333333333, 0.3323333333333333, 0.1101111111111111, 0.26, 0.01, 0.01, 0.51, 0.68, 0.34, 0.68, 0.76, 0.34, 0.12, 0.68, 0.08233333333333333, 0.3323333333333333, 0.1101111111111111, 0.93, 0.34, 0.01, 0.51, 0.34, 0.01, 0.45, 0.26, 0.01, 0.34]"
543,AAGTZ4OXHW4Y3AA5UPKSZEADAM3CMYQAD3T4LFA_192,4,2,4,634.839567588002,25,0.677877061565717,0.3221229384342829,0.4854268178343773,0.2576773325602213,0.2951426188151042,0.6833097609380882,0.3166364553074042,0.4789918957899014,0.2540738711754481,0.289725915590922,"[0.08233333333333333, 0.3323333333333333, 0.1101111111111111, 0.18, 0.34, 0.23, 0.68, 0.18, 0.68, 0.12, 0.76, 0.34, 0.9, 0.51, 0.93, 0.68, 0.57, 0.18, 0.01, 0.45, 0.68, 0.08233333333333333, 0.3323333333333333, 0.1101111111111111, 0.93, 0.68, 0.79, 0.01, 0.84, 0.34, 0.68, 0.26, 0.68, 0.34, 0.34, 0.08233333333333333, 0.3323333333333333, 0.1101111111111111, 0.68, 0.01, 0.23, 0.01, 0.34, 0.68, 0.12, 0.18, 0.01, 0.9, 0.34, 0.08233333333333333, 0.3323333333333333, 0.1101111111111111, 0.18, 0.68, 0.57, 0.01, 0.43, 0.68, 0.12, 0.34, 0.34, 0.79]"
544,G4PRIACFFXQ6DAAOREGCL46724ABXHTB6LYACVI_192,4,2,4,241.7519196350004,25,0.0805172468225161,0.9194827531774838,0.957863101363182,0.7055415014425913,0.9400028864542644,0.0793362374107043,0.920659074683984,0.958470285559694,0.7066382002085447,0.9407879749933878,"[0.18, 0.34, 0.9, 0.43, 0.68, 0.12, 0.34, 0.08233333333333333, 0.3323333333333333, 0.1101111111111111, 0.59, 0.34, 0.79, 0.51, 0.34, 0.68, 0.9, 0.18, 0.68, 0.01, 0.68, 0.08233333333333333, 0.3323333333333333, 0.1101111111111111, 0.43, 0.34, 0.12, 0.01, 0.59, 0.01, 0.9, 0.26, 0.34, 0.57, 0.68, 0.18, 0.68, 0.57, 0.84, 0.34, 0.57, 0.01, 0.08233333333333333, 0.3323333333333333, 0.1101111111111111, 0.76, 0.68, 0.23, 0.68, 0.18, 0.01, 0.23, 0.93, 0.34, 0.57, 0.51, 0.08233333333333333, 0.3323333333333333, 0.1101111111111111, 0.51, 0.34, 0.68]"
545,AAAAAAAAAAAAAAAAAAAGI5LQYJTCJCUDBBWALEY_192,4,2,2,154.72638146999816,25,0.1183438623944918,0.8816561376055082,0.9366307894388834,0.6784126977125804,0.9295162518819172,0.1147059752295414,0.8852831734965245,0.9385349072515964,0.6805066362023353,0.9301150957743328,"[0.08233333333333333, 0.3323333333333333, 0.1101111111111111, 0.08233333333333333, 0.3323333333333333, 0.1101111111111111, 0.3323333333333333, 0.08233333333333333, 0.3323333333333333, 0.1101111111111111, 0.08233333333333333, 0.3323333333333333, 0.1101111111111111, 0.499, 0.08233333333333333, 0.3323333333333333, 0.1101111111111111, 0.08233333333333333, 0.3323333333333333, 0.1101111111111111, 0.3323333333333333, 0.08233333333333333, 0.3323333333333333, 0.1101111111111111, 0.08233333333333333, 0.3323333333333333, 0.1101111111111111, 0.499, 0.08233333333333333, 0.3323333333333333, 0.1101111111111111, 0.34, 0.34, 0.12, 0.68, 0.51, 0.34, 0.9, 0.18, 0.01, 0.34, 0.01, 0.68, 0.68, 0.12, 0.26, 0.34, 0.12, 0.34, 0.59, 0.01, 0.45, 0.09, 0.01, 0.23, 0.01, 0.68, 0.01, 0.12, 0.34, 0.34, 0.23]"
546,AAAAAAAAAAAAAAAAAEIFJUQ7KALNUB7AXDZ575A_192,4,2,2,239.2162214580021,25,0.0955397218465805,0.9044602781534196,0.9494482080141704,0.6867256378134091,0.9363107045491535,0.1063936958710352,0.8936053531865279,0.9431591064979632,0.6769789966444174,0.932284943262736,"[0.08233333333333333, 0.3323333333333333, 0.1101111111111111, 0.08233333333333333, 0.3323333333333333, 0.1101111111111111, 0.3323333333333333, 0.08233333333333333, 0.3323333333333333, 0.1101111111111111, 0.08233333333333333, 0.3323333333333333, 0.1101111111111111, 0.499, 0.08233333333333333, 0.3323333333333333, 0.1101111111111111, 0.08233333333333333, 0.3323333333333333, 0.1101111111111111, 0.3323333333333333, 0.08233333333333333, 0.3323333333333333, 0.1101111111111111, 0.08233333333333333, 0.3323333333333333, 0.1101111111111111, 0.499, 0.59, 0.34, 0.01, 0.51, 0.34, 0.23, 0.34, 0.26, 0.01, 0.57, 0.76, 0.34, 0.01, 0.01, 0.26, 0.68, 0.45, 0.76, 0.01, 0.01, 0.68, 0.84, 0.01, 0.12, 0.43, 0.01, 0.57, 0.51, 0.18, 0.68, 0.57, 0.84, 0.68, 0.79]"
547,AAAAAAAAAAAAAAAAAAAHKEABDSNA4NQAH2AAD4I_192,4,2,2,150.75718736800263,25,0.6775546600421269,0.322445339957873,0.4861269796888033,0.2585412323474884,0.2953896522521972,0.6833956636488437,0.3166115223119656,0.4791001867502927,0.2546169627457857,0.2896641572316488,"[0.08233333333333333, 0.3323333333333333, 0.1101111111111111, 0.08233333333333333, 0.3323333333333333, 0.1101111111111111, 0.3323333333333333, 0.08233333333333333, 0.3323333333333333, 0.1101111111111111, 0.08233333333333333, 0.3323333333333333, 0.1101111111111111, 0.499, 0.08233333333333333, 0.3323333333333333, 0.1101111111111111, 0.08233333333333333, 0.3323333333333333, 0.1101111111111111, 0.3323333333333333, 0.08233333333333333, 0.3323333333333333, 0.1101111111111111, 0.08233333333333333, 0.3323333333333333, 0.1101111111111111, 0.499, 0.08233333333333333, 0.3323333333333333, 0.1101111111111111, 0.43, 0.34, 0.79, 0.34, 0.08233333333333333, 0.3323333333333333, 0.1101111111111111, 0.59, 0.34, 0.9, 0.51, 0.18, 0.34, 0.01, 0.43, 0.01, 0.45, 0.68, 0.08233333333333333, 0.3323333333333333, 0.1101111111111111, 0.43, 0.68, 0.79, 0.01, 0.08233333333333333, 0.3323333333333333, 0.1101111111111111, 0.43, 0.68, 0.12]"
548,AAAAAAAAAAAAAAAAAAANAXOPGYAAQPQANCSAKFY_192,4,2,2,461.9925420649997,25,0.1230708867311477,0.8769291132688523,0.9338333830237388,0.6565901572505634,0.9259433746337892,0.1324987911929686,0.8675000548362732,0.9282789325962464,0.6495150799552599,0.9230189402898152,"[0.08233333333333333, 0.3323333333333333, 0.1101111111111111, 0.08233333333333333, 0.3323333333333333, 0.1101111111111111, 0.3323333333333333, 0.08233333333333333, 0.3323333333333333, 0.1101111111111111, 0.08233333333333333, 0.3323333333333333, 0.1101111111111111, 0.499, 0.08233333333333333, 0.3323333333333333, 0.1101111111111111, 0.08233333333333333, 0.3323333333333333, 0.1101111111111111, 0.3323333333333333, 0.08233333333333333, 0.3323333333333333, 0.1101111111111111, 0.08233333333333333, 0.3323333333333333, 0.1101111111111111, 0.499, 0.08233333333333333, 0.3323333333333333, 0.1101111111111111, 0.76, 0.01, 0.12, 0.34, 0.76, 0.68, 0.23, 0.68, 0.68, 0.45, 0.01, 0.08233333333333333, 0.3323333333333333, 0.1101111111111111, 0.59, 0.01, 0.57, 0.68, 0.08233333333333333, 0.3323333333333333, 0.1101111111111111, 0.76, 0.01, 0.68, 0.01, 0.59, 0.01, 0.12, 0.59, 0.34, 0.57]"
549,AAYMJFJVYABRTAAGSMKFGMADIDXD3JRBRIIADNA_192,4,2,4,238.25595142699967,25,0.058279800415039,0.9417201995849608,0.9699177836378416,0.7215808793902397,0.9463890075683594,0.0559954383720954,0.9439982039233048,0.9711350172758102,0.7230725679546595,0.9476584752400716,"[0.08233333333333333, 0.3323333333333333, 0.1101111111111111, 0.68, 0.01, 0.9, 0.34, 0.26, 0.34, 0.68, 0.18, 0.34, 0.57, 0.01, 0.08233333333333333, 0.3323333333333333, 0.1101111111111111, 0.34, 0.01, 0.9, 0.68, 0.08233333333333333, 0.3323333333333333, 0.1101111111111111, 0.18, 0.34, 0.34, 0.01, 0.68, 0.34, 0.79, 0.51, 0.01, 0.9, 0.68, 0.08233333333333333, 0.3323333333333333, 0.1101111111111111, 0.76, 0.01, 0.01, 0.51, 0.76, 0.68, 0.12, 0.93, 0.68, 0.79, 0.68, 0.09, 0.01, 0.23, 0.09, 0.34, 0.01, 0.51, 0.08233333333333333, 0.3323333333333333, 0.1101111111111111, 0.34, 0.68, 0.79]"
550,AAAAAAAABW4IF7RHQAAM3EAA24EKRDROO2IAGDA_192,4,2,3,384.3958431130013,25,0.6666282758116722,0.3333717241883278,0.4979998871684074,0.2577541997035344,0.3686603864034017,0.6603069171309471,0.3396778460592031,0.5050850393871467,0.2615965500473976,0.3732470909754435,"[0.08233333333333333, 0.3323333333333333, 0.1101111111111111, 0.08233333333333333, 0.3323333333333333, 0.1101111111111111, 0.3323333333333333, 0.08233333333333333, 0.3323333333333333, 0.1101111111111111, 0.08233333333333333, 0.3323333333333333, 0.1101111111111111, 0.499, 0.34, 0.68, 0.57, 0.09, 0.01, 0.12, 0.34, 0.84, 0.68, 0.12, 0.18, 0.68, 0.01, 0.01, 0.08233333333333333, 0.3323333333333333, 0.1101111111111111, 0.68, 0.68, 0.45, 0.34, 0.08233333333333333, 0.3323333333333333, 0.1101111111111111, 0.18, 0.34, 0.57, 0.01, 0.09, 0.01, 0.68, 0.59, 0.34, 0.12, 0.68, 0.09, 0.34, 0.9, 0.93, 0.68, 0.79, 0.51, 0.08233333333333333, 0.3323333333333333, 0.1101111111111111, 0.68, 0.01, 0.9]"
551,AACC2HARQLQRTOV3UAAEL4ADKEABUB7DCCXEHMY_192,4,2,4,277.3947751880005,25,0.4173874864975611,0.5826125135024388,0.7331461603442828,0.4654782687624295,0.8167263031005859,0.4229143679141998,0.5771854162216187,0.7296480311701695,0.4622807392229636,0.8147528330485027,"[0.08233333333333333, 0.3323333333333333, 0.1101111111111111, 0.09, 0.01, 0.34, 0.68, 0.59, 0.34, 0.9, 0.09, 0.01, 0.45, 0.01, 0.09, 0.34, 0.9, 0.26, 0.01, 0.9, 0.68, 0.43, 0.34, 0.68, 0.76, 0.68, 0.79, 0.01, 0.08233333333333333, 0.3323333333333333, 0.1101111111111111, 0.59, 0.34, 0.57, 0.68, 0.08233333333333333, 0.3323333333333333, 0.1101111111111111, 0.76, 0.34, 0.12, 0.01, 0.08233333333333333, 0.3323333333333333, 0.1101111111111111, 0.76, 0.01, 0.01, 0.68, 0.84, 0.01, 0.45, 0.26, 0.01, 0.68, 0.01, 0.93, 0.34, 0.01, 0.93, 0.68, 0.23]"
552,AAAAAAAAAAAAAAAAAAAO24ABWUABUOVATIJTCBA_192,4,2,2,379.349870869999,25,0.144583036005497,0.8554169639945031,0.9214492157101632,0.6677257190148036,0.9202088038126628,0.1512052613000075,0.8487893955161174,0.9172887961069744,0.6629442490637303,0.917499303817749,"[0.08233333333333333, 0.3323333333333333, 0.1101111111111111, 0.08233333333333333, 0.3323333333333333, 0.1101111111111111, 0.3323333333333333, 0.08233333333333333, 0.3323333333333333, 0.1101111111111111, 0.08233333333333333, 0.3323333333333333, 0.1101111111111111, 0.499, 0.08233333333333333, 0.3323333333333333, 0.1101111111111111, 0.08233333333333333, 0.3323333333333333, 0.1101111111111111, 0.3323333333333333, 0.08233333333333333, 0.3323333333333333, 0.1101111111111111, 0.08233333333333333, 0.3323333333333333, 0.1101111111111111, 0.499, 0.08233333333333333, 0.3323333333333333, 0.1101111111111111, 0.93, 0.68, 0.68, 0.68, 0.08233333333333333, 0.3323333333333333, 0.1101111111111111, 0.34, 0.68, 0.68, 0.01, 0.08233333333333333, 0.3323333333333333, 0.1101111111111111, 0.76, 0.01, 0.57, 0.34, 0.51, 0.01, 0.12, 0.18, 0.34, 0.01, 0.51, 0.18, 0.01, 0.9, 0.59, 0.01, 0.79]"
553,AAAAAAAAAADATAAI4AAMYEXRA6IAYE5YBJLXCEA_192,4,2,3,213.27660088000263,25,0.1694791163007418,0.8305208836992581,0.9067445283134778,0.6842484131455422,0.9264334678649904,0.177686545997858,0.8223247525592645,0.9013555175314348,0.67987025603652,0.92227463722229,"[0.08233333333333333, 0.3323333333333333, 0.1101111111111111, 0.08233333333333333, 0.3323333333333333, 0.1101111111111111, 0.3323333333333333, 0.08233333333333333, 0.3323333333333333, 0.1101111111111111, 0.08233333333333333, 0.3323333333333333, 0.1101111111111111, 0.499, 0.08233333333333333, 0.3323333333333333, 0.1101111111111111, 0.68, 0.01, 0.79, 0.68, 0.08233333333333333, 0.3323333333333333, 0.1101111111111111, 0.59, 0.34, 0.9, 0.01, 0.08233333333333333, 0.3323333333333333, 0.1101111111111111, 0.68, 0.68, 0.01, 0.34, 0.26, 0.68, 0.9, 0.59, 0.01, 0.57, 0.51, 0.26, 0.01, 0.01, 0.34, 0.01, 0.34, 0.34, 0.76, 0.68, 0.01, 0.09, 0.34, 0.34, 0.51, 0.43, 0.34, 0.9, 0.59, 0.34, 0.01]"
554,ESJTYAD5QAAKBAA6RC3HIUAD6L7JZB4JFAYVGVA_192,4,2,4,407.80952798900034,25,0.0742068399985631,0.9257931600014369,0.961286420126756,0.7045223250985145,0.9425483067830404,0.0709056949863831,0.9290900629013776,0.9630895850559076,0.7058372093985478,0.9433241446812948,"[0.26, 0.34, 0.34, 0.59, 0.68, 0.23, 0.68, 0.08233333333333333, 0.3323333333333333, 0.1101111111111111, 0.43, 0.68, 0.45, 0.01, 0.08233333333333333, 0.3323333333333333, 0.1101111111111111, 0.09, 0.34, 0.01, 0.34, 0.08233333333333333, 0.3323333333333333, 0.1101111111111111, 0.84, 0.34, 0.12, 0.01, 0.26, 0.68, 0.45, 0.43, 0.34, 0.12, 0.34, 0.08233333333333333, 0.3323333333333333, 0.1101111111111111, 0.84, 0.68, 0.34, 0.51, 0.84, 0.68, 0.79, 0.93, 0.34, 0.01, 0.68, 0.68, 0.34, 0.34, 0.51, 0.01, 0.12, 0.51, 0.09, 0.34, 0.79, 0.76, 0.34, 0.79]"
555,AAAAAAAAAAAAAAAAACGDDFW32BQDYC727LQAG4Q_192,4,2,2,581.6475506079987,25,0.1293228502074877,0.8706771497925122,0.9299826244513194,0.6488157729307811,0.9258787155151368,0.1245821385333935,0.8754170945535104,0.932711365322272,0.6491511339942614,0.926246198018392,"[0.08233333333333333, 0.3323333333333333, 0.1101111111111111, 0.08233333333333333, 0.3323333333333333, 0.1101111111111111, 0.3323333333333333, 0.08233333333333333, 0.3323333333333333, 0.1101111111111111, 0.08233333333333333, 0.3323333333333333, 0.1101111111111111, 0.499, 0.08233333333333333, 0.3323333333333333, 0.1101111111111111, 0.08233333333333333, 0.3323333333333333, 0.1101111111111111, 0.3323333333333333, 0.08233333333333333, 0.3323333333333333, 0.1101111111111111, 0.08233333333333333, 0.3323333333333333, 0.1101111111111111, 0.499, 0.26, 0.01, 0.9, 0.18, 0.01, 0.45, 0.34, 0.34, 0.68, 0.45, 0.84, 0.34, 0.01, 0.01, 0.68, 0.01, 0.12, 0.93, 0.01, 0.12, 0.34, 0.84, 0.68, 0.68, 0.84, 0.34, 0.57, 0.01, 0.08233333333333333, 0.3323333333333333, 0.1101111111111111, 0.76, 0.68, 0.34]"
556,NU3WIAAUQABYFAAET4Y6C7CT6GAARFQAHBLN6HA_192,4,2,4,241.3425822380013,25,0.051072084903717,0.9489279150962828,0.9737205937504768,0.7203352659940719,0.9477607091267904,0.0480074763298034,0.9519914325326682,0.975365620603164,0.7214484830697377,0.947737447420756,"[0.34, 0.68, 0.79, 0.76, 0.68, 0.45, 0.34, 0.08233333333333333, 0.3323333333333333, 0.1101111111111111, 0.09, 0.34, 0.34, 0.01, 0.08233333333333333, 0.3323333333333333, 0.1101111111111111, 0.43, 0.01, 0.12, 0.34, 0.08233333333333333, 0.3323333333333333, 0.1101111111111111, 0.26, 0.34, 0.23, 0.51, 0.68, 0.68, 0.12, 0.93, 0.01, 0.68, 0.68, 0.68, 0.34, 0.79, 0.84, 0.68, 0.12, 0.51, 0.08233333333333333, 0.3323333333333333, 0.1101111111111111, 0.59, 0.34, 0.34, 0.68, 0.08233333333333333, 0.3323333333333333, 0.1101111111111111, 0.43, 0.01, 0.34, 0.51, 0.34, 0.68, 0.57, 0.68, 0.34, 0.9]"
557,AAAAAAAAAAAAAAAAAAAO6NGL6MAAJHQAMIAABVQ_192,4,2,2,768.8069230770016,25,0.2109319458405177,0.7890680541594823,0.8804819971323014,0.5985799228151639,0.8991288185119629,0.228917833045125,0.7710794191807508,0.8682998673369487,0.5861187405884266,0.8904448032379151,"[0.08233333333333333, 0.3323333333333333, 0.1101111111111111, 0.08233333333333333, 0.3323333333333333, 0.1101111111111111, 0.3323333333333333, 0.08233333333333333, 0.3323333333333333, 0.1101111111111111, 0.08233333333333333, 0.3323333333333333, 0.1101111111111111, 0.499, 0.08233333333333333, 0.3323333333333333, 0.1101111111111111, 0.08233333333333333, 0.3323333333333333, 0.1101111111111111, 0.3323333333333333, 0.08233333333333333, 0.3323333333333333, 0.1101111111111111, 0.08233333333333333, 0.3323333333333333, 0.1101111111111111, 0.499, 0.08233333333333333, 0.3323333333333333, 0.1101111111111111, 0.93, 0.68, 0.9, 0.68, 0.59, 0.68, 0.34, 0.84, 0.68, 0.23, 0.01, 0.08233333333333333, 0.3323333333333333, 0.1101111111111111, 0.26, 0.34, 0.23, 0.68, 0.08233333333333333, 0.3323333333333333, 0.1101111111111111, 0.68, 0.34, 0.01, 0.01, 0.08233333333333333, 0.3323333333333333, 0.1101111111111111, 0.18, 0.34, 0.45]"
558,AAAAAAAADJQIRAA6DAAG3EKTCQAA7CQABALUQQA_192,4,2,3,321.72051732800173,25,0.6780836736162503,0.3219163263837496,0.4852030644814173,0.2444366971651713,0.2942767143249511,0.6826139720777671,0.3173693910241127,0.4801180793593327,0.2418085489422083,0.2899423917134603,"[0.08233333333333333, 0.3323333333333333, 0.1101111111111111, 0.08233333333333333, 0.3323333333333333, 0.1101111111111111, 0.3323333333333333, 0.08233333333333333, 0.3323333333333333, 0.1101111111111111, 0.08233333333333333, 0.3323333333333333, 0.1101111111111111, 0.499, 0.76, 0.01, 0.9, 0.09, 0.01, 0.79, 0.34, 0.08233333333333333, 0.3323333333333333, 0.1101111111111111, 0.84, 0.01, 0.23, 0.01, 0.08233333333333333, 0.3323333333333333, 0.1101111111111111, 0.34, 0.68, 0.45, 0.34, 0.09, 0.34, 0.79, 0.68, 0.34, 0.79, 0.01, 0.08233333333333333, 0.3323333333333333, 0.1101111111111111, 0.43, 0.68, 0.12, 0.34, 0.08233333333333333, 0.3323333333333333, 0.1101111111111111, 0.09, 0.01, 0.01, 0.51, 0.43, 0.34, 0.34, 0.09, 0.01, 0.01]"
559,AAAAAAAAAAAAAAAAAFOCGPG4QCABTYQAFLYADRI_192,4,2,2,169.78048131600008,25,0.1213089108467102,0.8786910891532898,0.9347664753595988,0.6673947999874751,0.9262093226114908,0.1204798842469851,0.8795181871702273,0.9351296202590068,0.6690163530409337,0.9262644449869792,"[0.08233333333333333, 0.3323333333333333, 0.1101111111111111, 0.08233333333333333, 0.3323333333333333, 0.1101111111111111, 0.3323333333333333, 0.08233333333333333, 0.3323333333333333, 0.1101111111111111, 0.08233333333333333, 0.3323333333333333, 0.1101111111111111, 0.499, 0.08233333333333333, 0.3323333333333333, 0.1101111111111111, 0.08233333333333333, 0.3323333333333333, 0.1101111111111111, 0.3323333333333333, 0.08233333333333333, 0.3323333333333333, 0.1101111111111111, 0.08233333333333333, 0.3323333333333333, 0.1101111111111111, 0.499, 0.51, 0.34, 0.9, 0.26, 0.01, 0.9, 0.68, 0.68, 0.68, 0.57, 0.26, 0.01, 0.01, 0.51, 0.08233333333333333, 0.3323333333333333, 0.1101111111111111, 0.68, 0.68, 0.9, 0.34, 0.08233333333333333, 0.3323333333333333, 0.1101111111111111, 0.51, 0.34, 0.57, 0.51, 0.08233333333333333, 0.3323333333333333, 0.1101111111111111, 0.43, 0.01, 0.68]"
560,AAZUIAHVYABAXAAETQADJ7AESOAB5NQADBAAA7A_192,4,2,4,277.7461009949984,25,0.1382621601223945,0.8617378398776054,0.924885618686676,0.6681842088699341,0.9235522588094076,0.1557172279804945,0.8442801422129075,0.9145278483629228,0.6552843660116195,0.9167316913604736,"[0.08233333333333333, 0.3323333333333333, 0.1101111111111111, 0.68, 0.68, 0.79, 0.34, 0.08233333333333333, 0.3323333333333333, 0.1101111111111111, 0.84, 0.34, 0.57, 0.01, 0.08233333333333333, 0.3323333333333333, 0.1101111111111111, 0.59, 0.01, 0.68, 0.68, 0.08233333333333333, 0.3323333333333333, 0.1101111111111111, 0.26, 0.34, 0.23, 0.51, 0.08233333333333333, 0.3323333333333333, 0.1101111111111111, 0.18, 0.34, 0.23, 0.68, 0.68, 0.01, 0.12, 0.26, 0.34, 0.23, 0.51, 0.08233333333333333, 0.3323333333333333, 0.1101111111111111, 0.84, 0.34, 0.45, 0.68, 0.08233333333333333, 0.3323333333333333, 0.1101111111111111, 0.18, 0.01, 0.34, 0.01, 0.08233333333333333, 0.3323333333333333, 0.1101111111111111, 0.09, 0.68, 0.9]"
561,AAFWYADB3IH7TAAYMAAG3EADQOABVGQAEZIAG4I_192,4,2,4,321.16333146800025,25,0.055451559027036,0.944548440972964,0.9714028572042784,0.7237739572922389,0.9469603856404624,0.0471933440615733,0.9527676781018576,0.9757761084785064,0.7271165886272987,0.9485859553019206,"[0.08233333333333333, 0.3323333333333333, 0.1101111111111111, 0.26, 0.68, 0.45, 0.68, 0.08233333333333333, 0.3323333333333333, 0.1101111111111111, 0.34, 0.01, 0.57, 0.01, 0.76, 0.01, 0.12, 0.84, 0.68, 0.9, 0.68, 0.08233333333333333, 0.3323333333333333, 0.1101111111111111, 0.68, 0.01, 0.9, 0.01, 0.08233333333333333, 0.3323333333333333, 0.1101111111111111, 0.34, 0.68, 0.45, 0.34, 0.08233333333333333, 0.3323333333333333, 0.1101111111111111, 0.93, 0.01, 0.23, 0.51, 0.08233333333333333, 0.3323333333333333, 0.1101111111111111, 0.76, 0.34, 0.23, 0.34, 0.08233333333333333, 0.3323333333333333, 0.1101111111111111, 0.59, 0.68, 0.34, 0.51, 0.08233333333333333, 0.3323333333333333, 0.1101111111111111, 0.76, 0.68, 0.12]"
562,GCHVIACVFGBGZAAJ4AAGAUSPY5RAIAR3TY2NDAI_192,4,2,4,236.44969828000103,25,0.0835676118731498,0.91643238812685,0.9561483229200044,0.7072981129089991,0.9390682856241862,0.081612762932976,0.9183704980959496,0.9572137147188188,0.7075053562720617,0.9398040771484376,"[0.18, 0.01, 0.34, 0.18, 0.68, 0.68, 0.34, 0.08233333333333333, 0.3323333333333333, 0.1101111111111111, 0.51, 0.34, 0.79, 0.51, 0.59, 0.68, 0.01, 0.59, 0.68, 0.45, 0.34, 0.08233333333333333, 0.3323333333333333, 0.1101111111111111, 0.59, 0.68, 0.9, 0.01, 0.08233333333333333, 0.3323333333333333, 0.1101111111111111, 0.34, 0.01, 0.12, 0.34, 0.26, 0.34, 0.23, 0.84, 0.01, 0.57, 0.01, 0.68, 0.34, 0.01, 0.26, 0.01, 0.01, 0.34, 0.09, 0.68, 0.57, 0.18, 0.68, 0.12, 0.51, 0.59, 0.68, 0.79, 0.34, 0.01, 0.12]"
563,4DGXYAGBYAA6RZU4SFBR2MAD2UAAZBQAEKQABUQ_192,4,2,4,722.1247235519986,25,0.1474494859576225,0.8525505140423775,0.9196587845683096,0.6623524869481723,0.9231170654296876,0.1485781294604142,0.8513999527941147,0.9188162083427112,0.6602858239163955,0.9217158714930216,"[0.93, 0.01, 0.23, 0.18, 0.34, 0.57, 0.68, 0.08233333333333333, 0.3323333333333333, 0.1101111111111111, 0.68, 0.01, 0.57, 0.01, 0.08233333333333333, 0.3323333333333333, 0.1101111111111111, 0.18, 0.68, 0.79, 0.34, 0.68, 0.68, 0.79, 0.93, 0.34, 0.34, 0.01, 0.51, 0.01, 0.23, 0.09, 0.68, 0.79, 0.68, 0.08233333333333333, 0.3323333333333333, 0.1101111111111111, 0.84, 0.34, 0.68, 0.01, 0.08233333333333333, 0.3323333333333333, 0.1101111111111111, 0.34, 0.34, 0.01, 0.68, 0.08233333333333333, 0.3323333333333333, 0.1101111111111111, 0.59, 0.34, 0.68, 0.01, 0.08233333333333333, 0.3323333333333333, 0.1101111111111111, 0.18, 0.34, 0.34]"
564,AAAAAAAAAABI3KTEDBB7OHG56FUEEBTYM2BVT4Y_192,4,2,3,224.114398779002,25,0.1471633245547612,0.8528366754452388,0.9196969355146092,0.6486637244621912,0.9210070927937826,0.144331885750095,0.8556635228296121,0.921429772178332,0.647833880657951,0.9224627415339152,"[0.08233333333333333, 0.3323333333333333, 0.1101111111111111, 0.08233333333333333, 0.3323333333333333, 0.1101111111111111, 0.3323333333333333, 0.08233333333333333, 0.3323333333333333, 0.1101111111111111, 0.08233333333333333, 0.3323333333333333, 0.1101111111111111, 0.499, 0.08233333333333333, 0.3323333333333333, 0.1101111111111111, 0.51, 0.01, 0.45, 0.68, 0.51, 0.34, 0.23, 0.26, 0.01, 0.23, 0.01, 0.09, 0.01, 0.23, 0.84, 0.34, 0.9, 0.34, 0.68, 0.68, 0.57, 0.43, 0.68, 0.12, 0.01, 0.76, 0.01, 0.34, 0.09, 0.01, 0.01, 0.68, 0.18, 0.68, 0.01, 0.68, 0.68, 0.79, 0.01, 0.18, 0.34, 0.45, 0.43, 0.68, 0.23]"
565,KVITYAC7FWMTTGW6WAACBUABIQABVMQAHZAADAY_192,4,2,4,304.9451842100025,25,0.0770160064101219,0.922983993589878,0.959772424896558,0.7177961990237236,0.9407107353210448,0.0771856917689244,0.9227748235066732,0.959582329293092,0.7177280182639758,0.9419167598088584,"[0.51, 0.34, 0.68, 0.59, 0.34, 0.23, 0.68, 0.08233333333333333, 0.3323333333333333, 0.1101111111111111, 0.51, 0.68, 0.9, 0.51, 0.34, 0.68, 0.23, 0.26, 0.34, 0.9, 0.68, 0.18, 0.34, 0.45, 0.84, 0.34, 0.45, 0.01, 0.08233333333333333, 0.3323333333333333, 0.1101111111111111, 0.26, 0.01, 0.23, 0.34, 0.08233333333333333, 0.3323333333333333, 0.1101111111111111, 0.51, 0.01, 0.79, 0.01, 0.08233333333333333, 0.3323333333333333, 0.1101111111111111, 0.76, 0.34, 0.45, 0.34, 0.08233333333333333, 0.3323333333333333, 0.1101111111111111, 0.43, 0.68, 0.34, 0.01, 0.08233333333333333, 0.3323333333333333, 0.1101111111111111, 0.34, 0.01, 0.23]"
566,AAAAAAAAASFBTKBKBQACBFG7HQMP4KSA6JQADBY_192,4,2,3,308.96779304200027,25,0.1167257482806841,0.8832742517193158,0.937489727139473,0.6796406125028928,0.9264799118041992,0.133666680380702,0.8663296956568957,0.927398600926002,0.6696244073410829,0.9224607785542804,"[0.08233333333333333, 0.3323333333333333, 0.1101111111111111, 0.08233333333333333, 0.3323333333333333, 0.1101111111111111, 0.3323333333333333, 0.08233333333333333, 0.3323333333333333, 0.1101111111111111, 0.08233333333333333, 0.3323333333333333, 0.1101111111111111, 0.499, 0.26, 0.34, 0.12, 0.59, 0.01, 0.9, 0.68, 0.51, 0.01, 0.12, 0.51, 0.01, 0.12, 0.51, 0.08233333333333333, 0.3323333333333333, 0.1101111111111111, 0.26, 0.01, 0.34, 0.34, 0.59, 0.68, 0.57, 0.68, 0.68, 0.9, 0.01, 0.18, 0.01, 0.57, 0.84, 0.01, 0.68, 0.34, 0.26, 0.01, 0.12, 0.93, 0.34, 0.23, 0.01, 0.08233333333333333, 0.3323333333333333, 0.1101111111111111, 0.34, 0.01, 0.57]"
567,AAAAAAAAAAAAAAAAAMDMIEABKCYLUO4YW2CMLMI_192,4,2,2,214.3338511859984,25,0.0661348243554433,0.9338651756445568,0.9656565393010776,0.7085443452000618,0.9426683108011882,0.0648434733351071,0.9351535906394324,0.9663396704941988,0.7091178259501855,0.9436598380406698,"[0.08233333333333333, 0.3323333333333333, 0.1101111111111111, 0.08233333333333333, 0.3323333333333333, 0.1101111111111111, 0.3323333333333333, 0.08233333333333333, 0.3323333333333333, 0.1101111111111111, 0.08233333333333333, 0.3323333333333333, 0.1101111111111111, 0.499, 0.08233333333333333, 0.3323333333333333, 0.1101111111111111, 0.08233333333333333, 0.3323333333333333, 0.1101111111111111, 0.3323333333333333, 0.08233333333333333, 0.3323333333333333, 0.1101111111111111, 0.08233333333333333, 0.3323333333333333, 0.1101111111111111, 0.499, 0.68, 0.01, 0.45, 0.68, 0.34, 0.01, 0.34, 0.08233333333333333, 0.3323333333333333, 0.1101111111111111, 0.51, 0.34, 0.01, 0.51, 0.34, 0.01, 0.68, 0.76, 0.01, 0.57, 0.34, 0.68, 0.68, 0.12, 0.34, 0.68, 0.79, 0.01, 0.59, 0.68, 0.12, 0.34, 0.68, 0.12]"
568,AAAAAAAAAAAAAAAAAAANLNWHCWAAQASCCDYAATA_192,4,2,2,241.4633837560032,25,0.2191170821587244,0.7808829178412755,0.874907303849856,0.5894763727982839,0.8894212722778321,0.2455987190206845,0.7543959848582744,0.8575891469915707,0.5734354657431443,0.8816970189412435,"[0.08233333333333333, 0.3323333333333333, 0.1101111111111111, 0.08233333333333333, 0.3323333333333333, 0.1101111111111111, 0.3323333333333333, 0.08233333333333333, 0.3323333333333333, 0.1101111111111111, 0.08233333333333333, 0.3323333333333333, 0.1101111111111111, 0.499, 0.08233333333333333, 0.3323333333333333, 0.1101111111111111, 0.08233333333333333, 0.3323333333333333, 0.1101111111111111, 0.3323333333333333, 0.08233333333333333, 0.3323333333333333, 0.1101111111111111, 0.08233333333333333, 0.3323333333333333, 0.1101111111111111, 0.499, 0.08233333333333333, 0.3323333333333333, 0.1101111111111111, 0.76, 0.34, 0.45, 0.68, 0.34, 0.68, 0.12, 0.68, 0.34, 0.68, 0.51, 0.08233333333333333, 0.3323333333333333, 0.1101111111111111, 0.59, 0.01, 0.01, 0.34, 0.26, 0.01, 0.79, 0.26, 0.01, 0.57, 0.51, 0.08233333333333333, 0.3323333333333333, 0.1101111111111111, 0.09, 0.01, 0.9]"
569,AAKH7EPEJYYWTAAYHGY5KXIM6GAB5A7YUD7MJRI_192,4,2,4,1402.3589588800023,25,0.0657082761327425,0.9342917238672576,0.9658953964710236,0.704424361884594,0.9451889673868816,0.0535110409061114,0.946488037208716,0.972432762136062,0.7108607777704795,0.9476589997609456,"[0.08233333333333333, 0.3323333333333333, 0.1101111111111111, 0.51, 0.01, 0.57, 0.68, 0.93, 0.34, 0.12, 0.93, 0.34, 0.12, 0.01, 0.43, 0.01, 0.45, 0.26, 0.68, 0.79, 0.68, 0.08233333333333333, 0.3323333333333333, 0.1101111111111111, 0.68, 0.01, 0.57, 0.01, 0.34, 0.68, 0.12, 0.76, 0.34, 0.68, 0.34, 0.76, 0.01, 0.23, 0.18, 0.68, 0.12, 0.51, 0.08233333333333333, 0.3323333333333333, 0.1101111111111111, 0.84, 0.34, 0.01, 0.34, 0.84, 0.68, 0.12, 0.59, 0.01, 0.57, 0.51, 0.93, 0.68, 0.12, 0.18, 0.01, 0.68]"
570,AAAAAAAAAAAAAAAAAAABIEAB3QUKNMQAMOIAD4A_192,4,2,2,139.73529113499535,25,0.2279204169909159,0.7720795830090841,0.8692233145236969,0.6399293820063273,0.8927473704020182,0.2614753264933824,0.7384968715409438,0.845881088078022,0.6203671008348465,0.8801439762115478,"[0.08233333333333333, 0.3323333333333333, 0.1101111111111111, 0.08233333333333333, 0.3323333333333333, 0.1101111111111111, 0.3323333333333333, 0.08233333333333333, 0.3323333333333333, 0.1101111111111111, 0.08233333333333333, 0.3323333333333333, 0.1101111111111111, 0.499, 0.08233333333333333, 0.3323333333333333, 0.1101111111111111, 0.08233333333333333, 0.3323333333333333, 0.1101111111111111, 0.3323333333333333, 0.08233333333333333, 0.3323333333333333, 0.1101111111111111, 0.08233333333333333, 0.3323333333333333, 0.1101111111111111, 0.499, 0.08233333333333333, 0.3323333333333333, 0.1101111111111111, 0.09, 0.34, 0.01, 0.34, 0.08233333333333333, 0.3323333333333333, 0.1101111111111111, 0.43, 0.34, 0.9, 0.01, 0.51, 0.01, 0.68, 0.18, 0.34, 0.45, 0.34, 0.08233333333333333, 0.3323333333333333, 0.1101111111111111, 0.68, 0.34, 0.9, 0.51, 0.08233333333333333, 0.3323333333333333, 0.1101111111111111, 0.43, 0.68, 0.01]"
571,AAAAAAAAAAAAAAAAAD2RZUADZRUMXC7CHIIRXVQ_192,4,2,2,325.7020183479981,25,0.6775785019000371,0.3224214980999628,0.4860996102293332,0.2578702876965205,0.2954650561014811,0.6833870017280181,0.3165472581982612,0.4792416550219059,0.2540325058003266,0.2896453062693278,"[0.08233333333333333, 0.3323333333333333, 0.1101111111111111, 0.08233333333333333, 0.3323333333333333, 0.1101111111111111, 0.3323333333333333, 0.08233333333333333, 0.3323333333333333, 0.1101111111111111, 0.08233333333333333, 0.3323333333333333, 0.1101111111111111, 0.499, 0.08233333333333333, 0.3323333333333333, 0.1101111111111111, 0.08233333333333333, 0.3323333333333333, 0.1101111111111111, 0.3323333333333333, 0.08233333333333333, 0.3323333333333333, 0.1101111111111111, 0.08233333333333333, 0.3323333333333333, 0.1101111111111111, 0.499, 0.18, 0.68, 0.68, 0.09, 0.68, 0.23, 0.34, 0.08233333333333333, 0.3323333333333333, 0.1101111111111111, 0.84, 0.01, 0.9, 0.01, 0.76, 0.01, 0.45, 0.51, 0.68, 0.12, 0.34, 0.84, 0.01, 0.79, 0.43, 0.34, 0.01, 0.51, 0.09, 0.01, 0.45, 0.84, 0.34, 0.45]"
572,AAAAAAAAAAAAAAAAAHLPIUABQPRF7ZQABJAAGRA_192,4,2,2,386.8252643260057,25,0.0603142489989598,0.93968575100104,0.9688083693385124,0.7131692508856455,0.94430939356486,0.0601551114271084,0.9398412816226482,0.9688627634197472,0.71326070142289,0.9441840330759684,"[0.08233333333333333, 0.3323333333333333, 0.1101111111111111, 0.08233333333333333, 0.3323333333333333, 0.1101111111111111, 0.3323333333333333, 0.08233333333333333, 0.3323333333333333, 0.1101111111111111, 0.08233333333333333, 0.3323333333333333, 0.1101111111111111, 0.499, 0.08233333333333333, 0.3323333333333333, 0.1101111111111111, 0.08233333333333333, 0.3323333333333333, 0.1101111111111111, 0.3323333333333333, 0.08233333333333333, 0.3323333333333333, 0.1101111111111111, 0.08233333333333333, 0.3323333333333333, 0.1101111111111111, 0.499, 0.43, 0.34, 0.45, 0.84, 0.34, 0.12, 0.34, 0.08233333333333333, 0.3323333333333333, 0.1101111111111111, 0.34, 0.01, 0.23, 0.51, 0.68, 0.34, 0.34, 0.84, 0.68, 0.9, 0.68, 0.08233333333333333, 0.3323333333333333, 0.1101111111111111, 0.09, 0.34, 0.34, 0.01, 0.08233333333333333, 0.3323333333333333, 0.1101111111111111, 0.76, 0.01, 0.79]"
573,MF3UYAH4NC76TL4YEQAPAHSRK6ABYPQADKZMZHA_192,4,2,4,840.6580848720041,25,0.0551619440317153,0.9448380559682846,0.9715614025791486,0.7177854006489118,0.9449776649475098,0.0548517985890309,0.9451460833350818,0.9717049337923528,0.7178263161331415,0.9459588527679444,"[0.34, 0.01, 0.68, 0.76, 0.68, 0.79, 0.68, 0.08233333333333333, 0.3323333333333333, 0.1101111111111111, 0.84, 0.68, 0.12, 0.51, 0.59, 0.34, 0.57, 0.84, 0.68, 0.79, 0.68, 0.51, 0.68, 0.9, 0.68, 0.01, 0.79, 0.51, 0.08233333333333333, 0.3323333333333333, 0.1101111111111111, 0.84, 0.01, 0.01, 0.34, 0.93, 0.34, 0.79, 0.51, 0.34, 0.57, 0.51, 0.08233333333333333, 0.3323333333333333, 0.1101111111111111, 0.93, 0.01, 0.57, 0.68, 0.08233333333333333, 0.3323333333333333, 0.1101111111111111, 0.18, 0.34, 0.68, 0.51, 0.26, 0.68, 0.23, 0.26, 0.34, 0.9]"
574,AAAAAAAAAABYXJVDSEDEIUAAQBYH5ZVYWYYAHFI_192,4,2,3,237.8964685030005,25,0.0551064819097518,0.944893518090248,0.9715795934200286,0.7171615948279698,0.9474506696065268,0.0503117232273022,0.9497433538238208,0.9741614342977604,0.7195279403279226,0.9479292472203572,"[0.08233333333333333, 0.3323333333333333, 0.1101111111111111, 0.08233333333333333, 0.3323333333333333, 0.1101111111111111, 0.3323333333333333, 0.08233333333333333, 0.3323333333333333, 0.1101111111111111, 0.08233333333333333, 0.3323333333333333, 0.1101111111111111, 0.499, 0.08233333333333333, 0.3323333333333333, 0.1101111111111111, 0.43, 0.01, 0.68, 0.68, 0.59, 0.68, 0.68, 0.09, 0.68, 0.34, 0.01, 0.59, 0.01, 0.45, 0.59, 0.34, 0.12, 0.34, 0.08233333333333333, 0.3323333333333333, 0.1101111111111111, 0.26, 0.01, 0.01, 0.01, 0.93, 0.01, 0.23, 0.84, 0.34, 0.9, 0.68, 0.51, 0.68, 0.12, 0.34, 0.68, 0.12, 0.51, 0.08233333333333333, 0.3323333333333333, 0.1101111111111111, 0.93, 0.34, 0.68]"
575,AAAAAAAAAABAVJXGU7CWBNCLGMAAJCQADD7AKRY_192,4,2,3,208.1336490570029,25,0.132186542948087,0.8678134570519129,0.9285852660735447,0.6841308683156967,0.923282559712728,0.1317629879961411,0.868183592086037,0.9283846757064264,0.6840775892138481,0.922713565826416,"[0.08233333333333333, 0.3323333333333333, 0.1101111111111111, 0.08233333333333333, 0.3323333333333333, 0.1101111111111111, 0.3323333333333333, 0.08233333333333333, 0.3323333333333333, 0.1101111111111111, 0.08233333333333333, 0.3323333333333333, 0.1101111111111111, 0.499, 0.08233333333333333, 0.3323333333333333, 0.1101111111111111, 0.59, 0.01, 0.68, 0.34, 0.59, 0.68, 0.57, 0.18, 0.34, 0.79, 0.51, 0.84, 0.01, 0.68, 0.34, 0.01, 0.34, 0.68, 0.59, 0.34, 0.34, 0.68, 0.68, 0.23, 0.01, 0.08233333333333333, 0.3323333333333333, 0.1101111111111111, 0.26, 0.34, 0.12, 0.34, 0.08233333333333333, 0.3323333333333333, 0.1101111111111111, 0.18, 0.01, 0.57, 0.51, 0.93, 0.01, 0.12, 0.51, 0.01, 0.57]"
576,MHJRYAD5AABOZAALVMLDC7WV2H4MREQAC36HHAI_192,4,2,4,227.10359355700348,25,0.0586761608719825,0.9413238391280174,0.9696858882904053,0.7186672568321228,0.9461715698242188,0.0534530372669299,0.9465181335806848,0.9724666704734166,0.7213062991698583,0.9472579876581828,"[0.34, 0.01, 0.57, 0.59, 0.68, 0.12, 0.68, 0.08233333333333333, 0.3323333333333333, 0.1101111111111111, 0.43, 0.68, 0.79, 0.01, 0.08233333333333333, 0.3323333333333333, 0.1101111111111111, 0.51, 0.68, 0.45, 0.34, 0.08233333333333333, 0.3323333333333333, 0.1101111111111111, 0.51, 0.68, 0.68, 0.01, 0.68, 0.34, 0.45, 0.18, 0.01, 0.68, 0.68, 0.93, 0.68, 0.68, 0.43, 0.34, 0.12, 0.51, 0.84, 0.01, 0.45, 0.59, 0.34, 0.34, 0.34, 0.08233333333333333, 0.3323333333333333, 0.1101111111111111, 0.26, 0.68, 0.57, 0.51, 0.68, 0.34, 0.9, 0.93, 0.01, 0.12]"
577,AAAAAAAAA2RBROFMA7ZOBFY57SABVKX2SKQAH7A_192,4,2,3,305.2828776679962,25,0.0481876860062281,0.951812313993772,0.9752628018458684,0.7200612664222718,0.946291669209798,0.0441706030319134,0.9558278597891332,0.9773409925401212,0.7223265836636226,0.9488532304763794,"[0.08233333333333333, 0.3323333333333333, 0.1101111111111111, 0.08233333333333333, 0.3323333333333333, 0.1101111111111111, 0.3323333333333333, 0.08233333333333333, 0.3323333333333333, 0.1101111111111111, 0.08233333333333333, 0.3323333333333333, 0.1101111111111111, 0.499, 0.18, 0.34, 0.79, 0.59, 0.01, 0.9, 0.34, 0.43, 0.01, 0.68, 0.34, 0.01, 0.01, 0.51, 0.84, 0.68, 0.34, 0.93, 0.01, 0.34, 0.34, 0.43, 0.01, 0.57, 0.43, 0.68, 0.9, 0.51, 0.08233333333333333, 0.3323333333333333, 0.1101111111111111, 0.76, 0.34, 0.68, 0.34, 0.43, 0.68, 0.68, 0.26, 0.34, 0.68, 0.01, 0.08233333333333333, 0.3323333333333333, 0.1101111111111111, 0.84, 0.68, 0.9]"
578,AAAAAAAAAADWX6R4HOD6DEABDQEFTZQAH2IAHMI_192,4,2,3,867.1867243340021,25,0.6818388869365056,0.3181611130634943,0.4809855654835701,0.2424638306101163,0.290428098042806,0.6816747625668843,0.3183069132268429,0.4812308261791865,0.2425835534930229,0.2909045457839966,"[0.08233333333333333, 0.3323333333333333, 0.1101111111111111, 0.08233333333333333, 0.3323333333333333, 0.1101111111111111, 0.3323333333333333, 0.08233333333333333, 0.3323333333333333, 0.1101111111111111, 0.08233333333333333, 0.3323333333333333, 0.1101111111111111, 0.499, 0.08233333333333333, 0.3323333333333333, 0.1101111111111111, 0.93, 0.68, 0.68, 0.68, 0.84, 0.34, 0.12, 0.93, 0.01, 0.57, 0.01, 0.93, 0.01, 0.57, 0.93, 0.01, 0.45, 0.34, 0.08233333333333333, 0.3323333333333333, 0.1101111111111111, 0.59, 0.34, 0.9, 0.01, 0.09, 0.01, 0.34, 0.68, 0.68, 0.9, 0.68, 0.08233333333333333, 0.3323333333333333, 0.1101111111111111, 0.43, 0.68, 0.79, 0.51, 0.08233333333333333, 0.3323333333333333, 0.1101111111111111, 0.93, 0.68, 0.12]"
579,AAAAAAAADGPSDCFHWQAEL4ABZSRIXJQAPDIQKEA_192,4,2,3,575.9507426100026,25,0.1143075987696647,0.8856924012303352,0.9387570813298224,0.6793102895220121,0.9304279963175456,0.1218434292823076,0.8781404845416546,0.9343719104925792,0.6738280549645423,0.9271730899810792,"[0.08233333333333333, 0.3323333333333333, 0.1101111111111111, 0.08233333333333333, 0.3323333333333333, 0.1101111111111111, 0.3323333333333333, 0.08233333333333333, 0.3323333333333333, 0.1101111111111111, 0.08233333333333333, 0.3323333333333333, 0.1101111111111111, 0.499, 0.68, 0.68, 0.23, 0.93, 0.34, 0.01, 0.68, 0.09, 0.01, 0.68, 0.18, 0.68, 0.45, 0.51, 0.08233333333333333, 0.3323333333333333, 0.1101111111111111, 0.59, 0.34, 0.57, 0.68, 0.08233333333333333, 0.3323333333333333, 0.1101111111111111, 0.43, 0.01, 0.9, 0.51, 0.59, 0.34, 0.79, 0.51, 0.68, 0.79, 0.68, 0.08233333333333333, 0.3323333333333333, 0.1101111111111111, 0.84, 0.01, 0.45, 0.51, 0.09, 0.01, 0.12, 0.59, 0.34, 0.01]"
580,HW4F3QT5UWVKXIMHTXCF2EAB6GAAQFQAMK2NSRI_192,4,2,4,497.24190957200335,25,0.0716134011745452,0.9283865988254548,0.962676054239273,0.7095246916015943,0.9421553293863932,0.0616078163186709,0.9383894491940736,0.9681144751608372,0.7145470635344585,0.944829003016154,"[0.18, 0.68, 0.45, 0.93, 0.01, 0.68, 0.68, 0.43, 0.01, 0.34, 0.43, 0.68, 0.45, 0.51, 0.26, 0.68, 0.68, 0.51, 0.34, 0.68, 0.68, 0.59, 0.01, 0.9, 0.18, 0.68, 0.23, 0.51, 0.43, 0.01, 0.79, 0.51, 0.68, 0.79, 0.34, 0.08233333333333333, 0.3323333333333333, 0.1101111111111111, 0.43, 0.68, 0.12, 0.51, 0.08233333333333333, 0.3323333333333333, 0.1101111111111111, 0.59, 0.01, 0.34, 0.68, 0.08233333333333333, 0.3323333333333333, 0.1101111111111111, 0.68, 0.34, 0.68, 0.51, 0.59, 0.68, 0.45, 0.51, 0.01, 0.68]"
581,AAEWI5LXEKR2NAAYDQAFJ4ADQIAAYM5DC2QAHVQ_192,4,2,4,209.6093259330009,25,0.077161423365275,0.9228385766347248,0.9597094178199768,0.7133460183938344,0.9408464113871255,0.0770220021406809,0.9228772331029176,0.9596464013059934,0.7137027978897095,0.941622010866801,"[0.08233333333333333, 0.3323333333333333, 0.1101111111111111, 0.26, 0.34, 0.45, 0.34, 0.09, 0.68, 0.68, 0.43, 0.34, 0.9, 0.51, 0.09, 0.34, 0.79, 0.43, 0.34, 0.23, 0.34, 0.08233333333333333, 0.3323333333333333, 0.1101111111111111, 0.68, 0.01, 0.23, 0.51, 0.08233333333333333, 0.3323333333333333, 0.1101111111111111, 0.51, 0.34, 0.23, 0.68, 0.08233333333333333, 0.3323333333333333, 0.1101111111111111, 0.93, 0.01, 0.34, 0.01, 0.08233333333333333, 0.3323333333333333, 0.1101111111111111, 0.34, 0.01, 0.45, 0.34, 0.76, 0.01, 0.45, 0.26, 0.68, 0.68, 0.01, 0.08233333333333333, 0.3323333333333333, 0.1101111111111111, 0.84, 0.34, 0.45]"
582,AAAAAAAAAAAAAAAAAAAGJUPTIIAB7EQAHDG4ZMA_192,4,2,2,195.9336604700001,25,0.6851879730820656,0.3148120269179344,0.4770986919601758,0.243743759393692,0.2875509262084961,0.6810135127355655,0.319011881078283,0.4819165607293447,0.246314633389314,0.2916238387425741,"[0.08233333333333333, 0.3323333333333333, 0.1101111111111111, 0.08233333333333333, 0.3323333333333333, 0.1101111111111111, 0.3323333333333333, 0.08233333333333333, 0.3323333333333333, 0.1101111111111111, 0.08233333333333333, 0.3323333333333333, 0.1101111111111111, 0.499, 0.08233333333333333, 0.3323333333333333, 0.1101111111111111, 0.08233333333333333, 0.3323333333333333, 0.1101111111111111, 0.3323333333333333, 0.08233333333333333, 0.3323333333333333, 0.1101111111111111, 0.08233333333333333, 0.3323333333333333, 0.1101111111111111, 0.499, 0.08233333333333333, 0.3323333333333333, 0.1101111111111111, 0.34, 0.34, 0.23, 0.34, 0.09, 0.68, 0.9, 0.76, 0.01, 0.34, 0.01, 0.08233333333333333, 0.3323333333333333, 0.1101111111111111, 0.84, 0.68, 0.34, 0.34, 0.08233333333333333, 0.3323333333333333, 0.1101111111111111, 0.43, 0.01, 0.45, 0.01, 0.76, 0.68, 0.23, 0.26, 0.68, 0.01]"
583,AAPTLNWNQADYHAAFVOCMYMABSUQP7F7KELIRPRI_192,4,2,4,250.73761927099983,25,0.0677066768209139,0.932293323179086,0.9648521934946378,0.6999629269043605,0.944152545928955,0.0627135594685872,0.9372856556127468,0.9675480580578248,0.7036301309863726,0.9459532976150512,"[0.08233333333333333, 0.3323333333333333, 0.1101111111111111, 0.43, 0.68, 0.23, 0.34, 0.34, 0.68, 0.45, 0.68, 0.68, 0.45, 0.01, 0.08233333333333333, 0.3323333333333333, 0.1101111111111111, 0.84, 0.01, 0.12, 0.68, 0.08233333333333333, 0.3323333333333333, 0.1101111111111111, 0.26, 0.68, 0.68, 0.01, 0.93, 0.01, 0.79, 0.68, 0.68, 0.01, 0.68, 0.08233333333333333, 0.3323333333333333, 0.1101111111111111, 0.34, 0.34, 0.68, 0.01, 0.59, 0.01, 0.57, 0.84, 0.68, 0.34, 0.68, 0.84, 0.34, 0.79, 0.59, 0.34, 0.45, 0.51, 0.09, 0.01, 0.68, 0.84, 0.01, 0.68]"
584,EEPRIABRHWTTRAAZVRLTYURTBQABRGQAPCIADRQ_192,4,2,4,638.1307687090011,25,0.0581412717700004,0.9418587282299996,0.9699791406591732,0.7220183442036311,0.9444029490152996,0.0505220144987106,0.9494237049172322,0.9739692178865272,0.7255404565483332,0.9467982769012452,"[0.26, 0.01, 0.79, 0.43, 0.68, 0.12, 0.34, 0.08233333333333333, 0.3323333333333333, 0.1101111111111111, 0.18, 0.01, 0.79, 0.51, 0.93, 0.68, 0.79, 0.93, 0.34, 0.9, 0.34, 0.08233333333333333, 0.3323333333333333, 0.1101111111111111, 0.68, 0.68, 0.68, 0.51, 0.09, 0.34, 0.57, 0.18, 0.68, 0.12, 0.34, 0.26, 0.01, 0.9, 0.68, 0.01, 0.9, 0.01, 0.08233333333333333, 0.3323333333333333, 0.1101111111111111, 0.68, 0.34, 0.23, 0.34, 0.08233333333333333, 0.3323333333333333, 0.1101111111111111, 0.84, 0.01, 0.79, 0.51, 0.08233333333333333, 0.3323333333333333, 0.1101111111111111, 0.43, 0.01, 0.45]"
585,AAAAAAAAAAAAAAAAAAAGL7KVQ2AAMJTYM26BLNA_192,4,2,2,185.07429882200088,25,0.1719994763533274,0.8280005236466725,0.9045431529482204,0.6366394395629565,0.9109504063924152,0.1883129804084698,0.8116843889156977,0.8940577483425538,0.6230299374709527,0.9036746740341186,"[0.08233333333333333, 0.3323333333333333, 0.1101111111111111, 0.08233333333333333, 0.3323333333333333, 0.1101111111111111, 0.3323333333333333, 0.08233333333333333, 0.3323333333333333, 0.1101111111111111, 0.08233333333333333, 0.3323333333333333, 0.1101111111111111, 0.499, 0.08233333333333333, 0.3323333333333333, 0.1101111111111111, 0.08233333333333333, 0.3323333333333333, 0.1101111111111111, 0.3323333333333333, 0.08233333333333333, 0.3323333333333333, 0.1101111111111111, 0.08233333333333333, 0.3323333333333333, 0.1101111111111111, 0.499, 0.08233333333333333, 0.3323333333333333, 0.1101111111111111, 0.34, 0.34, 0.57, 0.68, 0.76, 0.34, 0.68, 0.34, 0.01, 0.45, 0.51, 0.08233333333333333, 0.3323333333333333, 0.1101111111111111, 0.18, 0.01, 0.79, 0.68, 0.18, 0.68, 0.01, 0.68, 0.68, 0.68, 0.51, 0.68, 0.01, 0.68, 0.34, 0.68, 0.79]"
586,HXHUYAHRIADCLAA7TGDEBUSBSIAAVG6ZMLCQC4A_192,4,2,4,367.3863867539985,25,0.0898785809675852,0.9101214190324148,0.952786477903525,0.6641866932312648,0.939916451772054,0.0818195842206478,0.9181798486659924,0.9571760759999356,0.6700348135083913,0.9417988538742066,"[0.18, 0.68, 0.57, 0.18, 0.68, 0.79, 0.68, 0.08233333333333333, 0.3323333333333333, 0.1101111111111111, 0.84, 0.01, 0.68, 0.01, 0.08233333333333333, 0.3323333333333333, 0.1101111111111111, 0.68, 0.34, 0.34, 0.68, 0.08233333333333333, 0.3323333333333333, 0.1101111111111111, 0.84, 0.68, 0.23, 0.01, 0.34, 0.01, 0.45, 0.59, 0.01, 0.23, 0.34, 0.26, 0.34, 0.01, 0.34, 0.34, 0.34, 0.01, 0.08233333333333333, 0.3323333333333333, 0.1101111111111111, 0.51, 0.34, 0.23, 0.34, 0.93, 0.68, 0.34, 0.68, 0.34, 0.45, 0.01, 0.51, 0.01, 0.01, 0.51, 0.68, 0.01]"
587,D42UIAHNIABCTAACEQAMCUKRO6IKYPQAD3IADQQ_192,4,2,4,437.9908665779949,25,0.5934459606806437,0.4065540393193563,0.5771513005097707,0.3393870855371157,0.7427615483601888,0.5930514600127935,0.4069484041382869,0.5774799931794405,0.3409304949144522,0.7478147586186726,"[0.09, 0.68, 0.9, 0.76, 0.34, 0.79, 0.34, 0.08233333333333333, 0.3323333333333333, 0.1101111111111111, 0.93, 0.68, 0.68, 0.01, 0.08233333333333333, 0.3323333333333333, 0.1101111111111111, 0.59, 0.34, 0.79, 0.68, 0.08233333333333333, 0.3323333333333333, 0.1101111111111111, 0.09, 0.01, 0.79, 0.51, 0.08233333333333333, 0.3323333333333333, 0.1101111111111111, 0.68, 0.01, 0.68, 0.34, 0.09, 0.34, 0.79, 0.51, 0.68, 0.57, 0.51, 0.26, 0.01, 0.68, 0.34, 0.01, 0.57, 0.68, 0.08233333333333333, 0.3323333333333333, 0.1101111111111111, 0.18, 0.68, 0.45, 0.51, 0.08233333333333333, 0.3323333333333333, 0.1101111111111111, 0.43, 0.01, 0.34]"
588,OALR6RKAIADQ3AAGSAAPCNIQ2WAARIXISAQAH4A_192,4,2,4,255.7690745449945,25,0.0659937853614489,0.934006214638551,0.9657774393757184,0.7162818680206935,0.9451688448588054,0.0642974031468232,0.9356735023359458,0.9666891653090716,0.7169018626213074,0.9455212116241456,"[0.43, 0.01, 0.01, 0.51, 0.68, 0.12, 0.68, 0.76, 0.01, 0.68, 0.59, 0.01, 0.12, 0.01, 0.08233333333333333, 0.3323333333333333, 0.1101111111111111, 0.93, 0.01, 0.45, 0.68, 0.08233333333333333, 0.3323333333333333, 0.1101111111111111, 0.18, 0.34, 0.34, 0.01, 0.08233333333333333, 0.3323333333333333, 0.1101111111111111, 0.84, 0.01, 0.79, 0.68, 0.51, 0.01, 0.79, 0.18, 0.34, 0.68, 0.51, 0.08233333333333333, 0.3323333333333333, 0.1101111111111111, 0.59, 0.34, 0.79, 0.34, 0.43, 0.34, 0.12, 0.26, 0.01, 0.12, 0.01, 0.08233333333333333, 0.3323333333333333, 0.1101111111111111, 0.84, 0.68, 0.01]"
589,AAAAAAAAAAAAAAAAAODOJEADGGAATJQADYQACPA_192,4,2,2,1685.6684208590011,25,0.069402985771497,0.9305970142285028,0.9638705174128216,0.7104697292049725,0.9417442321777344,0.0757790892074505,0.9242175185432036,0.9603047793110212,0.7059299810479085,0.9401490529378256,"[0.08233333333333333, 0.3323333333333333, 0.1101111111111111, 0.08233333333333333, 0.3323333333333333, 0.1101111111111111, 0.3323333333333333, 0.08233333333333333, 0.3323333333333333, 0.1101111111111111, 0.08233333333333333, 0.3323333333333333, 0.1101111111111111, 0.499, 0.08233333333333333, 0.3323333333333333, 0.1101111111111111, 0.08233333333333333, 0.3323333333333333, 0.1101111111111111, 0.3323333333333333, 0.08233333333333333, 0.3323333333333333, 0.1101111111111111, 0.08233333333333333, 0.3323333333333333, 0.1101111111111111, 0.499, 0.93, 0.01, 0.45, 0.93, 0.34, 0.34, 0.34, 0.08233333333333333, 0.3323333333333333, 0.1101111111111111, 0.68, 0.68, 0.12, 0.51, 0.08233333333333333, 0.3323333333333333, 0.1101111111111111, 0.59, 0.68, 0.79, 0.68, 0.08233333333333333, 0.3323333333333333, 0.1101111111111111, 0.18, 0.68, 0.12, 0.01, 0.08233333333333333, 0.3323333333333333, 0.1101111111111111, 0.59, 0.68, 0.9]"
590,AAAAAAAAAAAAAAAAAAANKVJTCUAAYDQAEYYABMA_192,4,2,2,185.6219347389997,25,0.1042982985575993,0.8957017014424006,0.9445687502622604,0.6816038539012274,0.9314176559448242,0.1081091410169998,0.8918894698222478,0.9422962633272012,0.6782687420646349,0.9307721694310506,"[0.08233333333333333, 0.3323333333333333, 0.1101111111111111, 0.08233333333333333, 0.3323333333333333, 0.1101111111111111, 0.3323333333333333, 0.08233333333333333, 0.3323333333333333, 0.1101111111111111, 0.08233333333333333, 0.3323333333333333, 0.1101111111111111, 0.499, 0.08233333333333333, 0.3323333333333333, 0.1101111111111111, 0.08233333333333333, 0.3323333333333333, 0.1101111111111111, 0.3323333333333333, 0.08233333333333333, 0.3323333333333333, 0.1101111111111111, 0.08233333333333333, 0.3323333333333333, 0.1101111111111111, 0.499, 0.08233333333333333, 0.3323333333333333, 0.1101111111111111, 0.76, 0.34, 0.68, 0.34, 0.51, 0.01, 0.9, 0.68, 0.34, 0.68, 0.01, 0.08233333333333333, 0.3323333333333333, 0.1101111111111111, 0.34, 0.01, 0.12, 0.68, 0.08233333333333333, 0.3323333333333333, 0.1101111111111111, 0.59, 0.68, 0.12, 0.51, 0.08233333333333333, 0.3323333333333333, 0.1101111111111111, 0.26, 0.68, 0.01]"
591,2EED3AH5QAAWDAAKTQAPJ4AA2FVIZOS3M6OQXUI_192,4,2,4,347.458275277997,25,0.0656301220258077,0.9343698779741924,0.9659325256943704,0.7084269667665164,0.9452030499776204,0.0587482678393522,0.9412509008000296,0.9696650121361016,0.7113646573076645,0.9456953366597494,"[0.76, 0.01, 0.79, 0.26, 0.01, 0.23, 0.68, 0.34, 0.01, 0.01, 0.84, 0.68, 0.45, 0.01, 0.08233333333333333, 0.3323333333333333, 0.1101111111111111, 0.26, 0.68, 0.01, 0.68, 0.08233333333333333, 0.3323333333333333, 0.1101111111111111, 0.51, 0.34, 0.23, 0.51, 0.08233333333333333, 0.3323333333333333, 0.1101111111111111, 0.84, 0.34, 0.23, 0.68, 0.08233333333333333, 0.3323333333333333, 0.1101111111111111, 0.18, 0.34, 0.12, 0.01, 0.76, 0.34, 0.79, 0.34, 0.34, 0.57, 0.34, 0.26, 0.68, 0.45, 0.68, 0.68, 0.9, 0.51, 0.76, 0.01, 0.34, 0.84, 0.34, 0.12]"
592,AAAAAAAAAAAAAAAAANASZNQ5KKNOEIQAE3IAB5I_192,4,2,2,182.2267090329988,25,0.1588532497485478,0.8411467502514521,0.9124632577101388,0.6414769197503726,0.9156854311625164,0.1775239559511343,0.8224739792446295,0.9007305761178336,0.6263228746751944,0.908179219563802,"[0.08233333333333333, 0.3323333333333333, 0.1101111111111111, 0.08233333333333333, 0.3323333333333333, 0.1101111111111111, 0.3323333333333333, 0.08233333333333333, 0.3323333333333333, 0.1101111111111111, 0.08233333333333333, 0.3323333333333333, 0.1101111111111111, 0.499, 0.08233333333333333, 0.3323333333333333, 0.1101111111111111, 0.08233333333333333, 0.3323333333333333, 0.1101111111111111, 0.3323333333333333, 0.08233333333333333, 0.3323333333333333, 0.1101111111111111, 0.08233333333333333, 0.3323333333333333, 0.1101111111111111, 0.499, 0.76, 0.01, 0.12, 0.26, 0.68, 0.34, 0.68, 0.34, 0.01, 0.57, 0.51, 0.34, 0.34, 0.51, 0.18, 0.34, 0.57, 0.09, 0.01, 0.79, 0.34, 0.08233333333333333, 0.3323333333333333, 0.1101111111111111, 0.59, 0.68, 0.45, 0.51, 0.08233333333333333, 0.3323333333333333, 0.1101111111111111, 0.18, 0.68, 0.68]"
593,AAAAAAAABOHSV6DEWAADIUAALSEBYIQABJAV6EY_192,4,2,3,565.8877357439997,25,0.6843066116174062,0.3156933883825938,0.4780346180001895,0.2444014931718508,0.293014653523763,0.6796015926947196,0.3203766338527202,0.4835488647222519,0.2473027886201938,0.297688889503479,"[0.08233333333333333, 0.3323333333333333, 0.1101111111111111, 0.08233333333333333, 0.3323333333333333, 0.1101111111111111, 0.3323333333333333, 0.08233333333333333, 0.3323333333333333, 0.1101111111111111, 0.08233333333333333, 0.3323333333333333, 0.1101111111111111, 0.499, 0.51, 0.68, 0.12, 0.93, 0.34, 0.68, 0.34, 0.84, 0.01, 0.23, 0.26, 0.34, 0.45, 0.01, 0.08233333333333333, 0.3323333333333333, 0.1101111111111111, 0.18, 0.34, 0.12, 0.34, 0.08233333333333333, 0.3323333333333333, 0.1101111111111111, 0.09, 0.34, 0.9, 0.51, 0.09, 0.01, 0.01, 0.93, 0.01, 0.79, 0.34, 0.08233333333333333, 0.3323333333333333, 0.1101111111111111, 0.09, 0.34, 0.34, 0.01, 0.09, 0.34, 0.57, 0.68, 0.34, 0.23]"
594,AAAAAAAAAAAAAAAAAOZHAHQAJSAAHPQAM2QAGPA_192,4,2,2,438.799749196005,25,0.6782937034964561,0.3217062965035439,0.4849667718013127,0.2524081399043401,0.2948707898457845,0.6829361113409201,0.3170537633200486,0.4795853027453025,0.249451095610857,0.289793872833252,"[0.08233333333333333, 0.3323333333333333, 0.1101111111111111, 0.08233333333333333, 0.3323333333333333, 0.1101111111111111, 0.3323333333333333, 0.08233333333333333, 0.3323333333333333, 0.1101111111111111, 0.08233333333333333, 0.3323333333333333, 0.1101111111111111, 0.499, 0.08233333333333333, 0.3323333333333333, 0.1101111111111111, 0.08233333333333333, 0.3323333333333333, 0.1101111111111111, 0.3323333333333333, 0.08233333333333333, 0.3323333333333333, 0.1101111111111111, 0.08233333333333333, 0.3323333333333333, 0.1101111111111111, 0.499, 0.93, 0.68, 0.34, 0.43, 0.01, 0.01, 0.34, 0.93, 0.01, 0.01, 0.09, 0.01, 0.9, 0.51, 0.08233333333333333, 0.3323333333333333, 0.1101111111111111, 0.09, 0.68, 0.57, 0.68, 0.08233333333333333, 0.3323333333333333, 0.1101111111111111, 0.68, 0.68, 0.68, 0.01, 0.08233333333333333, 0.3323333333333333, 0.1101111111111111, 0.68, 0.68, 0.9]"
595,AAAAAAAADWUJTITJ4QAD3XHQWUAAUF6KPJIACRA_192,4,2,3,469.4054117889973,25,0.6842354377110799,0.3157645622889201,0.4781703129410743,0.2578677813212077,0.2887293179829915,0.6816849358379841,0.3183147452771663,0.4809822260091702,0.259538401911656,0.2913292407989502,"[0.08233333333333333, 0.3323333333333333, 0.1101111111111111, 0.08233333333333333, 0.3323333333333333, 0.1101111111111111, 0.3323333333333333, 0.08233333333333333, 0.3323333333333333, 0.1101111111111111, 0.08233333333333333, 0.3323333333333333, 0.1101111111111111, 0.499, 0.93, 0.68, 0.68, 0.09, 0.01, 0.9, 0.68, 0.59, 0.34, 0.23, 0.59, 0.68, 0.9, 0.51, 0.08233333333333333, 0.3323333333333333, 0.1101111111111111, 0.18, 0.68, 0.57, 0.34, 0.68, 0.68, 0.9, 0.26, 0.68, 0.68, 0.01, 0.08233333333333333, 0.3323333333333333, 0.1101111111111111, 0.51, 0.01, 0.34, 0.68, 0.93, 0.34, 0.79, 0.84, 0.34, 0.34, 0.51, 0.08233333333333333, 0.3323333333333333, 0.1101111111111111, 0.51, 0.01, 0.79]"
596,AAAAAAAAAAAQNAAMSFIMIUAD2QAA7OR36IKA6FI_192,4,2,3,412.65773095100303,25,0.064995006720225,0.9350049932797748,0.9662866353988648,0.7089173967639605,0.9442391713460286,0.0621639038125673,0.9378254995991786,0.9677833652744692,0.7108330362786849,0.9455004135767618,"[0.08233333333333333, 0.3323333333333333, 0.1101111111111111, 0.08233333333333333, 0.3323333333333333, 0.1101111111111111, 0.3323333333333333, 0.08233333333333333, 0.3323333333333333, 0.1101111111111111, 0.08233333333333333, 0.3323333333333333, 0.1101111111111111, 0.499, 0.08233333333333333, 0.3323333333333333, 0.1101111111111111, 0.26, 0.01, 0.23, 0.34, 0.08233333333333333, 0.3323333333333333, 0.1101111111111111, 0.34, 0.34, 0.34, 0.01, 0.51, 0.34, 0.01, 0.68, 0.34, 0.12, 0.34, 0.08233333333333333, 0.3323333333333333, 0.1101111111111111, 0.84, 0.34, 0.79, 0.01, 0.08233333333333333, 0.3323333333333333, 0.1101111111111111, 0.43, 0.68, 0.57, 0.34, 0.09, 0.68, 0.57, 0.93, 0.34, 0.01, 0.51, 0.59, 0.01, 0.23, 0.68, 0.34, 0.68]"
597,AAAAAAAAAAAAAAAAAAAHI56ZCUHO7BQAPBZ5BEI_192,4,2,2,284.1900966739995,25,0.1687254145741462,0.8312745854258538,0.9064872572819392,0.6386244118213653,0.9140301704406738,0.16654680557549,0.8334511950612068,0.9076851077377796,0.6413673321406047,0.9113656759262084,"[0.08233333333333333, 0.3323333333333333, 0.1101111111111111, 0.08233333333333333, 0.3323333333333333, 0.1101111111111111, 0.3323333333333333, 0.08233333333333333, 0.3323333333333333, 0.1101111111111111, 0.08233333333333333, 0.3323333333333333, 0.1101111111111111, 0.499, 0.08233333333333333, 0.3323333333333333, 0.1101111111111111, 0.08233333333333333, 0.3323333333333333, 0.1101111111111111, 0.3323333333333333, 0.08233333333333333, 0.3323333333333333, 0.1101111111111111, 0.08233333333333333, 0.3323333333333333, 0.1101111111111111, 0.499, 0.08233333333333333, 0.3323333333333333, 0.1101111111111111, 0.43, 0.34, 0.12, 0.68, 0.43, 0.68, 0.45, 0.59, 0.34, 0.68, 0.01, 0.09, 0.68, 0.57, 0.43, 0.68, 0.01, 0.68, 0.08233333333333333, 0.3323333333333333, 0.1101111111111111, 0.84, 0.01, 0.23, 0.51, 0.18, 0.68, 0.79, 0.26, 0.34, 0.12]"
598,AAAAAAAAAAAAAAAAANY4LUKRPQJOLDQAEAZU7AA_192,4,2,2,263.7896311220029,25,0.1202956572175026,0.8797043427824974,0.935531708598137,0.6938735172152519,0.9295037587483724,0.1363500904291868,0.8636650573462248,0.9257011962433656,0.6857086798797051,0.9250357151031494,"[0.08233333333333333, 0.3323333333333333, 0.1101111111111111, 0.08233333333333333, 0.3323333333333333, 0.1101111111111111, 0.3323333333333333, 0.08233333333333333, 0.3323333333333333, 0.1101111111111111, 0.08233333333333333, 0.3323333333333333, 0.1101111111111111, 0.499, 0.08233333333333333, 0.3323333333333333, 0.1101111111111111, 0.08233333333333333, 0.3323333333333333, 0.1101111111111111, 0.3323333333333333, 0.08233333333333333, 0.3323333333333333, 0.1101111111111111, 0.08233333333333333, 0.3323333333333333, 0.1101111111111111, 0.499, 0.76, 0.68, 0.12, 0.68, 0.34, 0.57, 0.34, 0.09, 0.34, 0.79, 0.51, 0.68, 0.9, 0.01, 0.26, 0.34, 0.57, 0.26, 0.68, 0.12, 0.68, 0.08233333333333333, 0.3323333333333333, 0.1101111111111111, 0.59, 0.01, 0.12, 0.51, 0.18, 0.34, 0.23, 0.93, 0.01, 0.01]"
599,AAKFYAHEYAAQZAA6RCD5OPSHQGAB4IQAHAZ5ORQ_192,4,2,4,1044.3285046640012,25,0.684597938756148,0.315402061243852,0.4775150443116824,0.2387820521990458,0.2880667686462402,0.6809779496242603,0.3190220055480798,0.4818776299556096,0.240963848059376,0.291494878133138,"[0.08233333333333333, 0.3323333333333333, 0.1101111111111111, 0.51, 0.01, 0.68, 0.68, 0.08233333333333333, 0.3323333333333333, 0.1101111111111111, 0.93, 0.34, 0.23, 0.01, 0.08233333333333333, 0.3323333333333333, 0.1101111111111111, 0.26, 0.01, 0.45, 0.34, 0.08233333333333333, 0.3323333333333333, 0.1101111111111111, 0.84, 0.34, 0.12, 0.01, 0.26, 0.01, 0.57, 0.76, 0.34, 0.9, 0.68, 0.93, 0.34, 0.12, 0.93, 0.01, 0.12, 0.51, 0.08233333333333333, 0.3323333333333333, 0.1101111111111111, 0.84, 0.01, 0.79, 0.34, 0.08233333333333333, 0.3323333333333333, 0.1101111111111111, 0.43, 0.01, 0.12, 0.51, 0.18, 0.68, 0.68, 0.76, 0.01, 0.45]"
600,AAAAAAAADSPYXYQHQTADBUABHSAATLT3TYAAGAI_192,4,2,3,658.5592202549999,25,0.0887258946895599,0.91127410531044,0.9532524839043616,0.6924390082557996,0.9381291071573892,0.0924924022207657,0.907505168641607,0.9510363464554152,0.6864449509729942,0.9350806315739948,"[0.08233333333333333, 0.3323333333333333, 0.1101111111111111, 0.08233333333333333, 0.3323333333333333, 0.1101111111111111, 0.3323333333333333, 0.08233333333333333, 0.3323333333333333, 0.1101111111111111, 0.08233333333333333, 0.3323333333333333, 0.1101111111111111, 0.499, 0.93, 0.34, 0.23, 0.84, 0.01, 0.68, 0.68, 0.68, 0.34, 0.01, 0.18, 0.68, 0.01, 0.51, 0.18, 0.01, 0.01, 0.18, 0.01, 0.23, 0.34, 0.08233333333333333, 0.3323333333333333, 0.1101111111111111, 0.59, 0.68, 0.9, 0.51, 0.08233333333333333, 0.3323333333333333, 0.1101111111111111, 0.59, 0.68, 0.68, 0.68, 0.18, 0.68, 0.57, 0.18, 0.68, 0.01, 0.01, 0.08233333333333333, 0.3323333333333333, 0.1101111111111111, 0.68, 0.01, 0.12]"
601,AAAAAAAAAAAAAAAAAAADK4I7HQABRZUZGIAAA4I_192,4,2,2,160.2012678279998,25,0.6812931249539057,0.3187068750460942,0.481981681783994,0.2557930752635002,0.291775099436442,0.6824470260490973,0.3175237300495306,0.4801865001519521,0.254876214514176,0.2905677954355876,"[0.08233333333333333, 0.3323333333333333, 0.1101111111111111, 0.08233333333333333, 0.3323333333333333, 0.1101111111111111, 0.3323333333333333, 0.08233333333333333, 0.3323333333333333, 0.1101111111111111, 0.08233333333333333, 0.3323333333333333, 0.1101111111111111, 0.499, 0.08233333333333333, 0.3323333333333333, 0.1101111111111111, 0.08233333333333333, 0.3323333333333333, 0.1101111111111111, 0.3323333333333333, 0.08233333333333333, 0.3323333333333333, 0.1101111111111111, 0.08233333333333333, 0.3323333333333333, 0.1101111111111111, 0.499, 0.08233333333333333, 0.3323333333333333, 0.1101111111111111, 0.18, 0.34, 0.68, 0.68, 0.09, 0.01, 0.57, 0.68, 0.68, 0.9, 0.01, 0.08233333333333333, 0.3323333333333333, 0.1101111111111111, 0.68, 0.34, 0.9, 0.68, 0.59, 0.68, 0.34, 0.34, 0.34, 0.01, 0.01, 0.08233333333333333, 0.3323333333333333, 0.1101111111111111, 0.09, 0.68, 0.12]"
602,AAAAAAAAAABO36VHQW3WZ4AAWAAATDQACGIADAI_192,4,2,3,303.72849329400015,25,0.0930405283967654,0.9069594716032346,0.950819644331932,0.6929404328266779,0.9365518887837728,0.0855090666562318,0.9144889059166114,0.9550150077790022,0.6961898994942506,0.9371858596801758,"[0.08233333333333333, 0.3323333333333333, 0.1101111111111111, 0.08233333333333333, 0.3323333333333333, 0.1101111111111111, 0.3323333333333333, 0.08233333333333333, 0.3323333333333333, 0.1101111111111111, 0.08233333333333333, 0.3323333333333333, 0.1101111111111111, 0.499, 0.08233333333333333, 0.3323333333333333, 0.1101111111111111, 0.51, 0.68, 0.45, 0.68, 0.84, 0.34, 0.68, 0.18, 0.68, 0.01, 0.51, 0.34, 0.68, 0.57, 0.34, 0.68, 0.23, 0.68, 0.08233333333333333, 0.3323333333333333, 0.1101111111111111, 0.26, 0.68, 0.01, 0.01, 0.08233333333333333, 0.3323333333333333, 0.1101111111111111, 0.59, 0.68, 0.12, 0.68, 0.08233333333333333, 0.3323333333333333, 0.1101111111111111, 0.26, 0.01, 0.9, 0.51, 0.08233333333333333, 0.3323333333333333, 0.1101111111111111, 0.34, 0.01, 0.12]"
603,AAAAAAAAAAAAAAAAAMGBYUOTQWAAYIQAOYAABFA_192,4,2,2,563.8551963919999,25,0.1942578395207723,0.8057421604792278,0.8907272259394328,0.5739494134982427,0.9029026985168456,0.208088635156552,0.7919108668963114,0.8815438556174438,0.5637784058849017,0.8985659599304199,"[0.08233333333333333, 0.3323333333333333, 0.1101111111111111, 0.08233333333333333, 0.3323333333333333, 0.1101111111111111, 0.3323333333333333, 0.08233333333333333, 0.3323333333333333, 0.1101111111111111, 0.08233333333333333, 0.3323333333333333, 0.1101111111111111, 0.499, 0.08233333333333333, 0.3323333333333333, 0.1101111111111111, 0.08233333333333333, 0.3323333333333333, 0.1101111111111111, 0.3323333333333333, 0.08233333333333333, 0.3323333333333333, 0.1101111111111111, 0.08233333333333333, 0.3323333333333333, 0.1101111111111111, 0.499, 0.68, 0.01, 0.9, 0.09, 0.68, 0.12, 0.34, 0.09, 0.68, 0.79, 0.93, 0.01, 0.68, 0.51, 0.08233333333333333, 0.3323333333333333, 0.1101111111111111, 0.34, 0.01, 0.79, 0.34, 0.08233333333333333, 0.3323333333333333, 0.1101111111111111, 0.93, 0.68, 0.01, 0.01, 0.08233333333333333, 0.3323333333333333, 0.1101111111111111, 0.26, 0.34, 0.79]"
604,AAAAAAAAAAAAAAAAAAAEL7DRRS7PZBQAMZKRB5Y_192,4,2,2,344.173937131,25,0.0979106610020001,0.9020893389979998,0.9479351649681728,0.7036132752895355,0.9334298451741536,0.0970815926790237,0.902815809721748,0.9484359079351028,0.7041693187008301,0.9341113011042276,"[0.08233333333333333, 0.3323333333333333, 0.1101111111111111, 0.08233333333333333, 0.3323333333333333, 0.1101111111111111, 0.3323333333333333, 0.08233333333333333, 0.3323333333333333, 0.1101111111111111, 0.08233333333333333, 0.3323333333333333, 0.1101111111111111, 0.499, 0.08233333333333333, 0.3323333333333333, 0.1101111111111111, 0.08233333333333333, 0.3323333333333333, 0.1101111111111111, 0.3323333333333333, 0.08233333333333333, 0.3323333333333333, 0.1101111111111111, 0.08233333333333333, 0.3323333333333333, 0.1101111111111111, 0.499, 0.08233333333333333, 0.3323333333333333, 0.1101111111111111, 0.59, 0.34, 0.57, 0.68, 0.68, 0.34, 0.9, 0.34, 0.01, 0.9, 0.51, 0.43, 0.68, 0.57, 0.93, 0.34, 0.01, 0.68, 0.08233333333333333, 0.3323333333333333, 0.1101111111111111, 0.68, 0.68, 0.34, 0.51, 0.51, 0.01, 0.79, 0.18, 0.68, 0.57]"
605,AAAAAAAAAAAAAAAAANIRJHYUYRQPVJ7GCAIADAQ_192,4,2,2,310.0284631519994,25,0.2194739053646723,0.7805260946353276,0.8744373430808385,0.628850153585275,0.8940003077189128,0.2347178778300682,0.7652898681660493,0.8646828730901083,0.6179495255152384,0.8856923659642537,"[0.08233333333333333, 0.3323333333333333, 0.1101111111111111, 0.08233333333333333, 0.3323333333333333, 0.1101111111111111, 0.3323333333333333, 0.08233333333333333, 0.3323333333333333, 0.1101111111111111, 0.08233333333333333, 0.3323333333333333, 0.1101111111111111, 0.499, 0.08233333333333333, 0.3323333333333333, 0.1101111111111111, 0.08233333333333333, 0.3323333333333333, 0.1101111111111111, 0.3323333333333333, 0.08233333333333333, 0.3323333333333333, 0.1101111111111111, 0.08233333333333333, 0.3323333333333333, 0.1101111111111111, 0.499, 0.76, 0.34, 0.12, 0.09, 0.34, 0.34, 0.34, 0.84, 0.01, 0.68, 0.18, 0.01, 0.79, 0.01, 0.68, 0.01, 0.57, 0.76, 0.34, 0.79, 0.68, 0.84, 0.01, 0.9, 0.26, 0.01, 0.01, 0.51, 0.08233333333333333, 0.3323333333333333, 0.1101111111111111, 0.34, 0.01, 0.34]"
606,AALVZFGAZCFAVAAYMAAOKUWXYGAAVDTDXDTEPFA_192,4,2,4,270.81013737600006,25,0.0587482770284016,0.9412517229715984,0.969659559428692,0.7156931102275849,0.9463681856791178,0.0568102105210224,0.9431764253725607,0.9706817614535492,0.7166935473680496,0.946542477607727,"[0.08233333333333333, 0.3323333333333333, 0.1101111111111111, 0.51, 0.68, 0.68, 0.68, 0.26, 0.34, 0.79, 0.68, 0.01, 0.23, 0.01, 0.59, 0.34, 0.12, 0.59, 0.01, 0.68, 0.34, 0.08233333333333333, 0.3323333333333333, 0.1101111111111111, 0.68, 0.01, 0.9, 0.01, 0.08233333333333333, 0.3323333333333333, 0.1101111111111111, 0.93, 0.34, 0.68, 0.34, 0.26, 0.68, 0.68, 0.84, 0.01, 0.12, 0.51, 0.08233333333333333, 0.3323333333333333, 0.1101111111111111, 0.51, 0.34, 0.12, 0.68, 0.18, 0.01, 0.57, 0.43, 0.01, 0.57, 0.01, 0.34, 0.34, 0.12, 0.93, 0.34, 0.79]"
607,AAGHIABMQADARPRGSQAB3EYASBXGXLU2H2QADVQ_192,4,2,4,206.0294293080005,25,0.0861894071102142,0.9138105928897856,0.9546661560734112,0.6979729677240054,0.9398275057474772,0.0826954298963149,0.9172975772370896,0.9565785170843204,0.6990724388509989,0.9402170737584432,"[0.08233333333333333, 0.3323333333333333, 0.1101111111111111, 0.18, 0.01, 0.57, 0.34, 0.08233333333333333, 0.3323333333333333, 0.1101111111111111, 0.26, 0.68, 0.34, 0.01, 0.08233333333333333, 0.3323333333333333, 0.1101111111111111, 0.68, 0.01, 0.79, 0.34, 0.43, 0.68, 0.12, 0.18, 0.34, 0.34, 0.51, 0.08233333333333333, 0.3323333333333333, 0.1101111111111111, 0.09, 0.68, 0.45, 0.34, 0.18, 0.01, 0.01, 0.26, 0.34, 0.01, 0.01, 0.76, 0.68, 0.23, 0.51, 0.68, 0.68, 0.68, 0.59, 0.68, 0.79, 0.43, 0.68, 0.68, 0.01, 0.08233333333333333, 0.3323333333333333, 0.1101111111111111, 0.43, 0.34, 0.45]"
608,AAAAAAAAAAAAAAAAAAAM2PQ4OQRL7HXCUCKNORY_192,4,2,2,514.2069426890002,25,0.087759514649709,0.9122404853502908,0.9537550201018652,0.7084915454188982,0.93784605662028,0.0952467446525891,0.9047956765939792,0.9495247278362512,0.7045470874756574,0.9349300702412924,"[0.08233333333333333, 0.3323333333333333, 0.1101111111111111, 0.08233333333333333, 0.3323333333333333, 0.1101111111111111, 0.3323333333333333, 0.08233333333333333, 0.3323333333333333, 0.1101111111111111, 0.08233333333333333, 0.3323333333333333, 0.1101111111111111, 0.499, 0.08233333333333333, 0.3323333333333333, 0.1101111111111111, 0.08233333333333333, 0.3323333333333333, 0.1101111111111111, 0.3323333333333333, 0.08233333333333333, 0.3323333333333333, 0.1101111111111111, 0.08233333333333333, 0.3323333333333333, 0.1101111111111111, 0.499, 0.08233333333333333, 0.3323333333333333, 0.1101111111111111, 0.68, 0.68, 0.79, 0.68, 0.93, 0.01, 0.57, 0.09, 0.68, 0.79, 0.01, 0.59, 0.34, 0.68, 0.84, 0.68, 0.23, 0.68, 0.43, 0.01, 0.68, 0.59, 0.01, 0.79, 0.51, 0.59, 0.68, 0.68, 0.76, 0.01, 0.57]"
609,CCMGYAA57AM2TAA3WQAPKNYBY4ABQN7LO2X4CEA_192,4,2,4,259.57621050599937,25,0.0753607740004857,0.9246392259995144,0.9606427406271298,0.7181770900885264,0.9432748476664226,0.0725392811000347,0.9275192296753328,0.9622519635905822,0.7191436544060708,0.9430845022201538,"[0.09, 0.01, 0.34, 0.34, 0.01, 0.45, 0.68, 0.08233333333333333, 0.3323333333333333, 0.1101111111111111, 0.09, 0.68, 0.57, 0.51, 0.68, 0.01, 0.23, 0.18, 0.34, 0.79, 0.68, 0.08233333333333333, 0.3323333333333333, 0.1101111111111111, 0.76, 0.68, 0.45, 0.51, 0.08233333333333333, 0.3323333333333333, 0.1101111111111111, 0.84, 0.34, 0.79, 0.68, 0.43, 0.01, 0.01, 0.43, 0.01, 0.57, 0.01, 0.08233333333333333, 0.3323333333333333, 0.1101111111111111, 0.68, 0.01, 0.45, 0.68, 0.84, 0.34, 0.45, 0.93, 0.68, 0.68, 0.01, 0.84, 0.68, 0.01, 0.59, 0.34, 0.01]"
610,AAAAAAAAB25I7AAECQAHA5IYIUUBTEQADZQACEI_192,4,2,3,170.5168635229993,25,0.0792502745985984,0.9207497254014017,0.9585474317272504,0.7035123417774837,0.9408561070760092,0.0794841861973206,0.9204708834489188,0.9583469796925784,0.7036237010111411,0.9398690144220988,"[0.08233333333333333, 0.3323333333333333, 0.1101111111111111, 0.08233333333333333, 0.3323333333333333, 0.1101111111111111, 0.3323333333333333, 0.08233333333333333, 0.3323333333333333, 0.1101111111111111, 0.08233333333333333, 0.3323333333333333, 0.1101111111111111, 0.499, 0.43, 0.34, 0.57, 0.51, 0.01, 0.57, 0.68, 0.08233333333333333, 0.3323333333333333, 0.1101111111111111, 0.26, 0.01, 0.34, 0.51, 0.08233333333333333, 0.3323333333333333, 0.1101111111111111, 0.43, 0.01, 0.12, 0.68, 0.51, 0.01, 0.45, 0.09, 0.01, 0.68, 0.01, 0.51, 0.01, 0.01, 0.68, 0.68, 0.34, 0.34, 0.08233333333333333, 0.3323333333333333, 0.1101111111111111, 0.18, 0.68, 0.23, 0.01, 0.08233333333333333, 0.3323333333333333, 0.1101111111111111, 0.59, 0.34, 0.12]"
611,4H2EIAGPAAAYHAADVQABBEABSH5HUFQAH2QAA4I_192,4,2,4,385.8741537650003,25,0.6846599405010542,0.3153400594989459,0.4777042135596275,0.2526705885926882,0.2893036524454752,0.681654940545559,0.3183552949378888,0.4813725857685009,0.2546804225693146,0.2911856571833293,"[0.93, 0.01, 0.57, 0.76, 0.01, 0.79, 0.34, 0.08233333333333333, 0.3323333333333333, 0.1101111111111111, 0.68, 0.68, 0.9, 0.01, 0.08233333333333333, 0.3323333333333333, 0.1101111111111111, 0.18, 0.01, 0.12, 0.68, 0.08233333333333333, 0.3323333333333333, 0.1101111111111111, 0.09, 0.68, 0.68, 0.51, 0.08233333333333333, 0.3323333333333333, 0.1101111111111111, 0.09, 0.01, 0.34, 0.34, 0.08233333333333333, 0.3323333333333333, 0.1101111111111111, 0.34, 0.34, 0.12, 0.51, 0.84, 0.34, 0.23, 0.76, 0.01, 0.34, 0.68, 0.08233333333333333, 0.3323333333333333, 0.1101111111111111, 0.43, 0.68, 0.68, 0.01, 0.08233333333333333, 0.3323333333333333, 0.1101111111111111, 0.09, 0.68, 0.12]"
612,AAAAAAAAAAAAAAAAAAANZEABKNQLQDQANZPPBUI_192,4,2,2,316.7597985780003,25,0.0541931132475535,0.9458068867524464,0.9720557689666748,0.7182152385512988,0.9465702692667644,0.0505137192706267,0.9494826938956976,0.9740041067202886,0.7194115940481425,0.9464592933654784,"[0.08233333333333333, 0.3323333333333333, 0.1101111111111111, 0.08233333333333333, 0.3323333333333333, 0.1101111111111111, 0.3323333333333333, 0.08233333333333333, 0.3323333333333333, 0.1101111111111111, 0.08233333333333333, 0.3323333333333333, 0.1101111111111111, 0.499, 0.08233333333333333, 0.3323333333333333, 0.1101111111111111, 0.08233333333333333, 0.3323333333333333, 0.1101111111111111, 0.3323333333333333, 0.08233333333333333, 0.3323333333333333, 0.1101111111111111, 0.08233333333333333, 0.3323333333333333, 0.1101111111111111, 0.499, 0.08233333333333333, 0.3323333333333333, 0.1101111111111111, 0.76, 0.68, 0.34, 0.34, 0.08233333333333333, 0.3323333333333333, 0.1101111111111111, 0.51, 0.34, 0.23, 0.01, 0.68, 0.01, 0.68, 0.68, 0.01, 0.12, 0.68, 0.08233333333333333, 0.3323333333333333, 0.1101111111111111, 0.76, 0.68, 0.34, 0.51, 0.93, 0.68, 0.9, 0.18, 0.34, 0.12]"
613,AAAAAAAAAAA6TYB74T27YH6XO7UKHB5YF3IADMI_192,4,2,3,742.4563837800006,25,0.6785094728072484,0.3214905271927515,0.4847385456164678,0.2570956240097681,0.2945592880249023,0.6831783885757129,0.3167879847188791,0.4794473888973395,0.2540883171061674,0.2898717482884725,"[0.08233333333333333, 0.3323333333333333, 0.1101111111111111, 0.08233333333333333, 0.3323333333333333, 0.1101111111111111, 0.3323333333333333, 0.08233333333333333, 0.3323333333333333, 0.1101111111111111, 0.08233333333333333, 0.3323333333333333, 0.1101111111111111, 0.499, 0.08233333333333333, 0.3323333333333333, 0.1101111111111111, 0.18, 0.68, 0.79, 0.68, 0.68, 0.01, 0.12, 0.84, 0.68, 0.9, 0.51, 0.18, 0.68, 0.68, 0.84, 0.68, 0.01, 0.34, 0.84, 0.68, 0.68, 0.76, 0.68, 0.57, 0.51, 0.76, 0.01, 0.68, 0.09, 0.68, 0.01, 0.68, 0.76, 0.68, 0.01, 0.51, 0.68, 0.45, 0.51, 0.08233333333333333, 0.3323333333333333, 0.1101111111111111, 0.34, 0.68, 0.12]"
614,AAAAAAAAAAD6JAA6BAAPC4TRKWYDUPXCTKYABBA_192,4,2,3,357.0556832729999,25,0.1106147954861323,0.8893852045138677,0.9408992360035578,0.6785224874814352,0.9302452087402344,0.1194446812073389,0.8805537315706412,0.9358132595817248,0.6716562726845344,0.92745254834493,"[0.08233333333333333, 0.3323333333333333, 0.1101111111111111, 0.08233333333333333, 0.3323333333333333, 0.1101111111111111, 0.3323333333333333, 0.08233333333333333, 0.3323333333333333, 0.1101111111111111, 0.08233333333333333, 0.3323333333333333, 0.1101111111111111, 0.499, 0.08233333333333333, 0.3323333333333333, 0.1101111111111111, 0.84, 0.68, 0.34, 0.34, 0.08233333333333333, 0.3323333333333333, 0.1101111111111111, 0.84, 0.01, 0.12, 0.01, 0.08233333333333333, 0.3323333333333333, 0.1101111111111111, 0.84, 0.01, 0.68, 0.68, 0.26, 0.34, 0.9, 0.51, 0.34, 0.68, 0.51, 0.34, 0.01, 0.12, 0.76, 0.01, 0.57, 0.68, 0.43, 0.01, 0.68, 0.18, 0.34, 0.68, 0.51, 0.08233333333333333, 0.3323333333333333, 0.1101111111111111, 0.26, 0.01, 0.79]"
615,AAAAAAAAAAAAAAAAADZSL4JRIYQY5FUCBBAACNQ_192,4,2,2,155.32938331399964,25,0.6871089652180672,0.3128910347819328,0.4747130115826924,0.2410402357578277,0.2858317057291666,0.6804608538746834,0.3195550049344698,0.4827515213439862,0.245199204981327,0.2920536438624064,"[0.08233333333333333, 0.3323333333333333, 0.1101111111111111, 0.08233333333333333, 0.3323333333333333, 0.1101111111111111, 0.3323333333333333, 0.08233333333333333, 0.3323333333333333, 0.1101111111111111, 0.08233333333333333, 0.3323333333333333, 0.1101111111111111, 0.499, 0.08233333333333333, 0.3323333333333333, 0.1101111111111111, 0.08233333333333333, 0.3323333333333333, 0.1101111111111111, 0.3323333333333333, 0.08233333333333333, 0.3323333333333333, 0.1101111111111111, 0.08233333333333333, 0.3323333333333333, 0.1101111111111111, 0.499, 0.18, 0.68, 0.23, 0.26, 0.34, 0.57, 0.68, 0.09, 0.01, 0.9, 0.51, 0.01, 0.45, 0.01, 0.59, 0.01, 0.9, 0.43, 0.34, 0.34, 0.68, 0.59, 0.01, 0.79, 0.09, 0.01, 0.34, 0.01, 0.08233333333333333, 0.3323333333333333, 0.1101111111111111, 0.59, 0.68, 0.45]"
616,AAAAAAAAAAAAAAAAANZVZUABTQAAXFQAP3HQJQY_192,4,2,2,332.92543980400023,25,0.0949443086981773,0.9050556913018226,0.9498612374067308,0.7053678661584855,0.936243216196696,0.1003213995446761,0.8996435387680928,0.9466293934732676,0.7028472109387318,0.9346995830535888,"[0.08233333333333333, 0.3323333333333333, 0.1101111111111111, 0.08233333333333333, 0.3323333333333333, 0.1101111111111111, 0.3323333333333333, 0.08233333333333333, 0.3323333333333333, 0.1101111111111111, 0.08233333333333333, 0.3323333333333333, 0.1101111111111111, 0.499, 0.08233333333333333, 0.3323333333333333, 0.1101111111111111, 0.08233333333333333, 0.3323333333333333, 0.1101111111111111, 0.3323333333333333, 0.08233333333333333, 0.3323333333333333, 0.1101111111111111, 0.08233333333333333, 0.3323333333333333, 0.1101111111111111, 0.499, 0.76, 0.68, 0.23, 0.51, 0.68, 0.23, 0.34, 0.08233333333333333, 0.3323333333333333, 0.1101111111111111, 0.34, 0.34, 0.9, 0.01, 0.08233333333333333, 0.3323333333333333, 0.1101111111111111, 0.51, 0.68, 0.34, 0.68, 0.08233333333333333, 0.3323333333333333, 0.1101111111111111, 0.84, 0.68, 0.45, 0.01, 0.84, 0.01, 0.12, 0.18, 0.01, 0.23]"
617,YXHXYACEQADGVIDKBAAHDEAAYGZB4FQAMJKMJBA_192,4,2,4,224.9550022780004,25,0.0737126554052035,0.9262873445947964,0.9616193021337192,0.7054217790563901,0.9435692151387532,0.0708329553405443,0.9291654318571092,0.9631744109094142,0.7067483427623907,0.9443070650100708,"[0.68, 0.34, 0.57, 0.18, 0.68, 0.57, 0.68, 0.08233333333333333, 0.3323333333333333, 0.1101111111111111, 0.59, 0.34, 0.34, 0.01, 0.08233333333333333, 0.3323333333333333, 0.1101111111111111, 0.68, 0.68, 0.68, 0.34, 0.59, 0.01, 0.23, 0.51, 0.01, 0.12, 0.01, 0.08233333333333333, 0.3323333333333333, 0.1101111111111111, 0.43, 0.01, 0.45, 0.34, 0.08233333333333333, 0.3323333333333333, 0.1101111111111111, 0.18, 0.01, 0.12, 0.51, 0.34, 0.34, 0.01, 0.84, 0.01, 0.34, 0.68, 0.08233333333333333, 0.3323333333333333, 0.1101111111111111, 0.68, 0.34, 0.34, 0.51, 0.59, 0.68, 0.12, 0.26, 0.01, 0.79]"
618,AAAAAAAAAADA7AAGDHBXZNIDCQAALF4JW3YABVY_192,4,2,3,189.74908755700017,25,0.1081707000732421,0.8918292999267579,0.9424393008152644,0.6781420489152272,0.9313156763712566,0.1105521721144517,0.8894341830164194,0.9409948669373988,0.6770942330360412,0.931918740272522,"[0.08233333333333333, 0.3323333333333333, 0.1101111111111111, 0.08233333333333333, 0.3323333333333333, 0.1101111111111111, 0.3323333333333333, 0.08233333333333333, 0.3323333333333333, 0.1101111111111111, 0.08233333333333333, 0.3323333333333333, 0.1101111111111111, 0.499, 0.08233333333333333, 0.3323333333333333, 0.1101111111111111, 0.68, 0.01, 0.57, 0.68, 0.08233333333333333, 0.3323333333333333, 0.1101111111111111, 0.18, 0.01, 0.23, 0.01, 0.43, 0.01, 0.23, 0.43, 0.68, 0.34, 0.68, 0.51, 0.01, 0.01, 0.68, 0.34, 0.79, 0.01, 0.08233333333333333, 0.3323333333333333, 0.1101111111111111, 0.26, 0.68, 0.34, 0.68, 0.68, 0.34, 0.23, 0.34, 0.68, 0.57, 0.51, 0.08233333333333333, 0.3323333333333333, 0.1101111111111111, 0.18, 0.34, 0.57]"
619,AAETIAHQYABAH4X4HMBTGMADGSABYIXA7ATMLMY_192,4,2,4,620.9423041149985,25,0.6786365628242492,0.3213634371757507,0.4848866244157155,0.2448649595181147,0.2933777491251627,0.6824626666804154,0.3175283384819825,0.4803304718186458,0.2425125243763129,0.2901671330134074,"[0.08233333333333333, 0.3323333333333333, 0.1101111111111111, 0.26, 0.34, 0.23, 0.34, 0.08233333333333333, 0.3323333333333333, 0.1101111111111111, 0.84, 0.01, 0.23, 0.01, 0.08233333333333333, 0.3323333333333333, 0.1101111111111111, 0.59, 0.01, 0.12, 0.68, 0.93, 0.34, 0.57, 0.93, 0.01, 0.57, 0.01, 0.68, 0.01, 0.23, 0.18, 0.01, 0.9, 0.68, 0.08233333333333333, 0.3323333333333333, 0.1101111111111111, 0.68, 0.68, 0.79, 0.51, 0.08233333333333333, 0.3323333333333333, 0.1101111111111111, 0.93, 0.01, 0.79, 0.34, 0.43, 0.01, 0.12, 0.84, 0.01, 0.12, 0.01, 0.34, 0.68, 0.12, 0.34, 0.68, 0.23]"
620,AAAAAAAAAAAAAAAAANI4DEAAQCAAUC6GC2GBBRI_192,4,2,2,280.31210109699896,25,0.1230448300639788,0.8769551699360212,0.9339308376113574,0.6742170169949532,0.9255871772766112,0.1249182676275571,0.8750787825634082,0.9325781669467688,0.6709166590124369,0.9252394199371338,"[0.08233333333333333, 0.3323333333333333, 0.1101111111111111, 0.08233333333333333, 0.3323333333333333, 0.1101111111111111, 0.3323333333333333, 0.08233333333333333, 0.3323333333333333, 0.1101111111111111, 0.08233333333333333, 0.3323333333333333, 0.1101111111111111, 0.499, 0.08233333333333333, 0.3323333333333333, 0.1101111111111111, 0.08233333333333333, 0.3323333333333333, 0.1101111111111111, 0.3323333333333333, 0.08233333333333333, 0.3323333333333333, 0.1101111111111111, 0.08233333333333333, 0.3323333333333333, 0.1101111111111111, 0.499, 0.76, 0.34, 0.12, 0.68, 0.01, 0.45, 0.34, 0.08233333333333333, 0.3323333333333333, 0.1101111111111111, 0.26, 0.01, 0.01, 0.51, 0.08233333333333333, 0.3323333333333333, 0.1101111111111111, 0.51, 0.01, 0.12, 0.34, 0.93, 0.01, 0.9, 0.26, 0.68, 0.79, 0.01, 0.68, 0.01, 0.79, 0.18, 0.01, 0.68]"
621,AAAAAAAABLT63AAYXQANBMADIITKPD66FBYAGRY_192,4,2,3,522.627934256001,25,0.0833294505874315,0.9166705494125684,0.9561757251620292,0.7064181114236514,0.9387933095296224,0.0767396056403716,0.9232496990511816,0.9598252599438032,0.7102087993174792,0.940504550933838,"[0.08233333333333333, 0.3323333333333333, 0.1101111111111111, 0.08233333333333333, 0.3323333333333333, 0.1101111111111111, 0.3323333333333333, 0.08233333333333333, 0.3323333333333333, 0.1101111111111111, 0.08233333333333333, 0.3323333333333333, 0.1101111111111111, 0.499, 0.51, 0.34, 0.9, 0.84, 0.68, 0.45, 0.68, 0.08233333333333333, 0.3323333333333333, 0.1101111111111111, 0.68, 0.34, 0.57, 0.51, 0.08233333333333333, 0.3323333333333333, 0.1101111111111111, 0.76, 0.01, 0.34, 0.68, 0.08233333333333333, 0.3323333333333333, 0.1101111111111111, 0.76, 0.01, 0.34, 0.01, 0.59, 0.68, 0.68, 0.18, 0.68, 0.12, 0.68, 0.93, 0.68, 0.9, 0.51, 0.01, 0.23, 0.51, 0.08233333333333333, 0.3323333333333333, 0.1101111111111111, 0.76, 0.01, 0.57]"
622,AAAAAAAAAADG3AA6QQANZUADQQAAYNQAOYRV7VQ_192,4,2,3,809.4225920180015,25,0.0791536634167035,0.9208463365832964,0.9584568684299788,0.6965337251623471,0.941297181447347,0.079712801426649,0.9202848199754954,0.958134952063362,0.69508103740712,0.9395377079645792,"[0.08233333333333333, 0.3323333333333333, 0.1101111111111111, 0.08233333333333333, 0.3323333333333333, 0.1101111111111111, 0.3323333333333333, 0.08233333333333333, 0.3323333333333333, 0.1101111111111111, 0.08233333333333333, 0.3323333333333333, 0.1101111111111111, 0.499, 0.08233333333333333, 0.3323333333333333, 0.1101111111111111, 0.68, 0.68, 0.45, 0.68, 0.08233333333333333, 0.3323333333333333, 0.1101111111111111, 0.84, 0.34, 0.01, 0.51, 0.08233333333333333, 0.3323333333333333, 0.1101111111111111, 0.76, 0.68, 0.23, 0.34, 0.08233333333333333, 0.3323333333333333, 0.1101111111111111, 0.93, 0.01, 0.79, 0.01, 0.08233333333333333, 0.3323333333333333, 0.1101111111111111, 0.34, 0.01, 0.45, 0.68, 0.08233333333333333, 0.3323333333333333, 0.1101111111111111, 0.93, 0.68, 0.12, 0.01, 0.18, 0.34, 0.57, 0.84, 0.34, 0.45]"
623,AAAAAAAAAAAAAAAAACC7AEADS2AAFK66OITMARQ_192,4,2,2,1642.4969360209998,25,0.1898200675845146,0.8101799324154854,0.8931931093335151,0.5941401268045108,0.902382977803548,0.2088357535501321,0.7911624004443486,0.881114312261343,0.5789476359883944,0.8972678502400716,"[0.08233333333333333, 0.3323333333333333, 0.1101111111111111, 0.08233333333333333, 0.3323333333333333, 0.1101111111111111, 0.3323333333333333, 0.08233333333333333, 0.3323333333333333, 0.1101111111111111, 0.08233333333333333, 0.3323333333333333, 0.1101111111111111, 0.499, 0.08233333333333333, 0.3323333333333333, 0.1101111111111111, 0.08233333333333333, 0.3323333333333333, 0.1101111111111111, 0.3323333333333333, 0.08233333333333333, 0.3323333333333333, 0.1101111111111111, 0.08233333333333333, 0.3323333333333333, 0.1101111111111111, 0.499, 0.26, 0.01, 0.68, 0.84, 0.01, 0.01, 0.34, 0.08233333333333333, 0.3323333333333333, 0.1101111111111111, 0.93, 0.34, 0.45, 0.51, 0.08233333333333333, 0.3323333333333333, 0.1101111111111111, 0.09, 0.34, 0.68, 0.34, 0.93, 0.68, 0.9, 0.93, 0.34, 0.12, 0.01, 0.34, 0.68, 0.01, 0.09, 0.01, 0.45]"
624,AAAAAAAAAAAAAAAAAAAGDNLT6DZM3LQAN2QABQA_192,4,2,2,354.7184621390006,25,0.1372104813655217,0.8627895186344783,0.9255680531263352,0.6538485288619995,0.9208434740702311,0.1417934687187274,0.8582050180683534,0.9227488871663808,0.6445547292629877,0.919542384147644,"[0.08233333333333333, 0.3323333333333333, 0.1101111111111111, 0.08233333333333333, 0.3323333333333333, 0.1101111111111111, 0.3323333333333333, 0.08233333333333333, 0.3323333333333333, 0.1101111111111111, 0.08233333333333333, 0.3323333333333333, 0.1101111111111111, 0.499, 0.08233333333333333, 0.3323333333333333, 0.1101111111111111, 0.08233333333333333, 0.3323333333333333, 0.1101111111111111, 0.3323333333333333, 0.08233333333333333, 0.3323333333333333, 0.1101111111111111, 0.08233333333333333, 0.3323333333333333, 0.1101111111111111, 0.499, 0.08233333333333333, 0.3323333333333333, 0.1101111111111111, 0.34, 0.01, 0.45, 0.68, 0.51, 0.34, 0.9, 0.84, 0.68, 0.01, 0.51, 0.93, 0.34, 0.45, 0.34, 0.68, 0.68, 0.68, 0.08233333333333333, 0.3323333333333333, 0.1101111111111111, 0.76, 0.68, 0.68, 0.01, 0.08233333333333333, 0.3323333333333333, 0.1101111111111111, 0.18, 0.01, 0.01]"
625,AAAAAAAAD6F276HGBAAGZ72TYGABXC6IO3LBBBI_192,4,2,3,723.6618854089993,25,0.0619827628135681,0.938017237186432,0.9678661252061526,0.7142396464943885,0.9452821413675944,0.0578845471143722,0.9420941527932882,0.97008596782883,0.7156633925934632,0.9451318899790446,"[0.08233333333333333, 0.3323333333333333, 0.1101111111111111, 0.08233333333333333, 0.3323333333333333, 0.1101111111111111, 0.3323333333333333, 0.08233333333333333, 0.3323333333333333, 0.1101111111111111, 0.08233333333333333, 0.3323333333333333, 0.1101111111111111, 0.499, 0.84, 0.68, 0.12, 0.43, 0.34, 0.57, 0.68, 0.84, 0.01, 0.57, 0.18, 0.01, 0.12, 0.01, 0.08233333333333333, 0.3323333333333333, 0.1101111111111111, 0.34, 0.68, 0.23, 0.68, 0.84, 0.34, 0.79, 0.84, 0.01, 0.12, 0.51, 0.08233333333333333, 0.3323333333333333, 0.1101111111111111, 0.76, 0.68, 0.12, 0.34, 0.93, 0.34, 0.01, 0.93, 0.68, 0.45, 0.51, 0.34, 0.01, 0.79, 0.26, 0.01, 0.68]"
626,AAAAAAAAAABQN2SDUTGOY4AA2S4HUZQAHOL5P5Q_192,4,2,3,328.2930347199999,25,0.0644733453790346,0.9355266546209652,0.9665665363272032,0.7199251780907313,0.9441524187723797,0.0634789731353521,0.9365365076810122,0.9670808227111896,0.7204762735714515,0.9441881974538168,"[0.08233333333333333, 0.3323333333333333, 0.1101111111111111, 0.08233333333333333, 0.3323333333333333, 0.1101111111111111, 0.3323333333333333, 0.08233333333333333, 0.3323333333333333, 0.1101111111111111, 0.08233333333333333, 0.3323333333333333, 0.1101111111111111, 0.499, 0.08233333333333333, 0.3323333333333333, 0.1101111111111111, 0.34, 0.01, 0.23, 0.34, 0.76, 0.34, 0.34, 0.09, 0.68, 0.79, 0.51, 0.18, 0.01, 0.9, 0.93, 0.68, 0.12, 0.68, 0.08233333333333333, 0.3323333333333333, 0.1101111111111111, 0.18, 0.34, 0.79, 0.51, 0.43, 0.01, 0.23, 0.76, 0.01, 0.9, 0.68, 0.08233333333333333, 0.3323333333333333, 0.1101111111111111, 0.43, 0.34, 0.9, 0.51, 0.43, 0.68, 0.68, 0.84, 0.68, 0.45]"
627,AAAAAAAAAAAQBAAGTQAFJUAB6Z5I5Z5DG3IAGEA_192,4,2,3,162.7916588980006,25,0.071483546992143,0.928516453007857,0.962769928574562,0.7047538513938586,0.9417584419250488,0.0719869485745827,0.9280109064032634,0.9624269088109334,0.7049062373737495,0.9419701417287192,"[0.08233333333333333, 0.3323333333333333, 0.1101111111111111, 0.08233333333333333, 0.3323333333333333, 0.1101111111111111, 0.3323333333333333, 0.08233333333333333, 0.3323333333333333, 0.1101111111111111, 0.08233333333333333, 0.3323333333333333, 0.1101111111111111, 0.499, 0.08233333333333333, 0.3323333333333333, 0.1101111111111111, 0.26, 0.01, 0.01, 0.34, 0.08233333333333333, 0.3323333333333333, 0.1101111111111111, 0.18, 0.34, 0.23, 0.51, 0.08233333333333333, 0.3323333333333333, 0.1101111111111111, 0.51, 0.34, 0.23, 0.34, 0.08233333333333333, 0.3323333333333333, 0.1101111111111111, 0.43, 0.68, 0.45, 0.01, 0.84, 0.34, 0.79, 0.43, 0.34, 0.9, 0.68, 0.76, 0.01, 0.45, 0.34, 0.68, 0.45, 0.51, 0.08233333333333333, 0.3323333333333333, 0.1101111111111111, 0.68, 0.34, 0.01]"
628,AAAAAAAAAADOHEM4UQAEJV2BS6YAFOQAFLLE3AY_192,4,2,3,536.4850701560008,25,0.0910975977778434,0.9089024022221566,0.9519204810261728,0.6867578809460004,0.9359579086303712,0.0871598267306884,0.9128395554920038,0.9539816164722044,0.6890619649241368,0.9372634967168172,"[0.08233333333333333, 0.3323333333333333, 0.1101111111111111, 0.08233333333333333, 0.3323333333333333, 0.1101111111111111, 0.3323333333333333, 0.08233333333333333, 0.3323333333333333, 0.1101111111111111, 0.08233333333333333, 0.3323333333333333, 0.1101111111111111, 0.499, 0.08233333333333333, 0.3323333333333333, 0.1101111111111111, 0.76, 0.68, 0.12, 0.68, 0.26, 0.01, 0.9, 0.93, 0.34, 0.79, 0.51, 0.08233333333333333, 0.3323333333333333, 0.1101111111111111, 0.59, 0.34, 0.23, 0.34, 0.43, 0.34, 0.01, 0.34, 0.34, 0.57, 0.51, 0.34, 0.01, 0.01, 0.09, 0.34, 0.57, 0.34, 0.08233333333333333, 0.3323333333333333, 0.1101111111111111, 0.51, 0.34, 0.45, 0.51, 0.34, 0.34, 0.23, 0.34, 0.01, 0.23]"
629,AAAAAAAAAAAAAAAAAMYPIHKFKUAANPQAF3AAA4Q_192,4,2,2,344.215307370001,25,0.1845949520667394,0.8154050479332606,0.8974351684252421,0.6253875662883123,0.9095815340677896,0.1874592928836743,0.8125381362934907,0.8951134433348974,0.6216461546719074,0.9064072211583456,"[0.08233333333333333, 0.3323333333333333, 0.1101111111111111, 0.08233333333333333, 0.3323333333333333, 0.1101111111111111, 0.3323333333333333, 0.08233333333333333, 0.3323333333333333, 0.1101111111111111, 0.08233333333333333, 0.3323333333333333, 0.1101111111111111, 0.499, 0.08233333333333333, 0.3323333333333333, 0.1101111111111111, 0.08233333333333333, 0.3323333333333333, 0.1101111111111111, 0.3323333333333333, 0.08233333333333333, 0.3323333333333333, 0.1101111111111111, 0.08233333333333333, 0.3323333333333333, 0.1101111111111111, 0.499, 0.68, 0.68, 0.01, 0.84, 0.34, 0.01, 0.34, 0.76, 0.34, 0.12, 0.51, 0.34, 0.68, 0.01, 0.08233333333333333, 0.3323333333333333, 0.1101111111111111, 0.18, 0.34, 0.57, 0.68, 0.08233333333333333, 0.3323333333333333, 0.1101111111111111, 0.51, 0.68, 0.45, 0.01, 0.08233333333333333, 0.3323333333333333, 0.1101111111111111, 0.09, 0.68, 0.34]"
630,AAAAAAAAAADI7AAPTQAGCXOYSCABVNQACZ7MKXA_192,4,2,3,261.63519652099967,25,0.0722384378314018,0.9277615621685982,0.9622981324791908,0.7091994702816009,0.9419797579447428,0.0662961592276891,0.9337012196580567,0.9655209738761188,0.7124076933910449,0.9438463846842448,"[0.08233333333333333, 0.3323333333333333, 0.1101111111111111, 0.08233333333333333, 0.3323333333333333, 0.1101111111111111, 0.3323333333333333, 0.08233333333333333, 0.3323333333333333, 0.1101111111111111, 0.08233333333333333, 0.3323333333333333, 0.1101111111111111, 0.499, 0.08233333333333333, 0.3323333333333333, 0.1101111111111111, 0.76, 0.01, 0.57, 0.68, 0.08233333333333333, 0.3323333333333333, 0.1101111111111111, 0.43, 0.68, 0.23, 0.51, 0.08233333333333333, 0.3323333333333333, 0.1101111111111111, 0.34, 0.01, 0.68, 0.34, 0.76, 0.68, 0.45, 0.26, 0.34, 0.01, 0.51, 0.08233333333333333, 0.3323333333333333, 0.1101111111111111, 0.76, 0.34, 0.45, 0.68, 0.08233333333333333, 0.3323333333333333, 0.1101111111111111, 0.26, 0.68, 0.23, 0.51, 0.93, 0.68, 0.12, 0.51, 0.34, 0.9]"
631,AAAAAAAABQPZREHN4AAE3EAAQUAAXJVCEOIAG5Y_192,4,2,3,322.38713180000013,25,0.0743408193190892,0.9256591806809108,0.9611402958631516,0.7145391548673312,0.9407682418823242,0.067715897411108,0.9322628619770208,0.9647982799758512,0.7179737988859415,0.9440319538116456,"[0.08233333333333333, 0.3323333333333333, 0.1101111111111111, 0.08233333333333333, 0.3323333333333333, 0.1101111111111111, 0.3323333333333333, 0.08233333333333333, 0.3323333333333333, 0.1101111111111111, 0.08233333333333333, 0.3323333333333333, 0.1101111111111111, 0.499, 0.34, 0.01, 0.23, 0.84, 0.01, 0.9, 0.34, 0.26, 0.01, 0.57, 0.34, 0.68, 0.9, 0.01, 0.08233333333333333, 0.3323333333333333, 0.1101111111111111, 0.59, 0.68, 0.45, 0.34, 0.08233333333333333, 0.3323333333333333, 0.1101111111111111, 0.26, 0.01, 0.68, 0.01, 0.08233333333333333, 0.3323333333333333, 0.1101111111111111, 0.51, 0.68, 0.79, 0.68, 0.51, 0.01, 0.79, 0.59, 0.34, 0.9, 0.51, 0.08233333333333333, 0.3323333333333333, 0.1101111111111111, 0.76, 0.68, 0.57]"
632,AAAAAAAAAADID6COUAAGAVCLYGAAJL5KBAYTGXA_192,4,2,3,384.4319064560004,25,0.1608388900756835,0.8391611099243164,0.9111796687046688,0.6607243115703265,0.9131088892618816,0.156952324633797,0.8430398965875308,0.9135035581886768,0.6619549034784238,0.9140188932418823,"[0.08233333333333333, 0.3323333333333333, 0.1101111111111111, 0.08233333333333333, 0.3323333333333333, 0.1101111111111111, 0.3323333333333333, 0.08233333333333333, 0.3323333333333333, 0.1101111111111111, 0.08233333333333333, 0.3323333333333333, 0.1101111111111111, 0.499, 0.08233333333333333, 0.3323333333333333, 0.1101111111111111, 0.76, 0.01, 0.01, 0.68, 0.84, 0.01, 0.34, 0.43, 0.34, 0.79, 0.01, 0.08233333333333333, 0.3323333333333333, 0.1101111111111111, 0.34, 0.01, 0.12, 0.34, 0.59, 0.34, 0.34, 0.84, 0.01, 0.12, 0.51, 0.08233333333333333, 0.3323333333333333, 0.1101111111111111, 0.26, 0.34, 0.68, 0.68, 0.76, 0.34, 0.79, 0.09, 0.01, 0.12, 0.51, 0.09, 0.01, 0.9, 0.76, 0.34, 0.9]"
633,AAAAAAAAAAAAAAAAABIDD4AAXSAA4IQAPIAAHMY_192,4,2,2,364.6431255570005,25,0.1977341552575429,0.8022658447424571,0.8875232016046842,0.650557933251063,0.9038067181905112,0.2042973220348358,0.7956431192656358,0.8831915065646172,0.6456195232768853,0.898541537920634,"[0.08233333333333333, 0.3323333333333333, 0.1101111111111111, 0.08233333333333333, 0.3323333333333333, 0.1101111111111111, 0.3323333333333333, 0.08233333333333333, 0.3323333333333333, 0.1101111111111111, 0.08233333333333333, 0.3323333333333333, 0.1101111111111111, 0.499, 0.08233333333333333, 0.3323333333333333, 0.1101111111111111, 0.08233333333333333, 0.3323333333333333, 0.1101111111111111, 0.3323333333333333, 0.08233333333333333, 0.3323333333333333, 0.1101111111111111, 0.08233333333333333, 0.3323333333333333, 0.1101111111111111, 0.499, 0.09, 0.34, 0.01, 0.18, 0.01, 0.57, 0.68, 0.08233333333333333, 0.3323333333333333, 0.1101111111111111, 0.26, 0.68, 0.9, 0.51, 0.08233333333333333, 0.3323333333333333, 0.1101111111111111, 0.43, 0.01, 0.79, 0.34, 0.08233333333333333, 0.3323333333333333, 0.1101111111111111, 0.84, 0.34, 0.01, 0.01, 0.08233333333333333, 0.3323333333333333, 0.1101111111111111, 0.93, 0.68, 0.23]"
634,AAAAAAAAAAAAAAAAAAAOYPOLIOAATMQAGDWQGEA_192,4,2,2,1120.990448229002,25,0.1255859191219012,0.8744140808780988,0.9323863332470258,0.6683577979604404,0.926227601369222,0.1310619488358497,0.868935048704346,0.9289911864946286,0.6599912124375502,0.9235491593678792,"[0.08233333333333333, 0.3323333333333333, 0.1101111111111111, 0.08233333333333333, 0.3323333333333333, 0.1101111111111111, 0.3323333333333333, 0.08233333333333333, 0.3323333333333333, 0.1101111111111111, 0.08233333333333333, 0.3323333333333333, 0.1101111111111111, 0.499, 0.08233333333333333, 0.3323333333333333, 0.1101111111111111, 0.08233333333333333, 0.3323333333333333, 0.1101111111111111, 0.3323333333333333, 0.08233333333333333, 0.3323333333333333, 0.1101111111111111, 0.08233333333333333, 0.3323333333333333, 0.1101111111111111, 0.499, 0.08233333333333333, 0.3323333333333333, 0.1101111111111111, 0.93, 0.68, 0.01, 0.68, 0.76, 0.68, 0.34, 0.76, 0.01, 0.23, 0.51, 0.08233333333333333, 0.3323333333333333, 0.1101111111111111, 0.59, 0.68, 0.45, 0.34, 0.08233333333333333, 0.3323333333333333, 0.1101111111111111, 0.34, 0.01, 0.57, 0.01, 0.76, 0.01, 0.01, 0.68, 0.34, 0.01]"
635,AAAAAAAAD23GFAA6CUDCD4AB2ETFVF5OCBYABVQ_192,4,2,3,460.3919785629987,25,0.0545688822865486,0.9454311177134512,0.9718588416775068,0.7136040886243185,0.945138390858968,0.0546963680535554,0.945302257562677,0.971806518981854,0.7122243800510962,0.9460511525472004,"[0.08233333333333333, 0.3323333333333333, 0.1101111111111111, 0.08233333333333333, 0.3323333333333333, 0.1101111111111111, 0.3323333333333333, 0.08233333333333333, 0.3323333333333333, 0.1101111111111111, 0.08233333333333333, 0.3323333333333333, 0.1101111111111111, 0.499, 0.84, 0.34, 0.45, 0.68, 0.68, 0.12, 0.34, 0.08233333333333333, 0.3323333333333333, 0.1101111111111111, 0.84, 0.01, 0.34, 0.51, 0.59, 0.01, 0.45, 0.26, 0.01, 0.57, 0.68, 0.08233333333333333, 0.3323333333333333, 0.1101111111111111, 0.43, 0.34, 0.12, 0.01, 0.59, 0.68, 0.34, 0.76, 0.34, 0.34, 0.68, 0.76, 0.34, 0.9, 0.26, 0.01, 0.23, 0.51, 0.08233333333333333, 0.3323333333333333, 0.1101111111111111, 0.18, 0.34, 0.45]"
636,AAAAAAAAAAAAAAAAAAAC6NC5HQHGZCQAFAIACUA_192,4,2,2,152.5582653800011,25,0.6887183502316475,0.3112816497683525,0.4727441266179085,0.2600281715393066,0.2839470545450846,0.6801485107590755,0.3198504565904538,0.4828578392664591,0.2658640862752994,0.2925248066584269,"[0.08233333333333333, 0.3323333333333333, 0.1101111111111111, 0.08233333333333333, 0.3323333333333333, 0.1101111111111111, 0.3323333333333333, 0.08233333333333333, 0.3323333333333333, 0.1101111111111111, 0.08233333333333333, 0.3323333333333333, 0.1101111111111111, 0.499, 0.08233333333333333, 0.3323333333333333, 0.1101111111111111, 0.08233333333333333, 0.3323333333333333, 0.1101111111111111, 0.3323333333333333, 0.08233333333333333, 0.3323333333333333, 0.1101111111111111, 0.08233333333333333, 0.3323333333333333, 0.1101111111111111, 0.499, 0.08233333333333333, 0.3323333333333333, 0.1101111111111111, 0.26, 0.68, 0.9, 0.68, 0.59, 0.34, 0.57, 0.59, 0.68, 0.9, 0.01, 0.09, 0.68, 0.23, 0.34, 0.34, 0.12, 0.34, 0.08233333333333333, 0.3323333333333333, 0.1101111111111111, 0.51, 0.01, 0.01, 0.51, 0.08233333333333333, 0.3323333333333333, 0.1101111111111111, 0.51, 0.34, 0.01]"
637,AAAAAAAAAABYBJRFTUDWAVYUKYAA5OQANYBQKVI_192,4,2,3,174.72144045599998,25,0.0891491055488586,0.9108508944511412,0.9530557140707968,0.6951308339834213,0.9363545417785644,0.0958924406518538,0.9041038709382216,0.9488991066813468,0.6897203765809536,0.9344644705454508,"[0.08233333333333333, 0.3323333333333333, 0.1101111111111111, 0.08233333333333333, 0.3323333333333333, 0.1101111111111111, 0.3323333333333333, 0.08233333333333333, 0.3323333333333333, 0.1101111111111111, 0.08233333333333333, 0.3323333333333333, 0.1101111111111111, 0.499, 0.08233333333333333, 0.3323333333333333, 0.1101111111111111, 0.43, 0.01, 0.01, 0.34, 0.59, 0.68, 0.12, 0.26, 0.68, 0.23, 0.51, 0.59, 0.01, 0.57, 0.34, 0.01, 0.12, 0.34, 0.43, 0.01, 0.68, 0.09, 0.34, 0.45, 0.01, 0.08233333333333333, 0.3323333333333333, 0.1101111111111111, 0.43, 0.34, 0.57, 0.34, 0.08233333333333333, 0.3323333333333333, 0.1101111111111111, 0.76, 0.68, 0.01, 0.01, 0.18, 0.01, 0.12, 0.51, 0.34, 0.68]"
638,AAZXZ42UDCZ2H34MTQADL4ABWIABVER3SCKEREI_192,4,2,4,242.1784119210024,25,0.0587031225363413,0.9412968774636586,0.969663614531358,0.7129974101980527,0.944831625620524,0.0516746278852224,0.9483238914360602,0.9734171360731124,0.7161582759271066,0.9468412319819132,"[0.08233333333333333, 0.3323333333333333, 0.1101111111111111, 0.68, 0.68, 0.57, 0.68, 0.18, 0.68, 0.23, 0.51, 0.34, 0.01, 0.01, 0.68, 0.34, 0.45, 0.43, 0.34, 0.12, 0.68, 0.76, 0.68, 0.9, 0.34, 0.34, 0.23, 0.51, 0.08233333333333333, 0.3323333333333333, 0.1101111111111111, 0.18, 0.34, 0.57, 0.68, 0.08233333333333333, 0.3323333333333333, 0.1101111111111111, 0.34, 0.68, 0.34, 0.01, 0.08233333333333333, 0.3323333333333333, 0.1101111111111111, 0.76, 0.34, 0.34, 0.34, 0.09, 0.68, 0.57, 0.26, 0.01, 0.79, 0.51, 0.59, 0.34, 0.34, 0.26, 0.34, 0.12]"
639,5TKMJBJPAABQV2XCEWDPDMABIIABUKUI6BYQ65Q_192,4,2,4,450.2031095830025,25,0.0685006812214851,0.9314993187785148,0.9644132087628048,0.7175535842776298,0.9440135637919108,0.0708398708452781,0.9291240602731704,0.9631044082343578,0.7161909447362026,0.9431135098139444,"[0.93, 0.68, 0.23, 0.51, 0.01, 0.9, 0.34, 0.26, 0.01, 0.68, 0.26, 0.68, 0.9, 0.01, 0.08233333333333333, 0.3323333333333333, 0.1101111111111111, 0.34, 0.01, 0.68, 0.34, 0.76, 0.34, 0.57, 0.09, 0.01, 0.79, 0.51, 0.34, 0.01, 0.45, 0.84, 0.01, 0.45, 0.68, 0.08233333333333333, 0.3323333333333333, 0.1101111111111111, 0.51, 0.01, 0.34, 0.01, 0.08233333333333333, 0.3323333333333333, 0.1101111111111111, 0.76, 0.01, 0.68, 0.34, 0.59, 0.34, 0.12, 0.93, 0.01, 0.23, 0.51, 0.09, 0.01, 0.23, 0.76, 0.68, 0.45]"
640,AAAAAAAAAAAAAAAAACDWZPCV2OYYUBWA7IQABMY_192,4,2,2,258.2083347629996,25,0.1361633275945981,0.8638366724054019,0.9260447854797046,0.6706579153736433,0.9208816210428874,0.1369861133396625,0.8630096965779861,0.9255522498240072,0.6688284351179997,0.9208195845286052,"[0.08233333333333333, 0.3323333333333333, 0.1101111111111111, 0.08233333333333333, 0.3323333333333333, 0.1101111111111111, 0.3323333333333333, 0.08233333333333333, 0.3323333333333333, 0.1101111111111111, 0.08233333333333333, 0.3323333333333333, 0.1101111111111111, 0.499, 0.08233333333333333, 0.3323333333333333, 0.1101111111111111, 0.08233333333333333, 0.3323333333333333, 0.1101111111111111, 0.3323333333333333, 0.08233333333333333, 0.3323333333333333, 0.1101111111111111, 0.08233333333333333, 0.3323333333333333, 0.1101111111111111, 0.499, 0.26, 0.01, 0.57, 0.34, 0.68, 0.34, 0.68, 0.68, 0.34, 0.68, 0.43, 0.34, 0.23, 0.51, 0.34, 0.01, 0.9, 0.51, 0.01, 0.01, 0.68, 0.34, 0.01, 0.12, 0.84, 0.34, 0.12, 0.01, 0.08233333333333333, 0.3323333333333333, 0.1101111111111111, 0.26, 0.68, 0.23]"
641,AAAAAAAAAADYX3VCVQAEOEABKAAAEKW6MYYABTA_192,4,2,3,620.2075299699973,25,0.1053633034229278,0.8946366965770721,0.9439199243982632,0.6960048958659172,0.9302142143249512,0.1133422816793123,0.8867249964425962,0.9392505683004856,0.6918912014613549,0.9290255943934124,"[0.08233333333333333, 0.3323333333333333, 0.1101111111111111, 0.08233333333333333, 0.3323333333333333, 0.1101111111111111, 0.3323333333333333, 0.08233333333333333, 0.3323333333333333, 0.1101111111111111, 0.08233333333333333, 0.3323333333333333, 0.1101111111111111, 0.499, 0.08233333333333333, 0.3323333333333333, 0.1101111111111111, 0.84, 0.01, 0.68, 0.68, 0.76, 0.68, 0.68, 0.09, 0.34, 0.68, 0.51, 0.08233333333333333, 0.3323333333333333, 0.1101111111111111, 0.59, 0.34, 0.9, 0.34, 0.08233333333333333, 0.3323333333333333, 0.1101111111111111, 0.51, 0.34, 0.01, 0.01, 0.08233333333333333, 0.3323333333333333, 0.1101111111111111, 0.09, 0.01, 0.68, 0.34, 0.34, 0.68, 0.9, 0.68, 0.68, 0.12, 0.51, 0.08233333333333333, 0.3323333333333333, 0.1101111111111111, 0.18, 0.01, 0.9]"
642,JUGV65ZHA6FSRAAJ4MB4KUAAWOAAJAQAHJAAH5Y_192,4,2,4,274.1931532469971,25,0.0791190569599469,0.9208809430400532,0.958641597131888,0.7123461261391639,0.9420860290527344,0.0743695195764303,0.9256150383502244,0.9612410915394624,0.7143911811212699,0.943003749847412,"[0.59, 0.68, 0.79, 0.18, 0.34, 0.68, 0.68, 0.76, 0.68, 0.57, 0.26, 0.34, 0.9, 0.01, 0.18, 0.68, 0.12, 0.34, 0.34, 0.79, 0.34, 0.08233333333333333, 0.3323333333333333, 0.1101111111111111, 0.59, 0.68, 0.9, 0.01, 0.68, 0.01, 0.23, 0.68, 0.34, 0.68, 0.34, 0.08233333333333333, 0.3323333333333333, 0.1101111111111111, 0.26, 0.68, 0.23, 0.51, 0.08233333333333333, 0.3323333333333333, 0.1101111111111111, 0.26, 0.34, 0.01, 0.34, 0.08233333333333333, 0.3323333333333333, 0.1101111111111111, 0.43, 0.34, 0.34, 0.01, 0.08233333333333333, 0.3323333333333333, 0.1101111111111111, 0.84, 0.68, 0.57]"
643,24MGIACRMKFCNMDKGAADGMABYQABRKQAOCYAGAI_192,4,2,4,230.83308810000017,25,0.120890429119269,0.8791095708807309,0.93499945551157,0.673648918668429,0.9266466458638508,0.1219141718000173,0.8780824235330026,0.9343570529172818,0.6728528130799531,0.92717178662618,"[0.76, 0.34, 0.9, 0.34, 0.01, 0.45, 0.34, 0.08233333333333333, 0.3323333333333333, 0.1101111111111111, 0.51, 0.01, 0.68, 0.51, 0.09, 0.34, 0.12, 0.59, 0.34, 0.23, 0.34, 0.34, 0.01, 0.23, 0.51, 0.01, 0.45, 0.01, 0.08233333333333333, 0.3323333333333333, 0.1101111111111111, 0.18, 0.01, 0.9, 0.68, 0.08233333333333333, 0.3323333333333333, 0.1101111111111111, 0.43, 0.01, 0.79, 0.01, 0.08233333333333333, 0.3323333333333333, 0.1101111111111111, 0.68, 0.34, 0.68, 0.34, 0.08233333333333333, 0.3323333333333333, 0.1101111111111111, 0.93, 0.01, 0.68, 0.51, 0.08233333333333333, 0.3323333333333333, 0.1101111111111111, 0.68, 0.01, 0.12]"
644,AAAAAAAABAT7TAAMHTJS6HYFYKFAHBQAHBQABEI_192,4,2,3,460.1494557840015,25,0.1100642596681912,0.8899357403318088,0.9411280458172162,0.695254757006963,0.9311771392822266,0.1118594086418549,0.8880841972927253,0.94005487523973,0.694399493932724,0.9300990184148152,"[0.08233333333333333, 0.3323333333333333, 0.1101111111111111, 0.08233333333333333, 0.3323333333333333, 0.1101111111111111, 0.3323333333333333, 0.08233333333333333, 0.3323333333333333, 0.1101111111111111, 0.08233333333333333, 0.3323333333333333, 0.1101111111111111, 0.499, 0.59, 0.01, 0.79, 0.84, 0.68, 0.9, 0.68, 0.08233333333333333, 0.3323333333333333, 0.1101111111111111, 0.34, 0.01, 0.57, 0.51, 0.18, 0.34, 0.23, 0.26, 0.68, 0.9, 0.34, 0.84, 0.01, 0.12, 0.43, 0.01, 0.34, 0.51, 0.09, 0.34, 0.01, 0.09, 0.68, 0.01, 0.68, 0.08233333333333333, 0.3323333333333333, 0.1101111111111111, 0.43, 0.01, 0.23, 0.01, 0.08233333333333333, 0.3323333333333333, 0.1101111111111111, 0.26, 0.34, 0.12]"
645,AAAAAAAAAAAAAAAAAAAEDMADAY5MPOQANYXFCQY_192,4,2,2,184.69098250599927,25,0.1546245430906613,0.8453754569093387,0.915378255645434,0.6225008338689804,0.9180480003356932,0.1691576338062684,0.8308413702994585,0.90604131569465,0.6115435728182396,0.9121175130208332,"[0.08233333333333333, 0.3323333333333333, 0.1101111111111111, 0.08233333333333333, 0.3323333333333333, 0.1101111111111111, 0.3323333333333333, 0.08233333333333333, 0.3323333333333333, 0.1101111111111111, 0.08233333333333333, 0.3323333333333333, 0.1101111111111111, 0.499, 0.08233333333333333, 0.3323333333333333, 0.1101111111111111, 0.08233333333333333, 0.3323333333333333, 0.1101111111111111, 0.3323333333333333, 0.08233333333333333, 0.3323333333333333, 0.1101111111111111, 0.08233333333333333, 0.3323333333333333, 0.1101111111111111, 0.499, 0.08233333333333333, 0.3323333333333333, 0.1101111111111111, 0.59, 0.01, 0.45, 0.68, 0.08233333333333333, 0.3323333333333333, 0.1101111111111111, 0.68, 0.01, 0.45, 0.01, 0.43, 0.34, 0.45, 0.18, 0.68, 0.57, 0.34, 0.08233333333333333, 0.3323333333333333, 0.1101111111111111, 0.76, 0.68, 0.12, 0.01, 0.93, 0.34, 0.79, 0.51, 0.01, 0.23]"
646,3S2XJHHF4ABGRYWHXVIFJMAAKBXIFYV35LB4HUA_192,4,2,4,557.2696511610011,25,0.1036224037408828,0.8963775962591172,0.9448518455028534,0.6869538823763529,0.932300885518392,0.1058068619420131,0.8941911280155181,0.94357272349298,0.6850784296790758,0.9321813424428304,"[0.76, 0.68, 0.34, 0.76, 0.34, 0.57, 0.34, 0.26, 0.34, 0.9, 0.93, 0.34, 0.57, 0.51, 0.08233333333333333, 0.3323333333333333, 0.1101111111111111, 0.59, 0.68, 0.79, 0.34, 0.68, 0.34, 0.45, 0.18, 0.68, 0.57, 0.51, 0.51, 0.34, 0.01, 0.51, 0.34, 0.34, 0.68, 0.08233333333333333, 0.3323333333333333, 0.1101111111111111, 0.09, 0.34, 0.01, 0.01, 0.76, 0.68, 0.79, 0.09, 0.34, 0.9, 0.34, 0.51, 0.68, 0.57, 0.76, 0.34, 0.45, 0.01, 0.18, 0.68, 0.01, 0.84, 0.34, 0.01]"
647,4FIR6BTBQKYKHAAYGDBBAXPQQQAALN7DR2BRQQI_192,4,2,4,398.53155242700086,25,0.173917185763518,0.826082814236482,0.903729551533858,0.6258623883128166,0.9122922897338868,0.1783029027283191,0.8216784579058488,0.9010126988093058,0.6225758564968904,0.910197893778483,"[0.93, 0.01, 0.68, 0.59, 0.34, 0.12, 0.68, 0.68, 0.01, 0.45, 0.34, 0.01, 0.45, 0.01, 0.09, 0.34, 0.45, 0.09, 0.34, 0.12, 0.68, 0.08233333333333333, 0.3323333333333333, 0.1101111111111111, 0.68, 0.01, 0.45, 0.01, 0.18, 0.01, 0.34, 0.09, 0.01, 0.12, 0.34, 0.76, 0.68, 0.9, 0.26, 0.01, 0.79, 0.01, 0.08233333333333333, 0.3323333333333333, 0.1101111111111111, 0.26, 0.68, 0.45, 0.68, 0.84, 0.01, 0.57, 0.09, 0.68, 0.79, 0.01, 0.18, 0.01, 0.45, 0.09, 0.01, 0.12]"
648,AA64YABV4AA2HAACVAANLMABCCAA4HXDD2AABUI_192,4,2,4,391.3402782869998,25,0.1029702067375183,0.8970297932624817,0.9451148509979248,0.7029099757472674,0.934554926554362,0.1011055182665586,0.8988191694021225,0.9462852831929922,0.7033989933629831,0.9341106096903484,"[0.08233333333333333, 0.3323333333333333, 0.1101111111111111, 0.84, 0.34, 0.9, 0.68, 0.08233333333333333, 0.3323333333333333, 0.1101111111111111, 0.18, 0.34, 0.57, 0.51, 0.08233333333333333, 0.3323333333333333, 0.1101111111111111, 0.18, 0.34, 0.12, 0.68, 0.08233333333333333, 0.3323333333333333, 0.1101111111111111, 0.09, 0.34, 0.68, 0.01, 0.08233333333333333, 0.3323333333333333, 0.1101111111111111, 0.76, 0.34, 0.45, 0.68, 0.08233333333333333, 0.3323333333333333, 0.1101111111111111, 0.59, 0.34, 0.01, 0.51, 0.08233333333333333, 0.3323333333333333, 0.1101111111111111, 0.43, 0.01, 0.23, 0.68, 0.43, 0.01, 0.45, 0.18, 0.68, 0.79, 0.01, 0.08233333333333333, 0.3323333333333333, 0.1101111111111111, 0.18, 0.34, 0.12]"
649,AAAAAAAAAABKHCWIGHL7JUABIYAB3GXIB6PPD4I_192,4,2,3,352.6790923609988,25,0.7060131857792536,0.2939868142207463,0.453128163019816,0.2299447819590568,0.3886026700337728,0.7112861870477597,0.2887103976060947,0.4467093918472528,0.2266880904634793,0.3857606093088785,"[0.08233333333333333, 0.3323333333333333, 0.1101111111111111, 0.08233333333333333, 0.3323333333333333, 0.1101111111111111, 0.3323333333333333, 0.08233333333333333, 0.3323333333333333, 0.1101111111111111, 0.08233333333333333, 0.3323333333333333, 0.1101111111111111, 0.499, 0.08233333333333333, 0.3323333333333333, 0.1101111111111111, 0.51, 0.34, 0.12, 0.68, 0.09, 0.34, 0.45, 0.59, 0.01, 0.45, 0.01, 0.43, 0.34, 0.57, 0.84, 0.34, 0.23, 0.34, 0.08233333333333333, 0.3323333333333333, 0.1101111111111111, 0.51, 0.01, 0.45, 0.01, 0.08233333333333333, 0.3323333333333333, 0.1101111111111111, 0.93, 0.68, 0.23, 0.34, 0.43, 0.34, 0.01, 0.09, 0.68, 0.9, 0.51, 0.93, 0.68, 0.9, 0.43, 0.68, 0.12]"
650,AAAAAAAAAABCTMG2EAAPYMIISEAAEJ7GMKQAB5Y_192,4,2,3,267.585487039,25,0.1869682366649309,0.813031763335069,0.8957413544257482,0.6175545568267504,0.9059085210164388,0.2008442791799704,0.7991518994172414,0.8866038606812556,0.6104375553627809,0.9012405792872112,"[0.08233333333333333, 0.3323333333333333, 0.1101111111111111, 0.08233333333333333, 0.3323333333333333, 0.1101111111111111, 0.3323333333333333, 0.08233333333333333, 0.3323333333333333, 0.1101111111111111, 0.08233333333333333, 0.3323333333333333, 0.1101111111111111, 0.499, 0.08233333333333333, 0.3323333333333333, 0.1101111111111111, 0.59, 0.34, 0.79, 0.68, 0.34, 0.01, 0.45, 0.76, 0.01, 0.79, 0.01, 0.08233333333333333, 0.3323333333333333, 0.1101111111111111, 0.84, 0.68, 0.01, 0.68, 0.09, 0.01, 0.34, 0.26, 0.34, 0.12, 0.01, 0.08233333333333333, 0.3323333333333333, 0.1101111111111111, 0.09, 0.01, 0.79, 0.68, 0.84, 0.01, 0.9, 0.68, 0.34, 0.68, 0.01, 0.08233333333333333, 0.3323333333333333, 0.1101111111111111, 0.18, 0.68, 0.57]"
651,AAAAAAAAAAAAAAAAAAABBMABSIAAHGQANLRMGUY_192,4,2,2,167.591101569,25,0.2544348175326983,0.7455651824673016,0.8524853969613712,0.5675192152460417,0.8804362614949545,0.2674397179236015,0.7325577575713396,0.8428885037700335,0.5586463931947947,0.8748210032780965,"[0.08233333333333333, 0.3323333333333333, 0.1101111111111111, 0.08233333333333333, 0.3323333333333333, 0.1101111111111111, 0.3323333333333333, 0.08233333333333333, 0.3323333333333333, 0.1101111111111111, 0.08233333333333333, 0.3323333333333333, 0.1101111111111111, 0.499, 0.08233333333333333, 0.3323333333333333, 0.1101111111111111, 0.08233333333333333, 0.3323333333333333, 0.1101111111111111, 0.3323333333333333, 0.08233333333333333, 0.3323333333333333, 0.1101111111111111, 0.08233333333333333, 0.3323333333333333, 0.1101111111111111, 0.499, 0.08233333333333333, 0.3323333333333333, 0.1101111111111111, 0.09, 0.01, 0.34, 0.68, 0.08233333333333333, 0.3323333333333333, 0.1101111111111111, 0.34, 0.34, 0.34, 0.01, 0.08233333333333333, 0.3323333333333333, 0.1101111111111111, 0.09, 0.68, 0.23, 0.34, 0.08233333333333333, 0.3323333333333333, 0.1101111111111111, 0.76, 0.34, 0.57, 0.01, 0.26, 0.68, 0.01, 0.76, 0.34, 0.23]"
652,AAAAAAAAAAAAAAAAAFAWDV6QK2HCYY43GCAAHBQ_192,4,2,2,255.05248854,25,0.1581180835763613,0.8418819164236386,0.913100000222524,0.6492462158203125,0.9141126314798992,0.1758795995265245,0.8240471849838893,0.9018175399551788,0.6350120980292558,0.9081159353256224,"[0.08233333333333333, 0.3323333333333333, 0.1101111111111111, 0.08233333333333333, 0.3323333333333333, 0.1101111111111111, 0.3323333333333333, 0.08233333333333333, 0.3323333333333333, 0.1101111111111111, 0.08233333333333333, 0.3323333333333333, 0.1101111111111111, 0.499, 0.08233333333333333, 0.3323333333333333, 0.1101111111111111, 0.08233333333333333, 0.3323333333333333, 0.1101111111111111, 0.3323333333333333, 0.08233333333333333, 0.3323333333333333, 0.1101111111111111, 0.08233333333333333, 0.3323333333333333, 0.1101111111111111, 0.499, 0.51, 0.01, 0.12, 0.34, 0.01, 0.57, 0.34, 0.43, 0.68, 0.79, 0.09, 0.34, 0.45, 0.51, 0.09, 0.68, 0.12, 0.34, 0.01, 0.9, 0.34, 0.68, 0.68, 0.45, 0.34, 0.01, 0.79, 0.01, 0.08233333333333333, 0.3323333333333333, 0.1101111111111111, 0.93, 0.01, 0.45]"
653,6EOVPNORBAHOLHWLVTDBY4ADIK3EMOXZUGCU6NA_192,4,2,4,673.3721225899999,25,0.0543117289741834,0.9456882710258168,0.9719949096441268,0.7163594747583072,0.946258799235026,0.0563115329792102,0.9436857275664806,0.9709291239579518,0.7151732817292213,0.945421306292216,"[0.84, 0.01, 0.79, 0.43, 0.34, 0.68, 0.34, 0.93, 0.68, 0.68, 0.76, 0.01, 0.79, 0.01, 0.59, 0.01, 0.12, 0.76, 0.68, 0.34, 0.68, 0.18, 0.68, 0.45, 0.51, 0.68, 0.68, 0.51, 0.18, 0.01, 0.45, 0.09, 0.68, 0.12, 0.68, 0.08233333333333333, 0.3323333333333333, 0.1101111111111111, 0.76, 0.01, 0.34, 0.51, 0.34, 0.68, 0.34, 0.18, 0.01, 0.57, 0.34, 0.43, 0.68, 0.23, 0.59, 0.01, 0.9, 0.01, 0.51, 0.34, 0.23, 0.68, 0.68, 0.79]"
654,4R6UPBD5QWYO5YRIVXBSK4ADOEMMHJRLWIQAGFI_192,4,2,4,1259.579287346,25,0.070410960415999,0.9295890395840009,0.9633544946710269,0.7075858071446419,0.9406948725382488,0.0670864719897508,0.932903998841842,0.9651201891402404,0.7102599058300256,0.943409236272176,"[0.93, 0.34, 0.12, 0.84, 0.34, 0.79, 0.34, 0.93, 0.01, 0.79, 0.43, 0.68, 0.45, 0.01, 0.26, 0.68, 0.45, 0.09, 0.68, 0.57, 0.34, 0.68, 0.34, 0.12, 0.59, 0.34, 0.68, 0.51, 0.43, 0.01, 0.23, 0.26, 0.34, 0.68, 0.68, 0.08233333333333333, 0.3323333333333333, 0.1101111111111111, 0.76, 0.68, 0.12, 0.01, 0.18, 0.01, 0.45, 0.09, 0.68, 0.79, 0.68, 0.09, 0.34, 0.57, 0.34, 0.34, 0.12, 0.01, 0.08233333333333333, 0.3323333333333333, 0.1101111111111111, 0.68, 0.34, 0.68]"
655,AAAAAAAAAAAAAAAAAAAHAMADBQAANY56N6IACUY_192,4,2,2,241.74365874700013,25,0.684226934115092,0.315773065884908,0.4778339629371961,0.2527661328514417,0.2889246304829915,0.6817644647012154,0.3182465908428033,0.4811069707075754,0.254505947480599,0.2912804126739502,"[0.08233333333333333, 0.3323333333333333, 0.1101111111111111, 0.08233333333333333, 0.3323333333333333, 0.1101111111111111, 0.3323333333333333, 0.08233333333333333, 0.3323333333333333, 0.1101111111111111, 0.08233333333333333, 0.3323333333333333, 0.1101111111111111, 0.499, 0.08233333333333333, 0.3323333333333333, 0.1101111111111111, 0.08233333333333333, 0.3323333333333333, 0.1101111111111111, 0.3323333333333333, 0.08233333333333333, 0.3323333333333333, 0.1101111111111111, 0.08233333333333333, 0.3323333333333333, 0.1101111111111111, 0.499, 0.08233333333333333, 0.3323333333333333, 0.1101111111111111, 0.43, 0.01, 0.01, 0.68, 0.08233333333333333, 0.3323333333333333, 0.1101111111111111, 0.68, 0.01, 0.9, 0.01, 0.08233333333333333, 0.3323333333333333, 0.1101111111111111, 0.18, 0.34, 0.9, 0.34, 0.76, 0.68, 0.9, 0.76, 0.68, 0.9, 0.51, 0.08233333333333333, 0.3323333333333333, 0.1101111111111111, 0.51, 0.34, 0.23]"
656,6A2RIADPAAAQBAAPRECT352B6FVGMO6BPDYAAXA_192,4,2,4,347.354911249,25,0.1151857157548268,0.8848142842451732,0.9384247024854024,0.6944756517807643,0.9323145230611164,0.1127835530787706,0.8871586110442877,0.9396619596829016,0.6954765285054842,0.9328877846399944,"[0.84, 0.01, 0.01, 0.76, 0.34, 0.12, 0.34, 0.08233333333333333, 0.3323333333333333, 0.1101111111111111, 0.34, 0.68, 0.9, 0.01, 0.08233333333333333, 0.3323333333333333, 0.1101111111111111, 0.26, 0.01, 0.01, 0.34, 0.08233333333333333, 0.3323333333333333, 0.1101111111111111, 0.43, 0.68, 0.12, 0.01, 0.59, 0.01, 0.68, 0.18, 0.68, 0.57, 0.68, 0.43, 0.34, 0.01, 0.43, 0.68, 0.12, 0.01, 0.76, 0.34, 0.23, 0.18, 0.01, 0.57, 0.34, 0.93, 0.01, 0.34, 0.84, 0.01, 0.57, 0.51, 0.08233333333333333, 0.3323333333333333, 0.1101111111111111, 0.09, 0.34, 0.9]"
657,OW4VYAGNEAAI3AADQ725DMABKOAAEPXZGYYADEI_192,4,2,4,816.3666065179996,25,0.0905364642540613,0.9094635357459386,0.9522240166862804,0.7018648733695348,0.936130174001058,0.0938150163739919,0.9061806974311668,0.950334369018674,0.7003322721769413,0.9357191403706868,"[0.43, 0.34, 0.45, 0.93, 0.34, 0.68, 0.68, 0.08233333333333333, 0.3323333333333333, 0.1101111111111111, 0.68, 0.68, 0.79, 0.51, 0.08233333333333333, 0.3323333333333333, 0.1101111111111111, 0.09, 0.01, 0.45, 0.68, 0.08233333333333333, 0.3323333333333333, 0.1101111111111111, 0.09, 0.68, 0.01, 0.51, 0.84, 0.68, 0.68, 0.76, 0.01, 0.45, 0.68, 0.08233333333333333, 0.3323333333333333, 0.1101111111111111, 0.51, 0.34, 0.23, 0.51, 0.08233333333333333, 0.3323333333333333, 0.1101111111111111, 0.09, 0.01, 0.57, 0.68, 0.43, 0.68, 0.34, 0.34, 0.68, 0.12, 0.51, 0.08233333333333333, 0.3323333333333333, 0.1101111111111111, 0.34, 0.34, 0.12]"
658,AAAAAAAAAAAAAAAAAD6EYHANQWAAYLUZ56AAHVQ_192,4,2,2,251.2581016740005,25,0.0902420088648796,0.9097579911351203,0.9524972995122274,0.6997220665216446,0.936398696899414,0.0932576529681682,0.906737073759238,0.9508004168669384,0.6984638012945652,0.9357684691747028,"[0.08233333333333333, 0.3323333333333333, 0.1101111111111111, 0.08233333333333333, 0.3323333333333333, 0.1101111111111111, 0.3323333333333333, 0.08233333333333333, 0.3323333333333333, 0.1101111111111111, 0.08233333333333333, 0.3323333333333333, 0.1101111111111111, 0.499, 0.08233333333333333, 0.3323333333333333, 0.1101111111111111, 0.08233333333333333, 0.3323333333333333, 0.1101111111111111, 0.3323333333333333, 0.08233333333333333, 0.3323333333333333, 0.1101111111111111, 0.08233333333333333, 0.3323333333333333, 0.1101111111111111, 0.499, 0.18, 0.68, 0.9, 0.59, 0.68, 0.01, 0.34, 0.68, 0.01, 0.23, 0.34, 0.01, 0.68, 0.51, 0.08233333333333333, 0.3323333333333333, 0.1101111111111111, 0.34, 0.01, 0.68, 0.68, 0.59, 0.68, 0.23, 0.76, 0.68, 0.9, 0.01, 0.08233333333333333, 0.3323333333333333, 0.1101111111111111, 0.84, 0.34, 0.45]"
659,YAEG2VR5NIHKNAAMRG25YUABSZ7B4M4IEOAAAQY_192,4,2,4,235.6094055820004,25,0.0608973403771718,0.939102659622828,0.968449255824089,0.71978819668293,0.9450721422831218,0.0576449820150931,0.9422428489973148,0.9701778185864288,0.7214683099339406,0.9454933881759644,"[0.68, 0.01, 0.01, 0.26, 0.01, 0.45, 0.68, 0.51, 0.34, 0.45, 0.18, 0.68, 0.68, 0.51, 0.51, 0.01, 0.12, 0.76, 0.34, 0.23, 0.34, 0.08233333333333333, 0.3323333333333333, 0.1101111111111111, 0.34, 0.34, 0.12, 0.01, 0.34, 0.68, 0.68, 0.76, 0.68, 0.12, 0.34, 0.08233333333333333, 0.3323333333333333, 0.1101111111111111, 0.34, 0.34, 0.45, 0.01, 0.84, 0.68, 0.01, 0.84, 0.01, 0.45, 0.34, 0.68, 0.34, 0.01, 0.59, 0.34, 0.9, 0.01, 0.08233333333333333, 0.3323333333333333, 0.1101111111111111, 0.09, 0.01, 0.23]"
660,AAAAAAAAAAAAAAAAAHBSYVATPQAANHQAF32RBFQ_192,4,2,2,247.69848581099995,25,0.6811351388692856,0.3188648611307144,0.4819052671392759,0.2556985070308049,0.2920332272847493,0.6825042689839999,0.3174844103554884,0.4801113612949848,0.2547429723044236,0.2905032634735107,"[0.08233333333333333, 0.3323333333333333, 0.1101111111111111, 0.08233333333333333, 0.3323333333333333, 0.1101111111111111, 0.3323333333333333, 0.08233333333333333, 0.3323333333333333, 0.1101111111111111, 0.08233333333333333, 0.3323333333333333, 0.1101111111111111, 0.499, 0.08233333333333333, 0.3323333333333333, 0.1101111111111111, 0.08233333333333333, 0.3323333333333333, 0.1101111111111111, 0.3323333333333333, 0.08233333333333333, 0.3323333333333333, 0.1101111111111111, 0.08233333333333333, 0.3323333333333333, 0.1101111111111111, 0.499, 0.43, 0.01, 0.23, 0.26, 0.68, 0.12, 0.34, 0.59, 0.01, 0.79, 0.76, 0.68, 0.9, 0.01, 0.08233333333333333, 0.3323333333333333, 0.1101111111111111, 0.18, 0.34, 0.23, 0.68, 0.08233333333333333, 0.3323333333333333, 0.1101111111111111, 0.51, 0.68, 0.57, 0.51, 0.51, 0.01, 0.79, 0.26, 0.34, 0.45]"
661,AAAAAAAAAAAAAAAAAHGCJPYL3QLJYO6KXKQABQA_192,4,2,2,628.5394663420002,25,0.6755749295155208,0.3244250704844792,0.4883553117513656,0.2594281067450841,0.2976007143656413,0.6839168429374695,0.3160709040860335,0.4783250130712986,0.2538554144402345,0.2891113917032877,"[0.08233333333333333, 0.3323333333333333, 0.1101111111111111, 0.08233333333333333, 0.3323333333333333, 0.1101111111111111, 0.3323333333333333, 0.08233333333333333, 0.3323333333333333, 0.1101111111111111, 0.08233333333333333, 0.3323333333333333, 0.1101111111111111, 0.499, 0.08233333333333333, 0.3323333333333333, 0.1101111111111111, 0.08233333333333333, 0.3323333333333333, 0.1101111111111111, 0.3323333333333333, 0.08233333333333333, 0.3323333333333333, 0.1101111111111111, 0.08233333333333333, 0.3323333333333333, 0.1101111111111111, 0.499, 0.43, 0.01, 0.9, 0.26, 0.34, 0.34, 0.68, 0.84, 0.01, 0.34, 0.84, 0.34, 0.9, 0.01, 0.26, 0.68, 0.79, 0.93, 0.01, 0.57, 0.34, 0.93, 0.34, 0.68, 0.43, 0.34, 0.68, 0.01, 0.08233333333333333, 0.3323333333333333, 0.1101111111111111, 0.18, 0.01, 0.01]"
662,AACG3XHDEADC7G4ZUGBUBMYHYETNQZSIGDAADUQ_192,4,2,4,509.151166525,25,0.6797629212339719,0.3202370787660281,0.4834609175721804,0.255969230333964,0.2927976290384928,0.6828831188380718,0.3171181424210469,0.4796378884464502,0.2538805687179168,0.2903121630350748,"[0.08233333333333333, 0.3323333333333333, 0.1101111111111111, 0.09, 0.01, 0.45, 0.68, 0.43, 0.34, 0.9, 0.93, 0.01, 0.9, 0.51, 0.08233333333333333, 0.3323333333333333, 0.1101111111111111, 0.68, 0.34, 0.57, 0.68, 0.18, 0.34, 0.9, 0.68, 0.68, 0.79, 0.01, 0.34, 0.01, 0.23, 0.59, 0.01, 0.34, 0.68, 0.18, 0.01, 0.12, 0.84, 0.01, 0.12, 0.01, 0.59, 0.68, 0.45, 0.68, 0.01, 0.9, 0.68, 0.26, 0.34, 0.01, 0.34, 0.01, 0.45, 0.01, 0.08233333333333333, 0.3323333333333333, 0.1101111111111111, 0.43, 0.34, 0.34]"
663,AAYMJ7CNNOMQDAAORFAS3U3TOJ7CLARYVAONORI_192,4,2,4,256.5359366880002,25,0.0692665194471677,0.9307334805528324,0.9639915943145752,0.7072307209173838,0.9434301694234212,0.0660189921657244,0.9339775095383326,0.9657461933791638,0.7093634635210038,0.9440681219100951,"[0.08233333333333333, 0.3323333333333333, 0.1101111111111111, 0.68, 0.01, 0.9, 0.34, 0.18, 0.68, 0.9, 0.59, 0.68, 0.68, 0.51, 0.51, 0.68, 0.23, 0.26, 0.01, 0.01, 0.68, 0.08233333333333333, 0.3323333333333333, 0.1101111111111111, 0.43, 0.34, 0.12, 0.01, 0.51, 0.01, 0.12, 0.26, 0.68, 0.57, 0.34, 0.18, 0.34, 0.9, 0.76, 0.68, 0.34, 0.01, 0.84, 0.68, 0.12, 0.26, 0.68, 0.01, 0.34, 0.09, 0.68, 0.12, 0.51, 0.01, 0.01, 0.51, 0.68, 0.68, 0.68, 0.76, 0.01, 0.68]"
664,5TITYR2MMABOP5VNSXCS3HAA2VYMHDWD6ZZEWRI_192,4,2,4,654.2717743929998,25,0.0663868019978205,0.9336131980021796,0.965451314051946,0.7137470846374829,0.9418897946675618,0.0652372570087512,0.9347601972520352,0.9660961851477624,0.7141626123338938,0.9436649322509766,"[0.93, 0.68, 0.23, 0.59, 0.34, 0.23, 0.68, 0.09, 0.01, 0.57, 0.59, 0.68, 0.12, 0.51, 0.08233333333333333, 0.3323333333333333, 0.1101111111111111, 0.51, 0.68, 0.23, 0.68, 0.93, 0.68, 0.68, 0.34, 0.68, 0.34, 0.51, 0.43, 0.01, 0.68, 0.26, 0.68, 0.45, 0.34, 0.68, 0.01, 0.01, 0.18, 0.34, 0.68, 0.01, 0.93, 0.01, 0.45, 0.09, 0.68, 0.12, 0.68, 0.34, 0.01, 0.57, 0.93, 0.68, 0.23, 0.51, 0.26, 0.34, 0.34, 0.76, 0.01, 0.68]"
665,AA2XYAGEMABQPYUODAAMYMABGIAA4DSAO2Q4TQI_192,4,2,4,282.9666287200007,25,0.0874804069598515,0.9125195930401484,0.9539022942384084,0.7035616993904114,0.9383136749267578,0.0867931759605805,0.9131942391395568,0.9542849056422712,0.7038377830137809,0.9380429983139038,"[0.08233333333333333, 0.3323333333333333, 0.1101111111111111, 0.76, 0.34, 0.57, 0.68, 0.08233333333333333, 0.3323333333333333, 0.1101111111111111, 0.68, 0.34, 0.12, 0.51, 0.08233333333333333, 0.3323333333333333, 0.1101111111111111, 0.34, 0.01, 0.23, 0.68, 0.68, 0.34, 0.79, 0.43, 0.01, 0.23, 0.01, 0.08233333333333333, 0.3323333333333333, 0.1101111111111111, 0.68, 0.68, 0.01, 0.68, 0.08233333333333333, 0.3323333333333333, 0.1101111111111111, 0.59, 0.68, 0.34, 0.01, 0.08233333333333333, 0.3323333333333333, 0.1101111111111111, 0.43, 0.01, 0.12, 0.68, 0.26, 0.01, 0.01, 0.93, 0.68, 0.68, 0.01, 0.09, 0.68, 0.34, 0.43, 0.01, 0.12]"
666,AAAAAAAABDQPRGDJUAAHDMAATTUM3AQAOGAABBY_192,4,2,3,242.41185884700008,25,0.9607745309670768,0.0392254690329233,0.075469205280145,0.0765156125028928,0.6720327695210775,0.6629489980638027,0.3370442083726326,0.5024363178759813,0.2563327713559071,0.3621149222056071,"[0.08233333333333333, 0.3323333333333333, 0.1101111111111111, 0.08233333333333333, 0.3323333333333333, 0.1101111111111111, 0.3323333333333333, 0.08233333333333333, 0.3323333333333333, 0.1101111111111111, 0.08233333333333333, 0.3323333333333333, 0.1101111111111111, 0.499, 0.59, 0.34, 0.9, 0.09, 0.68, 0.9, 0.34, 0.18, 0.01, 0.23, 0.59, 0.68, 0.79, 0.01, 0.08233333333333333, 0.3323333333333333, 0.1101111111111111, 0.43, 0.01, 0.45, 0.68, 0.08233333333333333, 0.3323333333333333, 0.1101111111111111, 0.26, 0.34, 0.9, 0.51, 0.76, 0.01, 0.45, 0.34, 0.68, 0.01, 0.34, 0.08233333333333333, 0.3323333333333333, 0.1101111111111111, 0.93, 0.01, 0.9, 0.01, 0.08233333333333333, 0.3323333333333333, 0.1101111111111111, 0.26, 0.01, 0.57]"
667,AAAAAAAAAAAAAAAAAOLXJ4ADGQAB3IRZRYZPGUA_192,4,2,2,521.6427349080004,25,0.0720766151944796,0.9279233848055204,0.9624631961186728,0.7087523400783539,0.9423804601033527,0.0701361602793137,0.9298618291815122,0.9634897428254288,0.7098892088979483,0.9434666633605956,"[0.08233333333333333, 0.3323333333333333, 0.1101111111111111, 0.08233333333333333, 0.3323333333333333, 0.1101111111111111, 0.3323333333333333, 0.08233333333333333, 0.3323333333333333, 0.1101111111111111, 0.08233333333333333, 0.3323333333333333, 0.1101111111111111, 0.499, 0.08233333333333333, 0.3323333333333333, 0.1101111111111111, 0.08233333333333333, 0.3323333333333333, 0.1101111111111111, 0.3323333333333333, 0.08233333333333333, 0.3323333333333333, 0.1101111111111111, 0.08233333333333333, 0.3323333333333333, 0.1101111111111111, 0.499, 0.93, 0.34, 0.57, 0.43, 0.34, 0.23, 0.68, 0.08233333333333333, 0.3323333333333333, 0.1101111111111111, 0.68, 0.68, 0.79, 0.01, 0.08233333333333333, 0.3323333333333333, 0.1101111111111111, 0.93, 0.68, 0.79, 0.34, 0.09, 0.68, 0.23, 0.09, 0.68, 0.12, 0.51, 0.26, 0.68, 0.9, 0.76, 0.34, 0.01]"
668,AAAAAAAAAAAKNAAFQSJ6I4ADXSPL7PQAG33FGFY_192,4,2,3,1078.4766340749993,25,0.0861155445377031,0.9138844554622968,0.9547244211037954,0.692621722817421,0.9389875411987304,0.0839283802857001,0.9160696111619472,0.955843093370398,0.6938515459497769,0.9385948578516642,"[0.08233333333333333, 0.3323333333333333, 0.1101111111111111, 0.08233333333333333, 0.3323333333333333, 0.1101111111111111, 0.3323333333333333, 0.08233333333333333, 0.3323333333333333, 0.1101111111111111, 0.08233333333333333, 0.3323333333333333, 0.1101111111111111, 0.499, 0.08233333333333333, 0.3323333333333333, 0.1101111111111111, 0.09, 0.34, 0.23, 0.34, 0.08233333333333333, 0.3323333333333333, 0.1101111111111111, 0.26, 0.68, 0.01, 0.51, 0.26, 0.34, 0.23, 0.93, 0.34, 0.12, 0.68, 0.08233333333333333, 0.3323333333333333, 0.1101111111111111, 0.93, 0.68, 0.9, 0.51, 0.18, 0.68, 0.68, 0.84, 0.68, 0.57, 0.68, 0.08233333333333333, 0.3323333333333333, 0.1101111111111111, 0.34, 0.68, 0.57, 0.51, 0.34, 0.34, 0.79, 0.68, 0.34, 0.57]"
669,AAAAAAAADQZ2PKXFVC3GGF2POUAAXL4DGIQACEY_192,4,2,3,392.0380975320004,25,0.0816193128625551,0.9183806871374448,0.957141011953354,0.7067878986398379,0.9420564969380696,0.0779327362775802,0.9220089799414078,0.9592219115545352,0.7084303278476,0.9412930170694987,"[0.08233333333333333, 0.3323333333333333, 0.1101111111111111, 0.08233333333333333, 0.3323333333333333, 0.1101111111111111, 0.3323333333333333, 0.08233333333333333, 0.3323333333333333, 0.1101111111111111, 0.08233333333333333, 0.3323333333333333, 0.1101111111111111, 0.499, 0.93, 0.01, 0.45, 0.43, 0.34, 0.23, 0.68, 0.51, 0.34, 0.57, 0.26, 0.68, 0.68, 0.01, 0.26, 0.68, 0.45, 0.34, 0.01, 0.9, 0.34, 0.43, 0.34, 0.23, 0.76, 0.68, 0.68, 0.01, 0.08233333333333333, 0.3323333333333333, 0.1101111111111111, 0.51, 0.68, 0.68, 0.68, 0.68, 0.01, 0.45, 0.34, 0.34, 0.12, 0.01, 0.08233333333333333, 0.3323333333333333, 0.1101111111111111, 0.59, 0.34, 0.23]"
670,MTIW2ABQEAAS3KTDV7INOMAAPQ5OVDUYNLJBBXA_192,4,2,4,247.44264005199875,25,0.1393694246808688,0.8606305753191312,0.9238553096850712,0.6532866314053536,0.920704174041748,0.1492190056790908,0.8507783638934294,0.9182140971223514,0.6431437170753876,0.9168182531992596,"[0.34, 0.34, 0.23, 0.59, 0.34, 0.45, 0.68, 0.59, 0.01, 0.01, 0.18, 0.01, 0.01, 0.51, 0.08233333333333333, 0.3323333333333333, 0.1101111111111111, 0.26, 0.34, 0.45, 0.68, 0.51, 0.34, 0.23, 0.09, 0.68, 0.68, 0.51, 0.84, 0.34, 0.01, 0.76, 0.34, 0.9, 0.68, 0.08233333333333333, 0.3323333333333333, 0.1101111111111111, 0.09, 0.68, 0.9, 0.01, 0.43, 0.34, 0.57, 0.51, 0.34, 0.12, 0.68, 0.59, 0.68, 0.01, 0.76, 0.34, 0.45, 0.51, 0.26, 0.01, 0.79, 0.18, 0.34, 0.9]"
671,AAJU2RAQHSYQTHXC4VZRYPJQ7TRGHKQAH2YUG5Q_192,4,2,4,263.7842153500005,25,0.2856543918450673,0.7143456081549326,0.831381599108378,0.5069054986039797,0.8603845596313476,0.302696394175291,0.6972995565583309,0.8191388530035814,0.5000331231703361,0.8574878056844075,"[0.08233333333333333, 0.3323333333333333, 0.1101111111111111, 0.59, 0.68, 0.79, 0.68, 0.51, 0.01, 0.79, 0.09, 0.01, 0.01, 0.51, 0.93, 0.34, 0.45, 0.26, 0.01, 0.79, 0.68, 0.18, 0.68, 0.57, 0.09, 0.34, 0.9, 0.51, 0.51, 0.68, 0.23, 0.09, 0.68, 0.01, 0.68, 0.76, 0.01, 0.9, 0.18, 0.68, 0.9, 0.51, 0.68, 0.34, 0.23, 0.09, 0.68, 0.68, 0.34, 0.08233333333333333, 0.3323333333333333, 0.1101111111111111, 0.43, 0.68, 0.68, 0.51, 0.09, 0.34, 0.01, 0.76, 0.68, 0.45]"
672,AAAAAAAAAAAAAAAAAAAGZUYBYDYKVEQAHLWRSMQ_192,4,2,2,159.38601409200055,25,0.0996918241182963,0.9003081758817036,0.9471206352114676,0.682808072368304,0.9336359977722168,0.1036641438802083,0.896333846822381,0.9447220406184594,0.6781208919982116,0.9319106658299764,"[0.08233333333333333, 0.3323333333333333, 0.1101111111111111, 0.08233333333333333, 0.3323333333333333, 0.1101111111111111, 0.3323333333333333, 0.08233333333333333, 0.3323333333333333, 0.1101111111111111, 0.08233333333333333, 0.3323333333333333, 0.1101111111111111, 0.499, 0.08233333333333333, 0.3323333333333333, 0.1101111111111111, 0.08233333333333333, 0.3323333333333333, 0.1101111111111111, 0.3323333333333333, 0.08233333333333333, 0.3323333333333333, 0.1101111111111111, 0.08233333333333333, 0.3323333333333333, 0.1101111111111111, 0.499, 0.08233333333333333, 0.3323333333333333, 0.1101111111111111, 0.34, 0.68, 0.23, 0.34, 0.18, 0.01, 0.01, 0.43, 0.01, 0.01, 0.51, 0.93, 0.01, 0.68, 0.51, 0.34, 0.34, 0.34, 0.08233333333333333, 0.3323333333333333, 0.1101111111111111, 0.43, 0.34, 0.57, 0.01, 0.76, 0.01, 0.45, 0.59, 0.68, 0.34]"
673,YTCX3A7TEAAYV7WCQAAGAEAAYYABQOQAPYAAAUA_192,4,2,4,349.07246044800013,25,0.6848678951462109,0.315132104853789,0.4772896697123845,0.25259613742431,0.2877537091573079,0.6816053640097379,0.3183969411998987,0.4813904918730259,0.2548156349609295,0.291573143005371,"[0.68, 0.34, 0.23, 0.09, 0.34, 0.57, 0.68, 0.34, 0.01, 0.23, 0.84, 0.01, 0.9, 0.51, 0.08233333333333333, 0.3323333333333333, 0.1101111111111111, 0.18, 0.01, 0.68, 0.34, 0.84, 0.68, 0.45, 0.09, 0.34, 0.01, 0.01, 0.08233333333333333, 0.3323333333333333, 0.1101111111111111, 0.34, 0.01, 0.01, 0.34, 0.08233333333333333, 0.3323333333333333, 0.1101111111111111, 0.18, 0.01, 0.45, 0.01, 0.08233333333333333, 0.3323333333333333, 0.1101111111111111, 0.68, 0.01, 0.57, 0.34, 0.08233333333333333, 0.3323333333333333, 0.1101111111111111, 0.84, 0.68, 0.01, 0.01, 0.08233333333333333, 0.3323333333333333, 0.1101111111111111, 0.09, 0.34, 0.01]"
674,AAAAAAAAAAAYPKCJSGLPJ5W5CMAANLQAGIQACMY_192,4,2,3,195.84959482200065,25,0.1264622896909713,0.8735377103090286,0.9319014936685562,0.6622531369328499,0.9273287455240884,0.1417288433760404,0.8582699624200661,0.9224909444650016,0.6534278689573209,0.9229841709136964,"[0.08233333333333333, 0.3323333333333333, 0.1101111111111111, 0.08233333333333333, 0.3323333333333333, 0.1101111111111111, 0.3323333333333333, 0.08233333333333333, 0.3323333333333333, 0.1101111111111111, 0.08233333333333333, 0.3323333333333333, 0.1101111111111111, 0.499, 0.08233333333333333, 0.3323333333333333, 0.1101111111111111, 0.18, 0.01, 0.23, 0.68, 0.51, 0.01, 0.34, 0.59, 0.68, 0.34, 0.01, 0.34, 0.34, 0.45, 0.84, 0.34, 0.23, 0.68, 0.34, 0.68, 0.57, 0.59, 0.34, 0.23, 0.01, 0.08233333333333333, 0.3323333333333333, 0.1101111111111111, 0.18, 0.34, 0.68, 0.68, 0.08233333333333333, 0.3323333333333333, 0.1101111111111111, 0.34, 0.34, 0.12, 0.01, 0.08233333333333333, 0.3323333333333333, 0.1101111111111111, 0.59, 0.68, 0.23]"
675,AAAAAAAAAAAAAAAAAEKHKUAD6ETHZZ7D4J6Q2NQ_192,4,2,2,557.3260867620011,25,0.0541168689727783,0.9458831310272215,0.9721182078123092,0.7133756369352341,0.9462169647216796,0.0519143739094336,0.9480847626924516,0.9732779343922932,0.7152393649021784,0.9468538284301756,"[0.08233333333333333, 0.3323333333333333, 0.1101111111111111, 0.08233333333333333, 0.3323333333333333, 0.1101111111111111, 0.3323333333333333, 0.08233333333333333, 0.3323333333333333, 0.1101111111111111, 0.08233333333333333, 0.3323333333333333, 0.1101111111111111, 0.499, 0.08233333333333333, 0.3323333333333333, 0.1101111111111111, 0.08233333333333333, 0.3323333333333333, 0.1101111111111111, 0.3323333333333333, 0.08233333333333333, 0.3323333333333333, 0.1101111111111111, 0.08233333333333333, 0.3323333333333333, 0.1101111111111111, 0.499, 0.59, 0.34, 0.79, 0.43, 0.34, 0.68, 0.34, 0.08233333333333333, 0.3323333333333333, 0.1101111111111111, 0.84, 0.68, 0.12, 0.01, 0.59, 0.68, 0.23, 0.93, 0.34, 0.9, 0.68, 0.84, 0.01, 0.57, 0.68, 0.34, 0.23, 0.51, 0.76, 0.01, 0.23, 0.59, 0.68, 0.45]"
676,AAAAAAAAAAAAAAAAAN2VLFKRQDRCXN7LWZ2NCNI_192,4,2,2,247.0676053930001,25,0.0589936842521031,0.9410063157478968,0.9694581766923268,0.7134655738870302,0.9456580797831218,0.056517082080245,0.9434810935209196,0.9708031705270213,0.7139960378408432,0.9454691330591838,"[0.08233333333333333, 0.3323333333333333, 0.1101111111111111, 0.08233333333333333, 0.3323333333333333, 0.1101111111111111, 0.3323333333333333, 0.08233333333333333, 0.3323333333333333, 0.1101111111111111, 0.08233333333333333, 0.3323333333333333, 0.1101111111111111, 0.499, 0.08233333333333333, 0.3323333333333333, 0.1101111111111111, 0.08233333333333333, 0.3323333333333333, 0.1101111111111111, 0.3323333333333333, 0.08233333333333333, 0.3323333333333333, 0.1101111111111111, 0.08233333333333333, 0.3323333333333333, 0.1101111111111111, 0.499, 0.76, 0.68, 0.68, 0.51, 0.34, 0.45, 0.34, 0.51, 0.34, 0.79, 0.34, 0.01, 0.01, 0.51, 0.68, 0.34, 0.12, 0.51, 0.68, 0.45, 0.68, 0.84, 0.34, 0.57, 0.34, 0.68, 0.23, 0.51, 0.59, 0.68, 0.79, 0.59, 0.68, 0.68]"
677,AA4DPUOMXSA2XAA7VELSBPG5CYABZZQAGKDAYXA_192,4,2,4,1567.7155571289986,25,0.1930365189909935,0.8069634810090065,0.8919161399205525,0.6132139210899671,0.8996317863464356,0.1915128589918216,0.8084808476269245,0.8925769456972679,0.6113171879202127,0.9023885329564412,"[0.08233333333333333, 0.3323333333333333, 0.1101111111111111, 0.93, 0.01, 0.23, 0.34, 0.84, 0.34, 0.12, 0.68, 0.68, 0.34, 0.51, 0.93, 0.34, 0.01, 0.18, 0.34, 0.68, 0.68, 0.08233333333333333, 0.3323333333333333, 0.1101111111111111, 0.84, 0.68, 0.68, 0.01, 0.59, 0.34, 0.57, 0.26, 0.01, 0.34, 0.68, 0.68, 0.68, 0.57, 0.59, 0.34, 0.45, 0.01, 0.08233333333333333, 0.3323333333333333, 0.1101111111111111, 0.93, 0.34, 0.9, 0.68, 0.08233333333333333, 0.3323333333333333, 0.1101111111111111, 0.34, 0.34, 0.79, 0.01, 0.34, 0.01, 0.23, 0.09, 0.34, 0.9]"
678,AAAAAAAAAAAAAAAAABICIMAAWFYL4MQABAR5LEQ_192,4,2,2,173.0924717269991,25,0.1770930578311284,0.8229069421688716,0.901039071381092,0.641202300786972,0.9126386960347492,0.1831685177981853,0.8168288756161928,0.897747981796662,0.6350268233567476,0.90781512260437,"[0.08233333333333333, 0.3323333333333333, 0.1101111111111111, 0.08233333333333333, 0.3323333333333333, 0.1101111111111111, 0.3323333333333333, 0.08233333333333333, 0.3323333333333333, 0.1101111111111111, 0.08233333333333333, 0.3323333333333333, 0.1101111111111111, 0.499, 0.08233333333333333, 0.3323333333333333, 0.1101111111111111, 0.08233333333333333, 0.3323333333333333, 0.1101111111111111, 0.3323333333333333, 0.08233333333333333, 0.3323333333333333, 0.1101111111111111, 0.08233333333333333, 0.3323333333333333, 0.1101111111111111, 0.499, 0.09, 0.34, 0.01, 0.26, 0.34, 0.01, 0.68, 0.08233333333333333, 0.3323333333333333, 0.1101111111111111, 0.26, 0.68, 0.12, 0.01, 0.93, 0.01, 0.68, 0.84, 0.01, 0.45, 0.34, 0.08233333333333333, 0.3323333333333333, 0.1101111111111111, 0.09, 0.01, 0.12, 0.01, 0.18, 0.68, 0.68, 0.34, 0.34, 0.34]"
679,KMHXYAGVYAAK5IFCQFOB6FTQIB5HQM4JNZIAD4Y_192,4,2,4,224.9451858860012,25,0.4047484830021858,0.5952515169978142,0.7437634681661923,0.4789252956708272,0.8192978858947754,0.404135039076209,0.5958399002750715,0.7441770952194929,0.479298248142004,0.8198077758153279,"[0.51, 0.01, 0.9, 0.18, 0.68, 0.57, 0.68, 0.08233333333333333, 0.3323333333333333, 0.1101111111111111, 0.76, 0.34, 0.57, 0.01, 0.08233333333333333, 0.3323333333333333, 0.1101111111111111, 0.09, 0.34, 0.57, 0.34, 0.59, 0.01, 0.68, 0.09, 0.34, 0.01, 0.01, 0.51, 0.34, 0.9, 0.09, 0.68, 0.9, 0.34, 0.34, 0.34, 0.9, 0.09, 0.01, 0.01, 0.01, 0.84, 0.34, 0.23, 0.68, 0.01, 0.45, 0.34, 0.68, 0.34, 0.34, 0.76, 0.68, 0.34, 0.51, 0.08233333333333333, 0.3323333333333333, 0.1101111111111111, 0.43, 0.68, 0.23]"
680,6M2X6VBFB7TG3AAHRQAG34ABSYABRA63VYPFSEA_192,4,2,4,550.5419716249999,25,0.061947177350521,0.9380528226494788,0.967911163965861,0.720369823773702,0.9444586435953776,0.0579547387858231,0.941995804135998,0.9700487470875184,0.7222801725069682,0.9461554368336996,"[0.84, 0.01, 0.9, 0.76, 0.34, 0.57, 0.68, 0.76, 0.34, 0.79, 0.26, 0.34, 0.79, 0.01, 0.43, 0.68, 0.9, 0.68, 0.68, 0.45, 0.68, 0.08233333333333333, 0.3323333333333333, 0.1101111111111111, 0.18, 0.68, 0.12, 0.51, 0.08233333333333333, 0.3323333333333333, 0.1101111111111111, 0.34, 0.68, 0.57, 0.68, 0.08233333333333333, 0.3323333333333333, 0.1101111111111111, 0.34, 0.34, 0.45, 0.01, 0.08233333333333333, 0.3323333333333333, 0.1101111111111111, 0.68, 0.34, 0.01, 0.34, 0.93, 0.68, 0.57, 0.51, 0.68, 0.01, 0.51, 0.93, 0.34, 0.45, 0.59, 0.34, 0.01]"
681,AAAAAAAAA2UK5AAHTPZHCNAEICAALAQAOAPURFQ_192,4,2,3,183.24937099899944,25,0.1193763097127278,0.8806236902872722,0.9358108763893446,0.6800637717048327,0.9303263982137044,0.1263165660202503,0.8736573111265897,0.9314462994535764,0.6780377217878898,0.9273913065592448,"[0.08233333333333333, 0.3323333333333333, 0.1101111111111111, 0.08233333333333333, 0.3323333333333333, 0.1101111111111111, 0.3323333333333333, 0.08233333333333333, 0.3323333333333333, 0.1101111111111111, 0.08233333333333333, 0.3323333333333333, 0.1101111111111111, 0.499, 0.18, 0.34, 0.68, 0.09, 0.34, 0.57, 0.34, 0.08233333333333333, 0.3323333333333333, 0.1101111111111111, 0.18, 0.68, 0.23, 0.01, 0.84, 0.68, 0.34, 0.43, 0.01, 0.79, 0.68, 0.59, 0.01, 0.12, 0.09, 0.01, 0.01, 0.51, 0.08233333333333333, 0.3323333333333333, 0.1101111111111111, 0.26, 0.68, 0.01, 0.34, 0.08233333333333333, 0.3323333333333333, 0.1101111111111111, 0.93, 0.01, 0.01, 0.51, 0.84, 0.34, 0.34, 0.26, 0.34, 0.45]"
682,AANQPNCEUAB6BAAKAQANOHGRC2HJ4DXIWAQADRA_192,4,2,4,608.0017155450005,25,0.0587710469961166,0.9412289530038832,0.9696031232674917,0.713912791510423,0.9440760612487792,0.0512507546693086,0.9487472369025152,0.9736390473941962,0.7183158049980799,0.9467533747355144,"[0.08233333333333333, 0.3323333333333333, 0.1101111111111111, 0.34, 0.68, 0.01, 0.34, 0.93, 0.68, 0.79, 0.59, 0.34, 0.34, 0.51, 0.08233333333333333, 0.3323333333333333, 0.1101111111111111, 0.43, 0.68, 0.01, 0.34, 0.08233333333333333, 0.3323333333333333, 0.1101111111111111, 0.51, 0.01, 0.01, 0.51, 0.08233333333333333, 0.3323333333333333, 0.1101111111111111, 0.76, 0.34, 0.9, 0.34, 0.68, 0.68, 0.79, 0.59, 0.34, 0.45, 0.51, 0.09, 0.68, 0.79, 0.84, 0.01, 0.12, 0.68, 0.43, 0.34, 0.12, 0.34, 0.01, 0.12, 0.01, 0.08233333333333333, 0.3323333333333333, 0.1101111111111111, 0.43, 0.01, 0.79]"
683,AAAAAAAAAABYNAA2DVIGCEAA3T7CMZQANCSTC4I_192,4,2,3,199.4005004249993,25,0.0940502002835273,0.9059497997164726,0.9501468633611996,0.6956896310051283,0.9365676879882812,0.0957094049702088,0.904283194243908,0.9493083006391922,0.6937363804628451,0.9356517712275187,"[0.08233333333333333, 0.3323333333333333, 0.1101111111111111, 0.08233333333333333, 0.3323333333333333, 0.1101111111111111, 0.3323333333333333, 0.08233333333333333, 0.3323333333333333, 0.1101111111111111, 0.08233333333333333, 0.3323333333333333, 0.1101111111111111, 0.499, 0.08233333333333333, 0.3323333333333333, 0.1101111111111111, 0.43, 0.01, 0.23, 0.34, 0.08233333333333333, 0.3323333333333333, 0.1101111111111111, 0.76, 0.01, 0.23, 0.51, 0.51, 0.34, 0.01, 0.34, 0.01, 0.79, 0.34, 0.08233333333333333, 0.3323333333333333, 0.1101111111111111, 0.18, 0.34, 0.9, 0.51, 0.84, 0.68, 0.12, 0.18, 0.01, 0.9, 0.68, 0.08233333333333333, 0.3323333333333333, 0.1101111111111111, 0.76, 0.01, 0.68, 0.01, 0.51, 0.01, 0.9, 0.51, 0.68, 0.12]"
684,AAAAAAAADOR6TNSOTDICLHQ5SD4MXZQAPYYAHEY_192,4,2,3,363.9865146430002,25,0.0683116699258486,0.9316883300741512,0.9644661570588748,0.7106569031874339,0.9432860056559244,0.0657099785904089,0.93428604491055,0.9658430859446524,0.711755354081591,0.944193164507548,"[0.08233333333333333, 0.3323333333333333, 0.1101111111111111, 0.08233333333333333, 0.3323333333333333, 0.1101111111111111, 0.3323333333333333, 0.08233333333333333, 0.3323333333333333, 0.1101111111111111, 0.08233333333333333, 0.3323333333333333, 0.1101111111111111, 0.499, 0.76, 0.68, 0.79, 0.43, 0.68, 0.79, 0.68, 0.34, 0.68, 0.34, 0.43, 0.34, 0.23, 0.01, 0.18, 0.34, 0.01, 0.26, 0.34, 0.45, 0.34, 0.93, 0.01, 0.57, 0.34, 0.34, 0.01, 0.51, 0.84, 0.01, 0.45, 0.51, 0.68, 0.9, 0.68, 0.08233333333333333, 0.3323333333333333, 0.1101111111111111, 0.84, 0.68, 0.12, 0.51, 0.08233333333333333, 0.3323333333333333, 0.1101111111111111, 0.93, 0.34, 0.23]"
685,AAAAAAAAAABQZAAEGDJ4DUABYMJK7CQAGBIAGHA_192,4,2,3,160.50516966900068,25,0.1207117875417073,0.8792882124582927,0.9350459784269332,0.6745284164945284,0.929140853881836,0.1232568071534236,0.8767401256908973,0.9336203154176472,0.674471091479063,0.9286749283472696,"[0.08233333333333333, 0.3323333333333333, 0.1101111111111111, 0.08233333333333333, 0.3323333333333333, 0.1101111111111111, 0.3323333333333333, 0.08233333333333333, 0.3323333333333333, 0.1101111111111111, 0.08233333333333333, 0.3323333333333333, 0.1101111111111111, 0.499, 0.08233333333333333, 0.3323333333333333, 0.1101111111111111, 0.34, 0.01, 0.45, 0.34, 0.08233333333333333, 0.3323333333333333, 0.1101111111111111, 0.26, 0.01, 0.45, 0.01, 0.18, 0.34, 0.23, 0.68, 0.01, 0.57, 0.34, 0.08233333333333333, 0.3323333333333333, 0.1101111111111111, 0.43, 0.01, 0.23, 0.01, 0.26, 0.34, 0.68, 0.43, 0.68, 0.12, 0.34, 0.08233333333333333, 0.3323333333333333, 0.1101111111111111, 0.34, 0.01, 0.34, 0.51, 0.08233333333333333, 0.3323333333333333, 0.1101111111111111, 0.68, 0.34, 0.9]"
686,PRIUPDHPAAB67AAO4CKOAEAAI64O3CQAP22PB4Q_192,4,2,4,2839.791006894002,25,0.6786300147573153,0.3213699852426847,0.4847147663434346,0.2567098726828893,0.2946591059366862,0.6831670590986808,0.3168336701889833,0.4792136260618766,0.253660915295283,0.2898467938105265,"[0.43, 0.68, 0.12, 0.59, 0.34, 0.79, 0.34, 0.93, 0.01, 0.9, 0.93, 0.68, 0.9, 0.01, 0.08233333333333333, 0.3323333333333333, 0.1101111111111111, 0.43, 0.68, 0.57, 0.68, 0.08233333333333333, 0.3323333333333333, 0.1101111111111111, 0.43, 0.34, 0.9, 0.01, 0.26, 0.34, 0.79, 0.93, 0.01, 0.01, 0.34, 0.08233333333333333, 0.3323333333333333, 0.1101111111111111, 0.09, 0.01, 0.57, 0.51, 0.43, 0.01, 0.57, 0.34, 0.68, 0.12, 0.34, 0.08233333333333333, 0.3323333333333333, 0.1101111111111111, 0.84, 0.68, 0.68, 0.51, 0.59, 0.68, 0.9, 0.18, 0.68, 0.34]"
687,AAAAAAAAAAD2DAA2ATISLVKFGUABYDQABDKBTVI_192,4,2,3,305.1958031670001,25,0.1282249237100283,0.8717750762899716,0.9309517085552216,0.6571825459599495,0.9254514058430988,0.1303671160091956,0.8696310203522444,0.9293221818904082,0.6563757042090098,0.9248463948567708,"[0.08233333333333333, 0.3323333333333333, 0.1101111111111111, 0.08233333333333333, 0.3323333333333333, 0.1101111111111111, 0.3323333333333333, 0.08233333333333333, 0.3323333333333333, 0.1101111111111111, 0.08233333333333333, 0.3323333333333333, 0.1101111111111111, 0.499, 0.08233333333333333, 0.3323333333333333, 0.1101111111111111, 0.84, 0.34, 0.01, 0.68, 0.08233333333333333, 0.3323333333333333, 0.1101111111111111, 0.76, 0.01, 0.01, 0.51, 0.18, 0.34, 0.12, 0.26, 0.34, 0.57, 0.34, 0.51, 0.34, 0.12, 0.59, 0.68, 0.68, 0.01, 0.08233333333333333, 0.3323333333333333, 0.1101111111111111, 0.93, 0.01, 0.12, 0.68, 0.08233333333333333, 0.3323333333333333, 0.1101111111111111, 0.09, 0.01, 0.45, 0.51, 0.59, 0.01, 0.45, 0.43, 0.34, 0.68]"
688,KS3T3AGA7C7KZAAG4AAGL4ABASAB7KQAMLLE34I_192,4,2,4,335.10493884899915,25,0.0526970282196998,0.9473029717803,0.9728721092144648,0.7200234234333038,0.946269162495931,0.0485382704685131,0.9514554671943188,0.9750726448992888,0.721632099399964,0.9477649768193562,"[0.51, 0.34, 0.34, 0.76, 0.68, 0.23, 0.68, 0.34, 0.01, 0.01, 0.68, 0.01, 0.23, 0.51, 0.68, 0.34, 0.57, 0.76, 0.34, 0.45, 0.34, 0.08233333333333333, 0.3323333333333333, 0.1101111111111111, 0.18, 0.34, 0.9, 0.01, 0.08233333333333333, 0.3323333333333333, 0.1101111111111111, 0.34, 0.34, 0.57, 0.68, 0.08233333333333333, 0.3323333333333333, 0.1101111111111111, 0.59, 0.01, 0.79, 0.51, 0.08233333333333333, 0.3323333333333333, 0.1101111111111111, 0.84, 0.68, 0.68, 0.34, 0.08233333333333333, 0.3323333333333333, 0.1101111111111111, 0.68, 0.34, 0.45, 0.51, 0.34, 0.34, 0.23, 0.43, 0.68, 0.12]"
689,AAKE3A2ELCB2B6EIMQAMCMABKCAB4DUYUOBRDRI_192,4,2,4,220.5074033380006,25,0.0716310898462931,0.9283689101537068,0.9626462693015736,0.7105994656682014,0.941611671447754,0.0703928273171186,0.9296040459225576,0.9633441573629776,0.7114050389577945,0.9425708611806234,"[0.08233333333333333, 0.3323333333333333, 0.1101111111111111, 0.51, 0.01, 0.79, 0.68, 0.34, 0.01, 0.23, 0.59, 0.34, 0.12, 0.01, 0.68, 0.34, 0.01, 0.43, 0.34, 0.01, 0.34, 0.84, 0.01, 0.79, 0.59, 0.01, 0.9, 0.51, 0.08233333333333333, 0.3323333333333333, 0.1101111111111111, 0.68, 0.01, 0.79, 0.68, 0.08233333333333333, 0.3323333333333333, 0.1101111111111111, 0.51, 0.34, 0.01, 0.51, 0.08233333333333333, 0.3323333333333333, 0.1101111111111111, 0.84, 0.01, 0.12, 0.68, 0.59, 0.68, 0.12, 0.59, 0.34, 0.9, 0.01, 0.18, 0.01, 0.79, 0.43, 0.01, 0.68]"
690,AAAAAAAAASEWZAA7UD26JUAAILVY3OUKEGAAHUQ_192,4,2,3,431.73764821900113,25,0.0808220302065213,0.9191779697934788,0.957689343392849,0.6950299486517906,0.940329360961914,0.0737357635051012,0.9262633288900056,0.9615426017592352,0.6997954354931911,0.9423352241516112,"[0.08233333333333333, 0.3323333333333333, 0.1101111111111111, 0.08233333333333333, 0.3323333333333333, 0.1101111111111111, 0.3323333333333333, 0.08233333333333333, 0.3323333333333333, 0.1101111111111111, 0.08233333333333333, 0.3323333333333333, 0.1101111111111111, 0.499, 0.26, 0.34, 0.12, 0.26, 0.68, 0.45, 0.34, 0.08233333333333333, 0.3323333333333333, 0.1101111111111111, 0.84, 0.68, 0.79, 0.01, 0.18, 0.68, 0.68, 0.93, 0.34, 0.23, 0.34, 0.08233333333333333, 0.3323333333333333, 0.1101111111111111, 0.09, 0.01, 0.34, 0.51, 0.76, 0.34, 0.9, 0.34, 0.68, 0.57, 0.34, 0.59, 0.34, 0.79, 0.59, 0.01, 0.9, 0.01, 0.08233333333333333, 0.3323333333333333, 0.1101111111111111, 0.84, 0.34, 0.34]"
691,AAEEK4XF7S4QPAAMRSZT3UKR6EICXZSARJCFZTA_192,4,2,4,426.697819246001,25,0.1307248642047246,0.8692751357952754,0.9292101462682087,0.6726566900809606,0.9277351379394532,0.1308747312674919,0.8691210016608238,0.929055866226554,0.6717255285630623,0.9249912897745768,"[0.08233333333333333, 0.3323333333333333, 0.1101111111111111, 0.26, 0.01, 0.79, 0.34, 0.51, 0.68, 0.34, 0.93, 0.34, 0.57, 0.51, 0.93, 0.34, 0.57, 0.26, 0.01, 0.23, 0.68, 0.08233333333333333, 0.3323333333333333, 0.1101111111111111, 0.34, 0.34, 0.12, 0.51, 0.26, 0.68, 0.23, 0.18, 0.68, 0.57, 0.34, 0.09, 0.34, 0.79, 0.43, 0.68, 0.12, 0.01, 0.26, 0.01, 0.12, 0.51, 0.68, 0.9, 0.68, 0.26, 0.01, 0.12, 0.09, 0.34, 0.34, 0.01, 0.59, 0.34, 0.57, 0.18, 0.01, 0.9]"
692,AAAAAAAAAAAAAAAAAAANOEADAAAA3N4OEIXFTNI_192,4,2,2,236.49893991299905,25,0.0863808845480283,0.9136191154519716,0.9544883882006008,0.6849160393079122,0.938134225209554,0.0935730271041393,0.906426075597604,0.9504638190070788,0.6778786341349284,0.9357308705647788,"[0.08233333333333333, 0.3323333333333333, 0.1101111111111111, 0.08233333333333333, 0.3323333333333333, 0.1101111111111111, 0.3323333333333333, 0.08233333333333333, 0.3323333333333333, 0.1101111111111111, 0.08233333333333333, 0.3323333333333333, 0.1101111111111111, 0.499, 0.08233333333333333, 0.3323333333333333, 0.1101111111111111, 0.08233333333333333, 0.3323333333333333, 0.1101111111111111, 0.3323333333333333, 0.08233333333333333, 0.3323333333333333, 0.1101111111111111, 0.08233333333333333, 0.3323333333333333, 0.1101111111111111, 0.499, 0.08233333333333333, 0.3323333333333333, 0.1101111111111111, 0.76, 0.34, 0.9, 0.34, 0.08233333333333333, 0.3323333333333333, 0.1101111111111111, 0.68, 0.01, 0.01, 0.01, 0.08233333333333333, 0.3323333333333333, 0.1101111111111111, 0.34, 0.68, 0.45, 0.68, 0.68, 0.34, 0.9, 0.59, 0.34, 0.12, 0.01, 0.93, 0.34, 0.45, 0.34, 0.68, 0.68]"
693,AAAAAAAAAAD65AAKCAAM3FSVKWAA5GQAEAIABVI_192,4,2,3,276.5404732700008,25,0.0809906472762425,0.9190093527237574,0.9575634191433589,0.7018200437227885,0.9397294998168946,0.0812538320819536,0.9187448552499214,0.9573325240363676,0.6998888755838076,0.9394363403320312,"[0.08233333333333333, 0.3323333333333333, 0.1101111111111111, 0.08233333333333333, 0.3323333333333333, 0.1101111111111111, 0.3323333333333333, 0.08233333333333333, 0.3323333333333333, 0.1101111111111111, 0.08233333333333333, 0.3323333333333333, 0.1101111111111111, 0.499, 0.08233333333333333, 0.3323333333333333, 0.1101111111111111, 0.84, 0.68, 0.57, 0.34, 0.08233333333333333, 0.3323333333333333, 0.1101111111111111, 0.51, 0.01, 0.34, 0.01, 0.08233333333333333, 0.3323333333333333, 0.1101111111111111, 0.68, 0.68, 0.45, 0.34, 0.34, 0.34, 0.68, 0.51, 0.34, 0.68, 0.51, 0.08233333333333333, 0.3323333333333333, 0.1101111111111111, 0.43, 0.34, 0.23, 0.34, 0.08233333333333333, 0.3323333333333333, 0.1101111111111111, 0.59, 0.01, 0.01, 0.51, 0.08233333333333333, 0.3323333333333333, 0.1101111111111111, 0.18, 0.34, 0.68]"
694,PRYWY4D54OFYDAAPTWDTDEADDQAA3GQAGLRUA5Y_192,4,2,4,224.5094509590017,25,0.0996537456909815,0.9003462543090185,0.94716969927152,0.7008372783660889,0.9347885767618817,0.1066867470741272,0.8932927840699753,0.9430982240786157,0.6964160294582447,0.9323440710703532,"[0.43, 0.68, 0.12, 0.68, 0.34, 0.45, 0.68, 0.09, 0.68, 0.01, 0.43, 0.68, 0.57, 0.51, 0.09, 0.68, 0.12, 0.43, 0.01, 0.01, 0.68, 0.08233333333333333, 0.3323333333333333, 0.1101111111111111, 0.43, 0.68, 0.23, 0.51, 0.34, 0.01, 0.57, 0.18, 0.01, 0.45, 0.34, 0.08233333333333333, 0.3323333333333333, 0.1101111111111111, 0.68, 0.34, 0.9, 0.01, 0.08233333333333333, 0.3323333333333333, 0.1101111111111111, 0.34, 0.68, 0.23, 0.34, 0.08233333333333333, 0.3323333333333333, 0.1101111111111111, 0.34, 0.34, 0.57, 0.01, 0.18, 0.34, 0.01, 0.09, 0.68, 0.57]"
695,AAAAAAAAAADLTOTKEPDBJXY52MABZZQANOGVDUI_192,4,2,3,351.53056205400003,25,0.1158129731814066,0.8841870268185933,0.9381228615840276,0.6778005828460058,0.9315443992614746,0.1152892577151457,0.8847047449400027,0.9384317313631376,0.6777771095434825,0.931539821624756,"[0.08233333333333333, 0.3323333333333333, 0.1101111111111111, 0.08233333333333333, 0.3323333333333333, 0.1101111111111111, 0.3323333333333333, 0.08233333333333333, 0.3323333333333333, 0.1101111111111111, 0.08233333333333333, 0.3323333333333333, 0.1101111111111111, 0.499, 0.08233333333333333, 0.3323333333333333, 0.1101111111111111, 0.76, 0.34, 0.9, 0.68, 0.43, 0.34, 0.23, 0.51, 0.01, 0.79, 0.01, 0.84, 0.01, 0.45, 0.09, 0.34, 0.23, 0.34, 0.84, 0.01, 0.57, 0.43, 0.34, 0.23, 0.01, 0.08233333333333333, 0.3323333333333333, 0.1101111111111111, 0.93, 0.34, 0.9, 0.68, 0.08233333333333333, 0.3323333333333333, 0.1101111111111111, 0.76, 0.34, 0.9, 0.01, 0.76, 0.34, 0.79, 0.43, 0.34, 0.12]"
696,AAAAAAAAAAAAAAAAAAAM2MAB2PUCPLQABIQABVI_192,4,2,2,176.14860801500026,25,0.1220647156238556,0.8779352843761444,0.9344040527939796,0.6763266056776047,0.9257431348164876,0.1327976197004318,0.8671897814919551,0.9280835223694642,0.6690917709221442,0.9235979239145916,"[0.08233333333333333, 0.3323333333333333, 0.1101111111111111, 0.08233333333333333, 0.3323333333333333, 0.1101111111111111, 0.3323333333333333, 0.08233333333333333, 0.3323333333333333, 0.1101111111111111, 0.08233333333333333, 0.3323333333333333, 0.1101111111111111, 0.499, 0.08233333333333333, 0.3323333333333333, 0.1101111111111111, 0.08233333333333333, 0.3323333333333333, 0.1101111111111111, 0.3323333333333333, 0.08233333333333333, 0.3323333333333333, 0.1101111111111111, 0.08233333333333333, 0.3323333333333333, 0.1101111111111111, 0.499, 0.08233333333333333, 0.3323333333333333, 0.1101111111111111, 0.68, 0.68, 0.79, 0.68, 0.08233333333333333, 0.3323333333333333, 0.1101111111111111, 0.43, 0.34, 0.23, 0.51, 0.76, 0.01, 0.12, 0.18, 0.68, 0.68, 0.68, 0.08233333333333333, 0.3323333333333333, 0.1101111111111111, 0.09, 0.34, 0.12, 0.01, 0.08233333333333333, 0.3323333333333333, 0.1101111111111111, 0.18, 0.34, 0.68]"
697,AAAAAAAAAAAAAAAAAAAHYXCM3SAAFPQABJYAHAY_192,4,2,2,196.54618586800007,25,0.1883613934119542,0.8116386065880458,0.8945822412769,0.6551434814929962,0.9031285603841146,0.202465563143293,0.797473881393671,0.8854605042686065,0.6470765409370264,0.8975607236226399,"[0.08233333333333333, 0.3323333333333333, 0.1101111111111111, 0.08233333333333333, 0.3323333333333333, 0.1101111111111111, 0.3323333333333333, 0.08233333333333333, 0.3323333333333333, 0.1101111111111111, 0.08233333333333333, 0.3323333333333333, 0.1101111111111111, 0.499, 0.08233333333333333, 0.3323333333333333, 0.1101111111111111, 0.08233333333333333, 0.3323333333333333, 0.1101111111111111, 0.3323333333333333, 0.08233333333333333, 0.3323333333333333, 0.1101111111111111, 0.08233333333333333, 0.3323333333333333, 0.1101111111111111, 0.499, 0.08233333333333333, 0.3323333333333333, 0.1101111111111111, 0.43, 0.68, 0.12, 0.34, 0.68, 0.34, 0.23, 0.18, 0.34, 0.9, 0.51, 0.08233333333333333, 0.3323333333333333, 0.1101111111111111, 0.09, 0.34, 0.57, 0.68, 0.08233333333333333, 0.3323333333333333, 0.1101111111111111, 0.09, 0.34, 0.23, 0.51, 0.08233333333333333, 0.3323333333333333, 0.1101111111111111, 0.93, 0.01, 0.23]"
698,AAAAAAAABCPKP3TZSF6C2EABO2AAML7LWJBRHQY_192,4,2,3,456.462701898,25,0.0744628901282946,0.9255371098717052,0.961039583881696,0.7004782398541768,0.941171932220459,0.0746850491811831,0.9253136756519476,0.9609870954106252,0.7008039638400078,0.941014011700948,"[0.08233333333333333, 0.3323333333333333, 0.1101111111111111, 0.08233333333333333, 0.3323333333333333, 0.1101111111111111, 0.3323333333333333, 0.08233333333333333, 0.3323333333333333, 0.1101111111111111, 0.08233333333333333, 0.3323333333333333, 0.1101111111111111, 0.499, 0.59, 0.34, 0.23, 0.76, 0.34, 0.23, 0.68, 0.76, 0.68, 0.23, 0.68, 0.68, 0.34, 0.01, 0.51, 0.68, 0.9, 0.26, 0.68, 0.79, 0.34, 0.08233333333333333, 0.3323333333333333, 0.1101111111111111, 0.51, 0.68, 0.45, 0.51, 0.08233333333333333, 0.3323333333333333, 0.1101111111111111, 0.18, 0.01, 0.68, 0.68, 0.84, 0.34, 0.57, 0.34, 0.34, 0.34, 0.01, 0.18, 0.01, 0.79, 0.84, 0.01, 0.23]"
699,AAAAAAAAAADRTAAEAAAOJUADOBTAVPQAN3OHDXA_192,4,2,3,843.0612501240003,25,0.0653204361597697,0.9346795638402304,0.9661423886815708,0.7077187975247701,0.9441632270812989,0.0645625417431195,0.9354356644054254,0.9664897213379542,0.7082898654043674,0.9448372999827068,"[0.08233333333333333, 0.3323333333333333, 0.1101111111111111, 0.08233333333333333, 0.3323333333333333, 0.1101111111111111, 0.3323333333333333, 0.08233333333333333, 0.3323333333333333, 0.1101111111111111, 0.08233333333333333, 0.3323333333333333, 0.1101111111111111, 0.499, 0.08233333333333333, 0.3323333333333333, 0.1101111111111111, 0.93, 0.01, 0.9, 0.68, 0.08233333333333333, 0.3323333333333333, 0.1101111111111111, 0.26, 0.01, 0.01, 0.01, 0.08233333333333333, 0.3323333333333333, 0.1101111111111111, 0.93, 0.34, 0.23, 0.34, 0.08233333333333333, 0.3323333333333333, 0.1101111111111111, 0.76, 0.68, 0.01, 0.01, 0.68, 0.68, 0.01, 0.51, 0.34, 0.57, 0.68, 0.08233333333333333, 0.3323333333333333, 0.1101111111111111, 0.76, 0.68, 0.45, 0.51, 0.68, 0.34, 0.9, 0.43, 0.34, 0.9]"
700,AAAAAAAAAAAAAAAAAAAMZEPQ6OLMXPWGDDQUJNI_192,4,2,2,1420.0487555220025,25,0.6820687194665273,0.3179312805334727,0.4808917467792828,0.2474838003516197,0.2890490849812825,0.6802212012310823,0.3197572433700164,0.4827416638533274,0.2485412960251172,0.2913338899612426,"[0.08233333333333333, 0.3323333333333333, 0.1101111111111111, 0.08233333333333333, 0.3323333333333333, 0.1101111111111111, 0.3323333333333333, 0.08233333333333333, 0.3323333333333333, 0.1101111111111111, 0.08233333333333333, 0.3323333333333333, 0.1101111111111111, 0.499, 0.08233333333333333, 0.3323333333333333, 0.1101111111111111, 0.08233333333333333, 0.3323333333333333, 0.1101111111111111, 0.3323333333333333, 0.08233333333333333, 0.3323333333333333, 0.1101111111111111, 0.08233333333333333, 0.3323333333333333, 0.1101111111111111, 0.499, 0.08233333333333333, 0.3323333333333333, 0.1101111111111111, 0.68, 0.68, 0.34, 0.34, 0.09, 0.68, 0.9, 0.18, 0.68, 0.23, 0.51, 0.26, 0.68, 0.45, 0.51, 0.68, 0.57, 0.68, 0.34, 0.01, 0.9, 0.18, 0.01, 0.57, 0.01, 0.09, 0.34, 0.12, 0.26, 0.68, 0.68]"
701,YB3SIAGPEADYPCVKWC6NGHAXIUAB3AW6EIYACAI_192,4,2,4,6510.303158444003,25,0.6838715508580208,0.3161284491419792,0.478706049422423,0.2568201392889023,0.288910961151123,0.6817684732377529,0.318212903663516,0.4808443207293749,0.258141582707564,0.2912838300069173,"[0.68, 0.01, 0.12, 0.76, 0.68, 0.34, 0.34, 0.08233333333333333, 0.3323333333333333, 0.1101111111111111, 0.68, 0.68, 0.9, 0.51, 0.08233333333333333, 0.3323333333333333, 0.1101111111111111, 0.84, 0.01, 0.23, 0.68, 0.09, 0.34, 0.68, 0.51, 0.34, 0.45, 0.01, 0.26, 0.68, 0.9, 0.76, 0.01, 0.9, 0.34, 0.68, 0.01, 0.68, 0.76, 0.01, 0.68, 0.01, 0.08233333333333333, 0.3323333333333333, 0.1101111111111111, 0.93, 0.68, 0.01, 0.34, 0.34, 0.68, 0.9, 0.59, 0.34, 0.12, 0.51, 0.08233333333333333, 0.3323333333333333, 0.1101111111111111, 0.59, 0.01, 0.12]"
702,AAAAAAAAAAAAAAAAAAABJHGU2KABYKUA7ZHUODA_192,4,2,2,5423.476833145993,25,0.1525185604890187,0.8474814395109812,0.916424266497294,0.6574004674951236,0.9143946965535482,0.1527909483760595,0.847207693879803,0.9162569145361582,0.6565935057898362,0.9155315399169922,"[0.08233333333333333, 0.3323333333333333, 0.1101111111111111, 0.08233333333333333, 0.3323333333333333, 0.1101111111111111, 0.3323333333333333, 0.08233333333333333, 0.3323333333333333, 0.1101111111111111, 0.08233333333333333, 0.3323333333333333, 0.1101111111111111, 0.499, 0.08233333333333333, 0.3323333333333333, 0.1101111111111111, 0.08233333333333333, 0.3323333333333333, 0.1101111111111111, 0.3323333333333333, 0.08233333333333333, 0.3323333333333333, 0.1101111111111111, 0.08233333333333333, 0.3323333333333333, 0.1101111111111111, 0.499, 0.08233333333333333, 0.3323333333333333, 0.1101111111111111, 0.09, 0.34, 0.34, 0.34, 0.68, 0.68, 0.68, 0.18, 0.34, 0.34, 0.51, 0.08233333333333333, 0.3323333333333333, 0.1101111111111111, 0.93, 0.01, 0.68, 0.34, 0.59, 0.01, 0.12, 0.84, 0.68, 0.34, 0.01, 0.84, 0.34, 0.12, 0.68, 0.01, 0.9]"
703,AAAAAAAAAAAAAAAAACJEDUAAOWJMLMQACCXRATA_192,4,2,2,1000.5106949070032,25,0.3366289262970288,0.6633710737029711,0.7948391124606132,0.5545767903327942,0.8419519424438476,0.3546235732734203,0.6454473645736774,0.7809993137915929,0.541042672470212,0.832002600034078,"[0.08233333333333333, 0.3323333333333333, 0.1101111111111111, 0.08233333333333333, 0.3323333333333333, 0.1101111111111111, 0.3323333333333333, 0.08233333333333333, 0.3323333333333333, 0.1101111111111111, 0.08233333333333333, 0.3323333333333333, 0.1101111111111111, 0.499, 0.08233333333333333, 0.3323333333333333, 0.1101111111111111, 0.08233333333333333, 0.3323333333333333, 0.1101111111111111, 0.3323333333333333, 0.08233333333333333, 0.3323333333333333, 0.1101111111111111, 0.08233333333333333, 0.3323333333333333, 0.1101111111111111, 0.499, 0.26, 0.34, 0.34, 0.59, 0.01, 0.57, 0.34, 0.08233333333333333, 0.3323333333333333, 0.1101111111111111, 0.09, 0.68, 0.68, 0.51, 0.26, 0.34, 0.45, 0.26, 0.68, 0.45, 0.34, 0.08233333333333333, 0.3323333333333333, 0.1101111111111111, 0.26, 0.01, 0.68, 0.01, 0.84, 0.01, 0.79, 0.09, 0.01, 0.9]"
704,6VIHKQ2QJIJK75Q6XQAHLMAD2CYK7KQADDRRKEI_192,4,2,4,9347.339705294013,25,0.0677889501055081,0.932211049894492,0.9647729267676672,0.7126007969180743,0.9431458473205566,0.0670422318081061,0.9329518210142852,0.965170427163442,0.7126981849471729,0.9436499993006388,"[0.84, 0.34, 0.68, 0.59, 0.01, 0.57, 0.34, 0.51, 0.01, 0.23, 0.51, 0.01, 0.12, 0.01, 0.51, 0.01, 0.34, 0.51, 0.34, 0.57, 0.68, 0.93, 0.68, 0.01, 0.84, 0.34, 0.57, 0.51, 0.08233333333333333, 0.3323333333333333, 0.1101111111111111, 0.43, 0.34, 0.45, 0.68, 0.08233333333333333, 0.3323333333333333, 0.1101111111111111, 0.84, 0.34, 0.01, 0.51, 0.34, 0.01, 0.68, 0.43, 0.68, 0.68, 0.34, 0.08233333333333333, 0.3323333333333333, 0.1101111111111111, 0.18, 0.01, 0.57, 0.01, 0.18, 0.01, 0.68, 0.59, 0.34, 0.12]"
705,AAAAAAAAAAB2VOMCRVGOON3RIU3ZUIQABJBF3QY_192,4,2,3,2410.211612785002,25,0.0613477086027463,0.9386522913972536,0.9682446350653966,0.7185519223411878,0.9441768646240234,0.0544115734597047,0.9457243735591572,0.9720395064602296,0.7216458176573117,0.9466715892155964,"[0.08233333333333333, 0.3323333333333333, 0.1101111111111111, 0.08233333333333333, 0.3323333333333333, 0.1101111111111111, 0.3323333333333333, 0.08233333333333333, 0.3323333333333333, 0.1101111111111111, 0.08233333333333333, 0.3323333333333333, 0.1101111111111111, 0.499, 0.08233333333333333, 0.3323333333333333, 0.1101111111111111, 0.43, 0.34, 0.68, 0.34, 0.43, 0.01, 0.9, 0.09, 0.34, 0.12, 0.51, 0.51, 0.01, 0.9, 0.93, 0.34, 0.9, 0.68, 0.43, 0.34, 0.9, 0.51, 0.01, 0.68, 0.01, 0.34, 0.68, 0.9, 0.76, 0.01, 0.79, 0.34, 0.08233333333333333, 0.3323333333333333, 0.1101111111111111, 0.09, 0.34, 0.34, 0.01, 0.26, 0.34, 0.57, 0.43, 0.01, 0.23]"
707,AAAAAAAAAAAAAAAAAN6MYM2QOGAB7NX2MGOEKNA_192,4,2,2,5685.077955465007,25,0.0752890288829803,0.9247109711170196,0.9606761644283932,0.7084769080082576,0.9399875322977702,0.0774307982375224,0.9225679263472556,0.9594342861324548,0.7066780486454566,0.9406378825505576,"[0.08233333333333333, 0.3323333333333333, 0.1101111111111111, 0.08233333333333333, 0.3323333333333333, 0.1101111111111111, 0.3323333333333333, 0.08233333333333333, 0.3323333333333333, 0.1101111111111111, 0.08233333333333333, 0.3323333333333333, 0.1101111111111111, 0.499, 0.08233333333333333, 0.3323333333333333, 0.1101111111111111, 0.08233333333333333, 0.3323333333333333, 0.1101111111111111, 0.3323333333333333, 0.08233333333333333, 0.3323333333333333, 0.1101111111111111, 0.08233333333333333, 0.3323333333333333, 0.1101111111111111, 0.499, 0.76, 0.68, 0.9, 0.68, 0.68, 0.01, 0.68, 0.18, 0.34, 0.79, 0.09, 0.68, 0.12, 0.51, 0.08233333333333333, 0.3323333333333333, 0.1101111111111111, 0.84, 0.68, 0.45, 0.68, 0.43, 0.68, 0.79, 0.68, 0.01, 0.9, 0.51, 0.68, 0.34, 0.12, 0.59, 0.68, 0.79]"
709,CBEEYRO4TZRIBZRPSQACYUAAI2AB5BQAM6AAGBY_192,4,2,4,2173.000442881996,25,0.101304093003273,0.898695906996727,0.9459905952215196,0.6868558262785276,0.9337426503499348,0.099770853916804,0.9002279090384643,0.946906932319204,0.6872277745356162,0.9342269659042358,"[0.09, 0.01, 0.12, 0.26, 0.01, 0.79, 0.68, 0.09, 0.01, 0.68, 0.76, 0.68, 0.34, 0.01, 0.84, 0.01, 0.9, 0.51, 0.01, 0.01, 0.34, 0.68, 0.68, 0.12, 0.43, 0.68, 0.34, 0.51, 0.08233333333333333, 0.3323333333333333, 0.1101111111111111, 0.26, 0.68, 0.12, 0.34, 0.08233333333333333, 0.3323333333333333, 0.1101111111111111, 0.09, 0.01, 0.45, 0.51, 0.08233333333333333, 0.3323333333333333, 0.1101111111111111, 0.84, 0.34, 0.01, 0.68, 0.08233333333333333, 0.3323333333333333, 0.1101111111111111, 0.68, 0.68, 0.9, 0.01, 0.08233333333333333, 0.3323333333333333, 0.1101111111111111, 0.68, 0.01, 0.57]"
711,JVKFYADFAADQVAAYTAAHD4ABCQQM7JQAGBY5DRI_192,4,2,4,2046.7641139949992,25,0.0796766559282938,0.920323344071706,0.9583401024341583,0.7093106100956599,0.9431970596313476,0.0836967851966619,0.9162663352986176,0.9560995570073524,0.7070791439463695,0.9408328692118328,"[0.59, 0.68, 0.68, 0.51, 0.01, 0.68, 0.68, 0.08233333333333333, 0.3323333333333333, 0.1101111111111111, 0.34, 0.34, 0.79, 0.01, 0.08233333333333333, 0.3323333333333333, 0.1101111111111111, 0.93, 0.01, 0.68, 0.34, 0.08233333333333333, 0.3323333333333333, 0.1101111111111111, 0.68, 0.34, 0.23, 0.01, 0.08233333333333333, 0.3323333333333333, 0.1101111111111111, 0.43, 0.01, 0.57, 0.68, 0.08233333333333333, 0.3323333333333333, 0.1101111111111111, 0.59, 0.34, 0.79, 0.01, 0.59, 0.01, 0.45, 0.43, 0.68, 0.79, 0.68, 0.08233333333333333, 0.3323333333333333, 0.1101111111111111, 0.34, 0.01, 0.23, 0.51, 0.09, 0.68, 0.79, 0.43, 0.01, 0.68]"
712,AAAAAAAADAVQZPS5QRIFCFWAYKAAQLV3VD3RTVI_192,4,2,3,4578.587243208007,25,0.1092297300696372,0.8907702699303627,0.9417489697535832,0.673721665640672,0.9295207341512044,0.1238403271883726,0.8761579668770234,0.9329931650310754,0.6621758403877417,0.9268078247706096,"[0.08233333333333333, 0.3323333333333333, 0.1101111111111111, 0.08233333333333333, 0.3323333333333333, 0.1101111111111111, 0.3323333333333333, 0.08233333333333333, 0.3323333333333333, 0.1101111111111111, 0.08233333333333333, 0.3323333333333333, 0.1101111111111111, 0.499, 0.68, 0.01, 0.68, 0.34, 0.01, 0.45, 0.34, 0.43, 0.68, 0.34, 0.93, 0.68, 0.01, 0.51, 0.09, 0.34, 0.01, 0.51, 0.01, 0.79, 0.34, 0.34, 0.68, 0.01, 0.18, 0.01, 0.34, 0.51, 0.08233333333333333, 0.3323333333333333, 0.1101111111111111, 0.59, 0.01, 0.68, 0.68, 0.51, 0.68, 0.57, 0.51, 0.01, 0.57, 0.51, 0.43, 0.01, 0.45, 0.43, 0.34, 0.68]"
714,AAAAAAAAAAAAAAAAAAAFDM6BQMAAHCQAFCQAGRA_192,4,2,2,801.7826860050118,25,0.391207096974055,0.608792903025945,0.7537591238816579,0.467571639517943,0.8075960159301758,0.3857988469302654,0.6141989843298992,0.7566486566017071,0.4660105759898821,0.8121652841567993,"[0.08233333333333333, 0.3323333333333333, 0.1101111111111111, 0.08233333333333333, 0.3323333333333333, 0.1101111111111111, 0.3323333333333333, 0.08233333333333333, 0.3323333333333333, 0.1101111111111111, 0.08233333333333333, 0.3323333333333333, 0.1101111111111111, 0.499, 0.08233333333333333, 0.3323333333333333, 0.1101111111111111, 0.08233333333333333, 0.3323333333333333, 0.1101111111111111, 0.3323333333333333, 0.08233333333333333, 0.3323333333333333, 0.1101111111111111, 0.08233333333333333, 0.3323333333333333, 0.1101111111111111, 0.499, 0.08233333333333333, 0.3323333333333333, 0.1101111111111111, 0.51, 0.01, 0.45, 0.68, 0.18, 0.68, 0.01, 0.34, 0.01, 0.23, 0.01, 0.08233333333333333, 0.3323333333333333, 0.1101111111111111, 0.09, 0.68, 0.12, 0.34, 0.08233333333333333, 0.3323333333333333, 0.1101111111111111, 0.51, 0.01, 0.68, 0.01, 0.08233333333333333, 0.3323333333333333, 0.1101111111111111, 0.76, 0.01, 0.79]"
715,AAEBYAHR4ADLR6A6XR2HAF3RKMAAEHQAB6AAB7A_192,4,2,4,4571.443323390995,25,0.2671438644329706,0.7328561355670293,0.842592240869999,0.565670012931029,0.8748536427815755,0.2829366255551576,0.7170542872200409,0.8318955761690935,0.5549550014237563,0.8677238543828328,"[0.08233333333333333, 0.3323333333333333, 0.1101111111111111, 0.26, 0.01, 0.12, 0.68, 0.08233333333333333, 0.3323333333333333, 0.1101111111111111, 0.84, 0.01, 0.57, 0.51, 0.08233333333333333, 0.3323333333333333, 0.1101111111111111, 0.76, 0.34, 0.9, 0.34, 0.84, 0.01, 0.01, 0.84, 0.34, 0.57, 0.51, 0.09, 0.68, 0.79, 0.43, 0.01, 0.01, 0.34, 0.43, 0.34, 0.9, 0.51, 0.34, 0.23, 0.01, 0.08233333333333333, 0.3323333333333333, 0.1101111111111111, 0.09, 0.01, 0.23, 0.68, 0.08233333333333333, 0.3323333333333333, 0.1101111111111111, 0.09, 0.68, 0.9, 0.01, 0.08233333333333333, 0.3323333333333333, 0.1101111111111111, 0.18, 0.68, 0.9]"
718,AAAAAAAAAADCPJ4O4RAFYXQAKCAAMIW3U3O5GRI_192,4,2,3,3017.297650661,25,0.0899650613466898,0.91003493865331,0.9522748892505964,0.7080336118737857,0.9371164957682292,0.0895668302973111,0.9103492207825185,0.952424173305432,0.7082390014082194,0.9368361314137776,"[0.08233333333333333, 0.3323333333333333, 0.1101111111111111, 0.08233333333333333, 0.3323333333333333, 0.1101111111111111, 0.3323333333333333, 0.08233333333333333, 0.3323333333333333, 0.1101111111111111, 0.08233333333333333, 0.3323333333333333, 0.1101111111111111, 0.499, 0.08233333333333333, 0.3323333333333333, 0.1101111111111111, 0.68, 0.34, 0.23, 0.68, 0.59, 0.68, 0.9, 0.43, 0.34, 0.9, 0.51, 0.09, 0.01, 0.01, 0.51, 0.68, 0.12, 0.34, 0.93, 0.01, 0.01, 0.09, 0.34, 0.01, 0.51, 0.08233333333333333, 0.3323333333333333, 0.1101111111111111, 0.18, 0.01, 0.79, 0.34, 0.34, 0.68, 0.57, 0.59, 0.68, 0.45, 0.51, 0.76, 0.68, 0.79, 0.76, 0.01, 0.68]"
720,AADS6BA5F23A5ZU2UAAOKMADOOZY5BQAGBK7HAI_192,4,2,4,4398.723405417986,25,0.057303574681282,0.942696425318718,0.9704003274440766,0.722249714533488,0.9455036163330078,0.0535670394698778,0.9464434221386908,0.9724196005612612,0.7240766470630964,0.9465492169062296,"[0.08233333333333333, 0.3323333333333333, 0.1101111111111111, 0.09, 0.68, 0.34, 0.68, 0.68, 0.01, 0.79, 0.09, 0.68, 0.79, 0.51, 0.43, 0.34, 0.45, 0.68, 0.01, 0.57, 0.34, 0.68, 0.68, 0.79, 0.76, 0.34, 0.79, 0.01, 0.08233333333333333, 0.3323333333333333, 0.1101111111111111, 0.93, 0.34, 0.79, 0.68, 0.08233333333333333, 0.3323333333333333, 0.1101111111111111, 0.76, 0.68, 0.23, 0.51, 0.34, 0.34, 0.9, 0.43, 0.34, 0.01, 0.68, 0.08233333333333333, 0.3323333333333333, 0.1101111111111111, 0.34, 0.01, 0.34, 0.51, 0.51, 0.68, 0.9, 0.93, 0.01, 0.12]"
721,AAAAAAAAAAAAAAAAAC3424SJYKFLXOQACDAAHMQ_192,4,2,2,3288.433658627997,25,0.0945607384045918,0.905439261595408,0.949982465306918,0.6936892588933309,0.9364692370096842,0.096912520378828,0.9030852271864812,0.948653015245994,0.6905940283089876,0.9342187881469728,"[0.08233333333333333, 0.3323333333333333, 0.1101111111111111, 0.08233333333333333, 0.3323333333333333, 0.1101111111111111, 0.3323333333333333, 0.08233333333333333, 0.3323333333333333, 0.1101111111111111, 0.08233333333333333, 0.3323333333333333, 0.1101111111111111, 0.499, 0.08233333333333333, 0.3323333333333333, 0.1101111111111111, 0.08233333333333333, 0.3323333333333333, 0.1101111111111111, 0.3323333333333333, 0.08233333333333333, 0.3323333333333333, 0.1101111111111111, 0.08233333333333333, 0.3323333333333333, 0.1101111111111111, 0.499, 0.26, 0.68, 0.57, 0.68, 0.68, 0.68, 0.68, 0.26, 0.34, 0.34, 0.43, 0.01, 0.34, 0.51, 0.09, 0.34, 0.68, 0.76, 0.68, 0.57, 0.34, 0.08233333333333333, 0.3323333333333333, 0.1101111111111111, 0.26, 0.01, 0.45, 0.01, 0.08233333333333333, 0.3323333333333333, 0.1101111111111111, 0.93, 0.68, 0.34]"
722,AAE43RTPAAB2HAACH6BBBEADI4HKULX2GYTUYVQ_192,4,2,4,765.2899639650132,25,0.1051798785726229,0.8948201214273771,0.9440603683392208,0.6990923638145129,0.933104928334554,0.1142523440221945,0.8857881055523952,0.938720383370916,0.6945919610559941,0.93116512298584,"[0.08233333333333333, 0.3323333333333333, 0.1101111111111111, 0.26, 0.34, 0.9, 0.68, 0.43, 0.01, 0.45, 0.34, 0.68, 0.9, 0.01, 0.08233333333333333, 0.3323333333333333, 0.1101111111111111, 0.43, 0.34, 0.12, 0.68, 0.08233333333333333, 0.3323333333333333, 0.1101111111111111, 0.09, 0.01, 0.57, 0.51, 0.93, 0.01, 0.34, 0.09, 0.01, 0.34, 0.34, 0.08233333333333333, 0.3323333333333333, 0.1101111111111111, 0.76, 0.01, 0.57, 0.01, 0.09, 0.68, 0.68, 0.51, 0.01, 0.68, 0.68, 0.43, 0.68, 0.79, 0.34, 0.68, 0.12, 0.01, 0.43, 0.34, 0.23, 0.09, 0.34, 0.45]"
723,AAMS346BBQ4WLKQYB6IGCUADW4AAFGQANAXFH4A_192,4,2,4,3772.5062961470094,25,0.0768780981500943,0.9231219018499056,0.9598102082808811,0.7059462398290635,0.9398777961730956,0.0763023494432369,0.92369568310678,0.9600948224465052,0.706045309950908,0.9408499240875244,"[0.08233333333333333, 0.3323333333333333, 0.1101111111111111, 0.34, 0.34, 0.34, 0.68, 0.43, 0.68, 0.23, 0.68, 0.01, 0.79, 0.01, 0.34, 0.01, 0.57, 0.26, 0.68, 0.34, 0.68, 0.51, 0.34, 0.01, 0.68, 0.01, 0.12, 0.51, 0.93, 0.34, 0.01, 0.34, 0.01, 0.68, 0.34, 0.08233333333333333, 0.3323333333333333, 0.1101111111111111, 0.93, 0.68, 0.57, 0.01, 0.08233333333333333, 0.3323333333333333, 0.1101111111111111, 0.09, 0.34, 0.23, 0.34, 0.08233333333333333, 0.3323333333333333, 0.1101111111111111, 0.76, 0.01, 0.12, 0.01, 0.93, 0.34, 0.79, 0.84, 0.68, 0.01]"
725,AAAAAAAAAAAAAAAAABGNOEADQ6MAPPQANISVKFY_192,4,2,2,6072.032185777993,25,0.6809555654724438,0.3190444345275561,0.4819473018248876,0.2427538553873698,0.2909722646077474,0.6818974352131287,0.3180817496031523,0.4806676339358091,0.24211330935359,0.2907685041427612,"[0.08233333333333333, 0.3323333333333333, 0.1101111111111111, 0.08233333333333333, 0.3323333333333333, 0.1101111111111111, 0.3323333333333333, 0.08233333333333333, 0.3323333333333333, 0.1101111111111111, 0.08233333333333333, 0.3323333333333333, 0.1101111111111111, 0.499, 0.08233333333333333, 0.3323333333333333, 0.1101111111111111, 0.08233333333333333, 0.3323333333333333, 0.1101111111111111, 0.3323333333333333, 0.08233333333333333, 0.3323333333333333, 0.1101111111111111, 0.08233333333333333, 0.3323333333333333, 0.1101111111111111, 0.499, 0.09, 0.01, 0.9, 0.76, 0.34, 0.9, 0.34, 0.08233333333333333, 0.3323333333333333, 0.1101111111111111, 0.93, 0.01, 0.57, 0.51, 0.18, 0.01, 0.01, 0.18, 0.68, 0.57, 0.68, 0.08233333333333333, 0.3323333333333333, 0.1101111111111111, 0.76, 0.34, 0.12, 0.01, 0.51, 0.34, 0.68, 0.59, 0.34, 0.57]"
726,AAAAAAAABAXQHD42AF2424AA2QABUIQAPYQADMA_192,4,2,3,5832.254068710987,25,0.6786771903435389,0.3213228096564611,0.4841049825151761,0.2475183929006258,0.2942320823669433,0.6825907796621322,0.3173845623930295,0.4800778528054555,0.2453237871328989,0.2899535497029622,"[0.08233333333333333, 0.3323333333333333, 0.1101111111111111, 0.08233333333333333, 0.3323333333333333, 0.1101111111111111, 0.3323333333333333, 0.08233333333333333, 0.3323333333333333, 0.1101111111111111, 0.08233333333333333, 0.3323333333333333, 0.1101111111111111, 0.499, 0.59, 0.01, 0.68, 0.93, 0.01, 0.12, 0.68, 0.09, 0.68, 0.9, 0.76, 0.01, 0.01, 0.01, 0.51, 0.68, 0.68, 0.68, 0.68, 0.68, 0.68, 0.08233333333333333, 0.3323333333333333, 0.1101111111111111, 0.18, 0.34, 0.79, 0.01, 0.08233333333333333, 0.3323333333333333, 0.1101111111111111, 0.76, 0.01, 0.79, 0.34, 0.08233333333333333, 0.3323333333333333, 0.1101111111111111, 0.84, 0.68, 0.12, 0.01, 0.08233333333333333, 0.3323333333333333, 0.1101111111111111, 0.34, 0.68, 0.01]"
727,AA2EYAH4MABQFAA2HAANJV63AN3B4NQAOZCM3AA_192,4,2,4,11838.75747889001,25,0.0566777939597765,0.9433222060402234,0.970738995075226,0.7194563746452332,0.9460533142089844,0.0567304323116938,0.9432655392835536,0.970694380501906,0.7191678894062837,0.945787247021993,"[0.08233333333333333, 0.3323333333333333, 0.1101111111111111, 0.76, 0.01, 0.79, 0.68, 0.08233333333333333, 0.3323333333333333, 0.1101111111111111, 0.84, 0.68, 0.12, 0.51, 0.08233333333333333, 0.3323333333333333, 0.1101111111111111, 0.34, 0.01, 0.12, 0.34, 0.08233333333333333, 0.3323333333333333, 0.1101111111111111, 0.76, 0.01, 0.57, 0.01, 0.08233333333333333, 0.3323333333333333, 0.1101111111111111, 0.76, 0.34, 0.23, 0.34, 0.43, 0.68, 0.45, 0.68, 0.01, 0.23, 0.01, 0.93, 0.68, 0.01, 0.84, 0.01, 0.45, 0.68, 0.08233333333333333, 0.3323333333333333, 0.1101111111111111, 0.93, 0.68, 0.34, 0.01, 0.59, 0.68, 0.23, 0.34, 0.01, 0.01]"
730,AAAAAAAAAAD3TEGPSAAOIXAXGZYLYZ4DGYDQWMI_192,4,2,3,7020.775114672026,25,0.0559081231554349,0.9440918768445652,0.9711761012673378,0.7154559284448624,0.9477603912353516,0.0506999995559453,0.949283809835712,0.9739266475041708,0.7177765979121129,0.9479298273722332,"[0.08233333333333333, 0.3323333333333333, 0.1101111111111111, 0.08233333333333333, 0.3323333333333333, 0.1101111111111111, 0.3323333333333333, 0.08233333333333333, 0.3323333333333333, 0.1101111111111111, 0.08233333333333333, 0.3323333333333333, 0.1101111111111111, 0.499, 0.08233333333333333, 0.3323333333333333, 0.1101111111111111, 0.84, 0.34, 0.9, 0.68, 0.26, 0.01, 0.45, 0.43, 0.68, 0.34, 0.01, 0.08233333333333333, 0.3323333333333333, 0.1101111111111111, 0.93, 0.34, 0.12, 0.34, 0.68, 0.01, 0.68, 0.68, 0.68, 0.45, 0.01, 0.93, 0.01, 0.68, 0.93, 0.01, 0.9, 0.68, 0.68, 0.01, 0.45, 0.34, 0.68, 0.01, 0.01, 0.43, 0.01, 0.34, 0.68, 0.68, 0.12]"
731,AA2A6DCNUADSDMXZVHKHAVIJW2JN4M7JX3CEWPA_192,4,2,4,4564.902851491992,25,0.0579032445947329,0.942096755405267,0.9700749402244886,0.7155554120739301,0.9442580540974936,0.0493214269479115,0.9506769171605508,0.974672590320309,0.7197440122564633,0.947789176305135,"[0.08233333333333333, 0.3323333333333333, 0.1101111111111111, 0.76, 0.01, 0.01, 0.68, 0.68, 0.01, 0.9, 0.59, 0.68, 0.45, 0.51, 0.08233333333333333, 0.3323333333333333, 0.1101111111111111, 0.93, 0.34, 0.01, 0.68, 0.34, 0.34, 0.57, 0.68, 0.68, 0.68, 0.01, 0.43, 0.34, 0.79, 0.43, 0.01, 0.12, 0.34, 0.51, 0.01, 0.34, 0.34, 0.68, 0.45, 0.51, 0.26, 0.34, 0.45, 0.84, 0.01, 0.45, 0.34, 0.84, 0.34, 0.23, 0.43, 0.68, 0.45, 0.01, 0.59, 0.34, 0.34, 0.68, 0.68, 0.9]"
732,AAJSIAB5IADSPYAYDVCWKPADAXQD7PULGBYACFA_192,4,2,4,3438.098341749981,25,0.0593137358625729,0.9406862641374272,0.969329510629177,0.7213320498665173,0.945113722483317,0.0570986808588107,0.9427641889701288,0.9704462731877964,0.7220664545893669,0.9454333623250324,"[0.08233333333333333, 0.3323333333333333, 0.1101111111111111, 0.59, 0.68, 0.34, 0.34, 0.08233333333333333, 0.3323333333333333, 0.1101111111111111, 0.18, 0.68, 0.68, 0.01, 0.08233333333333333, 0.3323333333333333, 0.1101111111111111, 0.93, 0.34, 0.23, 0.68, 0.68, 0.01, 0.01, 0.68, 0.01, 0.23, 0.51, 0.51, 0.01, 0.68, 0.34, 0.34, 0.79, 0.68, 0.68, 0.01, 0.01, 0.68, 0.01, 0.68, 0.51, 0.68, 0.01, 0.12, 0.84, 0.68, 0.57, 0.68, 0.59, 0.34, 0.45, 0.34, 0.01, 0.23, 0.51, 0.08233333333333333, 0.3323333333333333, 0.1101111111111111, 0.59, 0.34, 0.79]"
734,PX3TIAGUIADOT4UKGXJV2X2ALQAB3ZQAHOJNCRA_192,4,2,4,7056.501781028986,25,0.0905917589863141,0.909408241013686,0.9522412498792012,0.6961781506737074,0.9357726732889812,0.0917317808916171,0.9082664996385574,0.9515064634382724,0.6943808381756147,0.934965713818868,"[0.43, 0.68, 0.57, 0.76, 0.68, 0.23, 0.34, 0.08233333333333333, 0.3323333333333333, 0.1101111111111111, 0.76, 0.34, 0.12, 0.01, 0.08233333333333333, 0.3323333333333333, 0.1101111111111111, 0.76, 0.68, 0.79, 0.68, 0.93, 0.34, 0.79, 0.51, 0.01, 0.45, 0.51, 0.43, 0.34, 0.23, 0.51, 0.68, 0.68, 0.34, 0.84, 0.34, 0.01, 0.09, 0.34, 0.9, 0.01, 0.08233333333333333, 0.3323333333333333, 0.1101111111111111, 0.93, 0.68, 0.9, 0.68, 0.08233333333333333, 0.3323333333333333, 0.1101111111111111, 0.43, 0.34, 0.9, 0.51, 0.26, 0.68, 0.79, 0.51, 0.01, 0.79]"
735,AAAAAAAAAAAORAAMHAAEBXCAWKAAXDV24DAAHRI_192,4,2,3,915.678649177018,25,0.1247384672363599,0.87526153276364,0.9328764334321022,0.6868550777435303,0.9259048461914062,0.1263743790487448,0.873582307746013,0.9315606983999412,0.686887426301837,0.9277116537094116,"[0.08233333333333333, 0.3323333333333333, 0.1101111111111111, 0.08233333333333333, 0.3323333333333333, 0.1101111111111111, 0.3323333333333333, 0.08233333333333333, 0.3323333333333333, 0.1101111111111111, 0.08233333333333333, 0.3323333333333333, 0.1101111111111111, 0.499, 0.08233333333333333, 0.3323333333333333, 0.1101111111111111, 0.09, 0.68, 0.79, 0.34, 0.08233333333333333, 0.3323333333333333, 0.1101111111111111, 0.34, 0.01, 0.57, 0.01, 0.08233333333333333, 0.3323333333333333, 0.1101111111111111, 0.59, 0.01, 0.23, 0.34, 0.68, 0.34, 0.01, 0.26, 0.68, 0.34, 0.51, 0.08233333333333333, 0.3323333333333333, 0.1101111111111111, 0.51, 0.68, 0.12, 0.68, 0.51, 0.68, 0.68, 0.68, 0.01, 0.45, 0.01, 0.08233333333333333, 0.3323333333333333, 0.1101111111111111, 0.84, 0.01, 0.68]"
736,AAAAAAAAAAAYTAAJRFYMAXYPALYPTFQAHABM34I_192,4,2,3,2427.237635010999,25,0.067728823920091,0.9322711760799092,0.964818388223648,0.7122646629810333,0.9425298690795898,0.0683425019184748,0.9316545225679874,0.964417535190781,0.7118104266623656,0.9430183013280232,"[0.08233333333333333, 0.3323333333333333, 0.1101111111111111, 0.08233333333333333, 0.3323333333333333, 0.1101111111111111, 0.3323333333333333, 0.08233333333333333, 0.3323333333333333, 0.1101111111111111, 0.08233333333333333, 0.3323333333333333, 0.1101111111111111, 0.499, 0.08233333333333333, 0.3323333333333333, 0.1101111111111111, 0.18, 0.01, 0.79, 0.68, 0.08233333333333333, 0.3323333333333333, 0.1101111111111111, 0.59, 0.68, 0.12, 0.01, 0.51, 0.68, 0.01, 0.68, 0.01, 0.12, 0.34, 0.84, 0.01, 0.23, 0.68, 0.01, 0.34, 0.51, 0.93, 0.01, 0.57, 0.68, 0.68, 0.34, 0.68, 0.08233333333333333, 0.3323333333333333, 0.1101111111111111, 0.43, 0.01, 0.01, 0.01, 0.26, 0.68, 0.23, 0.43, 0.68, 0.12]"
737,AAAAAAAAAAAAAAAAAAABBN6Q6GAB7E7BWCYACMA_192,4,2,2,1932.0950418050047,25,0.1490104471643765,0.8509895528356234,0.9185810188452402,0.6613890518744786,0.9185537974039714,0.1602226388951142,0.8397700145840645,0.9114756427705288,0.652749732385079,0.9135481198628744,"[0.08233333333333333, 0.3323333333333333, 0.1101111111111111, 0.08233333333333333, 0.3323333333333333, 0.1101111111111111, 0.3323333333333333, 0.08233333333333333, 0.3323333333333333, 0.1101111111111111, 0.08233333333333333, 0.3323333333333333, 0.1101111111111111, 0.499, 0.08233333333333333, 0.3323333333333333, 0.1101111111111111, 0.08233333333333333, 0.3323333333333333, 0.1101111111111111, 0.3323333333333333, 0.08233333333333333, 0.3323333333333333, 0.1101111111111111, 0.08233333333333333, 0.3323333333333333, 0.1101111111111111, 0.499, 0.08233333333333333, 0.3323333333333333, 0.1101111111111111, 0.09, 0.01, 0.34, 0.68, 0.43, 0.68, 0.79, 0.18, 0.68, 0.12, 0.51, 0.08233333333333333, 0.3323333333333333, 0.1101111111111111, 0.84, 0.68, 0.34, 0.34, 0.84, 0.01, 0.23, 0.34, 0.01, 0.68, 0.51, 0.08233333333333333, 0.3323333333333333, 0.1101111111111111, 0.59, 0.68, 0.01]"
738,AAAAAAAAAAAAAAAAAAAHZUADS6AAIPQAHIW43AQ_192,4,2,2,4106.086770166003,25,0.1642435014247894,0.8357564985752106,0.9090713227788608,0.639226055641969,0.9123018582661948,0.172686789308985,0.8273099528004726,0.9038731812189024,0.6340785929312308,0.9095898230870564,"[0.08233333333333333, 0.3323333333333333, 0.1101111111111111, 0.08233333333333333, 0.3323333333333333, 0.1101111111111111, 0.3323333333333333, 0.08233333333333333, 0.3323333333333333, 0.1101111111111111, 0.08233333333333333, 0.3323333333333333, 0.1101111111111111, 0.499, 0.08233333333333333, 0.3323333333333333, 0.1101111111111111, 0.08233333333333333, 0.3323333333333333, 0.1101111111111111, 0.3323333333333333, 0.08233333333333333, 0.3323333333333333, 0.1101111111111111, 0.08233333333333333, 0.3323333333333333, 0.1101111111111111, 0.499, 0.08233333333333333, 0.3323333333333333, 0.1101111111111111, 0.43, 0.68, 0.23, 0.34, 0.08233333333333333, 0.3323333333333333, 0.1101111111111111, 0.93, 0.34, 0.57, 0.51, 0.08233333333333333, 0.3323333333333333, 0.1101111111111111, 0.26, 0.01, 0.57, 0.68, 0.08233333333333333, 0.3323333333333333, 0.1101111111111111, 0.43, 0.34, 0.12, 0.01, 0.76, 0.68, 0.23, 0.34, 0.01, 0.34]"
740,AAODYABQRRQWZ542BAAM2NGBY4NKXHQAHIAACMA_192,4,2,4,3156.754843793984,25,0.1188345943888028,0.8811654056111972,0.936443913479646,0.6529056966304779,0.9304664929707844,0.1126765084763368,0.8873211132983366,0.9399010834594568,0.6607487693428993,0.9333391110102336,"[0.08233333333333333, 0.3323333333333333, 0.1101111111111111, 0.43, 0.01, 0.23, 0.68, 0.08233333333333333, 0.3323333333333333, 0.1101111111111111, 0.18, 0.01, 0.34, 0.01, 0.34, 0.01, 0.9, 0.26, 0.68, 0.45, 0.34, 0.93, 0.68, 0.9, 0.76, 0.01, 0.12, 0.01, 0.08233333333333333, 0.3323333333333333, 0.1101111111111111, 0.68, 0.68, 0.79, 0.68, 0.59, 0.68, 0.01, 0.43, 0.01, 0.57, 0.01, 0.18, 0.34, 0.68, 0.51, 0.68, 0.23, 0.68, 0.08233333333333333, 0.3323333333333333, 0.1101111111111111, 0.43, 0.34, 0.01, 0.01, 0.08233333333333333, 0.3323333333333333, 0.1101111111111111, 0.59, 0.68, 0.01]"
741,AAAAAAAAAAAAAAAAAAAEL4AAYYYIQP7INDBNIVI_192,4,2,2,1839.54601188199,25,0.1468119775255521,0.8531880224744479,0.919917784134547,0.64622772783041,0.9197163581848145,0.1621260376026233,0.8378725290298462,0.9105929614355168,0.633963568508625,0.9149942557017008,"[0.08233333333333333, 0.3323333333333333, 0.1101111111111111, 0.08233333333333333, 0.3323333333333333, 0.1101111111111111, 0.3323333333333333, 0.08233333333333333, 0.3323333333333333, 0.1101111111111111, 0.08233333333333333, 0.3323333333333333, 0.1101111111111111, 0.499, 0.08233333333333333, 0.3323333333333333, 0.1101111111111111, 0.08233333333333333, 0.3323333333333333, 0.1101111111111111, 0.3323333333333333, 0.08233333333333333, 0.3323333333333333, 0.1101111111111111, 0.08233333333333333, 0.3323333333333333, 0.1101111111111111, 0.499, 0.08233333333333333, 0.3323333333333333, 0.1101111111111111, 0.59, 0.34, 0.57, 0.68, 0.08233333333333333, 0.3323333333333333, 0.1101111111111111, 0.18, 0.01, 0.45, 0.01, 0.34, 0.01, 0.79, 0.59, 0.01, 0.57, 0.68, 0.84, 0.34, 0.01, 0.76, 0.01, 0.45, 0.01, 0.26, 0.68, 0.68, 0.09, 0.34, 0.68]"
743,6AIXYAD5QAB7TAAOEAAOC7W4OQAB3LQANYS4IUA_192,4,2,4,4591.564824767003,25,0.1060155724485715,0.8939844275514285,0.9437551875909168,0.6793977424502373,0.9359923044840496,0.1022360132386287,0.897755234191815,0.9458924975246192,0.6816955920308828,0.9359849373499552,"[0.84, 0.01, 0.01, 0.59, 0.34, 0.57, 0.68, 0.08233333333333333, 0.3323333333333333, 0.1101111111111111, 0.43, 0.68, 0.45, 0.01, 0.08233333333333333, 0.3323333333333333, 0.1101111111111111, 0.43, 0.68, 0.9, 0.68, 0.08233333333333333, 0.3323333333333333, 0.1101111111111111, 0.43, 0.01, 0.79, 0.01, 0.08233333333333333, 0.3323333333333333, 0.1101111111111111, 0.93, 0.01, 0.68, 0.68, 0.93, 0.68, 0.57, 0.09, 0.68, 0.79, 0.01, 0.08233333333333333, 0.3323333333333333, 0.1101111111111111, 0.93, 0.68, 0.68, 0.68, 0.08233333333333333, 0.3323333333333333, 0.1101111111111111, 0.76, 0.68, 0.12, 0.01, 0.51, 0.68, 0.12, 0.09, 0.34, 0.01]"
744,AAAAAAAADIBK7OGODH2E3UADCEABZJQANKSMWBI_192,4,2,3,2618.276007713983,25,0.0672709003090858,0.932729099690914,0.9650689134995144,0.7063102771838506,0.9442031542460124,0.0616217261801163,0.9383583936840296,0.9681021346400182,0.7094823587685823,0.9456427653630576,"[0.08233333333333333, 0.3323333333333333, 0.1101111111111111, 0.08233333333333333, 0.3323333333333333, 0.1101111111111111, 0.3323333333333333, 0.08233333333333333, 0.3323333333333333, 0.1101111111111111, 0.08233333333333333, 0.3323333333333333, 0.1101111111111111, 0.499, 0.76, 0.01, 0.01, 0.51, 0.34, 0.57, 0.68, 0.43, 0.01, 0.45, 0.43, 0.01, 0.23, 0.01, 0.43, 0.68, 0.79, 0.59, 0.68, 0.57, 0.34, 0.08233333333333333, 0.3323333333333333, 0.1101111111111111, 0.68, 0.34, 0.12, 0.01, 0.08233333333333333, 0.3323333333333333, 0.1101111111111111, 0.93, 0.34, 0.79, 0.68, 0.08233333333333333, 0.3323333333333333, 0.1101111111111111, 0.76, 0.34, 0.68, 0.01, 0.59, 0.68, 0.34, 0.68, 0.01, 0.68]"
746,AAAAAAAAAABDTAAMHM2PYEADO64I5FUC6B3ND5Q_192,4,2,3,6259.14295946699,25,0.0590867285927136,0.9409132714072864,0.96947656472524,0.7228371659914653,0.9451594352722168,0.0576091786225636,0.942334226022164,0.9702051325390736,0.7236323771377404,0.9459226449330648,"[0.08233333333333333, 0.3323333333333333, 0.1101111111111111, 0.08233333333333333, 0.3323333333333333, 0.1101111111111111, 0.3323333333333333, 0.08233333333333333, 0.3323333333333333, 0.1101111111111111, 0.08233333333333333, 0.3323333333333333, 0.1101111111111111, 0.499, 0.08233333333333333, 0.3323333333333333, 0.1101111111111111, 0.59, 0.34, 0.9, 0.68, 0.08233333333333333, 0.3323333333333333, 0.1101111111111111, 0.34, 0.01, 0.57, 0.01, 0.68, 0.68, 0.79, 0.84, 0.68, 0.01, 0.34, 0.08233333333333333, 0.3323333333333333, 0.1101111111111111, 0.76, 0.68, 0.57, 0.51, 0.43, 0.01, 0.79, 0.43, 0.34, 0.34, 0.68, 0.59, 0.01, 0.68, 0.93, 0.01, 0.23, 0.51, 0.34, 0.68, 0.79, 0.43, 0.68, 0.45]"
747,AAAAAAAAAADCZNQGVXI7IPGNGCAAHYSCBZYAGQQ_192,4,2,3,3140.0811865790165,25,0.0878068084518114,0.9121931915481886,0.9538066734870276,0.7053546304504077,0.9373070398966472,0.0968656859050194,0.9030623991042376,0.9485794022679328,0.7006786239643892,0.9340530474980672,"[0.08233333333333333, 0.3323333333333333, 0.1101111111111111, 0.08233333333333333, 0.3323333333333333, 0.1101111111111111, 0.3323333333333333, 0.08233333333333333, 0.3323333333333333, 0.1101111111111111, 0.08233333333333333, 0.3323333333333333, 0.1101111111111111, 0.499, 0.08233333333333333, 0.3323333333333333, 0.1101111111111111, 0.68, 0.34, 0.45, 0.34, 0.34, 0.68, 0.01, 0.18, 0.34, 0.68, 0.51, 0.43, 0.34, 0.12, 0.84, 0.34, 0.01, 0.68, 0.68, 0.68, 0.23, 0.59, 0.68, 0.01, 0.51, 0.08233333333333333, 0.3323333333333333, 0.1101111111111111, 0.09, 0.68, 0.9, 0.34, 0.26, 0.01, 0.79, 0.09, 0.68, 0.23, 0.51, 0.08233333333333333, 0.3323333333333333, 0.1101111111111111, 0.76, 0.01, 0.34]"
748,AAAAAAAAAAAAAAAAAAAFK4ABK5YBYAQAF3753EI_192,4,2,2,4675.139690874988,25,0.0796364064017931,0.9203635935982069,0.9582306414842604,0.7119128376245498,0.9404542922973632,0.0825558522095282,0.9174331689874332,0.956639048208793,0.7102731371919314,0.9396593570709229,"[0.08233333333333333, 0.3323333333333333, 0.1101111111111111, 0.08233333333333333, 0.3323333333333333, 0.1101111111111111, 0.3323333333333333, 0.08233333333333333, 0.3323333333333333, 0.1101111111111111, 0.08233333333333333, 0.3323333333333333, 0.1101111111111111, 0.499, 0.08233333333333333, 0.3323333333333333, 0.1101111111111111, 0.08233333333333333, 0.3323333333333333, 0.1101111111111111, 0.3323333333333333, 0.08233333333333333, 0.3323333333333333, 0.1101111111111111, 0.08233333333333333, 0.3323333333333333, 0.1101111111111111, 0.499, 0.08233333333333333, 0.3323333333333333, 0.1101111111111111, 0.51, 0.34, 0.68, 0.68, 0.08233333333333333, 0.3323333333333333, 0.1101111111111111, 0.51, 0.34, 0.57, 0.01, 0.93, 0.01, 0.01, 0.93, 0.01, 0.01, 0.34, 0.08233333333333333, 0.3323333333333333, 0.1101111111111111, 0.51, 0.68, 0.57, 0.51, 0.84, 0.68, 0.57, 0.34, 0.34, 0.12]"
751,AAK4OQHAULTCN4BEEQACC5SZ2OMELLQAFCITHUA_192,4,2,4,4925.986872790003,25,0.275455205142498,0.724544794857502,0.8379164864619573,0.5248150567213694,0.8716935793558757,0.2735046221564213,0.7264898395786683,0.8396418947726488,0.5235986024141311,0.8724693059921265,"[0.08233333333333333, 0.3323333333333333, 0.1101111111111111, 0.51, 0.34, 0.9, 0.34, 0.76, 0.01, 0.01, 0.93, 0.01, 0.34, 0.51, 0.09, 0.34, 0.9, 0.68, 0.34, 0.23, 0.34, 0.93, 0.01, 0.12, 0.26, 0.01, 0.79, 0.51, 0.08233333333333333, 0.3323333333333333, 0.1101111111111111, 0.26, 0.01, 0.68, 0.68, 0.34, 0.34, 0.45, 0.43, 0.34, 0.23, 0.51, 0.18, 0.01, 0.34, 0.26, 0.68, 0.68, 0.68, 0.08233333333333333, 0.3323333333333333, 0.1101111111111111, 0.51, 0.01, 0.79, 0.51, 0.09, 0.01, 0.9, 0.84, 0.34, 0.01]"
752,AAKRZFJVAABGP5XCFQAN2MAA2YAANM4CS3QABUI_192,4,2,4,2451.0637177540048,25,0.0748447000980377,0.9251552999019624,0.960939766963323,0.7079934100310008,0.9414148966471354,0.0847430683672428,0.9152965153257052,0.9554572500288486,0.7027158677577973,0.9387162685394288,"[0.08233333333333333, 0.3323333333333333, 0.1101111111111111, 0.51, 0.34, 0.12, 0.68, 0.26, 0.34, 0.68, 0.18, 0.34, 0.79, 0.01, 0.08233333333333333, 0.3323333333333333, 0.1101111111111111, 0.59, 0.68, 0.23, 0.68, 0.93, 0.68, 0.57, 0.09, 0.01, 0.68, 0.51, 0.08233333333333333, 0.3323333333333333, 0.1101111111111111, 0.76, 0.68, 0.79, 0.68, 0.08233333333333333, 0.3323333333333333, 0.1101111111111111, 0.18, 0.34, 0.45, 0.01, 0.08233333333333333, 0.3323333333333333, 0.1101111111111111, 0.18, 0.34, 0.45, 0.34, 0.68, 0.01, 0.68, 0.26, 0.68, 0.57, 0.01, 0.08233333333333333, 0.3323333333333333, 0.1101111111111111, 0.18, 0.34, 0.12]"
753,AAAAAAAAAABOPAA3QXYBJUIRCIEBRPQAPZYAATA_192,4,2,3,2646.7364175550174,25,0.1401927381753921,0.8598072618246079,0.9237531885504724,0.6517555510004361,0.9219290097554524,0.1501669995486736,0.8498309142887592,0.917912566040953,0.6421604904035727,0.9175184488296508,"[0.08233333333333333, 0.3323333333333333, 0.1101111111111111, 0.08233333333333333, 0.3323333333333333, 0.1101111111111111, 0.3323333333333333, 0.08233333333333333, 0.3323333333333333, 0.1101111111111111, 0.08233333333333333, 0.3323333333333333, 0.1101111111111111, 0.499, 0.08233333333333333, 0.3323333333333333, 0.1101111111111111, 0.51, 0.68, 0.23, 0.68, 0.08233333333333333, 0.3323333333333333, 0.1101111111111111, 0.76, 0.68, 0.01, 0.51, 0.43, 0.68, 0.01, 0.09, 0.34, 0.23, 0.34, 0.09, 0.01, 0.79, 0.59, 0.34, 0.34, 0.01, 0.09, 0.01, 0.01, 0.68, 0.34, 0.57, 0.68, 0.08233333333333333, 0.3323333333333333, 0.1101111111111111, 0.84, 0.68, 0.23, 0.51, 0.08233333333333333, 0.3323333333333333, 0.1101111111111111, 0.09, 0.01, 0.9]"
754,AAAAAAAAAAAAAAAAACZTYUABRQNAQH4D6LAAGUQ_192,4,2,2,10431.006623164983,25,0.1946108634273211,0.8053891365726789,0.8903271069129308,0.6522928232947985,0.9040025393168132,0.1928288855900367,0.8072555062671503,0.8915235783904791,0.6520983538279931,0.9029528141021728,"[0.08233333333333333, 0.3323333333333333, 0.1101111111111111, 0.08233333333333333, 0.3323333333333333, 0.1101111111111111, 0.3323333333333333, 0.08233333333333333, 0.3323333333333333, 0.1101111111111111, 0.08233333333333333, 0.3323333333333333, 0.1101111111111111, 0.499, 0.08233333333333333, 0.3323333333333333, 0.1101111111111111, 0.08233333333333333, 0.3323333333333333, 0.1101111111111111, 0.3323333333333333, 0.08233333333333333, 0.3323333333333333, 0.1101111111111111, 0.08233333333333333, 0.3323333333333333, 0.1101111111111111, 0.499, 0.26, 0.68, 0.23, 0.18, 0.68, 0.12, 0.34, 0.08233333333333333, 0.3323333333333333, 0.1101111111111111, 0.34, 0.01, 0.9, 0.01, 0.18, 0.34, 0.01, 0.59, 0.01, 0.23, 0.68, 0.68, 0.01, 0.57, 0.93, 0.34, 0.45, 0.01, 0.08233333333333333, 0.3323333333333333, 0.1101111111111111, 0.76, 0.34, 0.34]"
755,KRPXYAC4F23GTAAZWNABDEABPQAAPPSBBCDQCVY_192,4,2,4,1412.5195913930074,25,0.1029221380750338,0.8970778619249662,0.9452008788784344,0.6852126846710841,0.9326982816060384,0.1000580518196026,0.8999382163087527,0.9468171949187916,0.6882373922814925,0.934752337137858,"[0.51, 0.34, 0.12, 0.43, 0.68, 0.57, 0.68, 0.08233333333333333, 0.3323333333333333, 0.1101111111111111, 0.51, 0.68, 0.01, 0.51, 0.43, 0.34, 0.45, 0.68, 0.68, 0.79, 0.68, 0.08233333333333333, 0.3323333333333333, 0.1101111111111111, 0.68, 0.68, 0.45, 0.01, 0.76, 0.01, 0.01, 0.09, 0.01, 0.45, 0.34, 0.08233333333333333, 0.3323333333333333, 0.1101111111111111, 0.51, 0.68, 0.9, 0.01, 0.08233333333333333, 0.3323333333333333, 0.1101111111111111, 0.18, 0.68, 0.57, 0.68, 0.26, 0.01, 0.34, 0.09, 0.01, 0.79, 0.01, 0.43, 0.01, 0.01, 0.51, 0.34, 0.57]"
756,AAAAAAAAD64YJAAKSQAMOFJR3SAA4KQAEYQACDA_192,4,2,3,2229.318161208997,25,0.08349316517512,0.91650683482488,0.956203618645668,0.6997783208886782,0.9375810305277508,0.0821585056682427,0.9178382966667412,0.9568558746327956,0.7000246689965327,0.9387523730595908,"[0.08233333333333333, 0.3323333333333333, 0.1101111111111111, 0.08233333333333333, 0.3323333333333333, 0.1101111111111111, 0.3323333333333333, 0.08233333333333333, 0.3323333333333333, 0.1101111111111111, 0.08233333333333333, 0.3323333333333333, 0.1101111111111111, 0.499, 0.84, 0.68, 0.57, 0.18, 0.01, 0.34, 0.34, 0.08233333333333333, 0.3323333333333333, 0.1101111111111111, 0.51, 0.34, 0.34, 0.51, 0.08233333333333333, 0.3323333333333333, 0.1101111111111111, 0.68, 0.34, 0.9, 0.34, 0.51, 0.01, 0.9, 0.43, 0.34, 0.9, 0.51, 0.08233333333333333, 0.3323333333333333, 0.1101111111111111, 0.43, 0.01, 0.68, 0.34, 0.08233333333333333, 0.3323333333333333, 0.1101111111111111, 0.59, 0.68, 0.12, 0.01, 0.08233333333333333, 0.3323333333333333, 0.1101111111111111, 0.59, 0.01, 0.9]"
757,AAAAAAAAAADARIGO4QAOZHSR24AATBUZ7CIACMY_192,4,2,3,7785.1406522689795,25,0.070977176229159,0.929022823770841,0.9630074888467788,0.7176215782761574,0.9420162200927734,0.0690562018503745,0.9308769948780536,0.9640095576643944,0.7185514661173026,0.9427949110666912,"[0.08233333333333333, 0.3323333333333333, 0.1101111111111111, 0.08233333333333333, 0.3323333333333333, 0.1101111111111111, 0.3323333333333333, 0.08233333333333333, 0.3323333333333333, 0.1101111111111111, 0.08233333333333333, 0.3323333333333333, 0.1101111111111111, 0.499, 0.08233333333333333, 0.3323333333333333, 0.1101111111111111, 0.68, 0.01, 0.79, 0.34, 0.59, 0.01, 0.45, 0.43, 0.34, 0.9, 0.51, 0.08233333333333333, 0.3323333333333333, 0.1101111111111111, 0.93, 0.68, 0.34, 0.34, 0.93, 0.34, 0.79, 0.43, 0.34, 0.57, 0.01, 0.08233333333333333, 0.3323333333333333, 0.1101111111111111, 0.59, 0.68, 0.01, 0.68, 0.59, 0.68, 0.23, 0.84, 0.01, 0.79, 0.51, 0.08233333333333333, 0.3323333333333333, 0.1101111111111111, 0.59, 0.68, 0.23]"
759,AAAAAAAAAAAAAAAAAAAFCEADGCAAEB5GDAXBA4Y_192,4,2,2,1702.8012576669862,25,0.2158433760205904,0.7841566239794096,0.8771972288688024,0.5940746669967969,0.894205379486084,0.2476443709184726,0.7523502536118031,0.8553774415204922,0.5666201331963142,0.880867354075114,"[0.08233333333333333, 0.3323333333333333, 0.1101111111111111, 0.08233333333333333, 0.3323333333333333, 0.1101111111111111, 0.3323333333333333, 0.08233333333333333, 0.3323333333333333, 0.1101111111111111, 0.08233333333333333, 0.3323333333333333, 0.1101111111111111, 0.499, 0.08233333333333333, 0.3323333333333333, 0.1101111111111111, 0.08233333333333333, 0.3323333333333333, 0.1101111111111111, 0.3323333333333333, 0.08233333333333333, 0.3323333333333333, 0.1101111111111111, 0.08233333333333333, 0.3323333333333333, 0.1101111111111111, 0.499, 0.08233333333333333, 0.3323333333333333, 0.1101111111111111, 0.51, 0.01, 0.79, 0.34, 0.08233333333333333, 0.3323333333333333, 0.1101111111111111, 0.68, 0.68, 0.01, 0.51, 0.08233333333333333, 0.3323333333333333, 0.1101111111111111, 0.09, 0.01, 0.01, 0.68, 0.76, 0.01, 0.9, 0.18, 0.01, 0.12, 0.01, 0.93, 0.01, 0.79, 0.09, 0.68, 0.23]"
760,AAAAAAAAAAAAAAAAAAAFBMABG6AAUYQAB3IAGUQ_192,4,2,2,1015.9988039519812,25,0.1668530459205309,0.833146954079469,0.9078572496771812,0.661364096403122,0.911412239074707,0.1623006255676349,0.8376896581302087,0.9103339397658904,0.6605930857360363,0.9136545658111572,"[0.08233333333333333, 0.3323333333333333, 0.1101111111111111, 0.08233333333333333, 0.3323333333333333, 0.1101111111111111, 0.3323333333333333, 0.08233333333333333, 0.3323333333333333, 0.1101111111111111, 0.08233333333333333, 0.3323333333333333, 0.1101111111111111, 0.499, 0.08233333333333333, 0.3323333333333333, 0.1101111111111111, 0.08233333333333333, 0.3323333333333333, 0.1101111111111111, 0.3323333333333333, 0.08233333333333333, 0.3323333333333333, 0.1101111111111111, 0.08233333333333333, 0.3323333333333333, 0.1101111111111111, 0.499, 0.08233333333333333, 0.3323333333333333, 0.1101111111111111, 0.51, 0.01, 0.34, 0.68, 0.08233333333333333, 0.3323333333333333, 0.1101111111111111, 0.59, 0.68, 0.57, 0.51, 0.08233333333333333, 0.3323333333333333, 0.1101111111111111, 0.51, 0.01, 0.9, 0.34, 0.08233333333333333, 0.3323333333333333, 0.1101111111111111, 0.09, 0.68, 0.45, 0.51, 0.08233333333333333, 0.3323333333333333, 0.1101111111111111, 0.76, 0.34, 0.34]"
761,AAAAAAAAAAAAAAAAAAAPLUAD2IQL4MQAGOKRXAI_192,4,2,2,5192.284916877979,25,0.1144359230995178,0.8855640769004822,0.9389431670308112,0.668645919362704,0.9278104464213054,0.1148814436048269,0.8851176736255487,0.9385472177217404,0.6662686787545681,0.9284761667251586,"[0.08233333333333333, 0.3323333333333333, 0.1101111111111111, 0.08233333333333333, 0.3323333333333333, 0.1101111111111111, 0.3323333333333333, 0.08233333333333333, 0.3323333333333333, 0.1101111111111111, 0.08233333333333333, 0.3323333333333333, 0.1101111111111111, 0.499, 0.08233333333333333, 0.3323333333333333, 0.1101111111111111, 0.08233333333333333, 0.3323333333333333, 0.1101111111111111, 0.3323333333333333, 0.08233333333333333, 0.3323333333333333, 0.1101111111111111, 0.08233333333333333, 0.3323333333333333, 0.1101111111111111, 0.499, 0.08233333333333333, 0.3323333333333333, 0.1101111111111111, 0.84, 0.34, 0.57, 0.34, 0.08233333333333333, 0.3323333333333333, 0.1101111111111111, 0.84, 0.34, 0.34, 0.01, 0.59, 0.01, 0.68, 0.84, 0.01, 0.45, 0.34, 0.08233333333333333, 0.3323333333333333, 0.1101111111111111, 0.34, 0.34, 0.9, 0.51, 0.51, 0.01, 0.45, 0.93, 0.01, 0.12]"
762,ESGSIAAQIABXTCXPRAAMY72D7QAA3M46NZJQP7A_192,4,2,4,2157.248025260982,25,0.0655604094266891,0.9344395905733108,0.9659957100947698,0.7078928962349892,0.946238072713216,0.0574261824289957,0.9425688746074836,0.9703770324587822,0.7116541230430206,0.9468477725982666,"[0.26, 0.34, 0.34, 0.18, 0.34, 0.34, 0.34, 0.08233333333333333, 0.3323333333333333, 0.1101111111111111, 0.09, 0.01, 0.12, 0.01, 0.08233333333333333, 0.3323333333333333, 0.1101111111111111, 0.34, 0.68, 0.9, 0.68, 0.09, 0.34, 0.57, 0.43, 0.68, 0.12, 0.01, 0.08233333333333333, 0.3323333333333333, 0.1101111111111111, 0.68, 0.68, 0.12, 0.68, 0.84, 0.34, 0.01, 0.84, 0.68, 0.9, 0.01, 0.08233333333333333, 0.3323333333333333, 0.1101111111111111, 0.34, 0.68, 0.45, 0.34, 0.68, 0.68, 0.9, 0.76, 0.68, 0.34, 0.51, 0.18, 0.01, 0.12, 0.84, 0.68, 0.9]"
763,AAYAIAC47CH2J6XIF5OEC4ADIQRCLCQAH2AAHMY_192,4,2,4,4534.8349032070255,25,0.0492981349428494,0.9507018650571504,0.9746881892283756,0.7241597900787989,0.947342332204183,0.0491806643704573,0.9508130664626756,0.9747309702138106,0.7242461596926053,0.9475350379943848,"[0.08233333333333333, 0.3323333333333333, 0.1101111111111111, 0.68, 0.01, 0.01, 0.34, 0.08233333333333333, 0.3323333333333333, 0.1101111111111111, 0.51, 0.68, 0.23, 0.51, 0.68, 0.34, 0.12, 0.84, 0.34, 0.34, 0.34, 0.84, 0.34, 0.57, 0.59, 0.01, 0.68, 0.51, 0.76, 0.34, 0.9, 0.59, 0.01, 0.68, 0.68, 0.08233333333333333, 0.3323333333333333, 0.1101111111111111, 0.76, 0.01, 0.79, 0.01, 0.59, 0.34, 0.12, 0.26, 0.68, 0.12, 0.34, 0.08233333333333333, 0.3323333333333333, 0.1101111111111111, 0.43, 0.68, 0.79, 0.01, 0.08233333333333333, 0.3323333333333333, 0.1101111111111111, 0.93, 0.68, 0.23]"
764,AAG46Q3Q467Q3AAGBC3CK4AAYDQIMO4Y4OIAH4Y_192,4,2,4,2614.0417868939694,25,0.1026495416959126,0.8973504583040873,0.9454638416568438,0.6876801013946533,0.9344627698262532,0.1013325030604998,0.8986636637399594,0.9462811314811308,0.6879543535411358,0.9337438901265462,"[0.08233333333333333, 0.3323333333333333, 0.1101111111111111, 0.18, 0.34, 0.9, 0.68, 0.76, 0.01, 0.23, 0.43, 0.01, 0.23, 0.51, 0.18, 0.68, 0.57, 0.93, 0.01, 0.45, 0.68, 0.08233333333333333, 0.3323333333333333, 0.1101111111111111, 0.18, 0.01, 0.12, 0.01, 0.26, 0.68, 0.45, 0.26, 0.34, 0.68, 0.68, 0.08233333333333333, 0.3323333333333333, 0.1101111111111111, 0.18, 0.01, 0.01, 0.51, 0.68, 0.01, 0.79, 0.18, 0.01, 0.57, 0.34, 0.68, 0.68, 0.12, 0.68, 0.34, 0.9, 0.51, 0.08233333333333333, 0.3323333333333333, 0.1101111111111111, 0.84, 0.68, 0.23]"
765,AAAAAAAAAAAAAAAAAGLCA4AD2AJLXKQAMLIABBQ_192,4,2,2,3329.9668113100342,25,0.1210902507106463,0.8789097492893537,0.935015240808328,0.6579351420203845,0.9265249252319336,0.1319000078986088,0.868098915865024,0.9284654560188452,0.648530944933494,0.9224121888478596,"[0.08233333333333333, 0.3323333333333333, 0.1101111111111111, 0.08233333333333333, 0.3323333333333333, 0.1101111111111111, 0.3323333333333333, 0.08233333333333333, 0.3323333333333333, 0.1101111111111111, 0.08233333333333333, 0.3323333333333333, 0.1101111111111111, 0.499, 0.08233333333333333, 0.3323333333333333, 0.1101111111111111, 0.08233333333333333, 0.3323333333333333, 0.1101111111111111, 0.3323333333333333, 0.08233333333333333, 0.3323333333333333, 0.1101111111111111, 0.08233333333333333, 0.3323333333333333, 0.1101111111111111, 0.499, 0.34, 0.34, 0.45, 0.26, 0.01, 0.12, 0.68, 0.08233333333333333, 0.3323333333333333, 0.1101111111111111, 0.84, 0.34, 0.01, 0.01, 0.26, 0.34, 0.68, 0.76, 0.68, 0.68, 0.34, 0.08233333333333333, 0.3323333333333333, 0.1101111111111111, 0.68, 0.34, 0.45, 0.51, 0.08233333333333333, 0.3323333333333333, 0.1101111111111111, 0.26, 0.01, 0.45]"
766,AAAAAAAAAABK5AAP47LMYMABARYO5LRKEZYAGRQ_192,4,2,3,2288.09324817796,25,0.0917649358510971,0.9082350641489028,0.9516005118687948,0.7096812521417936,0.9369160970052084,0.0995605847487847,0.9004257520039877,0.947097314024965,0.7063027888536453,0.9348964373270672,"[0.08233333333333333, 0.3323333333333333, 0.1101111111111111, 0.08233333333333333, 0.3323333333333333, 0.1101111111111111, 0.3323333333333333, 0.08233333333333333, 0.3323333333333333, 0.1101111111111111, 0.08233333333333333, 0.3323333333333333, 0.1101111111111111, 0.499, 0.08233333333333333, 0.3323333333333333, 0.1101111111111111, 0.51, 0.34, 0.57, 0.34, 0.08233333333333333, 0.3323333333333333, 0.1101111111111111, 0.43, 0.68, 0.9, 0.51, 0.84, 0.34, 0.45, 0.68, 0.68, 0.01, 0.68, 0.08233333333333333, 0.3323333333333333, 0.1101111111111111, 0.59, 0.01, 0.79, 0.01, 0.93, 0.01, 0.57, 0.43, 0.34, 0.68, 0.68, 0.09, 0.34, 0.79, 0.59, 0.68, 0.23, 0.51, 0.08233333333333333, 0.3323333333333333, 0.1101111111111111, 0.76, 0.01, 0.45]"
767,AAHUYAGE5LRZR2EJVQAOIEABAQEIYI4INL7NRUY_192,4,2,4,2134.362791412976,25,0.0808979868888855,0.9191020131111144,0.9576098745067916,0.7024758373697598,0.9397504170735675,0.0768267024308443,0.9231632259984812,0.9598377620180448,0.7038410843660434,0.9408151547114054,"[0.08233333333333333, 0.3323333333333333, 0.1101111111111111, 0.18, 0.68, 0.79, 0.68, 0.08233333333333333, 0.3323333333333333, 0.1101111111111111, 0.68, 0.34, 0.23, 0.51, 0.51, 0.34, 0.9, 0.43, 0.01, 0.9, 0.34, 0.76, 0.01, 0.79, 0.59, 0.68, 0.68, 0.51, 0.08233333333333333, 0.3323333333333333, 0.1101111111111111, 0.93, 0.34, 0.01, 0.34, 0.08233333333333333, 0.3323333333333333, 0.1101111111111111, 0.59, 0.01, 0.79, 0.01, 0.09, 0.01, 0.79, 0.34, 0.01, 0.79, 0.34, 0.68, 0.34, 0.01, 0.76, 0.34, 0.57, 0.51, 0.93, 0.68, 0.45, 0.18, 0.34, 0.23]"
768,AAAAAAAAAAAAAAAAAMJMGEABQZYP7MQANAQADEY_192,4,2,2,8032.753480751999,25,0.0740828434626261,0.9259171565373738,0.96136022011439,0.702863106628259,0.94072052637736,0.0745269385476907,0.9254710013667744,0.9611015188197296,0.7014994729310274,0.940600840250651,"[0.08233333333333333, 0.3323333333333333, 0.1101111111111111, 0.08233333333333333, 0.3323333333333333, 0.1101111111111111, 0.3323333333333333, 0.08233333333333333, 0.3323333333333333, 0.1101111111111111, 0.08233333333333333, 0.3323333333333333, 0.1101111111111111, 0.499, 0.08233333333333333, 0.3323333333333333, 0.1101111111111111, 0.08233333333333333, 0.3323333333333333, 0.1101111111111111, 0.3323333333333333, 0.08233333333333333, 0.3323333333333333, 0.1101111111111111, 0.08233333333333333, 0.3323333333333333, 0.1101111111111111, 0.499, 0.68, 0.34, 0.34, 0.68, 0.01, 0.9, 0.34, 0.08233333333333333, 0.3323333333333333, 0.1101111111111111, 0.34, 0.01, 0.45, 0.01, 0.93, 0.01, 0.57, 0.84, 0.68, 0.45, 0.34, 0.08233333333333333, 0.3323333333333333, 0.1101111111111111, 0.76, 0.01, 0.12, 0.01, 0.08233333333333333, 0.3323333333333333, 0.1101111111111111, 0.34, 0.34, 0.23]"
770,AAAAAAAAAADADD45SU3C6MAAKOABVFRCS3IAGVY_192,4,2,3,4518.094244598993,25,0.6814562891920407,0.3185437108079592,0.4819052318731944,0.244231175382932,0.3038635889689127,0.6795791664471229,0.3204408312837283,0.4834787173817555,0.2451012139519055,0.3061610301335652,"[0.08233333333333333, 0.3323333333333333, 0.1101111111111111, 0.08233333333333333, 0.3323333333333333, 0.1101111111111111, 0.3323333333333333, 0.08233333333333333, 0.3323333333333333, 0.1101111111111111, 0.08233333333333333, 0.3323333333333333, 0.1101111111111111, 0.499, 0.08233333333333333, 0.3323333333333333, 0.1101111111111111, 0.68, 0.01, 0.01, 0.68, 0.09, 0.68, 0.9, 0.93, 0.68, 0.34, 0.51, 0.59, 0.68, 0.45, 0.26, 0.68, 0.9, 0.68, 0.08233333333333333, 0.3323333333333333, 0.1101111111111111, 0.09, 0.34, 0.23, 0.51, 0.08233333333333333, 0.3323333333333333, 0.1101111111111111, 0.76, 0.34, 0.34, 0.68, 0.09, 0.01, 0.68, 0.26, 0.68, 0.45, 0.51, 0.08233333333333333, 0.3323333333333333, 0.1101111111111111, 0.76, 0.34, 0.57]"
771,AAAAAAAAAAASXAAOTQABYMADDSAARESBNL2EKUI_192,4,2,3,1169.6906138070044,25,0.0922990530729293,0.9077009469270706,0.9513413449128468,0.6976739769180615,0.9361319224039714,0.0931439874072869,0.90685226470232,0.9506499393532674,0.696465969706575,0.9362857500712076,"[0.08233333333333333, 0.3323333333333333, 0.1101111111111111, 0.08233333333333333, 0.3323333333333333, 0.1101111111111111, 0.3323333333333333, 0.08233333333333333, 0.3323333333333333, 0.1101111111111111, 0.08233333333333333, 0.3323333333333333, 0.1101111111111111, 0.499, 0.08233333333333333, 0.3323333333333333, 0.1101111111111111, 0.26, 0.34, 0.68, 0.68, 0.08233333333333333, 0.3323333333333333, 0.1101111111111111, 0.43, 0.34, 0.23, 0.51, 0.08233333333333333, 0.3323333333333333, 0.1101111111111111, 0.09, 0.68, 0.01, 0.68, 0.08233333333333333, 0.3323333333333333, 0.1101111111111111, 0.68, 0.34, 0.9, 0.51, 0.08233333333333333, 0.3323333333333333, 0.1101111111111111, 0.59, 0.34, 0.34, 0.34, 0.26, 0.01, 0.34, 0.76, 0.34, 0.57, 0.51, 0.59, 0.34, 0.12, 0.51, 0.34, 0.12]"
775,AAAAAAAAAAAWVCDL4QAHLNQ3C4AATHTD6BG4BHA_192,4,2,3,1810.8397340520169,25,0.1058192988236745,0.8941807011763255,0.9436333561937016,0.7038233627875646,0.9353901227315268,0.110516799489657,0.8895146214713653,0.9409613349785408,0.7016848759104808,0.9337574084599812,"[0.08233333333333333, 0.3323333333333333, 0.1101111111111111, 0.08233333333333333, 0.3323333333333333, 0.1101111111111111, 0.3323333333333333, 0.08233333333333333, 0.3323333333333333, 0.1101111111111111, 0.08233333333333333, 0.3323333333333333, 0.1101111111111111, 0.499, 0.08233333333333333, 0.3323333333333333, 0.1101111111111111, 0.26, 0.68, 0.68, 0.34, 0.09, 0.01, 0.23, 0.51, 0.68, 0.9, 0.51, 0.08233333333333333, 0.3323333333333333, 0.1101111111111111, 0.43, 0.34, 0.45, 0.68, 0.34, 0.01, 0.45, 0.68, 0.34, 0.57, 0.01, 0.08233333333333333, 0.3323333333333333, 0.1101111111111111, 0.59, 0.68, 0.23, 0.68, 0.18, 0.01, 0.57, 0.93, 0.01, 0.34, 0.01, 0.76, 0.68, 0.01, 0.26, 0.34, 0.9]"
778,AAAAAAAAAAAAAAAAACJE3HYNPQAB5AQAMCQAD5Y_192,4,2,2,5041.350396966969,25,0.101167398194472,0.898832601805528,0.9464306031664212,0.7082025090853373,0.9372411092122396,0.1050076232602199,0.8950480200350285,0.9441720504313708,0.707020570213596,0.936826745669047,"[0.08233333333333333, 0.3323333333333333, 0.1101111111111111, 0.08233333333333333, 0.3323333333333333, 0.1101111111111111, 0.3323333333333333, 0.08233333333333333, 0.3323333333333333, 0.1101111111111111, 0.08233333333333333, 0.3323333333333333, 0.1101111111111111, 0.499, 0.08233333333333333, 0.3323333333333333, 0.1101111111111111, 0.08233333333333333, 0.3323333333333333, 0.1101111111111111, 0.3323333333333333, 0.08233333333333333, 0.3323333333333333, 0.1101111111111111, 0.08233333333333333, 0.3323333333333333, 0.1101111111111111, 0.499, 0.26, 0.34, 0.34, 0.59, 0.68, 0.45, 0.34, 0.84, 0.01, 0.23, 0.51, 0.68, 0.9, 0.01, 0.08233333333333333, 0.3323333333333333, 0.1101111111111111, 0.84, 0.34, 0.01, 0.34, 0.08233333333333333, 0.3323333333333333, 0.1101111111111111, 0.68, 0.01, 0.68, 0.01, 0.08233333333333333, 0.3323333333333333, 0.1101111111111111, 0.43, 0.68, 0.57]"
779,AAJSYADU76L6NMRNVQABJHCXGYEMHJ7YG2AXDHA_192,4,2,4,5306.473750391975,25,0.0913912713527679,0.908608728647232,0.9516315961877504,0.6962120393911998,0.9354633331298828,0.0868333811561266,0.9131617169827224,0.9542854913820824,0.698494361092647,0.9369395971298218,"[0.08233333333333333, 0.3323333333333333, 0.1101111111111111, 0.59, 0.68, 0.34, 0.68, 0.08233333333333333, 0.3323333333333333, 0.1101111111111111, 0.43, 0.34, 0.23, 0.51, 0.84, 0.68, 0.34, 0.84, 0.68, 0.23, 0.34, 0.34, 0.34, 0.12, 0.34, 0.68, 0.68, 0.51, 0.08233333333333333, 0.3323333333333333, 0.1101111111111111, 0.09, 0.34, 0.34, 0.34, 0.68, 0.34, 0.68, 0.68, 0.68, 0.45, 0.01, 0.09, 0.01, 0.45, 0.09, 0.68, 0.79, 0.68, 0.84, 0.68, 0.01, 0.34, 0.68, 0.79, 0.01, 0.09, 0.34, 0.9, 0.34, 0.34, 0.9]"
780,AAAAAAAAAAAAAAAAACJEIUAA7QAAPP6ZFDAVX5A_192,4,2,2,6782.481670903973,25,0.0961102252205212,0.9038897747794788,0.9491709584991136,0.7044474422931671,0.9367592175801596,0.0945133298635482,0.905400935187936,0.9499268052478632,0.7053150820235411,0.93684028784434,"[0.08233333333333333, 0.3323333333333333, 0.1101111111111111, 0.08233333333333333, 0.3323333333333333, 0.1101111111111111, 0.3323333333333333, 0.08233333333333333, 0.3323333333333333, 0.1101111111111111, 0.08233333333333333, 0.3323333333333333, 0.1101111111111111, 0.499, 0.08233333333333333, 0.3323333333333333, 0.1101111111111111, 0.08233333333333333, 0.3323333333333333, 0.1101111111111111, 0.3323333333333333, 0.08233333333333333, 0.3323333333333333, 0.1101111111111111, 0.08233333333333333, 0.3323333333333333, 0.1101111111111111, 0.499, 0.26, 0.34, 0.34, 0.59, 0.34, 0.12, 0.34, 0.08233333333333333, 0.3323333333333333, 0.1101111111111111, 0.18, 0.68, 0.9, 0.01, 0.08233333333333333, 0.3323333333333333, 0.1101111111111111, 0.18, 0.68, 0.57, 0.68, 0.93, 0.68, 0.34, 0.51, 0.01, 0.45, 0.01, 0.09, 0.34, 0.45, 0.84, 0.68, 0.79]"
781,AAAAAAAAAAAAAAAAAAAED42H2K4GRCQAM6AAA4Q_192,4,2,2,2493.111549541005,25,0.1269843012094497,0.8730156987905502,0.931605315208435,0.6579007044434547,0.9239971160888673,0.1350636683404445,0.8649346477041642,0.9265442558874688,0.6490282579014699,0.9226508220036824,"[0.08233333333333333, 0.3323333333333333, 0.1101111111111111, 0.08233333333333333, 0.3323333333333333, 0.1101111111111111, 0.3323333333333333, 0.08233333333333333, 0.3323333333333333, 0.1101111111111111, 0.08233333333333333, 0.3323333333333333, 0.1101111111111111, 0.499, 0.08233333333333333, 0.3323333333333333, 0.1101111111111111, 0.08233333333333333, 0.3323333333333333, 0.1101111111111111, 0.3323333333333333, 0.08233333333333333, 0.3323333333333333, 0.1101111111111111, 0.08233333333333333, 0.3323333333333333, 0.1101111111111111, 0.499, 0.08233333333333333, 0.3323333333333333, 0.1101111111111111, 0.59, 0.01, 0.57, 0.68, 0.18, 0.34, 0.12, 0.84, 0.34, 0.34, 0.51, 0.43, 0.01, 0.23, 0.59, 0.34, 0.12, 0.34, 0.08233333333333333, 0.3323333333333333, 0.1101111111111111, 0.68, 0.68, 0.9, 0.01, 0.08233333333333333, 0.3323333333333333, 0.1101111111111111, 0.09, 0.68, 0.34]"
782,AAO46FTVYADSVAA6EQAPB4ABA6XZTCQAPAQAG4Q_192,4,2,4,6035.052730717987,25,0.050967426598072,0.949032573401928,0.9737744177381198,0.7257199416557948,0.9470045725504558,0.0411269505818684,0.958825554822882,0.978952925031384,0.7299469740440448,0.9490885496139526,"[0.08233333333333333, 0.3323333333333333, 0.1101111111111111, 0.43, 0.34, 0.9, 0.68, 0.68, 0.34, 0.45, 0.43, 0.34, 0.57, 0.01, 0.08233333333333333, 0.3323333333333333, 0.1101111111111111, 0.93, 0.34, 0.68, 0.34, 0.08233333333333333, 0.3323333333333333, 0.1101111111111111, 0.84, 0.01, 0.79, 0.51, 0.08233333333333333, 0.3323333333333333, 0.1101111111111111, 0.84, 0.01, 0.23, 0.68, 0.08233333333333333, 0.3323333333333333, 0.1101111111111111, 0.59, 0.01, 0.57, 0.51, 0.51, 0.68, 0.9, 0.68, 0.68, 0.12, 0.34, 0.08233333333333333, 0.3323333333333333, 0.1101111111111111, 0.84, 0.01, 0.12, 0.01, 0.08233333333333333, 0.3323333333333333, 0.1101111111111111, 0.76, 0.68, 0.34]"
783,AAMVLAOQJY3CPAAG4AAEAHG3C6ABXES35OKVHNI_192,4,2,4,1642.8613718389531,25,0.0664633418122927,0.9335366581877071,0.9655419558286666,0.7112029761075973,0.9453154881795248,0.0652132476369539,0.9347834686438242,0.966192186375459,0.7112572835137446,0.9455888668696084,"[0.08233333333333333, 0.3323333333333333, 0.1101111111111111, 0.34, 0.34, 0.68, 0.34, 0.34, 0.01, 0.12, 0.76, 0.01, 0.12, 0.01, 0.43, 0.01, 0.45, 0.68, 0.34, 0.23, 0.68, 0.08233333333333333, 0.3323333333333333, 0.1101111111111111, 0.18, 0.34, 0.9, 0.01, 0.08233333333333333, 0.3323333333333333, 0.1101111111111111, 0.59, 0.01, 0.01, 0.34, 0.68, 0.68, 0.45, 0.68, 0.34, 0.57, 0.51, 0.08233333333333333, 0.3323333333333333, 0.1101111111111111, 0.76, 0.68, 0.34, 0.34, 0.26, 0.68, 0.57, 0.76, 0.34, 0.9, 0.51, 0.51, 0.34, 0.79, 0.93, 0.68, 0.68]"
784,AAAAAAAAAABYZKUKXAAD35AXOWABZMQAN3QAGFY_192,4,2,3,2657.294665726018,25,0.0971550330519676,0.9028449669480324,0.9485697497924168,0.6963566685716311,0.934464168548584,0.1005856101711591,0.899378793562452,0.9464849974960088,0.6938803271700938,0.934221641222636,"[0.08233333333333333, 0.3323333333333333, 0.1101111111111111, 0.08233333333333333, 0.3323333333333333, 0.1101111111111111, 0.3323333333333333, 0.08233333333333333, 0.3323333333333333, 0.1101111111111111, 0.08233333333333333, 0.3323333333333333, 0.1101111111111111, 0.499, 0.08233333333333333, 0.3323333333333333, 0.1101111111111111, 0.43, 0.01, 0.45, 0.34, 0.51, 0.34, 0.79, 0.51, 0.34, 0.57, 0.01, 0.08233333333333333, 0.3323333333333333, 0.1101111111111111, 0.18, 0.68, 0.57, 0.68, 0.59, 0.01, 0.68, 0.76, 0.68, 0.68, 0.51, 0.08233333333333333, 0.3323333333333333, 0.1101111111111111, 0.93, 0.34, 0.45, 0.34, 0.08233333333333333, 0.3323333333333333, 0.1101111111111111, 0.76, 0.68, 0.57, 0.01, 0.08233333333333333, 0.3323333333333333, 0.1101111111111111, 0.68, 0.34, 0.57]"
785,AAEQIAH5N6YYDAAJV4KUCMADKDRKHLQAPKQABBY_192,4,2,4,3512.5290132450173,25,0.0864803458253542,0.9135196541746458,0.9543500458200772,0.6930073236425718,0.93922913869222,0.083787094677488,0.9162117836376032,0.9558864532659452,0.6937546870360772,0.9385695695877077,"[0.08233333333333333, 0.3323333333333333, 0.1101111111111111, 0.26, 0.34, 0.01, 0.34, 0.08233333333333333, 0.3323333333333333, 0.1101111111111111, 0.84, 0.68, 0.68, 0.51, 0.43, 0.68, 0.45, 0.18, 0.01, 0.01, 0.68, 0.08233333333333333, 0.3323333333333333, 0.1101111111111111, 0.59, 0.68, 0.68, 0.51, 0.68, 0.34, 0.68, 0.59, 0.01, 0.79, 0.68, 0.08233333333333333, 0.3323333333333333, 0.1101111111111111, 0.76, 0.34, 0.01, 0.51, 0.68, 0.34, 0.68, 0.09, 0.68, 0.68, 0.68, 0.08233333333333333, 0.3323333333333333, 0.1101111111111111, 0.84, 0.34, 0.68, 0.01, 0.08233333333333333, 0.3323333333333333, 0.1101111111111111, 0.26, 0.01, 0.57]"
786,AAAAAAAAAAB6JAA7RQAOZUADY2UGFEWJB3S7BVQ_192,4,2,3,11095.880429218,25,0.0773122236132621,0.9226877763867378,0.9595180809497832,0.7034048785765966,0.9398438135782876,0.0803804694364468,0.9196167855213084,0.9578023798763752,0.701483088110884,0.9394166866938272,"[0.08233333333333333, 0.3323333333333333, 0.1101111111111111, 0.08233333333333333, 0.3323333333333333, 0.1101111111111111, 0.3323333333333333, 0.08233333333333333, 0.3323333333333333, 0.1101111111111111, 0.08233333333333333, 0.3323333333333333, 0.1101111111111111, 0.499, 0.08233333333333333, 0.3323333333333333, 0.1101111111111111, 0.43, 0.68, 0.34, 0.34, 0.08233333333333333, 0.3323333333333333, 0.1101111111111111, 0.84, 0.68, 0.12, 0.51, 0.08233333333333333, 0.3323333333333333, 0.1101111111111111, 0.93, 0.68, 0.23, 0.34, 0.08233333333333333, 0.3323333333333333, 0.1101111111111111, 0.84, 0.01, 0.45, 0.51, 0.51, 0.01, 0.23, 0.09, 0.34, 0.34, 0.34, 0.34, 0.34, 0.34, 0.09, 0.68, 0.57, 0.01, 0.51, 0.68, 0.9, 0.18, 0.34, 0.45]"
789,AAAAAAAAAADAX24NXXJHZPGJOMMIQFQADISTAVQ_192,4,2,3,3694.6177962209913,25,0.0925771469871203,0.9074228530128796,0.9510872215032578,0.705258247256279,0.9352015177408854,0.1042449861764907,0.8957218029846747,0.9442909513910612,0.6994747259964545,0.9322215795516968,"[0.08233333333333333, 0.3323333333333333, 0.1101111111111111, 0.08233333333333333, 0.3323333333333333, 0.1101111111111111, 0.3323333333333333, 0.08233333333333333, 0.3323333333333333, 0.1101111111111111, 0.08233333333333333, 0.3323333333333333, 0.1101111111111111, 0.499, 0.08233333333333333, 0.3323333333333333, 0.1101111111111111, 0.68, 0.01, 0.68, 0.68, 0.76, 0.34, 0.9, 0.34, 0.68, 0.57, 0.51, 0.43, 0.34, 0.34, 0.43, 0.68, 0.34, 0.68, 0.68, 0.68, 0.34, 0.51, 0.68, 0.23, 0.01, 0.18, 0.01, 0.79, 0.59, 0.01, 0.34, 0.68, 0.08233333333333333, 0.3323333333333333, 0.1101111111111111, 0.18, 0.34, 0.12, 0.01, 0.51, 0.01, 0.9, 0.09, 0.34, 0.45]"
790,ZRZT7RTRQOP6LAAYEDCSZUAAIAAANIQAOL6QCBI_192,4,2,4,4643.717965935008,25,0.1477380414803822,0.8522619585196177,0.9195526897907256,0.6301713660359383,0.9208213806152344,0.1495000757277012,0.8504986648758253,0.91835789916416,0.6303632055719693,0.9207901159922282,"[0.68, 0.68, 0.12, 0.68, 0.68, 0.23, 0.68, 0.84, 0.01, 0.45, 0.43, 0.01, 0.45, 0.01, 0.09, 0.68, 0.23, 0.84, 0.68, 0.34, 0.68, 0.08233333333333333, 0.3323333333333333, 0.1101111111111111, 0.68, 0.01, 0.79, 0.01, 0.18, 0.01, 0.68, 0.26, 0.68, 0.23, 0.34, 0.08233333333333333, 0.3323333333333333, 0.1101111111111111, 0.09, 0.01, 0.01, 0.01, 0.08233333333333333, 0.3323333333333333, 0.1101111111111111, 0.18, 0.34, 0.79, 0.34, 0.08233333333333333, 0.3323333333333333, 0.1101111111111111, 0.93, 0.34, 0.57, 0.51, 0.76, 0.01, 0.01, 0.59, 0.01, 0.68]"
791,AA6CIABHFWZYP3U3RAAPJMADCAPE5P4IVKWQC4Y_192,4,2,4,5305.203424533014,25,0.0732830464839935,0.9267169535160064,0.9618051638205846,0.7163838466008504,0.941975752512614,0.0713953748345375,0.9286164426555236,0.9628180207063756,0.7176862567663193,0.9428852160771688,"[0.08233333333333333, 0.3323333333333333, 0.1101111111111111, 0.84, 0.01, 0.34, 0.34, 0.08233333333333333, 0.3323333333333333, 0.1101111111111111, 0.26, 0.34, 0.9, 0.51, 0.34, 0.68, 0.45, 0.43, 0.01, 0.23, 0.68, 0.76, 0.68, 0.79, 0.76, 0.68, 0.12, 0.01, 0.08233333333333333, 0.3323333333333333, 0.1101111111111111, 0.84, 0.34, 0.34, 0.68, 0.08233333333333333, 0.3323333333333333, 0.1101111111111111, 0.68, 0.34, 0.01, 0.01, 0.18, 0.68, 0.34, 0.43, 0.34, 0.57, 0.68, 0.68, 0.34, 0.12, 0.51, 0.34, 0.68, 0.01, 0.76, 0.01, 0.01, 0.51, 0.68, 0.23]"
1000,AAAAAAAAAABCHFVECQAO34ADAATEHJQANARRY5Q_192,4,2,3,1152.7478267549304,25,0.090463754038016,0.909536245961984,0.9522010127703348,0.6966278935472171,0.9357620557149252,0.0971929363906383,0.9028036726017792,0.948533295840025,0.6925178362677494,0.9350107590357464,"[0.08233333333333333, 0.3323333333333333, 0.1101111111111111, 0.08233333333333333, 0.3323333333333333, 0.1101111111111111, 0.3323333333333333, 0.08233333333333333, 0.3323333333333333, 0.1101111111111111, 0.08233333333333333, 0.3323333333333333, 0.1101111111111111, 0.499, 0.08233333333333333, 0.3323333333333333, 0.1101111111111111, 0.59, 0.34, 0.12, 0.68, 0.26, 0.68, 0.68, 0.26, 0.01, 0.34, 0.51, 0.08233333333333333, 0.3323333333333333, 0.1101111111111111, 0.93, 0.68, 0.57, 0.68, 0.08233333333333333, 0.3323333333333333, 0.1101111111111111, 0.68, 0.01, 0.01, 0.01, 0.59, 0.68, 0.34, 0.09, 0.68, 0.79, 0.68, 0.08233333333333333, 0.3323333333333333, 0.1101111111111111, 0.76, 0.01, 0.12, 0.01, 0.18, 0.01, 0.57, 0.09, 0.68, 0.45]"
1001,AAAAAAAAAAAAAAAAAAAD24ABG4AAHIQANZXALUI_192,4,2,2,991.867633456015,25,0.2146370296676953,0.7853629703323046,0.8777274424831073,0.6233282213409742,0.898825486501058,0.2289511247227589,0.7710444161047538,0.868486603970329,0.61446103391548,0.8914872328440349,"[0.08233333333333333, 0.3323333333333333, 0.1101111111111111, 0.08233333333333333, 0.3323333333333333, 0.1101111111111111, 0.3323333333333333, 0.08233333333333333, 0.3323333333333333, 0.1101111111111111, 0.08233333333333333, 0.3323333333333333, 0.1101111111111111, 0.499, 0.08233333333333333, 0.3323333333333333, 0.1101111111111111, 0.08233333333333333, 0.3323333333333333, 0.1101111111111111, 0.3323333333333333, 0.08233333333333333, 0.3323333333333333, 0.1101111111111111, 0.08233333333333333, 0.3323333333333333, 0.1101111111111111, 0.499, 0.08233333333333333, 0.3323333333333333, 0.1101111111111111, 0.18, 0.68, 0.68, 0.68, 0.08233333333333333, 0.3323333333333333, 0.1101111111111111, 0.59, 0.68, 0.57, 0.01, 0.08233333333333333, 0.3323333333333333, 0.1101111111111111, 0.09, 0.68, 0.79, 0.34, 0.08233333333333333, 0.3323333333333333, 0.1101111111111111, 0.76, 0.68, 0.23, 0.01, 0.93, 0.01, 0.12, 0.43, 0.34, 0.12]"
1002,MDOTIACMAABBTAA6GQAN2MYU6GAB5CT6CAYAGBA_192,4,2,4,1927.0829102640275,25,0.0600401227672894,0.9399598772327106,0.968965069949627,0.714555810391903,0.9447364807128906,0.0564281864712635,0.94357066527009,0.9708758143087228,0.715876496459047,0.9461995283762614,"[0.34, 0.01, 0.23, 0.43, 0.34, 0.23, 0.34, 0.08233333333333333, 0.3323333333333333, 0.1101111111111111, 0.59, 0.68, 0.01, 0.01, 0.08233333333333333, 0.3323333333333333, 0.1101111111111111, 0.59, 0.01, 0.9, 0.68, 0.08233333333333333, 0.3323333333333333, 0.1101111111111111, 0.84, 0.01, 0.45, 0.51, 0.08233333333333333, 0.3323333333333333, 0.1101111111111111, 0.76, 0.68, 0.79, 0.68, 0.18, 0.01, 0.68, 0.18, 0.68, 0.12, 0.51, 0.08233333333333333, 0.3323333333333333, 0.1101111111111111, 0.84, 0.34, 0.12, 0.34, 0.18, 0.68, 0.9, 0.26, 0.01, 0.12, 0.51, 0.08233333333333333, 0.3323333333333333, 0.1101111111111111, 0.68, 0.01, 0.79]"
1003,AAAAAAAABWTGTDXG4F6OYEADXSAB3YQACLQVJFI_192,4,2,3,12782.889502441976,25,0.0538088023662567,0.9461911976337432,0.9722799231608708,0.7245504200458527,0.9463588714599608,0.0453011353810628,0.9546348985284568,0.9767488084733488,0.7285550980518262,0.9486457506815592,"[0.08233333333333333, 0.3323333333333333, 0.1101111111111111, 0.08233333333333333, 0.3323333333333333, 0.1101111111111111, 0.3323333333333333, 0.08233333333333333, 0.3323333333333333, 0.1101111111111111, 0.08233333333333333, 0.3323333333333333, 0.1101111111111111, 0.499, 0.34, 0.68, 0.79, 0.68, 0.68, 0.79, 0.68, 0.09, 0.68, 0.57, 0.18, 0.34, 0.9, 0.01, 0.51, 0.68, 0.9, 0.93, 0.68, 0.01, 0.34, 0.08233333333333333, 0.3323333333333333, 0.1101111111111111, 0.93, 0.68, 0.9, 0.51, 0.08233333333333333, 0.3323333333333333, 0.1101111111111111, 0.93, 0.68, 0.9, 0.34, 0.08233333333333333, 0.3323333333333333, 0.1101111111111111, 0.26, 0.34, 0.57, 0.01, 0.09, 0.34, 0.68, 0.26, 0.34, 0.68]"
1004,AAAAAAAAAAD7RAAMQQANAEAAIO4CQIQAHYDUBNA_192,4,2,3,1706.303950989968,25,0.0756740192572275,0.9243259807427724,0.960492047170798,0.7011157482862472,0.940516980489095,0.0754862395425637,0.9245123865703742,0.9605605286856492,0.7013164479285479,0.9415467898050944,"[0.08233333333333333, 0.3323333333333333, 0.1101111111111111, 0.08233333333333333, 0.3323333333333333, 0.1101111111111111, 0.3323333333333333, 0.08233333333333333, 0.3323333333333333, 0.1101111111111111, 0.08233333333333333, 0.3323333333333333, 0.1101111111111111, 0.499, 0.08233333333333333, 0.3323333333333333, 0.1101111111111111, 0.84, 0.68, 0.9, 0.34, 0.08233333333333333, 0.3323333333333333, 0.1101111111111111, 0.34, 0.34, 0.01, 0.51, 0.08233333333333333, 0.3323333333333333, 0.1101111111111111, 0.76, 0.01, 0.01, 0.34, 0.08233333333333333, 0.3323333333333333, 0.1101111111111111, 0.09, 0.01, 0.23, 0.51, 0.43, 0.01, 0.12, 0.59, 0.01, 0.79, 0.34, 0.08233333333333333, 0.3323333333333333, 0.1101111111111111, 0.43, 0.68, 0.01, 0.01, 0.43, 0.34, 0.01, 0.26, 0.68, 0.79]"
1005,AAAAAAAADKZONHXKAQAFIVQ3QTUN3NU2MLQAC5I_192,4,2,3,3199.436492997105,25,0.0519301315148671,0.9480698684851327,0.9732651337981224,0.7186809122562409,0.9449931144714356,0.0513700568427642,0.9486273229122162,0.9735688890020052,0.7194802882770698,0.9472646474838256,"[0.08233333333333333, 0.3323333333333333, 0.1101111111111111, 0.08233333333333333, 0.3323333333333333, 0.1101111111111111, 0.3323333333333333, 0.08233333333333333, 0.3323333333333333, 0.1101111111111111, 0.08233333333333333, 0.3323333333333333, 0.1101111111111111, 0.499, 0.76, 0.34, 0.45, 0.51, 0.68, 0.23, 0.34, 0.18, 0.68, 0.57, 0.51, 0.01, 0.01, 0.51, 0.08233333333333333, 0.3323333333333333, 0.1101111111111111, 0.51, 0.34, 0.12, 0.34, 0.34, 0.01, 0.45, 0.93, 0.01, 0.79, 0.51, 0.76, 0.01, 0.45, 0.93, 0.68, 0.45, 0.68, 0.59, 0.68, 0.79, 0.68, 0.34, 0.57, 0.01, 0.08233333333333333, 0.3323333333333333, 0.1101111111111111, 0.51, 0.68, 0.68]"
1006,AAAAAAAAAABSBAA6QQAPCUABY2AAFMQAD26F2DA_192,4,2,3,783.1010588760255,25,0.1165481199820836,0.8834518800179164,0.9376050397753716,0.6669900501767795,0.9282695134480794,0.12577229278783,0.8742265577117602,0.9321969016144672,0.6599535681307316,0.9262744903564452,"[0.08233333333333333, 0.3323333333333333, 0.1101111111111111, 0.08233333333333333, 0.3323333333333333, 0.1101111111111111, 0.3323333333333333, 0.08233333333333333, 0.3323333333333333, 0.1101111111111111, 0.08233333333333333, 0.3323333333333333, 0.1101111111111111, 0.499, 0.08233333333333333, 0.3323333333333333, 0.1101111111111111, 0.34, 0.34, 0.01, 0.34, 0.08233333333333333, 0.3323333333333333, 0.1101111111111111, 0.84, 0.34, 0.01, 0.51, 0.08233333333333333, 0.3323333333333333, 0.1101111111111111, 0.84, 0.01, 0.68, 0.34, 0.08233333333333333, 0.3323333333333333, 0.1101111111111111, 0.43, 0.01, 0.45, 0.51, 0.08233333333333333, 0.3323333333333333, 0.1101111111111111, 0.09, 0.34, 0.45, 0.34, 0.08233333333333333, 0.3323333333333333, 0.1101111111111111, 0.18, 0.68, 0.68, 0.51, 0.68, 0.34, 0.57, 0.59, 0.01, 0.9]"
1007,AAAAAAAAAAAAAAAAAAAHZUADIL4AQFQADYLQC5Y_192,4,2,2,427.5125878290273,25,0.121153778831164,0.8788462211688359,0.934724452594916,0.6693429519732793,0.9283253033955892,0.1328425906598568,0.8671549943586191,0.9279819169392188,0.6590998170276483,0.9234448591868084,"[0.08233333333333333, 0.3323333333333333, 0.1101111111111111, 0.08233333333333333, 0.3323333333333333, 0.1101111111111111, 0.3323333333333333, 0.08233333333333333, 0.3323333333333333, 0.1101111111111111, 0.08233333333333333, 0.3323333333333333, 0.1101111111111111, 0.499, 0.08233333333333333, 0.3323333333333333, 0.1101111111111111, 0.08233333333333333, 0.3323333333333333, 0.1101111111111111, 0.3323333333333333, 0.08233333333333333, 0.3323333333333333, 0.1101111111111111, 0.08233333333333333, 0.3323333333333333, 0.1101111111111111, 0.499, 0.08233333333333333, 0.3323333333333333, 0.1101111111111111, 0.43, 0.68, 0.23, 0.34, 0.08233333333333333, 0.3323333333333333, 0.1101111111111111, 0.76, 0.01, 0.34, 0.51, 0.84, 0.01, 0.01, 0.59, 0.01, 0.34, 0.68, 0.08233333333333333, 0.3323333333333333, 0.1101111111111111, 0.18, 0.68, 0.01, 0.51, 0.43, 0.01, 0.01, 0.51, 0.68, 0.57]"
1008,KBDTYAHUEADBRAAMBTBWJMAA2SABRJ6L7KQAGBQ_192,4,2,4,799.3344578129472,25,0.1036818524201711,0.8963181475798289,0.9448709403475124,0.6729807168245315,0.934104061126709,0.1072722927977641,0.892727226143082,0.9426499058802924,0.6687154173851013,0.9321017424265544,"[0.51, 0.01, 0.12, 0.09, 0.68, 0.23, 0.68, 0.08233333333333333, 0.3323333333333333, 0.1101111111111111, 0.84, 0.34, 0.01, 0.51, 0.08233333333333333, 0.3323333333333333, 0.1101111111111111, 0.68, 0.01, 0.9, 0.34, 0.08233333333333333, 0.3323333333333333, 0.1101111111111111, 0.34, 0.01, 0.12, 0.51, 0.18, 0.01, 0.23, 0.34, 0.34, 0.34, 0.68, 0.08233333333333333, 0.3323333333333333, 0.1101111111111111, 0.18, 0.34, 0.79, 0.51, 0.08233333333333333, 0.3323333333333333, 0.1101111111111111, 0.68, 0.34, 0.79, 0.68, 0.93, 0.34, 0.57, 0.84, 0.34, 0.68, 0.01, 0.08233333333333333, 0.3323333333333333, 0.1101111111111111, 0.68, 0.01, 0.45]"
1009,AAAAAAAAAAAAAAAAAAAMGEWJSEAB4JQANYYAGRY_192,4,2,2,1936.434990621056,25,0.1193704485893249,0.880629551410675,0.9360053891936938,0.6759327421585719,0.9250412623087564,0.1201242831846078,0.8798712934056918,0.9352491731444996,0.6745119035243988,0.9259804169336956,"[0.08233333333333333, 0.3323333333333333, 0.1101111111111111, 0.08233333333333333, 0.3323333333333333, 0.1101111111111111, 0.3323333333333333, 0.08233333333333333, 0.3323333333333333, 0.1101111111111111, 0.08233333333333333, 0.3323333333333333, 0.1101111111111111, 0.499, 0.08233333333333333, 0.3323333333333333, 0.1101111111111111, 0.08233333333333333, 0.3323333333333333, 0.1101111111111111, 0.3323333333333333, 0.08233333333333333, 0.3323333333333333, 0.1101111111111111, 0.08233333333333333, 0.3323333333333333, 0.1101111111111111, 0.499, 0.08233333333333333, 0.3323333333333333, 0.1101111111111111, 0.68, 0.01, 0.9, 0.34, 0.26, 0.68, 0.34, 0.34, 0.34, 0.12, 0.01, 0.08233333333333333, 0.3323333333333333, 0.1101111111111111, 0.84, 0.01, 0.79, 0.68, 0.08233333333333333, 0.3323333333333333, 0.1101111111111111, 0.76, 0.68, 0.12, 0.51, 0.08233333333333333, 0.3323333333333333, 0.1101111111111111, 0.76, 0.01, 0.57]"
1010,AA2FKA2MX6NC7AAD4AANAEABAAAB7BWAW3AACRY_192,4,2,4,1669.11800206895,25,0.2647366041938463,0.7352633958061536,0.8452413176496824,0.5709694976607959,0.8720576604207356,0.2776841859022776,0.7223053619265556,0.8362307546039423,0.5618818137794733,0.8702234347661336,"[0.08233333333333333, 0.3323333333333333, 0.1101111111111111, 0.76, 0.01, 0.68, 0.34, 0.59, 0.01, 0.23, 0.59, 0.68, 0.34, 0.51, 0.84, 0.68, 0.23, 0.59, 0.34, 0.57, 0.68, 0.08233333333333333, 0.3323333333333333, 0.1101111111111111, 0.09, 0.68, 0.9, 0.01, 0.08233333333333333, 0.3323333333333333, 0.1101111111111111, 0.76, 0.01, 0.01, 0.34, 0.08233333333333333, 0.3323333333333333, 0.1101111111111111, 0.59, 0.01, 0.01, 0.01, 0.08233333333333333, 0.3323333333333333, 0.1101111111111111, 0.84, 0.68, 0.01, 0.68, 0.34, 0.01, 0.12, 0.34, 0.68, 0.45, 0.01, 0.08233333333333333, 0.3323333333333333, 0.1101111111111111, 0.51, 0.01, 0.57]"
1011,AAAAAAAAAKPSX2TGWGC7KEADBSAANJQAHJQACBQ_192,4,2,3,2472.719761231914,25,0.09980275730292,0.90019724269708,0.9471109092235566,0.6917888363202412,0.9343562126159668,0.0983549578736225,0.9016405356427034,0.9478513752420744,0.6930063145856062,0.9335722049077352,"[0.08233333333333333, 0.3323333333333333, 0.1101111111111111, 0.08233333333333333, 0.3323333333333333, 0.1101111111111111, 0.3323333333333333, 0.08233333333333333, 0.3323333333333333, 0.1101111111111111, 0.08233333333333333, 0.3323333333333333, 0.1101111111111111, 0.499, 0.09, 0.34, 0.23, 0.93, 0.34, 0.68, 0.68, 0.76, 0.34, 0.23, 0.18, 0.34, 0.45, 0.01, 0.34, 0.01, 0.68, 0.84, 0.34, 0.79, 0.34, 0.08233333333333333, 0.3323333333333333, 0.1101111111111111, 0.68, 0.01, 0.9, 0.51, 0.08233333333333333, 0.3323333333333333, 0.1101111111111111, 0.18, 0.34, 0.79, 0.68, 0.08233333333333333, 0.3323333333333333, 0.1101111111111111, 0.43, 0.34, 0.23, 0.01, 0.08233333333333333, 0.3323333333333333, 0.1101111111111111, 0.59, 0.01, 0.45]"
1012,AAAAAAAAAAASJAAKVEC4CEABC5UJ3MQADZYAGQQ_192,4,2,3,802.8932164008729,25,0.0808921948075294,0.9191078051924706,0.95766847183307,0.7011630589763324,0.9403976440429688,0.0659495246907075,0.934048680961132,0.965753720079859,0.709467284505566,0.9452453215916952,"[0.08233333333333333, 0.3323333333333333, 0.1101111111111111, 0.08233333333333333, 0.3323333333333333, 0.1101111111111111, 0.3323333333333333, 0.08233333333333333, 0.3323333333333333, 0.1101111111111111, 0.08233333333333333, 0.3323333333333333, 0.1101111111111111, 0.499, 0.08233333333333333, 0.3323333333333333, 0.1101111111111111, 0.26, 0.34, 0.34, 0.34, 0.08233333333333333, 0.3323333333333333, 0.1101111111111111, 0.51, 0.34, 0.68, 0.01, 0.59, 0.01, 0.68, 0.68, 0.01, 0.79, 0.34, 0.08233333333333333, 0.3323333333333333, 0.1101111111111111, 0.59, 0.34, 0.57, 0.01, 0.76, 0.01, 0.79, 0.93, 0.68, 0.45, 0.34, 0.08233333333333333, 0.3323333333333333, 0.1101111111111111, 0.18, 0.68, 0.23, 0.51, 0.08233333333333333, 0.3323333333333333, 0.1101111111111111, 0.76, 0.01, 0.34]"
1013,AAAAAAAAAWBAVAAOHTDHZ5KI6MNJXHQAO3IAAXA_192,4,2,3,1394.2169063698966,25,0.0893969436486562,0.9106030563513438,0.9528378054499628,0.7063506931066513,0.937967046101888,0.0983991716057062,0.9015722632408142,0.9478051592906316,0.700899463891983,0.9348620812098184,"[0.08233333333333333, 0.3323333333333333, 0.1101111111111111, 0.08233333333333333, 0.3323333333333333, 0.1101111111111111, 0.3323333333333333, 0.08233333333333333, 0.3323333333333333, 0.1101111111111111, 0.08233333333333333, 0.3323333333333333, 0.1101111111111111, 0.499, 0.26, 0.68, 0.01, 0.59, 0.01, 0.68, 0.34, 0.08233333333333333, 0.3323333333333333, 0.1101111111111111, 0.43, 0.01, 0.57, 0.51, 0.18, 0.01, 0.45, 0.43, 0.68, 0.23, 0.68, 0.51, 0.34, 0.34, 0.18, 0.68, 0.23, 0.01, 0.18, 0.34, 0.79, 0.76, 0.68, 0.23, 0.68, 0.08233333333333333, 0.3323333333333333, 0.1101111111111111, 0.93, 0.68, 0.45, 0.51, 0.08233333333333333, 0.3323333333333333, 0.1101111111111111, 0.09, 0.34, 0.9]"
1014,AAMQ2M6NEYL6PAA2HAAGDHS7KGAB4IQAG6AAGEI_192,4,2,4,1520.727900535101,25,0.0602616399526596,0.9397383600473403,0.9688194925586384,0.7161056150992712,0.9458292961120606,0.0564975238094727,0.943499380722642,0.9708517607301472,0.7175369643916686,0.9452877600987752,"[0.08233333333333333, 0.3323333333333333, 0.1101111111111111, 0.34, 0.34, 0.01, 0.68, 0.59, 0.68, 0.23, 0.68, 0.68, 0.79, 0.51, 0.18, 0.01, 0.34, 0.84, 0.68, 0.23, 0.68, 0.08233333333333333, 0.3323333333333333, 0.1101111111111111, 0.76, 0.01, 0.57, 0.01, 0.08233333333333333, 0.3323333333333333, 0.1101111111111111, 0.34, 0.01, 0.45, 0.34, 0.93, 0.34, 0.57, 0.76, 0.34, 0.12, 0.51, 0.08233333333333333, 0.3323333333333333, 0.1101111111111111, 0.84, 0.01, 0.79, 0.34, 0.08233333333333333, 0.3323333333333333, 0.1101111111111111, 0.34, 0.68, 0.9, 0.01, 0.08233333333333333, 0.3323333333333333, 0.1101111111111111, 0.68, 0.34, 0.12]"
1015,AAAAAAAAAAAAAAAAAM2XLPYFCUAA4F7AXLPRJAA_192,4,2,2,1274.177764669992,25,0.1359765549500783,0.8640234450499217,0.9261332213878632,0.6573441584904989,0.921069876352946,0.1523382323483626,0.8476601193348566,0.9165650879343352,0.6458354266981284,0.915562947591146,"[0.08233333333333333, 0.3323333333333333, 0.1101111111111111, 0.08233333333333333, 0.3323333333333333, 0.1101111111111111, 0.3323333333333333, 0.08233333333333333, 0.3323333333333333, 0.1101111111111111, 0.08233333333333333, 0.3323333333333333, 0.1101111111111111, 0.499, 0.08233333333333333, 0.3323333333333333, 0.1101111111111111, 0.08233333333333333, 0.3323333333333333, 0.1101111111111111, 0.3323333333333333, 0.08233333333333333, 0.3323333333333333, 0.1101111111111111, 0.08233333333333333, 0.3323333333333333, 0.1101111111111111, 0.499, 0.68, 0.68, 0.68, 0.43, 0.34, 0.45, 0.68, 0.84, 0.01, 0.12, 0.59, 0.34, 0.68, 0.01, 0.08233333333333333, 0.3323333333333333, 0.1101111111111111, 0.43, 0.01, 0.34, 0.68, 0.84, 0.01, 0.12, 0.43, 0.34, 0.45, 0.51, 0.84, 0.01, 0.68, 0.26, 0.01, 0.01]"
1016,AAAAAAAADLQWHYE24CDFL5KZW4IE7PVZXLQAGUQ_192,4,2,3,1579.2768868410494,25,0.6833965440591176,0.3166034559408823,0.4788161714871724,0.2549682398637136,0.2904767354329427,0.6819365423172712,0.3180435684820016,0.4808322404821714,0.2560175119588772,0.2908923864364624,"[0.08233333333333333, 0.3323333333333333, 0.1101111111111111, 0.08233333333333333, 0.3323333333333333, 0.1101111111111111, 0.3323333333333333, 0.08233333333333333, 0.3323333333333333, 0.1101111111111111, 0.08233333333333333, 0.3323333333333333, 0.1101111111111111, 0.499, 0.76, 0.34, 0.9, 0.26, 0.68, 0.12, 0.68, 0.68, 0.01, 0.79, 0.76, 0.34, 0.9, 0.01, 0.26, 0.01, 0.45, 0.51, 0.34, 0.57, 0.68, 0.51, 0.34, 0.45, 0.34, 0.68, 0.57, 0.01, 0.26, 0.01, 0.34, 0.43, 0.68, 0.57, 0.68, 0.51, 0.68, 0.23, 0.43, 0.34, 0.57, 0.01, 0.08233333333333333, 0.3323333333333333, 0.1101111111111111, 0.76, 0.34, 0.34]"
1017,AAAAAAAABQ5Y3DWZV56MCMADSYAAJFSZSKYAB5A_192,4,2,3,2027.3989678451328,25,0.0777843182285626,0.9222156817714372,0.9593094756205875,0.7033094768722852,0.9398806254069012,0.0839341434339682,0.9160636633634568,0.9558114358534416,0.7003726575523614,0.9389975865681968,"[0.08233333333333333, 0.3323333333333333, 0.1101111111111111, 0.08233333333333333, 0.3323333333333333, 0.1101111111111111, 0.3323333333333333, 0.08233333333333333, 0.3323333333333333, 0.1101111111111111, 0.08233333333333333, 0.3323333333333333, 0.1101111111111111, 0.499, 0.34, 0.01, 0.57, 0.43, 0.01, 0.45, 0.68, 0.09, 0.68, 0.45, 0.68, 0.68, 0.68, 0.51, 0.76, 0.68, 0.9, 0.68, 0.01, 0.79, 0.68, 0.08233333333333333, 0.3323333333333333, 0.1101111111111111, 0.93, 0.34, 0.45, 0.01, 0.08233333333333333, 0.3323333333333333, 0.1101111111111111, 0.26, 0.34, 0.34, 0.68, 0.26, 0.68, 0.23, 0.26, 0.34, 0.68, 0.51, 0.08233333333333333, 0.3323333333333333, 0.1101111111111111, 0.18, 0.68, 0.79]"
1018,AAAAAAAAA6L2JAA3VNZS24AD2OAAYO4LBJYABBI_192,4,2,3,5284.868623947026,25,0.0808478092153867,0.9191521907846132,0.9576438655455908,0.6943079560995102,0.9389718691507976,0.0864906424035628,0.9135084992895524,0.9544412304957708,0.6902649411310752,0.938054895401001,"[0.08233333333333333, 0.3323333333333333, 0.1101111111111111, 0.08233333333333333, 0.3323333333333333, 0.1101111111111111, 0.3323333333333333, 0.08233333333333333, 0.3323333333333333, 0.1101111111111111, 0.08233333333333333, 0.3323333333333333, 0.1101111111111111, 0.499, 0.18, 0.68, 0.34, 0.84, 0.34, 0.34, 0.34, 0.08233333333333333, 0.3323333333333333, 0.1101111111111111, 0.76, 0.68, 0.68, 0.01, 0.76, 0.68, 0.23, 0.26, 0.68, 0.68, 0.68, 0.08233333333333333, 0.3323333333333333, 0.1101111111111111, 0.84, 0.34, 0.23, 0.51, 0.08233333333333333, 0.3323333333333333, 0.1101111111111111, 0.34, 0.01, 0.57, 0.34, 0.68, 0.34, 0.45, 0.09, 0.34, 0.23, 0.51, 0.08233333333333333, 0.3323333333333333, 0.1101111111111111, 0.26, 0.01, 0.68]"
1019,AAAAAAAAAAAAAAAAAGBM6MAB2WAA4ORCHKBMW5I_192,4,2,2,611.5207974091172,25,0.0894110962748527,0.9105889037251472,0.9528062259157498,0.6980844005942345,0.9362566312154134,0.0867540512233972,0.9132369214047988,0.9542100840558608,0.6992272711048524,0.9368494272232056,"[0.08233333333333333, 0.3323333333333333, 0.1101111111111111, 0.08233333333333333, 0.3323333333333333, 0.1101111111111111, 0.3323333333333333, 0.08233333333333333, 0.3323333333333333, 0.1101111111111111, 0.08233333333333333, 0.3323333333333333, 0.1101111111111111, 0.499, 0.08233333333333333, 0.3323333333333333, 0.1101111111111111, 0.08233333333333333, 0.3323333333333333, 0.1101111111111111, 0.3323333333333333, 0.08233333333333333, 0.3323333333333333, 0.1101111111111111, 0.08233333333333333, 0.3323333333333333, 0.1101111111111111, 0.499, 0.34, 0.01, 0.34, 0.68, 0.68, 0.9, 0.68, 0.08233333333333333, 0.3323333333333333, 0.1101111111111111, 0.43, 0.34, 0.68, 0.51, 0.08233333333333333, 0.3323333333333333, 0.1101111111111111, 0.43, 0.01, 0.57, 0.34, 0.09, 0.01, 0.79, 0.43, 0.34, 0.79, 0.01, 0.26, 0.68, 0.34, 0.76, 0.68, 0.68]"
1020,AAAAAAAAAAAAAAAAAAAMJ4WZLSFGHIQAEYSMPEA_192,4,2,2,1586.5710793640465,25,0.1163767054677009,0.883623294532299,0.9377105380098024,0.6968053162097931,0.9279000918070476,0.1330074639370044,0.8670671828091144,0.9279563249399264,0.6893987029790878,0.924683658281962,"[0.08233333333333333, 0.3323333333333333, 0.1101111111111111, 0.08233333333333333, 0.3323333333333333, 0.1101111111111111, 0.3323333333333333, 0.08233333333333333, 0.3323333333333333, 0.1101111111111111, 0.08233333333333333, 0.3323333333333333, 0.1101111111111111, 0.499, 0.08233333333333333, 0.3323333333333333, 0.1101111111111111, 0.08233333333333333, 0.3323333333333333, 0.1101111111111111, 0.3323333333333333, 0.08233333333333333, 0.3323333333333333, 0.1101111111111111, 0.08233333333333333, 0.3323333333333333, 0.1101111111111111, 0.499, 0.08233333333333333, 0.3323333333333333, 0.1101111111111111, 0.68, 0.34, 0.23, 0.68, 0.26, 0.68, 0.45, 0.51, 0.34, 0.9, 0.51, 0.09, 0.34, 0.23, 0.09, 0.68, 0.79, 0.34, 0.08233333333333333, 0.3323333333333333, 0.1101111111111111, 0.59, 0.68, 0.12, 0.01, 0.59, 0.68, 0.12, 0.93, 0.34, 0.01]"
1021,AA6G7VKQMABGD4C6XAAFKXCAIQ5ELJRK5GIABRY_192,4,2,4,6316.393170131836,25,0.0855860581000646,0.9144139418999354,0.955108969906966,0.7039154251416524,0.9382518768310548,0.0869341552257537,0.913058299322923,0.9541638853649298,0.7025036027034124,0.9378564755121866,"[0.08233333333333333, 0.3323333333333333, 0.1101111111111111, 0.84, 0.01, 0.45, 0.68, 0.84, 0.34, 0.68, 0.51, 0.01, 0.12, 0.51, 0.08233333333333333, 0.3323333333333333, 0.1101111111111111, 0.59, 0.68, 0.01, 0.68, 0.93, 0.01, 0.34, 0.84, 0.34, 0.57, 0.01, 0.08233333333333333, 0.3323333333333333, 0.1101111111111111, 0.51, 0.34, 0.68, 0.34, 0.68, 0.34, 0.01, 0.09, 0.01, 0.79, 0.01, 0.43, 0.34, 0.34, 0.26, 0.68, 0.79, 0.68, 0.09, 0.34, 0.68, 0.76, 0.01, 0.9, 0.51, 0.08233333333333333, 0.3323333333333333, 0.1101111111111111, 0.18, 0.01, 0.57]"
1022,AAAAAAAAAAAAAAAAAPIUY5SB22AAJIQACZ746FY_192,4,2,2,1690.6830609880851,25,0.0651861354708671,0.9348138645291328,0.966160562634468,0.7099287713567416,0.94349152247111,0.0694815622021754,0.9305163066834212,0.9637946994354328,0.707838652531306,0.9418501615524292,"[0.08233333333333333, 0.3323333333333333, 0.1101111111111111, 0.08233333333333333, 0.3323333333333333, 0.1101111111111111, 0.3323333333333333, 0.08233333333333333, 0.3323333333333333, 0.1101111111111111, 0.08233333333333333, 0.3323333333333333, 0.1101111111111111, 0.499, 0.08233333333333333, 0.3323333333333333, 0.1101111111111111, 0.08233333333333333, 0.3323333333333333, 0.1101111111111111, 0.3323333333333333, 0.08233333333333333, 0.3323333333333333, 0.1101111111111111, 0.08233333333333333, 0.3323333333333333, 0.1101111111111111, 0.499, 0.84, 0.34, 0.12, 0.59, 0.68, 0.12, 0.68, 0.34, 0.34, 0.01, 0.43, 0.34, 0.45, 0.51, 0.08233333333333333, 0.3323333333333333, 0.1101111111111111, 0.26, 0.34, 0.79, 0.34, 0.08233333333333333, 0.3323333333333333, 0.1101111111111111, 0.26, 0.68, 0.23, 0.51, 0.84, 0.68, 0.23, 0.68, 0.34, 0.57]"
1023,AAAAAAAADAVYXKVIRQAOZUADOKVKVZQAMCONLEQ_192,4,2,3,2886.8010860490613,25,0.0563495159149169,0.943650484085083,0.9708853552738824,0.7196177378296852,0.9456624348958332,0.0527596190571785,0.9472376760095358,0.9728160758813222,0.7214587960392237,0.9461349487304688,"[0.08233333333333333, 0.3323333333333333, 0.1101111111111111, 0.08233333333333333, 0.3323333333333333, 0.1101111111111111, 0.3323333333333333, 0.08233333333333333, 0.3323333333333333, 0.1101111111111111, 0.08233333333333333, 0.3323333333333333, 0.1101111111111111, 0.499, 0.68, 0.01, 0.68, 0.43, 0.01, 0.68, 0.68, 0.51, 0.34, 0.68, 0.59, 0.34, 0.12, 0.51, 0.08233333333333333, 0.3323333333333333, 0.1101111111111111, 0.93, 0.68, 0.23, 0.34, 0.08233333333333333, 0.3323333333333333, 0.1101111111111111, 0.76, 0.68, 0.34, 0.51, 0.51, 0.34, 0.68, 0.51, 0.34, 0.9, 0.68, 0.08233333333333333, 0.3323333333333333, 0.1101111111111111, 0.68, 0.01, 0.79, 0.51, 0.68, 0.68, 0.68, 0.34, 0.34, 0.34]"
1024,AAAAAAAAAAAAAAAAAEODONKESFRYXCQADYYVRAY_192,4,2,2,345.93131911498494,25,0.104199081659317,0.895800918340683,0.94462993790706,0.688169748087724,0.9327337265014648,0.0949858946104844,0.9050125910590092,0.9497566343595584,0.6930159280697504,0.9361220121383668,"[0.08233333333333333, 0.3323333333333333, 0.1101111111111111, 0.08233333333333333, 0.3323333333333333, 0.1101111111111111, 0.3323333333333333, 0.08233333333333333, 0.3323333333333333, 0.1101111111111111, 0.08233333333333333, 0.3323333333333333, 0.1101111111111111, 0.499, 0.08233333333333333, 0.3323333333333333, 0.1101111111111111, 0.08233333333333333, 0.3323333333333333, 0.1101111111111111, 0.3323333333333333, 0.08233333333333333, 0.3323333333333333, 0.1101111111111111, 0.08233333333333333, 0.3323333333333333, 0.1101111111111111, 0.499, 0.59, 0.34, 0.9, 0.18, 0.34, 0.9, 0.68, 0.51, 0.34, 0.12, 0.26, 0.34, 0.12, 0.01, 0.68, 0.34, 0.9, 0.51, 0.68, 0.12, 0.34, 0.08233333333333333, 0.3323333333333333, 0.1101111111111111, 0.18, 0.68, 0.12, 0.51, 0.09, 0.34, 0.45, 0.26, 0.01, 0.23]"
1025,AAAAAAAAAAAAAAAAAAABD4ADWKUMPC5ZP3AAHUA_192,4,2,2,9779.833477526903,25,0.1650923460721969,0.8349076539278031,0.9086284384131432,0.6337565819422404,0.9145376523335774,0.1754799465338389,0.8245173794527848,0.9022456606229148,0.62593319217364,0.910567553838094,"[0.08233333333333333, 0.3323333333333333, 0.1101111111111111, 0.08233333333333333, 0.3323333333333333, 0.1101111111111111, 0.3323333333333333, 0.08233333333333333, 0.3323333333333333, 0.1101111111111111, 0.08233333333333333, 0.3323333333333333, 0.1101111111111111, 0.499, 0.08233333333333333, 0.3323333333333333, 0.1101111111111111, 0.08233333333333333, 0.3323333333333333, 0.1101111111111111, 0.3323333333333333, 0.08233333333333333, 0.3323333333333333, 0.1101111111111111, 0.08233333333333333, 0.3323333333333333, 0.1101111111111111, 0.499, 0.08233333333333333, 0.3323333333333333, 0.1101111111111111, 0.09, 0.01, 0.57, 0.68, 0.08233333333333333, 0.3323333333333333, 0.1101111111111111, 0.93, 0.68, 0.34, 0.51, 0.51, 0.01, 0.45, 0.18, 0.68, 0.12, 0.34, 0.76, 0.68, 0.34, 0.84, 0.68, 0.45, 0.01, 0.08233333333333333, 0.3323333333333333, 0.1101111111111111, 0.84, 0.34, 0.01]"
1026,AAAAAAAAAAAAAAAAAHLG27LTIH4M4AVZ4B3F2FQ_192,4,2,2,1153.0784047241325,25,0.0833232050140698,0.91667679498593,0.95631912201643,0.6981026525298755,0.9390777905782064,0.0801273332287867,0.9198707851270834,0.9580048439403376,0.6977030622462431,0.9385547002156576,"[0.08233333333333333, 0.3323333333333333, 0.1101111111111111, 0.08233333333333333, 0.3323333333333333, 0.1101111111111111, 0.3323333333333333, 0.08233333333333333, 0.3323333333333333, 0.1101111111111111, 0.08233333333333333, 0.3323333333333333, 0.1101111111111111, 0.499, 0.08233333333333333, 0.3323333333333333, 0.1101111111111111, 0.08233333333333333, 0.3323333333333333, 0.1101111111111111, 0.3323333333333333, 0.08233333333333333, 0.3323333333333333, 0.1101111111111111, 0.08233333333333333, 0.3323333333333333, 0.1101111111111111, 0.499, 0.43, 0.34, 0.45, 0.34, 0.68, 0.68, 0.68, 0.76, 0.34, 0.9, 0.76, 0.01, 0.12, 0.51, 0.84, 0.01, 0.45, 0.43, 0.01, 0.01, 0.34, 0.51, 0.68, 0.23, 0.68, 0.01, 0.23, 0.51, 0.34, 0.34, 0.57, 0.59, 0.34, 0.45]"
1027,AAAAAAAAAAAAAAAAAAAD2EAAOUXNTBTY7GIAGNY_192,4,2,2,1273.100842432119,25,0.1439060822129249,0.856093917787075,0.9215312088529268,0.6764212956031164,0.9227514266967772,0.1469586831827958,0.8532123991598686,0.9197254079083602,0.6725930077334245,0.9192922592163086,"[0.08233333333333333, 0.3323333333333333, 0.1101111111111111, 0.08233333333333333, 0.3323333333333333, 0.1101111111111111, 0.3323333333333333, 0.08233333333333333, 0.3323333333333333, 0.1101111111111111, 0.08233333333333333, 0.3323333333333333, 0.1101111111111111, 0.499, 0.08233333333333333, 0.3323333333333333, 0.1101111111111111, 0.08233333333333333, 0.3323333333333333, 0.1101111111111111, 0.3323333333333333, 0.08233333333333333, 0.3323333333333333, 0.1101111111111111, 0.08233333333333333, 0.3323333333333333, 0.1101111111111111, 0.499, 0.08233333333333333, 0.3323333333333333, 0.1101111111111111, 0.18, 0.68, 0.79, 0.34, 0.08233333333333333, 0.3323333333333333, 0.1101111111111111, 0.09, 0.68, 0.68, 0.01, 0.51, 0.68, 0.45, 0.68, 0.68, 0.01, 0.68, 0.18, 0.68, 0.12, 0.84, 0.01, 0.9, 0.51, 0.08233333333333333, 0.3323333333333333, 0.1101111111111111, 0.68, 0.68, 0.57]"
1028,AAAAAAAADSLDRMAHRAAODUAASUNLXCQAMDIAHUY_192,4,2,3,2786.8131382931024,25,0.0620483070611953,0.9379516929388046,0.967883291343848,0.713737179338932,0.9446592966715496,0.0625745637963215,0.93740777981778,0.9675981427232424,0.713788049047192,0.9451107422510784,"[0.08233333333333333, 0.3323333333333333, 0.1101111111111111, 0.08233333333333333, 0.3323333333333333, 0.1101111111111111, 0.3323333333333333, 0.08233333333333333, 0.3323333333333333, 0.1101111111111111, 0.08233333333333333, 0.3323333333333333, 0.1101111111111111, 0.499, 0.93, 0.34, 0.34, 0.68, 0.34, 0.9, 0.34, 0.34, 0.01, 0.01, 0.18, 0.68, 0.12, 0.01, 0.08233333333333333, 0.3323333333333333, 0.1101111111111111, 0.93, 0.01, 0.57, 0.34, 0.08233333333333333, 0.3323333333333333, 0.1101111111111111, 0.26, 0.34, 0.68, 0.01, 0.18, 0.34, 0.68, 0.76, 0.68, 0.12, 0.34, 0.08233333333333333, 0.3323333333333333, 0.1101111111111111, 0.68, 0.01, 0.45, 0.51, 0.08233333333333333, 0.3323333333333333, 0.1101111111111111, 0.84, 0.34, 0.23]"
1029,7T343VZV5OQ2LAAOAAAC6HKNQ2PAPETAB6DNZDA_192,4,2,4,4413.557419530116,25,0.0779627511898676,0.9220372488101324,0.9590633203585942,0.7137143636743227,0.9410634994506836,0.0727034486830234,0.9273731622844934,0.9621244825422764,0.7161346495151519,0.9413092772165934,"[0.84, 0.68, 0.23, 0.76, 0.68, 0.9, 0.68, 0.43, 0.34, 0.57, 0.18, 0.34, 0.57, 0.51, 0.51, 0.68, 0.79, 0.18, 0.34, 0.34, 0.68, 0.08233333333333333, 0.3323333333333333, 0.1101111111111111, 0.43, 0.01, 0.01, 0.01, 0.08233333333333333, 0.3323333333333333, 0.1101111111111111, 0.26, 0.68, 0.9, 0.34, 0.76, 0.34, 0.23, 0.34, 0.01, 0.45, 0.51, 0.18, 0.68, 0.01, 0.18, 0.68, 0.34, 0.34, 0.18, 0.01, 0.01, 0.09, 0.68, 0.9, 0.01, 0.34, 0.68, 0.57, 0.26, 0.01, 0.9]"
1030,AAAAAAAAAAAAAAAAAPBM2UADGMAAINU3EDQABBI_192,4,2,2,2379.320556035964,25,0.1593487252791722,0.8406512747208278,0.9120120311776796,0.644354805847009,0.9175322532653808,0.1542702828844388,0.8457263009001811,0.9153783190995456,0.647842608516415,0.9163200298945108,"[0.08233333333333333, 0.3323333333333333, 0.1101111111111111, 0.08233333333333333, 0.3323333333333333, 0.1101111111111111, 0.3323333333333333, 0.08233333333333333, 0.3323333333333333, 0.1101111111111111, 0.08233333333333333, 0.3323333333333333, 0.1101111111111111, 0.499, 0.08233333333333333, 0.3323333333333333, 0.1101111111111111, 0.08233333333333333, 0.3323333333333333, 0.1101111111111111, 0.3323333333333333, 0.08233333333333333, 0.3323333333333333, 0.1101111111111111, 0.08233333333333333, 0.3323333333333333, 0.1101111111111111, 0.499, 0.84, 0.01, 0.34, 0.68, 0.68, 0.68, 0.34, 0.08233333333333333, 0.3323333333333333, 0.1101111111111111, 0.68, 0.68, 0.23, 0.01, 0.08233333333333333, 0.3323333333333333, 0.1101111111111111, 0.26, 0.01, 0.45, 0.68, 0.59, 0.68, 0.45, 0.59, 0.01, 0.57, 0.01, 0.08233333333333333, 0.3323333333333333, 0.1101111111111111, 0.26, 0.01, 0.68]"
1031,AACXYAC5VIQQNAA7QBJ5CMS5W6ABQE4OGLAAGVQ_192,4,2,4,1091.0610335101371,25,0.1327120512723922,0.8672879487276077,0.9280206774671872,0.6570068404078484,0.9279195149739584,0.1259769012530644,0.8740194164216518,0.9321785401552916,0.6628278836607933,0.9286460796991984,"[0.08233333333333333, 0.3323333333333333, 0.1101111111111111, 0.09, 0.34, 0.57, 0.68, 0.08233333333333333, 0.3323333333333333, 0.1101111111111111, 0.51, 0.68, 0.45, 0.51, 0.51, 0.01, 0.79, 0.26, 0.01, 0.23, 0.34, 0.08233333333333333, 0.3323333333333333, 0.1101111111111111, 0.84, 0.68, 0.01, 0.01, 0.09, 0.34, 0.23, 0.76, 0.01, 0.79, 0.68, 0.26, 0.34, 0.57, 0.34, 0.68, 0.57, 0.51, 0.08233333333333333, 0.3323333333333333, 0.1101111111111111, 0.68, 0.01, 0.34, 0.34, 0.68, 0.34, 0.9, 0.34, 0.34, 0.45, 0.01, 0.08233333333333333, 0.3323333333333333, 0.1101111111111111, 0.76, 0.34, 0.45]"
1032,AAAAAAAAASLCLAAKCS3XYMAD62AAUKQAGOAAC5A_192,4,2,3,850.3610237860121,25,0.0790621290604273,0.9209378709395728,0.9585033948222796,0.703615540266037,0.9394185384114584,0.0753775333364804,0.9246192292620738,0.9605821646749974,0.706116343786319,0.9410693883895874,"[0.08233333333333333, 0.3323333333333333, 0.1101111111111111, 0.08233333333333333, 0.3323333333333333, 0.1101111111111111, 0.3323333333333333, 0.08233333333333333, 0.3323333333333333, 0.1101111111111111, 0.08233333333333333, 0.3323333333333333, 0.1101111111111111, 0.499, 0.26, 0.34, 0.34, 0.68, 0.34, 0.34, 0.68, 0.08233333333333333, 0.3323333333333333, 0.1101111111111111, 0.51, 0.01, 0.34, 0.51, 0.26, 0.68, 0.57, 0.43, 0.68, 0.01, 0.68, 0.08233333333333333, 0.3323333333333333, 0.1101111111111111, 0.84, 0.68, 0.45, 0.51, 0.08233333333333333, 0.3323333333333333, 0.1101111111111111, 0.51, 0.01, 0.68, 0.34, 0.08233333333333333, 0.3323333333333333, 0.1101111111111111, 0.34, 0.34, 0.9, 0.01, 0.08233333333333333, 0.3323333333333333, 0.1101111111111111, 0.51, 0.68, 0.79]"
1033,AAORIAHMUQEWVAAEVRLXDXIRYGAAHOUJB3X5T4Y_192,4,2,4,1837.1052382618648,25,0.08489594211181,0.91510405788819,0.9552741304039956,0.701336807012558,0.9380181312561036,0.08515617189308,0.9148408172031244,0.9552028201520444,0.7007243591050307,0.9382922013600667,"[0.08233333333333333, 0.3323333333333333, 0.1101111111111111, 0.43, 0.34, 0.12, 0.34, 0.08233333333333333, 0.3323333333333333, 0.1101111111111111, 0.93, 0.68, 0.34, 0.51, 0.26, 0.01, 0.12, 0.26, 0.68, 0.68, 0.34, 0.08233333333333333, 0.3323333333333333, 0.1101111111111111, 0.26, 0.34, 0.68, 0.51, 0.09, 0.34, 0.57, 0.43, 0.01, 0.57, 0.34, 0.76, 0.01, 0.79, 0.43, 0.01, 0.12, 0.51, 0.08233333333333333, 0.3323333333333333, 0.1101111111111111, 0.09, 0.68, 0.57, 0.34, 0.59, 0.34, 0.34, 0.09, 0.68, 0.57, 0.01, 0.84, 0.68, 0.45, 0.43, 0.68, 0.23]"
1034,AAAAAAAAAAAAAAAAAAADCUABSKEA7IQAMJQAHDA_192,4,2,2,1054.5295659110416,25,0.2298749839266141,0.7701250160733859,0.8675835117697716,0.5890047604839007,0.8892568270365397,0.2351811631272236,0.7648168941338856,0.8639051303267479,0.5848336101820072,0.8869386196136475,"[0.08233333333333333, 0.3323333333333333, 0.1101111111111111, 0.08233333333333333, 0.3323333333333333, 0.1101111111111111, 0.3323333333333333, 0.08233333333333333, 0.3323333333333333, 0.1101111111111111, 0.08233333333333333, 0.3323333333333333, 0.1101111111111111, 0.499, 0.08233333333333333, 0.3323333333333333, 0.1101111111111111, 0.08233333333333333, 0.3323333333333333, 0.1101111111111111, 0.3323333333333333, 0.08233333333333333, 0.3323333333333333, 0.1101111111111111, 0.08233333333333333, 0.3323333333333333, 0.1101111111111111, 0.499, 0.08233333333333333, 0.3323333333333333, 0.1101111111111111, 0.18, 0.01, 0.68, 0.34, 0.08233333333333333, 0.3323333333333333, 0.1101111111111111, 0.34, 0.34, 0.34, 0.51, 0.09, 0.01, 0.01, 0.43, 0.68, 0.79, 0.34, 0.08233333333333333, 0.3323333333333333, 0.1101111111111111, 0.68, 0.34, 0.23, 0.01, 0.08233333333333333, 0.3323333333333333, 0.1101111111111111, 0.93, 0.01, 0.9]"
1035,ETGFYAG4QABKZNTIUBACD5WVY4AAHNQACLAABEY_192,4,2,4,781.8159264889546,25,0.1526227702697118,0.8473772297302882,0.9164969593286514,0.6085293437043826,0.9200546264648436,0.1604078042010466,0.8395912987490495,0.9119453945507606,0.6073792633910974,0.917457381884257,"[0.26, 0.34, 0.23, 0.18, 0.01, 0.68, 0.68, 0.08233333333333333, 0.3323333333333333, 0.1101111111111111, 0.76, 0.68, 0.34, 0.01, 0.08233333333333333, 0.3323333333333333, 0.1101111111111111, 0.51, 0.34, 0.45, 0.34, 0.34, 0.68, 0.23, 0.59, 0.34, 0.79, 0.01, 0.09, 0.01, 0.01, 0.26, 0.01, 0.57, 0.68, 0.34, 0.68, 0.68, 0.43, 0.01, 0.57, 0.01, 0.08233333333333333, 0.3323333333333333, 0.1101111111111111, 0.09, 0.68, 0.45, 0.68, 0.08233333333333333, 0.3323333333333333, 0.1101111111111111, 0.26, 0.34, 0.45, 0.01, 0.08233333333333333, 0.3323333333333333, 0.1101111111111111, 0.26, 0.34, 0.23]"
1036,AAAAAAAAAAAYHYAKRSZRBVIZI4AA4MV6CCC7HQQ_192,4,2,3,355.71858075191267,25,0.1428668101628621,0.8571331898371378,0.9217425306638082,0.665403188765049,0.9215493520100912,0.1421130134413639,0.8578812710940837,0.9224467750638724,0.6660787718991439,0.9213635126749674,"[0.08233333333333333, 0.3323333333333333, 0.1101111111111111, 0.08233333333333333, 0.3323333333333333, 0.1101111111111111, 0.3323333333333333, 0.08233333333333333, 0.3323333333333333, 0.1101111111111111, 0.08233333333333333, 0.3323333333333333, 0.1101111111111111, 0.499, 0.08233333333333333, 0.3323333333333333, 0.1101111111111111, 0.18, 0.01, 0.12, 0.68, 0.68, 0.01, 0.01, 0.51, 0.34, 0.12, 0.51, 0.26, 0.68, 0.23, 0.09, 0.01, 0.23, 0.34, 0.51, 0.01, 0.45, 0.51, 0.01, 0.57, 0.01, 0.08233333333333333, 0.3323333333333333, 0.1101111111111111, 0.43, 0.01, 0.45, 0.34, 0.51, 0.68, 0.9, 0.26, 0.01, 0.79, 0.01, 0.51, 0.68, 0.9, 0.84, 0.01, 0.34]"
1037,AAAAAAAAAAAAAAAAAOIRDXYPZSABUORLBKSTCQQ_192,4,2,2,2447.844842186896,25,0.6841237306594848,0.3158762693405151,0.4784402554233869,0.2536673893531163,0.2892087618509928,0.6817541241645813,0.318193414931496,0.4810141421854496,0.2551387985547383,0.2912093798319499,"[0.08233333333333333, 0.3323333333333333, 0.1101111111111111, 0.08233333333333333, 0.3323333333333333, 0.1101111111111111, 0.3323333333333333, 0.08233333333333333, 0.3323333333333333, 0.1101111111111111, 0.08233333333333333, 0.3323333333333333, 0.1101111111111111, 0.499, 0.08233333333333333, 0.3323333333333333, 0.1101111111111111, 0.08233333333333333, 0.3323333333333333, 0.1101111111111111, 0.3323333333333333, 0.08233333333333333, 0.3323333333333333, 0.1101111111111111, 0.08233333333333333, 0.3323333333333333, 0.1101111111111111, 0.499, 0.93, 0.34, 0.12, 0.09, 0.01, 0.57, 0.34, 0.84, 0.01, 0.23, 0.84, 0.01, 0.9, 0.51, 0.08233333333333333, 0.3323333333333333, 0.1101111111111111, 0.76, 0.01, 0.57, 0.34, 0.09, 0.34, 0.45, 0.09, 0.34, 0.68, 0.01, 0.51, 0.01, 0.9, 0.51, 0.01, 0.34]"
1038,AAAAAAAAAAAAAAAAAAAHAXATACPCTZVKFBQAHAQ_192,4,2,2,1048.3971454391722,25,0.1465991834799448,0.8534008165200552,0.920119558274746,0.6414999420444171,0.9170852025349936,0.1681823411335547,0.8318154791990916,0.9066102003057798,0.62667848666509,0.9104937394460042,"[0.08233333333333333, 0.3323333333333333, 0.1101111111111111, 0.08233333333333333, 0.3323333333333333, 0.1101111111111111, 0.3323333333333333, 0.08233333333333333, 0.3323333333333333, 0.1101111111111111, 0.08233333333333333, 0.3323333333333333, 0.1101111111111111, 0.499, 0.08233333333333333, 0.3323333333333333, 0.1101111111111111, 0.08233333333333333, 0.3323333333333333, 0.1101111111111111, 0.3323333333333333, 0.08233333333333333, 0.3323333333333333, 0.1101111111111111, 0.08233333333333333, 0.3323333333333333, 0.1101111111111111, 0.499, 0.08233333333333333, 0.3323333333333333, 0.1101111111111111, 0.43, 0.01, 0.12, 0.34, 0.68, 0.01, 0.79, 0.68, 0.01, 0.01, 0.51, 0.18, 0.68, 0.12, 0.59, 0.68, 0.9, 0.68, 0.51, 0.34, 0.79, 0.51, 0.01, 0.23, 0.01, 0.08233333333333333, 0.3323333333333333, 0.1101111111111111, 0.93, 0.01, 0.34]"
1039,AANRIADEIAAQF4MPWQAFK4ABSAAA7CQAOGA5RXA_192,4,2,4,943.9785393129569,25,0.0800309211015701,0.9199690788984298,0.958071128030618,0.7062959695855776,0.9403825124104818,0.0798344140251477,0.920160771906376,0.9580944565435252,0.7061785146594047,0.940223217010498,"[0.08233333333333333, 0.3323333333333333, 0.1101111111111111, 0.34, 0.68, 0.12, 0.34, 0.08233333333333333, 0.3323333333333333, 0.1101111111111111, 0.34, 0.34, 0.12, 0.01, 0.08233333333333333, 0.3323333333333333, 0.1101111111111111, 0.26, 0.01, 0.12, 0.34, 0.93, 0.01, 0.9, 0.43, 0.68, 0.45, 0.51, 0.08233333333333333, 0.3323333333333333, 0.1101111111111111, 0.51, 0.34, 0.68, 0.68, 0.08233333333333333, 0.3323333333333333, 0.1101111111111111, 0.34, 0.34, 0.01, 0.01, 0.08233333333333333, 0.3323333333333333, 0.1101111111111111, 0.43, 0.68, 0.12, 0.34, 0.08233333333333333, 0.3323333333333333, 0.1101111111111111, 0.93, 0.01, 0.9, 0.01, 0.09, 0.68, 0.45, 0.18, 0.34, 0.9]"
1040,AAAAAAAAAAD6JOG6WQAGINOFCSAA7OR37IKNH5Y_192,4,2,3,1866.355610223021,25,0.0633933827280998,0.9366066172719002,0.9671804676453272,0.7008233527342479,0.9444230715433756,0.0618063800036907,0.9381930027157068,0.9679624030987422,0.7019272342324256,0.9440062125523884,"[0.08233333333333333, 0.3323333333333333, 0.1101111111111111, 0.08233333333333333, 0.3323333333333333, 0.1101111111111111, 0.3323333333333333, 0.08233333333333333, 0.3323333333333333, 0.1101111111111111, 0.08233333333333333, 0.3323333333333333, 0.1101111111111111, 0.499, 0.08233333333333333, 0.3323333333333333, 0.1101111111111111, 0.84, 0.68, 0.34, 0.34, 0.43, 0.01, 0.45, 0.84, 0.34, 0.45, 0.51, 0.08233333333333333, 0.3323333333333333, 0.1101111111111111, 0.34, 0.34, 0.01, 0.68, 0.51, 0.68, 0.12, 0.59, 0.34, 0.79, 0.51, 0.08233333333333333, 0.3323333333333333, 0.1101111111111111, 0.43, 0.68, 0.57, 0.34, 0.09, 0.68, 0.57, 0.84, 0.34, 0.01, 0.51, 0.59, 0.68, 0.79, 0.84, 0.68, 0.57]"
1041,AAAAAAAAAADCDAAGBAAMJEADHSAB3EQAH27BPDA_192,4,2,3,1067.5705698898528,25,0.0722637390096982,0.9277362609903018,0.9623314032951992,0.7104637811581294,0.9409061431884764,0.0723599174370368,0.9276381363471348,0.9622200390944878,0.709469648823142,0.9417590936024984,"[0.08233333333333333, 0.3323333333333333, 0.1101111111111111, 0.08233333333333333, 0.3323333333333333, 0.1101111111111111, 0.3323333333333333, 0.08233333333333333, 0.3323333333333333, 0.1101111111111111, 0.08233333333333333, 0.3323333333333333, 0.1101111111111111, 0.499, 0.08233333333333333, 0.3323333333333333, 0.1101111111111111, 0.68, 0.34, 0.01, 0.68, 0.08233333333333333, 0.3323333333333333, 0.1101111111111111, 0.18, 0.01, 0.12, 0.01, 0.08233333333333333, 0.3323333333333333, 0.1101111111111111, 0.68, 0.34, 0.34, 0.34, 0.08233333333333333, 0.3323333333333333, 0.1101111111111111, 0.68, 0.68, 0.9, 0.51, 0.08233333333333333, 0.3323333333333333, 0.1101111111111111, 0.93, 0.68, 0.34, 0.34, 0.08233333333333333, 0.3323333333333333, 0.1101111111111111, 0.43, 0.68, 0.68, 0.51, 0.93, 0.01, 0.68, 0.93, 0.01, 0.9]"
1042,AAAAAAAAAAAAAAAAAAAFDXCYSSABVNQADLIADBA_192,4,2,2,463.7750780209899,25,0.1860704148809115,0.8139295851190885,0.8959695165356,0.6491437867283821,0.9026083628336588,0.1978861837337414,0.8020838846762975,0.8883710150917371,0.641448641071717,0.9003238677978516,"[0.08233333333333333, 0.3323333333333333, 0.1101111111111111, 0.08233333333333333, 0.3323333333333333, 0.1101111111111111, 0.3323333333333333, 0.08233333333333333, 0.3323333333333333, 0.1101111111111111, 0.08233333333333333, 0.3323333333333333, 0.1101111111111111, 0.499, 0.08233333333333333, 0.3323333333333333, 0.1101111111111111, 0.08233333333333333, 0.3323333333333333, 0.1101111111111111, 0.3323333333333333, 0.08233333333333333, 0.3323333333333333, 0.1101111111111111, 0.08233333333333333, 0.3323333333333333, 0.1101111111111111, 0.499, 0.08233333333333333, 0.3323333333333333, 0.1101111111111111, 0.51, 0.01, 0.57, 0.34, 0.68, 0.34, 0.45, 0.26, 0.34, 0.79, 0.51, 0.08233333333333333, 0.3323333333333333, 0.1101111111111111, 0.76, 0.34, 0.45, 0.68, 0.08233333333333333, 0.3323333333333333, 0.1101111111111111, 0.18, 0.34, 0.45, 0.51, 0.08233333333333333, 0.3323333333333333, 0.1101111111111111, 0.34, 0.01, 0.79]"
1043,KS4A7E3FRCLW36AKBAAGYUAD3S4OIZQANZDRSFY_192,4,2,4,4674.54824962304,25,0.0626753374934196,0.9373246625065804,0.9675379787882168,0.7105867152412733,0.94487730662028,0.0620873602728049,0.9379080868015688,0.967830865085125,0.7107789987077315,0.944936990737915,"[0.51, 0.34, 0.34, 0.93, 0.01, 0.01, 0.68, 0.93, 0.34, 0.23, 0.34, 0.34, 0.45, 0.01, 0.59, 0.34, 0.34, 0.93, 0.68, 0.45, 0.68, 0.84, 0.01, 0.01, 0.51, 0.01, 0.12, 0.01, 0.08233333333333333, 0.3323333333333333, 0.1101111111111111, 0.34, 0.68, 0.12, 0.34, 0.08233333333333333, 0.3323333333333333, 0.1101111111111111, 0.84, 0.34, 0.9, 0.51, 0.43, 0.01, 0.57, 0.26, 0.01, 0.9, 0.68, 0.08233333333333333, 0.3323333333333333, 0.1101111111111111, 0.76, 0.68, 0.34, 0.01, 0.43, 0.01, 0.45, 0.59, 0.34, 0.57]"
1044,AAAAAAAAAAAAAAAAAM2PBMAAWIAAUYQAHLLATMQ_192,4,2,2,852.0300109521486,25,0.0974525536100069,0.9025474463899932,0.94840286920468,0.6925900970896085,0.9348003387451173,0.1032298305382331,0.8967687210688988,0.945070198054115,0.6897220918287833,0.9324968020121256,"[0.08233333333333333, 0.3323333333333333, 0.1101111111111111, 0.08233333333333333, 0.3323333333333333, 0.1101111111111111, 0.3323333333333333, 0.08233333333333333, 0.3323333333333333, 0.1101111111111111, 0.08233333333333333, 0.3323333333333333, 0.1101111111111111, 0.499, 0.08233333333333333, 0.3323333333333333, 0.1101111111111111, 0.08233333333333333, 0.3323333333333333, 0.1101111111111111, 0.3323333333333333, 0.08233333333333333, 0.3323333333333333, 0.1101111111111111, 0.08233333333333333, 0.3323333333333333, 0.1101111111111111, 0.499, 0.68, 0.68, 0.79, 0.84, 0.01, 0.34, 0.68, 0.08233333333333333, 0.3323333333333333, 0.1101111111111111, 0.26, 0.68, 0.34, 0.01, 0.08233333333333333, 0.3323333333333333, 0.1101111111111111, 0.51, 0.01, 0.9, 0.34, 0.08233333333333333, 0.3323333333333333, 0.1101111111111111, 0.43, 0.34, 0.45, 0.51, 0.34, 0.01, 0.34, 0.34, 0.68, 0.34]"
1045,AA5V6BBFAADIJAA7XQAPAV6EWUAAFPQAHIIAGBY_192,4,2,4,3452.6605458569247,25,0.0763047814369201,0.9236952185630798,0.9600217908620834,0.7130113293727239,0.9401546478271484,0.0722788614531358,0.9276663904388746,0.9622347243130208,0.7150918542097012,0.9418472051620485,"[0.08233333333333333, 0.3323333333333333, 0.1101111111111111, 0.93, 0.68, 0.68, 0.68, 0.68, 0.01, 0.79, 0.26, 0.34, 0.79, 0.01, 0.08233333333333333, 0.3323333333333333, 0.1101111111111111, 0.76, 0.01, 0.34, 0.34, 0.08233333333333333, 0.3323333333333333, 0.1101111111111111, 0.84, 0.68, 0.57, 0.51, 0.08233333333333333, 0.3323333333333333, 0.1101111111111111, 0.84, 0.01, 0.12, 0.34, 0.43, 0.68, 0.12, 0.26, 0.68, 0.68, 0.01, 0.08233333333333333, 0.3323333333333333, 0.1101111111111111, 0.09, 0.34, 0.57, 0.68, 0.08233333333333333, 0.3323333333333333, 0.1101111111111111, 0.43, 0.34, 0.01, 0.51, 0.08233333333333333, 0.3323333333333333, 0.1101111111111111, 0.68, 0.01, 0.57]"
1046,AAAAAAAAA25QBAAGW7CUBMADOEABRGQAH6DVG4A_192,4,2,3,528.6430090770591,25,0.0710282936692237,0.9289717063307762,0.9630305916070938,0.7055520042777061,0.9419893900553384,0.0692510883013407,0.930739497145017,0.963976976275444,0.7068195704370737,0.9431918541590372,"[0.08233333333333333, 0.3323333333333333, 0.1101111111111111, 0.08233333333333333, 0.3323333333333333, 0.1101111111111111, 0.3323333333333333, 0.08233333333333333, 0.3323333333333333, 0.1101111111111111, 0.08233333333333333, 0.3323333333333333, 0.1101111111111111, 0.499, 0.18, 0.34, 0.57, 0.34, 0.01, 0.01, 0.34, 0.08233333333333333, 0.3323333333333333, 0.1101111111111111, 0.18, 0.34, 0.45, 0.51, 0.84, 0.01, 0.68, 0.59, 0.01, 0.34, 0.68, 0.08233333333333333, 0.3323333333333333, 0.1101111111111111, 0.76, 0.68, 0.12, 0.01, 0.08233333333333333, 0.3323333333333333, 0.1101111111111111, 0.68, 0.34, 0.23, 0.34, 0.08233333333333333, 0.3323333333333333, 0.1101111111111111, 0.43, 0.68, 0.9, 0.01, 0.43, 0.34, 0.79, 0.76, 0.68, 0.01]"
1047,AAAAAAAAAAAAAAAAAEKEJXIMYH7MNDQAM3KER5Q_192,4,2,2,1097.5850083441474,25,0.0772847061355908,0.9227152938644092,0.959642232954502,0.7070667107899984,0.9407362302144368,0.0821419517199198,0.9178517856945594,0.956829805423816,0.7031258764366309,0.9386207739512126,"[0.08233333333333333, 0.3323333333333333, 0.1101111111111111, 0.08233333333333333, 0.3323333333333333, 0.1101111111111111, 0.3323333333333333, 0.08233333333333333, 0.3323333333333333, 0.1101111111111111, 0.08233333333333333, 0.3323333333333333, 0.1101111111111111, 0.499, 0.08233333333333333, 0.3323333333333333, 0.1101111111111111, 0.08233333333333333, 0.3323333333333333, 0.1101111111111111, 0.3323333333333333, 0.08233333333333333, 0.3323333333333333, 0.1101111111111111, 0.08233333333333333, 0.3323333333333333, 0.1101111111111111, 0.499, 0.59, 0.34, 0.79, 0.59, 0.34, 0.23, 0.34, 0.76, 0.01, 0.23, 0.18, 0.01, 0.12, 0.51, 0.84, 0.68, 0.45, 0.18, 0.34, 0.12, 0.68, 0.08233333333333333, 0.3323333333333333, 0.1101111111111111, 0.68, 0.68, 0.45, 0.51, 0.59, 0.34, 0.34, 0.18, 0.68, 0.45]"
1048,AAAAAAAAAQDQ3AAIEAAECUADQSAAMIQAECIAC5Q_192,4,2,3,3174.6638180739246,25,0.1734905471404393,0.8265094528595607,0.9034328435858092,0.6407472188274066,0.9115721384684244,0.1773459275563557,0.8226496850450834,0.900889876484871,0.6363192278891802,0.9091832081476848,"[0.08233333333333333, 0.3323333333333333, 0.1101111111111111, 0.08233333333333333, 0.3323333333333333, 0.1101111111111111, 0.3323333333333333, 0.08233333333333333, 0.3323333333333333, 0.1101111111111111, 0.08233333333333333, 0.3323333333333333, 0.1101111111111111, 0.499, 0.26, 0.01, 0.01, 0.93, 0.01, 0.45, 0.68, 0.08233333333333333, 0.3323333333333333, 0.1101111111111111, 0.59, 0.01, 0.79, 0.01, 0.08233333333333333, 0.3323333333333333, 0.1101111111111111, 0.59, 0.01, 0.68, 0.34, 0.08233333333333333, 0.3323333333333333, 0.1101111111111111, 0.93, 0.01, 0.79, 0.51, 0.08233333333333333, 0.3323333333333333, 0.1101111111111111, 0.18, 0.01, 0.79, 0.34, 0.08233333333333333, 0.3323333333333333, 0.1101111111111111, 0.59, 0.01, 0.79, 0.51, 0.08233333333333333, 0.3323333333333333, 0.1101111111111111, 0.51, 0.68, 0.45]"
1049,CELWIAAQMABQD5V5QGD7LXW4IH3NVAS3GDYACQA_192,4,2,4,8478.397358476883,25,0.0671637117862701,0.93283628821373,0.9651367649435996,0.7142526025573412,0.9436233520507812,0.0614034083982308,0.9386678328116734,0.9682742796838284,0.7175542739530404,0.9453627665837606,"[0.09, 0.01, 0.79, 0.51, 0.68, 0.45, 0.34, 0.08233333333333333, 0.3323333333333333, 0.1101111111111111, 0.09, 0.01, 0.12, 0.51, 0.08233333333333333, 0.3323333333333333, 0.1101111111111111, 0.34, 0.01, 0.01, 0.68, 0.93, 0.68, 0.68, 0.93, 0.68, 0.01, 0.01, 0.34, 0.01, 0.57, 0.84, 0.34, 0.57, 0.34, 0.93, 0.68, 0.57, 0.09, 0.01, 0.12, 0.51, 0.93, 0.68, 0.45, 0.76, 0.34, 0.01, 0.34, 0.26, 0.68, 0.45, 0.34, 0.01, 0.57, 0.51, 0.08233333333333333, 0.3323333333333333, 0.1101111111111111, 0.51, 0.01, 0.01]"
1050,AAAAAAAADCEIXAAI4QAOGFCVK7RIJPSLTOIVP5Y_192,4,2,3,1184.840405081166,25,0.1734768862525622,0.8265231137474378,0.904238547384739,0.6694928084810575,0.9160775820414224,0.1785757638514042,0.8214064604292314,0.9005745453139146,0.6661987369259198,0.9134455442428588,"[0.08233333333333333, 0.3323333333333333, 0.1101111111111111, 0.08233333333333333, 0.3323333333333333, 0.1101111111111111, 0.3323333333333333, 0.08233333333333333, 0.3323333333333333, 0.1101111111111111, 0.08233333333333333, 0.3323333333333333, 0.1101111111111111, 0.499, 0.68, 0.34, 0.12, 0.09, 0.01, 0.68, 0.68, 0.08233333333333333, 0.3323333333333333, 0.1101111111111111, 0.59, 0.34, 0.9, 0.51, 0.08233333333333333, 0.3323333333333333, 0.1101111111111111, 0.93, 0.01, 0.9, 0.34, 0.59, 0.34, 0.68, 0.51, 0.34, 0.57, 0.51, 0.68, 0.34, 0.79, 0.26, 0.34, 0.57, 0.68, 0.26, 0.34, 0.57, 0.18, 0.34, 0.9, 0.51, 0.09, 0.34, 0.68, 0.84, 0.68, 0.57]"
1051,AAAAAAAAAAAAAAAAAAAHJ7AHAP4JVZQAHYTMDUQ_192,4,2,2,891.6984795359895,25,0.0713075563311576,0.9286924436688424,0.9628117958704632,0.7087823480367661,0.9407743771870932,0.0720657238115867,0.9279218797882398,0.9624074795593818,0.707978430762887,0.9410218397776284,"[0.08233333333333333, 0.3323333333333333, 0.1101111111111111, 0.08233333333333333, 0.3323333333333333, 0.1101111111111111, 0.3323333333333333, 0.08233333333333333, 0.3323333333333333, 0.1101111111111111, 0.08233333333333333, 0.3323333333333333, 0.1101111111111111, 0.499, 0.08233333333333333, 0.3323333333333333, 0.1101111111111111, 0.08233333333333333, 0.3323333333333333, 0.1101111111111111, 0.3323333333333333, 0.08233333333333333, 0.3323333333333333, 0.1101111111111111, 0.08233333333333333, 0.3323333333333333, 0.1101111111111111, 0.499, 0.08233333333333333, 0.3323333333333333, 0.1101111111111111, 0.43, 0.34, 0.23, 0.68, 0.68, 0.01, 0.12, 0.68, 0.01, 0.23, 0.51, 0.84, 0.01, 0.79, 0.76, 0.34, 0.9, 0.68, 0.08233333333333333, 0.3323333333333333, 0.1101111111111111, 0.43, 0.68, 0.12, 0.01, 0.34, 0.68, 0.01, 0.43, 0.34, 0.34]"
1052,AAAAAAAAAAAAAAAAAAAFCNSDAT3MTKQAHJYADRA_192,4,2,2,1305.738584715873,25,0.1144618545969327,0.8855381454030673,0.9386471564571064,0.6796824981768926,0.9292541821797689,0.1162808479120334,0.8837164374689261,0.9375128189722696,0.6766006612529357,0.9280208269755046,"[0.08233333333333333, 0.3323333333333333, 0.1101111111111111, 0.08233333333333333, 0.3323333333333333, 0.1101111111111111, 0.3323333333333333, 0.08233333333333333, 0.3323333333333333, 0.1101111111111111, 0.08233333333333333, 0.3323333333333333, 0.1101111111111111, 0.499, 0.08233333333333333, 0.3323333333333333, 0.1101111111111111, 0.08233333333333333, 0.3323333333333333, 0.1101111111111111, 0.3323333333333333, 0.08233333333333333, 0.3323333333333333, 0.1101111111111111, 0.08233333333333333, 0.3323333333333333, 0.1101111111111111, 0.499, 0.08233333333333333, 0.3323333333333333, 0.1101111111111111, 0.51, 0.01, 0.79, 0.68, 0.34, 0.34, 0.01, 0.68, 0.01, 0.79, 0.51, 0.93, 0.68, 0.45, 0.59, 0.68, 0.68, 0.34, 0.08233333333333333, 0.3323333333333333, 0.1101111111111111, 0.43, 0.34, 0.23, 0.51, 0.08233333333333333, 0.3323333333333333, 0.1101111111111111, 0.43, 0.01, 0.79]"
1054,AAAAAAAAAAAAAAAAAAAPZEABKYAALGULTCOF6FA_192,4,2,2,929.9363213859032,25,0.1187279125054677,0.8812720874945322,0.9363390346368152,0.6710842708746593,0.9268171946207684,0.1232895995179812,0.8767091039568186,0.9335173953324556,0.6688272544493278,0.9268924713134764,"[0.08233333333333333, 0.3323333333333333, 0.1101111111111111, 0.08233333333333333, 0.3323333333333333, 0.1101111111111111, 0.3323333333333333, 0.08233333333333333, 0.3323333333333333, 0.1101111111111111, 0.08233333333333333, 0.3323333333333333, 0.1101111111111111, 0.499, 0.08233333333333333, 0.3323333333333333, 0.1101111111111111, 0.08233333333333333, 0.3323333333333333, 0.1101111111111111, 0.3323333333333333, 0.08233333333333333, 0.3323333333333333, 0.1101111111111111, 0.08233333333333333, 0.3323333333333333, 0.1101111111111111, 0.499, 0.08233333333333333, 0.3323333333333333, 0.1101111111111111, 0.84, 0.68, 0.34, 0.34, 0.08233333333333333, 0.3323333333333333, 0.1101111111111111, 0.51, 0.34, 0.45, 0.01, 0.08233333333333333, 0.3323333333333333, 0.1101111111111111, 0.26, 0.68, 0.23, 0.34, 0.59, 0.34, 0.57, 0.18, 0.01, 0.79, 0.51, 0.68, 0.34, 0.57, 0.68, 0.34, 0.79]"
1055,AAAAAAAAAAAAAAAAAAAFZPGXSGABULQAF2IACNQ_192,4,2,2,2631.133406589972,25,0.1010351801911989,0.898964819808801,0.9463669990499814,0.6854017381866773,0.9322561899820964,0.100910376633207,0.8990877302984397,0.946363334233562,0.6844252799948056,0.932575527826945,"[0.08233333333333333, 0.3323333333333333, 0.1101111111111111, 0.08233333333333333, 0.3323333333333333, 0.1101111111111111, 0.3323333333333333, 0.08233333333333333, 0.3323333333333333, 0.1101111111111111, 0.08233333333333333, 0.3323333333333333, 0.1101111111111111, 0.499, 0.08233333333333333, 0.3323333333333333, 0.1101111111111111, 0.08233333333333333, 0.3323333333333333, 0.1101111111111111, 0.3323333333333333, 0.08233333333333333, 0.3323333333333333, 0.1101111111111111, 0.08233333333333333, 0.3323333333333333, 0.1101111111111111, 0.499, 0.08233333333333333, 0.3323333333333333, 0.1101111111111111, 0.51, 0.68, 0.34, 0.68, 0.68, 0.68, 0.68, 0.93, 0.34, 0.12, 0.51, 0.08233333333333333, 0.3323333333333333, 0.1101111111111111, 0.76, 0.01, 0.68, 0.68, 0.08233333333333333, 0.3323333333333333, 0.1101111111111111, 0.51, 0.68, 0.79, 0.51, 0.08233333333333333, 0.3323333333333333, 0.1101111111111111, 0.59, 0.68, 0.45]"
1056,AAAAAAAAAAAAAAAAAAAFDXZRARZJUBR3BAAABEI_192,4,2,2,1390.557545433985,25,0.1549164270361264,0.8450835729638736,0.9149979387720426,0.6572554101546605,0.917522398630778,0.167725566526254,0.8322679666181405,0.907170758023858,0.6492068042357763,0.9129239400227864,"[0.08233333333333333, 0.3323333333333333, 0.1101111111111111, 0.08233333333333333, 0.3323333333333333, 0.1101111111111111, 0.3323333333333333, 0.08233333333333333, 0.3323333333333333, 0.1101111111111111, 0.08233333333333333, 0.3323333333333333, 0.1101111111111111, 0.499, 0.08233333333333333, 0.3323333333333333, 0.1101111111111111, 0.08233333333333333, 0.3323333333333333, 0.1101111111111111, 0.3323333333333333, 0.08233333333333333, 0.3323333333333333, 0.1101111111111111, 0.08233333333333333, 0.3323333333333333, 0.1101111111111111, 0.499, 0.08233333333333333, 0.3323333333333333, 0.1101111111111111, 0.51, 0.01, 0.57, 0.34, 0.84, 0.01, 0.9, 0.59, 0.01, 0.79, 0.01, 0.93, 0.34, 0.79, 0.76, 0.01, 0.01, 0.68, 0.09, 0.68, 0.45, 0.09, 0.01, 0.01, 0.01, 0.08233333333333333, 0.3323333333333333, 0.1101111111111111, 0.26, 0.34, 0.12]"
1057,AAISIAHVU2TO5AAMBQADBPOUWDTYUZQANDAAHMA_192,4,2,4,1270.5297337761149,25,0.0662325869003931,0.9337674130996068,0.9655804018179576,0.7050095041592915,0.9426833152770996,0.056345789010326,0.943653512125214,0.9709235969930888,0.7106283084799846,0.9460689624150594,"[0.08233333333333333, 0.3323333333333333, 0.1101111111111111, 0.59, 0.34, 0.34, 0.34, 0.08233333333333333, 0.3323333333333333, 0.1101111111111111, 0.84, 0.34, 0.45, 0.51, 0.18, 0.34, 0.79, 0.76, 0.68, 0.57, 0.34, 0.08233333333333333, 0.3323333333333333, 0.1101111111111111, 0.34, 0.01, 0.12, 0.51, 0.08233333333333333, 0.3323333333333333, 0.1101111111111111, 0.18, 0.01, 0.34, 0.68, 0.76, 0.68, 0.68, 0.26, 0.68, 0.01, 0.51, 0.68, 0.68, 0.9, 0.51, 0.01, 0.9, 0.68, 0.08233333333333333, 0.3323333333333333, 0.1101111111111111, 0.76, 0.01, 0.45, 0.01, 0.08233333333333333, 0.3323333333333333, 0.1101111111111111, 0.93, 0.68, 0.01]"
1058,AAAAAAAAAABRTEAGBAANY5RQ2ZRN7FQAGDGUZNQ_192,4,2,3,378.40356249385513,25,0.0771236126621564,0.9228763873378436,0.9596995855371158,0.7071661442518234,0.9425642331441244,0.0793755410859982,0.920611393203338,0.9584579095244408,0.7060086734592914,0.9425461928049724,"[0.08233333333333333, 0.3323333333333333, 0.1101111111111111, 0.08233333333333333, 0.3323333333333333, 0.1101111111111111, 0.3323333333333333, 0.08233333333333333, 0.3323333333333333, 0.1101111111111111, 0.08233333333333333, 0.3323333333333333, 0.1101111111111111, 0.499, 0.08233333333333333, 0.3323333333333333, 0.1101111111111111, 0.34, 0.01, 0.9, 0.68, 0.26, 0.01, 0.01, 0.18, 0.01, 0.12, 0.01, 0.08233333333333333, 0.3323333333333333, 0.1101111111111111, 0.76, 0.68, 0.12, 0.68, 0.34, 0.01, 0.9, 0.18, 0.34, 0.45, 0.01, 0.68, 0.34, 0.45, 0.84, 0.68, 0.34, 0.68, 0.08233333333333333, 0.3323333333333333, 0.1101111111111111, 0.34, 0.01, 0.45, 0.01, 0.76, 0.34, 0.23, 0.26, 0.68, 0.45]"
1059,AAAAAAAAAAAAAAAAAAAPBEABGYAB7EQAELAAGPA_192,4,2,2,2394.2793272519484,25,0.08946057309707,0.91053942690293,0.9528325910369556,0.6847589800755183,0.9366523106892904,0.0898945517838001,0.9101032966126998,0.9525147675226132,0.6837743161867063,0.936256504058838,"[0.08233333333333333, 0.3323333333333333, 0.1101111111111111, 0.08233333333333333, 0.3323333333333333, 0.1101111111111111, 0.3323333333333333, 0.08233333333333333, 0.3323333333333333, 0.1101111111111111, 0.08233333333333333, 0.3323333333333333, 0.1101111111111111, 0.499, 0.08233333333333333, 0.3323333333333333, 0.1101111111111111, 0.08233333333333333, 0.3323333333333333, 0.1101111111111111, 0.3323333333333333, 0.08233333333333333, 0.3323333333333333, 0.1101111111111111, 0.08233333333333333, 0.3323333333333333, 0.1101111111111111, 0.499, 0.08233333333333333, 0.3323333333333333, 0.1101111111111111, 0.84, 0.01, 0.34, 0.34, 0.08233333333333333, 0.3323333333333333, 0.1101111111111111, 0.59, 0.68, 0.45, 0.01, 0.08233333333333333, 0.3323333333333333, 0.1101111111111111, 0.84, 0.68, 0.34, 0.34, 0.08233333333333333, 0.3323333333333333, 0.1101111111111111, 0.59, 0.34, 0.45, 0.01, 0.08233333333333333, 0.3323333333333333, 0.1101111111111111, 0.68, 0.68, 0.9]"
1060,AAAAAAAAAAAAAAAAAAABB4AA6NUOLKQADZIAHFQ_192,4,2,2,624.7169361468405,25,0.1875789349277814,0.8124210650722186,0.8948069353898366,0.6280228356520335,0.905338191986084,0.2025810605535904,0.7974170693506797,0.885295927276214,0.6182729378342628,0.9019299745559692,"[0.08233333333333333, 0.3323333333333333, 0.1101111111111111, 0.08233333333333333, 0.3323333333333333, 0.1101111111111111, 0.3323333333333333, 0.08233333333333333, 0.3323333333333333, 0.1101111111111111, 0.08233333333333333, 0.3323333333333333, 0.1101111111111111, 0.499, 0.08233333333333333, 0.3323333333333333, 0.1101111111111111, 0.08233333333333333, 0.3323333333333333, 0.1101111111111111, 0.3323333333333333, 0.08233333333333333, 0.3323333333333333, 0.1101111111111111, 0.08233333333333333, 0.3323333333333333, 0.1101111111111111, 0.499, 0.08233333333333333, 0.3323333333333333, 0.1101111111111111, 0.09, 0.01, 0.23, 0.68, 0.08233333333333333, 0.3323333333333333, 0.1101111111111111, 0.18, 0.68, 0.23, 0.01, 0.76, 0.01, 0.57, 0.26, 0.68, 0.68, 0.34, 0.08233333333333333, 0.3323333333333333, 0.1101111111111111, 0.18, 0.68, 0.34, 0.51, 0.08233333333333333, 0.3323333333333333, 0.1101111111111111, 0.93, 0.34, 0.45]"
1061,KFLRYACB56ZK7AAGUNBT24KBO54ZZH7KHAXRG4I_192,4,2,4,479.4462470880244,25,0.0633248503009478,0.9366751496990522,0.9672060032685598,0.7189086313048999,0.9437288602193196,0.0550795942544937,0.944894106934468,0.9716038337598244,0.7225680161267519,0.946748940149943,"[0.51, 0.01, 0.68, 0.51, 0.68, 0.12, 0.68, 0.08233333333333333, 0.3323333333333333, 0.1101111111111111, 0.59, 0.01, 0.57, 0.51, 0.43, 0.68, 0.45, 0.51, 0.34, 0.57, 0.68, 0.08233333333333333, 0.3323333333333333, 0.1101111111111111, 0.18, 0.34, 0.79, 0.01, 0.76, 0.01, 0.23, 0.18, 0.68, 0.68, 0.68, 0.09, 0.34, 0.01, 0.51, 0.68, 0.57, 0.01, 0.84, 0.01, 0.9, 0.93, 0.34, 0.23, 0.68, 0.84, 0.34, 0.79, 0.43, 0.01, 0.12, 0.01, 0.84, 0.01, 0.79, 0.76, 0.68, 0.12]"
1062,AAAAAAAAAAAAAAAAAAAFYUADKEAARYU6FKRV7RA_192,4,2,2,869.0240002439823,25,0.0958401694893837,0.9041598305106164,0.9492827758193016,0.6865922272205353,0.9352212270100912,0.0982090962429841,0.9017896921684344,0.9479248916109404,0.6856142626454432,0.9346661965052286,"[0.08233333333333333, 0.3323333333333333, 0.1101111111111111, 0.08233333333333333, 0.3323333333333333, 0.1101111111111111, 0.3323333333333333, 0.08233333333333333, 0.3323333333333333, 0.1101111111111111, 0.08233333333333333, 0.3323333333333333, 0.1101111111111111, 0.499, 0.08233333333333333, 0.3323333333333333, 0.1101111111111111, 0.08233333333333333, 0.3323333333333333, 0.1101111111111111, 0.3323333333333333, 0.08233333333333333, 0.3323333333333333, 0.1101111111111111, 0.08233333333333333, 0.3323333333333333, 0.1101111111111111, 0.499, 0.08233333333333333, 0.3323333333333333, 0.1101111111111111, 0.51, 0.68, 0.12, 0.34, 0.08233333333333333, 0.3323333333333333, 0.1101111111111111, 0.76, 0.34, 0.12, 0.01, 0.08233333333333333, 0.3323333333333333, 0.1101111111111111, 0.59, 0.34, 0.9, 0.34, 0.59, 0.68, 0.9, 0.51, 0.34, 0.68, 0.01, 0.18, 0.34, 0.57, 0.84, 0.01, 0.79]"
1063,AAAAAAAAAAAAAAAAAAANOMAD2WPAEIX35JDBLFA_192,4,2,2,2915.549615988042,25,0.1540154169003168,0.8459845830996832,0.9155502716700236,0.6349684943755468,0.914670467376709,0.1524407487362623,0.8475581202656031,0.9162781787415344,0.6360729037473599,0.9160600503285726,"[0.08233333333333333, 0.3323333333333333, 0.1101111111111111, 0.08233333333333333, 0.3323333333333333, 0.1101111111111111, 0.3323333333333333, 0.08233333333333333, 0.3323333333333333, 0.1101111111111111, 0.08233333333333333, 0.3323333333333333, 0.1101111111111111, 0.499, 0.08233333333333333, 0.3323333333333333, 0.1101111111111111, 0.08233333333333333, 0.3323333333333333, 0.1101111111111111, 0.3323333333333333, 0.08233333333333333, 0.3323333333333333, 0.1101111111111111, 0.08233333333333333, 0.3323333333333333, 0.1101111111111111, 0.499, 0.08233333333333333, 0.3323333333333333, 0.1101111111111111, 0.76, 0.34, 0.9, 0.68, 0.08233333333333333, 0.3323333333333333, 0.1101111111111111, 0.84, 0.34, 0.68, 0.51, 0.18, 0.68, 0.01, 0.09, 0.01, 0.79, 0.34, 0.43, 0.68, 0.57, 0.76, 0.34, 0.34, 0.01, 0.34, 0.01, 0.68, 0.34, 0.34, 0.79]"
1064,AAAAAAAAAAAAAAAAAAAFZMYM62JA3H6KPAJQORA_192,4,2,2,1425.806040555006,25,0.1535127316912015,0.8464872683087985,0.91570855230093,0.6529884015520414,0.9173831621805828,0.1637545297543207,0.8362411942332983,0.9095747757703064,0.645246367280682,0.912433385848999,"[0.08233333333333333, 0.3323333333333333, 0.1101111111111111, 0.08233333333333333, 0.3323333333333333, 0.1101111111111111, 0.3323333333333333, 0.08233333333333333, 0.3323333333333333, 0.1101111111111111, 0.08233333333333333, 0.3323333333333333, 0.1101111111111111, 0.499, 0.08233333333333333, 0.3323333333333333, 0.1101111111111111, 0.08233333333333333, 0.3323333333333333, 0.1101111111111111, 0.3323333333333333, 0.08233333333333333, 0.3323333333333333, 0.1101111111111111, 0.08233333333333333, 0.3323333333333333, 0.1101111111111111, 0.499, 0.08233333333333333, 0.3323333333333333, 0.1101111111111111, 0.51, 0.68, 0.34, 0.68, 0.18, 0.01, 0.23, 0.18, 0.68, 0.45, 0.51, 0.26, 0.34, 0.01, 0.34, 0.68, 0.23, 0.68, 0.93, 0.34, 0.79, 0.84, 0.01, 0.01, 0.51, 0.18, 0.01, 0.12, 0.76, 0.01, 0.79]"
1065,AAKBYAGMYABO3AAYDBYX3V3QSE4OEZVDBGCR6BQ_192,4,2,4,747.7825828678906,25,0.6695006688435873,0.3304993311564128,0.4955539062619209,0.2509170626600583,0.3478204727172851,0.6674856528639793,0.3325156968086958,0.4972568202763796,0.2518754518280426,0.3498140176137288,"[0.08233333333333333, 0.3323333333333333, 0.1101111111111111, 0.51, 0.01, 0.12, 0.68, 0.08233333333333333, 0.3323333333333333, 0.1101111111111111, 0.68, 0.68, 0.23, 0.01, 0.08233333333333333, 0.3323333333333333, 0.1101111111111111, 0.51, 0.68, 0.45, 0.68, 0.08233333333333333, 0.3323333333333333, 0.1101111111111111, 0.68, 0.01, 0.23, 0.01, 0.09, 0.68, 0.12, 0.43, 0.68, 0.57, 0.34, 0.43, 0.34, 0.9, 0.26, 0.34, 0.12, 0.01, 0.43, 0.01, 0.57, 0.09, 0.01, 0.9, 0.68, 0.51, 0.01, 0.45, 0.09, 0.01, 0.9, 0.01, 0.51, 0.01, 0.57, 0.68, 0.01, 0.45]"
1066,AAAAAAAAD3TLTAAC4UZRZMAAKAIDVHWKOAQABMA_192,4,2,3,3070.4477539029904,25,0.6797858094175656,0.3202141905824343,0.4835574895143509,0.2515603825449943,0.2935661315917969,0.682562601317962,0.3174272562066714,0.4800696745514869,0.2497041035443544,0.2901200373967488,"[0.08233333333333333, 0.3323333333333333, 0.1101111111111111, 0.08233333333333333, 0.3323333333333333, 0.1101111111111111, 0.3323333333333333, 0.08233333333333333, 0.3323333333333333, 0.1101111111111111, 0.08233333333333333, 0.3323333333333333, 0.1101111111111111, 0.499, 0.84, 0.34, 0.9, 0.76, 0.34, 0.9, 0.68, 0.08233333333333333, 0.3323333333333333, 0.1101111111111111, 0.09, 0.34, 0.9, 0.51, 0.59, 0.68, 0.23, 0.09, 0.68, 0.34, 0.68, 0.08233333333333333, 0.3323333333333333, 0.1101111111111111, 0.09, 0.34, 0.01, 0.01, 0.26, 0.01, 0.12, 0.76, 0.34, 0.23, 0.68, 0.34, 0.34, 0.79, 0.93, 0.01, 0.12, 0.01, 0.08233333333333333, 0.3323333333333333, 0.1101111111111111, 0.26, 0.68, 0.01]"
1067,AAAAAAAAAAAAAAAAAEDO37GNITYATGQAMCYABQY_192,4,2,2,7638.368503317935,25,0.1271360203623771,0.8728639796376229,0.9314497515559196,0.6759987021485965,0.924295965830485,0.1394766962776581,0.8605185966938734,0.9239781151215236,0.6676869619637728,0.9202609618504842,"[0.08233333333333333, 0.3323333333333333, 0.1101111111111111, 0.08233333333333333, 0.3323333333333333, 0.1101111111111111, 0.3323333333333333, 0.08233333333333333, 0.3323333333333333, 0.1101111111111111, 0.08233333333333333, 0.3323333333333333, 0.1101111111111111, 0.499, 0.08233333333333333, 0.3323333333333333, 0.1101111111111111, 0.08233333333333333, 0.3323333333333333, 0.1101111111111111, 0.3323333333333333, 0.08233333333333333, 0.3323333333333333, 0.1101111111111111, 0.08233333333333333, 0.3323333333333333, 0.1101111111111111, 0.499, 0.59, 0.01, 0.45, 0.93, 0.68, 0.57, 0.68, 0.68, 0.68, 0.23, 0.51, 0.01, 0.79, 0.51, 0.93, 0.01, 0.01, 0.59, 0.68, 0.23, 0.34, 0.08233333333333333, 0.3323333333333333, 0.1101111111111111, 0.68, 0.01, 0.68, 0.51, 0.08233333333333333, 0.3323333333333333, 0.1101111111111111, 0.18, 0.01, 0.23]"
1068,AAAAAAAABTTSTAAMVBZXAHWL2S3CRNW253PBZ5Q_192,4,2,3,5617.315032194136,25,0.0843569417794545,0.9156430582205456,0.9556935489177704,0.7037554303805034,0.9392072995503744,0.0891953313102324,0.9107948001474142,0.9528765268623828,0.7012383895615737,0.938031260172526,"[0.08233333333333333, 0.3323333333333333, 0.1101111111111111, 0.08233333333333333, 0.3323333333333333, 0.1101111111111111, 0.3323333333333333, 0.08233333333333333, 0.3323333333333333, 0.1101111111111111, 0.08233333333333333, 0.3323333333333333, 0.1101111111111111, 0.499, 0.34, 0.34, 0.9, 0.93, 0.34, 0.79, 0.68, 0.08233333333333333, 0.3323333333333333, 0.1101111111111111, 0.34, 0.34, 0.68, 0.01, 0.09, 0.68, 0.23, 0.43, 0.01, 0.01, 0.34, 0.93, 0.68, 0.34, 0.84, 0.34, 0.79, 0.51, 0.34, 0.68, 0.12, 0.59, 0.34, 0.45, 0.68, 0.34, 0.68, 0.68, 0.76, 0.68, 0.45, 0.51, 0.93, 0.01, 0.57, 0.18, 0.68, 0.45]"
1069,AAAAAAAAAAD6TAAHTQAEGMOJAOAB4JRATJIABXA_192,4,2,3,1879.559599186061,25,0.1128584350148836,0.8871415649851163,0.939699411392212,0.68280937174956,0.9307767232259114,0.1235801891734202,0.8764179317901531,0.9333185510089,0.6744547098875046,0.9267455101013184,"[0.08233333333333333, 0.3323333333333333, 0.1101111111111111, 0.08233333333333333, 0.3323333333333333, 0.1101111111111111, 0.3323333333333333, 0.08233333333333333, 0.3323333333333333, 0.1101111111111111, 0.08233333333333333, 0.3323333333333333, 0.1101111111111111, 0.499, 0.08233333333333333, 0.3323333333333333, 0.1101111111111111, 0.84, 0.68, 0.79, 0.68, 0.08233333333333333, 0.3323333333333333, 0.1101111111111111, 0.18, 0.68, 0.23, 0.51, 0.08233333333333333, 0.3323333333333333, 0.1101111111111111, 0.59, 0.01, 0.9, 0.68, 0.09, 0.68, 0.34, 0.59, 0.01, 0.23, 0.51, 0.08233333333333333, 0.3323333333333333, 0.1101111111111111, 0.84, 0.01, 0.79, 0.68, 0.09, 0.01, 0.12, 0.18, 0.34, 0.34, 0.51, 0.08233333333333333, 0.3323333333333333, 0.1101111111111111, 0.18, 0.34, 0.9]"
1070,AAAAAAAAAADA5AAMR7JTOMAAYBYOHP6IDBYAGQI_192,4,2,3,908.5361829900648,25,0.1601567720373471,0.8398432279626529,0.9119361867507298,0.6584704329570135,0.9115561485290528,0.1636164342363675,0.8363692277421554,0.9093871176242828,0.6533745018144449,0.912700041135152,"[0.08233333333333333, 0.3323333333333333, 0.1101111111111111, 0.08233333333333333, 0.3323333333333333, 0.1101111111111111, 0.3323333333333333, 0.08233333333333333, 0.3323333333333333, 0.1101111111111111, 0.08233333333333333, 0.3323333333333333, 0.1101111111111111, 0.499, 0.08233333333333333, 0.3323333333333333, 0.1101111111111111, 0.68, 0.01, 0.57, 0.34, 0.08233333333333333, 0.3323333333333333, 0.1101111111111111, 0.34, 0.34, 0.12, 0.51, 0.84, 0.34, 0.23, 0.18, 0.34, 0.9, 0.68, 0.08233333333333333, 0.3323333333333333, 0.1101111111111111, 0.18, 0.01, 0.01, 0.01, 0.93, 0.01, 0.57, 0.09, 0.68, 0.57, 0.68, 0.93, 0.34, 0.01, 0.18, 0.01, 0.23, 0.51, 0.08233333333333333, 0.3323333333333333, 0.1101111111111111, 0.76, 0.01, 0.12]"
1071,AAAAAAAAAAAAAAAAAMYPYMY7OYAAFOQAN3ZQRAY_192,4,2,2,2772.2065494779963,25,0.2309112722675005,0.7690887277324995,0.8670583754777909,0.5674764737486839,0.8913464546203613,0.2458248140911261,0.7541740513096253,0.8569030580421289,0.5562064796686172,0.8841886520385742,"[0.08233333333333333, 0.3323333333333333, 0.1101111111111111, 0.08233333333333333, 0.3323333333333333, 0.1101111111111111, 0.3323333333333333, 0.08233333333333333, 0.3323333333333333, 0.1101111111111111, 0.08233333333333333, 0.3323333333333333, 0.1101111111111111, 0.499, 0.08233333333333333, 0.3323333333333333, 0.1101111111111111, 0.08233333333333333, 0.3323333333333333, 0.1101111111111111, 0.3323333333333333, 0.08233333333333333, 0.3323333333333333, 0.1101111111111111, 0.08233333333333333, 0.3323333333333333, 0.1101111111111111, 0.499, 0.68, 0.68, 0.01, 0.84, 0.68, 0.01, 0.68, 0.18, 0.01, 0.57, 0.76, 0.68, 0.45, 0.01, 0.08233333333333333, 0.3323333333333333, 0.1101111111111111, 0.09, 0.34, 0.57, 0.34, 0.08233333333333333, 0.3323333333333333, 0.1101111111111111, 0.76, 0.68, 0.57, 0.51, 0.18, 0.01, 0.34, 0.26, 0.01, 0.23]"
1072,AAAAAAAAAOVYHEF5UHJML7GTQIAAQJ6ZWJIACQI_192,4,2,3,4162.23434494785,25,0.1021255542834599,0.8978744457165401,0.9457148080070812,0.6746896559993426,0.9339589436848958,0.1023332624385754,0.8976659593482812,0.9455530289560556,0.6753327613075574,0.9333866278330484,"[0.08233333333333333, 0.3323333333333333, 0.1101111111111111, 0.08233333333333333, 0.3323333333333333, 0.1101111111111111, 0.3323333333333333, 0.08233333333333333, 0.3323333333333333, 0.1101111111111111, 0.08233333333333333, 0.3323333333333333, 0.1101111111111111, 0.499, 0.09, 0.68, 0.68, 0.43, 0.01, 0.12, 0.68, 0.26, 0.01, 0.68, 0.93, 0.68, 0.79, 0.01, 0.43, 0.34, 0.34, 0.68, 0.34, 0.57, 0.68, 0.68, 0.68, 0.79, 0.93, 0.01, 0.34, 0.01, 0.08233333333333333, 0.3323333333333333, 0.1101111111111111, 0.59, 0.01, 0.79, 0.68, 0.93, 0.68, 0.23, 0.34, 0.34, 0.34, 0.51, 0.08233333333333333, 0.3323333333333333, 0.1101111111111111, 0.51, 0.01, 0.12]"
1073,AAAAAAAAAABOFAAYSAAHD4ABQAPE5HQAECAADHA_192,4,2,3,264.5771316769533,25,0.1297507792711258,0.8702492207288742,0.9301147614916164,0.6595479359229406,0.92694460550944,0.1391052711755037,0.8608924186478059,0.9244702886790036,0.6521768358846506,0.9238102038701376,"[0.08233333333333333, 0.3323333333333333, 0.1101111111111111, 0.08233333333333333, 0.3323333333333333, 0.1101111111111111, 0.3323333333333333, 0.08233333333333333, 0.3323333333333333, 0.1101111111111111, 0.08233333333333333, 0.3323333333333333, 0.1101111111111111, 0.499, 0.08233333333333333, 0.3323333333333333, 0.1101111111111111, 0.51, 0.68, 0.12, 0.34, 0.08233333333333333, 0.3323333333333333, 0.1101111111111111, 0.68, 0.34, 0.34, 0.01, 0.08233333333333333, 0.3323333333333333, 0.1101111111111111, 0.43, 0.01, 0.57, 0.68, 0.08233333333333333, 0.3323333333333333, 0.1101111111111111, 0.34, 0.01, 0.01, 0.01, 0.18, 0.68, 0.34, 0.43, 0.34, 0.23, 0.68, 0.08233333333333333, 0.3323333333333333, 0.1101111111111111, 0.59, 0.01, 0.79, 0.01, 0.08233333333333333, 0.3323333333333333, 0.1101111111111111, 0.34, 0.34, 0.9]"
1074,KAEEYAGE4ABGV4XGEMZDJ72QY4AA4ZXC4DQAA4Y_192,4,2,4,647.3326459319796,25,0.0960733716686566,0.9039266283313432,0.94915838688612,0.6962857216596603,0.9349083264668784,0.0982043733199437,0.9017913460731506,0.9479472776254018,0.6953702703118324,0.935018825531006,"[0.51, 0.01, 0.01, 0.26, 0.01, 0.79, 0.68, 0.08233333333333333, 0.3323333333333333, 0.1101111111111111, 0.68, 0.34, 0.23, 0.51, 0.08233333333333333, 0.3323333333333333, 0.1101111111111111, 0.59, 0.68, 0.68, 0.34, 0.93, 0.34, 0.57, 0.18, 0.01, 0.79, 0.01, 0.68, 0.68, 0.34, 0.18, 0.34, 0.23, 0.68, 0.84, 0.34, 0.79, 0.18, 0.01, 0.57, 0.01, 0.08233333333333333, 0.3323333333333333, 0.1101111111111111, 0.43, 0.01, 0.9, 0.68, 0.43, 0.01, 0.68, 0.68, 0.01, 0.57, 0.01, 0.08233333333333333, 0.3323333333333333, 0.1101111111111111, 0.09, 0.68, 0.23]"
1075,AAAAAAAAAABRR3TKRQAOCFIBC2AATYSZFCDMHFY_192,4,2,3,1730.1339390960056,25,0.0610314041376113,0.9389685958623886,0.9683659508824348,0.7160906021793684,0.9442679405212402,0.059445878987511,0.9405500664065282,0.9692334080735844,0.7171605914831162,0.9446673313776652,"[0.08233333333333333, 0.3323333333333333, 0.1101111111111111, 0.08233333333333333, 0.3323333333333333, 0.1101111111111111, 0.3323333333333333, 0.08233333333333333, 0.3323333333333333, 0.1101111111111111, 0.08233333333333333, 0.3323333333333333, 0.1101111111111111, 0.499, 0.08233333333333333, 0.3323333333333333, 0.1101111111111111, 0.34, 0.01, 0.9, 0.34, 0.76, 0.68, 0.23, 0.51, 0.34, 0.12, 0.51, 0.08233333333333333, 0.3323333333333333, 0.1101111111111111, 0.93, 0.01, 0.79, 0.34, 0.51, 0.01, 0.01, 0.59, 0.34, 0.45, 0.51, 0.08233333333333333, 0.3323333333333333, 0.1101111111111111, 0.59, 0.68, 0.9, 0.34, 0.26, 0.68, 0.34, 0.51, 0.01, 0.79, 0.01, 0.34, 0.68, 0.01, 0.93, 0.34, 0.57]"
1076,AAAAAAAAAAAKZAA44AAFLUAAKAAAXAQAHYKAOAA_192,4,2,3,1766.4399208060931,25,0.6857899496952693,0.3142100503047307,0.4762099122007688,0.251865696410338,0.2867923418680826,0.6813740561405818,0.3186340199162563,0.481577244028449,0.2548216161628564,0.2918134848276774,"[0.08233333333333333, 0.3323333333333333, 0.1101111111111111, 0.08233333333333333, 0.3323333333333333, 0.1101111111111111, 0.3323333333333333, 0.08233333333333333, 0.3323333333333333, 0.1101111111111111, 0.08233333333333333, 0.3323333333333333, 0.1101111111111111, 0.499, 0.08233333333333333, 0.3323333333333333, 0.1101111111111111, 0.09, 0.34, 0.45, 0.34, 0.08233333333333333, 0.3323333333333333, 0.1101111111111111, 0.93, 0.34, 0.9, 0.01, 0.08233333333333333, 0.3323333333333333, 0.1101111111111111, 0.51, 0.34, 0.57, 0.34, 0.08233333333333333, 0.3323333333333333, 0.1101111111111111, 0.09, 0.34, 0.01, 0.01, 0.08233333333333333, 0.3323333333333333, 0.1101111111111111, 0.51, 0.68, 0.01, 0.34, 0.08233333333333333, 0.3323333333333333, 0.1101111111111111, 0.43, 0.68, 0.01, 0.51, 0.59, 0.01, 0.12, 0.68, 0.01, 0.01]"
1077,AAMX3FPUU7T3TKUOAAAFYP6BQ2ABZPR3XKAACBY_192,4,2,4,1040.9324741668534,25,0.0692077780763308,0.9307922219236692,0.9639881119132042,0.7110644648472468,0.9433155377705892,0.0691654025266567,0.9308330877373616,0.9640203395237524,0.7101764367272456,0.9424221913019816,"[0.08233333333333333, 0.3323333333333333, 0.1101111111111111, 0.34, 0.34, 0.57, 0.68, 0.34, 0.34, 0.68, 0.84, 0.34, 0.34, 0.51, 0.18, 0.68, 0.9, 0.84, 0.34, 0.9, 0.68, 0.51, 0.34, 0.79, 0.43, 0.01, 0.01, 0.01, 0.08233333333333333, 0.3323333333333333, 0.1101111111111111, 0.51, 0.68, 0.01, 0.68, 0.84, 0.68, 0.01, 0.34, 0.01, 0.45, 0.51, 0.08233333333333333, 0.3323333333333333, 0.1101111111111111, 0.93, 0.34, 0.57, 0.68, 0.09, 0.68, 0.57, 0.43, 0.34, 0.79, 0.01, 0.08233333333333333, 0.3323333333333333, 0.1101111111111111, 0.59, 0.01, 0.57]"
1078,AAAAAAAAAAAAAAAAAAAMLMAB2GAAZNQADLA4KQQ_192,4,2,2,361.15419093798846,25,0.1621337786316871,0.8378662213683128,0.9103001748522124,0.6451897074778875,0.9146597862243652,0.1699260698010524,0.8300541525085767,0.905749092499415,0.6464528662463029,0.9104989051818848,"[0.08233333333333333, 0.3323333333333333, 0.1101111111111111, 0.08233333333333333, 0.3323333333333333, 0.1101111111111111, 0.3323333333333333, 0.08233333333333333, 0.3323333333333333, 0.1101111111111111, 0.08233333333333333, 0.3323333333333333, 0.1101111111111111, 0.499, 0.08233333333333333, 0.3323333333333333, 0.1101111111111111, 0.08233333333333333, 0.3323333333333333, 0.1101111111111111, 0.3323333333333333, 0.08233333333333333, 0.3323333333333333, 0.1101111111111111, 0.08233333333333333, 0.3323333333333333, 0.1101111111111111, 0.499, 0.08233333333333333, 0.3323333333333333, 0.1101111111111111, 0.68, 0.34, 0.45, 0.68, 0.08233333333333333, 0.3323333333333333, 0.1101111111111111, 0.43, 0.34, 0.12, 0.51, 0.08233333333333333, 0.3323333333333333, 0.1101111111111111, 0.34, 0.34, 0.45, 0.68, 0.08233333333333333, 0.3323333333333333, 0.1101111111111111, 0.18, 0.34, 0.45, 0.01, 0.09, 0.68, 0.12, 0.51, 0.01, 0.34]"
1079,DT7T7V7VBQHIFAA3WQANIHOLWUQM7BQAGD2BWUA_192,4,2,4,7407.697670346824,25,0.0618583699067433,0.9381416300932568,0.9679967562357584,0.7079443688193957,0.943941307067871,0.055416898181041,0.9445822606484096,0.9714271023869514,0.7125819398711125,0.9462195714314778,"[0.09, 0.68, 0.23, 0.84, 0.68, 0.23, 0.68, 0.84, 0.34, 0.57, 0.84, 0.34, 0.79, 0.01, 0.34, 0.01, 0.12, 0.76, 0.01, 0.12, 0.34, 0.08233333333333333, 0.3323333333333333, 0.1101111111111111, 0.76, 0.68, 0.45, 0.51, 0.08233333333333333, 0.3323333333333333, 0.1101111111111111, 0.76, 0.34, 0.01, 0.34, 0.76, 0.68, 0.34, 0.93, 0.68, 0.68, 0.01, 0.59, 0.01, 0.45, 0.43, 0.68, 0.01, 0.68, 0.08233333333333333, 0.3323333333333333, 0.1101111111111111, 0.34, 0.01, 0.57, 0.51, 0.59, 0.01, 0.45, 0.76, 0.34, 0.01]"
1080,AAAAAAAAAYVS7KDMW5YBOEAD7QABVHQAFK2FQRA_192,4,2,3,936.9847748188768,25,0.2650521606206893,0.7349478393793106,0.845052145421505,0.56148505260547,0.8741577784220378,0.2626682452857494,0.7373284111420314,0.8464900853733222,0.5625925599286954,0.8756258249282837,"[0.08233333333333333, 0.3323333333333333, 0.1101111111111111, 0.08233333333333333, 0.3323333333333333, 0.1101111111111111, 0.3323333333333333, 0.08233333333333333, 0.3323333333333333, 0.1101111111111111, 0.08233333333333333, 0.3323333333333333, 0.1101111111111111, 0.499, 0.18, 0.01, 0.68, 0.34, 0.34, 0.57, 0.68, 0.51, 0.01, 0.23, 0.34, 0.34, 0.45, 0.51, 0.76, 0.68, 0.01, 0.09, 0.34, 0.9, 0.34, 0.08233333333333333, 0.3323333333333333, 0.1101111111111111, 0.84, 0.68, 0.9, 0.01, 0.08233333333333333, 0.3323333333333333, 0.1101111111111111, 0.76, 0.34, 0.23, 0.68, 0.08233333333333333, 0.3323333333333333, 0.1101111111111111, 0.51, 0.34, 0.68, 0.51, 0.59, 0.34, 0.45, 0.09, 0.01, 0.79]"
1081,AAAAAAAADOHYRKDKFSOOC5Y4YG5YEPTOCBBEGQI_192,4,2,3,1864.718834853964,25,0.0899355138341585,0.9100644861658416,0.9526430855194729,0.6983531296253205,0.9376968065897624,0.0936805465569098,0.9063157241791486,0.9504695949455102,0.6949407072116931,0.9353924989700316,"[0.08233333333333333, 0.3323333333333333, 0.1101111111111111, 0.08233333333333333, 0.3323333333333333, 0.1101111111111111, 0.3323333333333333, 0.08233333333333333, 0.3323333333333333, 0.1101111111111111, 0.08233333333333333, 0.3323333333333333, 0.1101111111111111, 0.499, 0.76, 0.68, 0.12, 0.84, 0.01, 0.79, 0.34, 0.51, 0.01, 0.23, 0.51, 0.01, 0.68, 0.51, 0.26, 0.34, 0.9, 0.93, 0.01, 0.68, 0.68, 0.43, 0.01, 0.57, 0.18, 0.01, 0.12, 0.51, 0.43, 0.34, 0.9, 0.09, 0.01, 0.57, 0.68, 0.18, 0.34, 0.9, 0.26, 0.01, 0.34, 0.01, 0.26, 0.34, 0.01, 0.76, 0.01, 0.12]"
1082,AAAAAAAAAAAAAAAAAAAMLEAA2NUI5DQAODI4XUA_192,4,2,2,2806.6744618511293,25,0.0904371907313664,0.9095628092686336,0.9521943216522536,0.6941203380624453,0.9365206082661948,0.0949777739743391,0.9049577826013168,0.9497544554372628,0.6930143052091201,0.9355010191599528,"[0.08233333333333333, 0.3323333333333333, 0.1101111111111111, 0.08233333333333333, 0.3323333333333333, 0.1101111111111111, 0.3323333333333333, 0.08233333333333333, 0.3323333333333333, 0.1101111111111111, 0.08233333333333333, 0.3323333333333333, 0.1101111111111111, 0.499, 0.08233333333333333, 0.3323333333333333, 0.1101111111111111, 0.08233333333333333, 0.3323333333333333, 0.1101111111111111, 0.3323333333333333, 0.08233333333333333, 0.3323333333333333, 0.1101111111111111, 0.08233333333333333, 0.3323333333333333, 0.1101111111111111, 0.499, 0.08233333333333333, 0.3323333333333333, 0.1101111111111111, 0.68, 0.34, 0.45, 0.34, 0.08233333333333333, 0.3323333333333333, 0.1101111111111111, 0.18, 0.34, 0.23, 0.01, 0.76, 0.01, 0.79, 0.43, 0.34, 0.12, 0.68, 0.08233333333333333, 0.3323333333333333, 0.1101111111111111, 0.93, 0.01, 0.45, 0.51, 0.09, 0.68, 0.34, 0.84, 0.34, 0.01]"
1083,AAAAAAAAAAAAAAAAAMLWBPSH2WAAUIQAGJ7AAUI_192,4,2,2,5857.022500001127,25,0.122404529651006,0.877595470348994,0.9340928489963214,0.6637697095672289,0.9240234375,0.1283619008958339,0.871636409809192,0.930657128120462,0.6597608850648006,0.9235254367192586,"[0.08233333333333333, 0.3323333333333333, 0.1101111111111111, 0.08233333333333333, 0.3323333333333333, 0.1101111111111111, 0.3323333333333333, 0.08233333333333333, 0.3323333333333333, 0.1101111111111111, 0.08233333333333333, 0.3323333333333333, 0.1101111111111111, 0.499, 0.08233333333333333, 0.3323333333333333, 0.1101111111111111, 0.08233333333333333, 0.3323333333333333, 0.1101111111111111, 0.3323333333333333, 0.08233333333333333, 0.3323333333333333, 0.1101111111111111, 0.08233333333333333, 0.3323333333333333, 0.1101111111111111, 0.499, 0.68, 0.34, 0.57, 0.34, 0.01, 0.34, 0.68, 0.93, 0.34, 0.12, 0.84, 0.34, 0.68, 0.51, 0.08233333333333333, 0.3323333333333333, 0.1101111111111111, 0.51, 0.01, 0.79, 0.34, 0.08233333333333333, 0.3323333333333333, 0.1101111111111111, 0.34, 0.34, 0.23, 0.51, 0.93, 0.01, 0.01, 0.09, 0.34, 0.12]"
1084,AAIUIAG4X6RKNAA3WECG3EABOOAAPDTYUZIAGAQ_192,4,2,4,2289.490112825996,25,0.0615415170788764,0.9384584829211235,0.9681422248482704,0.7148107295234998,0.943818473815918,0.0612412797907988,0.9387563874324164,0.9682847955574592,0.714821367089947,0.9446451346079509,"[0.08233333333333333, 0.3323333333333333, 0.1101111111111111, 0.59, 0.34, 0.79, 0.34, 0.08233333333333333, 0.3323333333333333, 0.1101111111111111, 0.76, 0.68, 0.34, 0.51, 0.84, 0.68, 0.79, 0.51, 0.34, 0.23, 0.34, 0.08233333333333333, 0.3323333333333333, 0.1101111111111111, 0.76, 0.68, 0.45, 0.01, 0.59, 0.01, 0.79, 0.34, 0.68, 0.45, 0.34, 0.08233333333333333, 0.3323333333333333, 0.1101111111111111, 0.51, 0.68, 0.23, 0.51, 0.08233333333333333, 0.3323333333333333, 0.1101111111111111, 0.18, 0.68, 0.12, 0.68, 0.18, 0.68, 0.12, 0.59, 0.68, 0.34, 0.51, 0.08233333333333333, 0.3323333333333333, 0.1101111111111111, 0.68, 0.01, 0.34]"
1085,6BKBYAAR7QM6LAANSQADB4QVWMHZ7CQACCK5JRI_192,4,2,4,1047.89792986284,25,0.1564887086550394,0.8435112913449605,0.9143885349233946,0.6761343662937482,0.9142977078755696,0.1672521988550822,0.8326926889518896,0.9076129977901776,0.6707677955428759,0.912896505991618,"[0.84, 0.01, 0.12, 0.51, 0.01, 0.12, 0.68, 0.08233333333333333, 0.3323333333333333, 0.1101111111111111, 0.09, 0.01, 0.57, 0.51, 0.93, 0.01, 0.23, 0.18, 0.68, 0.34, 0.68, 0.08233333333333333, 0.3323333333333333, 0.1101111111111111, 0.34, 0.68, 0.34, 0.51, 0.08233333333333333, 0.3323333333333333, 0.1101111111111111, 0.18, 0.01, 0.23, 0.68, 0.26, 0.01, 0.68, 0.34, 0.68, 0.23, 0.01, 0.09, 0.68, 0.9, 0.84, 0.68, 0.12, 0.34, 0.08233333333333333, 0.3323333333333333, 0.1101111111111111, 0.26, 0.01, 0.79, 0.51, 0.51, 0.68, 0.68, 0.18, 0.01, 0.68]"
1086,LUESONDEMABCBAA4TQAPY4ABYYUNVKSGMIAAHRA_192,4,2,4,3640.275866953889,25,0.0557878250877062,0.9442121749122936,0.9711891323328018,0.7196939234932264,0.9460641860961914,0.047639750316739,0.9523491609841586,0.975539402042826,0.72334360939761,0.9476499716440836,"[0.51, 0.68, 0.79, 0.26, 0.34, 0.34, 0.34, 0.68, 0.68, 0.79, 0.34, 0.34, 0.12, 0.51, 0.08233333333333333, 0.3323333333333333, 0.1101111111111111, 0.59, 0.34, 0.01, 0.34, 0.08233333333333333, 0.3323333333333333, 0.1101111111111111, 0.93, 0.34, 0.23, 0.51, 0.08233333333333333, 0.3323333333333333, 0.1101111111111111, 0.84, 0.68, 0.12, 0.68, 0.08233333333333333, 0.3323333333333333, 0.1101111111111111, 0.43, 0.01, 0.45, 0.01, 0.51, 0.01, 0.45, 0.76, 0.34, 0.68, 0.34, 0.26, 0.01, 0.9, 0.68, 0.34, 0.01, 0.01, 0.08233333333333333, 0.3323333333333333, 0.1101111111111111, 0.84, 0.01, 0.79]"
1087,AAAAAAAAAAAAAAAAAAAHJFQZSQAARH43GAO4JMY_192,4,2,2,301.5965649399441,25,0.0646028300126393,0.9353971699873608,0.9664756178855896,0.718171551823616,0.9433170636494954,0.0617601194729407,0.93821034245193,0.9679542489349842,0.7190915796905756,0.9442438205083212,"[0.08233333333333333, 0.3323333333333333, 0.1101111111111111, 0.08233333333333333, 0.3323333333333333, 0.1101111111111111, 0.3323333333333333, 0.08233333333333333, 0.3323333333333333, 0.1101111111111111, 0.08233333333333333, 0.3323333333333333, 0.1101111111111111, 0.499, 0.08233333333333333, 0.3323333333333333, 0.1101111111111111, 0.08233333333333333, 0.3323333333333333, 0.1101111111111111, 0.3323333333333333, 0.08233333333333333, 0.3323333333333333, 0.1101111111111111, 0.08233333333333333, 0.3323333333333333, 0.1101111111111111, 0.499, 0.08233333333333333, 0.3323333333333333, 0.1101111111111111, 0.43, 0.34, 0.34, 0.34, 0.34, 0.01, 0.45, 0.34, 0.34, 0.79, 0.01, 0.08233333333333333, 0.3323333333333333, 0.1101111111111111, 0.59, 0.34, 0.23, 0.68, 0.68, 0.68, 0.45, 0.34, 0.01, 0.01, 0.51, 0.76, 0.68, 0.12, 0.26, 0.68, 0.23]"
1088,KTKXOUKQZKJKPY42DQAEB4ADSS7YJP7YSDQADEQ_192,4,2,4,1937.0909045978915,25,0.0478242506583531,0.9521757493416468,0.9754469782114028,0.7197376891970635,0.946679719289144,0.0464068597803513,0.9535667100300392,0.9761842322846254,0.7205895600219567,0.9477990865707396,"[0.51, 0.34, 0.23, 0.51, 0.34, 0.57, 0.34, 0.76, 0.34, 0.12, 0.51, 0.01, 0.23, 0.01, 0.51, 0.34, 0.34, 0.51, 0.34, 0.23, 0.68, 0.68, 0.34, 0.9, 0.76, 0.01, 0.23, 0.51, 0.08233333333333333, 0.3323333333333333, 0.1101111111111111, 0.59, 0.01, 0.23, 0.68, 0.08233333333333333, 0.3323333333333333, 0.1101111111111111, 0.93, 0.34, 0.79, 0.51, 0.43, 0.68, 0.9, 0.26, 0.34, 0.57, 0.68, 0.84, 0.68, 0.12, 0.26, 0.01, 0.57, 0.01, 0.08233333333333333, 0.3323333333333333, 0.1101111111111111, 0.34, 0.34, 0.34]"
1089,AAAAAAAADOXCNAAGAAANGEAAYCABYETACCQABRY_192,4,2,3,978.8088417900726,25,0.1229122589031855,0.8770877410968144,0.9340158060193062,0.6645826309919357,0.9258652687072754,0.1229781863590081,0.8770197218904893,0.9339510711530844,0.6616819919397433,0.9261083602905272,"[0.08233333333333333, 0.3323333333333333, 0.1101111111111111, 0.08233333333333333, 0.3323333333333333, 0.1101111111111111, 0.3323333333333333, 0.08233333333333333, 0.3323333333333333, 0.1101111111111111, 0.08233333333333333, 0.3323333333333333, 0.1101111111111111, 0.499, 0.76, 0.68, 0.68, 0.68, 0.34, 0.23, 0.34, 0.08233333333333333, 0.3323333333333333, 0.1101111111111111, 0.18, 0.01, 0.01, 0.01, 0.08233333333333333, 0.3323333333333333, 0.1101111111111111, 0.76, 0.01, 0.9, 0.34, 0.08233333333333333, 0.3323333333333333, 0.1101111111111111, 0.18, 0.01, 0.01, 0.51, 0.08233333333333333, 0.3323333333333333, 0.1101111111111111, 0.93, 0.01, 0.34, 0.34, 0.18, 0.01, 0.01, 0.26, 0.01, 0.68, 0.01, 0.08233333333333333, 0.3323333333333333, 0.1101111111111111, 0.18, 0.01, 0.57]"
1090,AAAAAAAAAABCJAA6E6I46FW4SCMHXL42OZX5CBI_192,4,2,3,2778.316001700936,25,0.0492614542444547,0.9507385457555452,0.97469250112772,0.7203497002522151,0.9468915303548175,0.0449103364100058,0.955088520422578,0.9769897570212682,0.7229521252214909,0.9483825047810872,"[0.08233333333333333, 0.3323333333333333, 0.1101111111111111, 0.08233333333333333, 0.3323333333333333, 0.1101111111111111, 0.3323333333333333, 0.08233333333333333, 0.3323333333333333, 0.1101111111111111, 0.08233333333333333, 0.3323333333333333, 0.1101111111111111, 0.499, 0.08233333333333333, 0.3323333333333333, 0.1101111111111111, 0.59, 0.34, 0.34, 0.34, 0.08233333333333333, 0.3323333333333333, 0.1101111111111111, 0.84, 0.01, 0.79, 0.51, 0.93, 0.34, 0.12, 0.68, 0.68, 0.9, 0.34, 0.34, 0.68, 0.57, 0.26, 0.34, 0.01, 0.51, 0.18, 0.01, 0.23, 0.76, 0.68, 0.68, 0.68, 0.68, 0.68, 0.79, 0.93, 0.68, 0.23, 0.01, 0.84, 0.68, 0.79, 0.59, 0.01, 0.68]"
1091,AAAAAAAAAADSD5S6HHAFYV6N2OAAPDQADZZQQXA_192,4,2,3,3618.9685078428593,25,0.0951954548557599,0.90480454514424,0.9497135842839876,0.6955681254466375,0.9353814760843912,0.1009606423477331,0.8990370171765486,0.9463081664095322,0.6919886010388533,0.933876585960388,"[0.08233333333333333, 0.3323333333333333, 0.1101111111111111, 0.08233333333333333, 0.3323333333333333, 0.1101111111111111, 0.3323333333333333, 0.08233333333333333, 0.3323333333333333, 0.1101111111111111, 0.08233333333333333, 0.3323333333333333, 0.1101111111111111, 0.499, 0.08233333333333333, 0.3323333333333333, 0.1101111111111111, 0.93, 0.34, 0.01, 0.68, 0.93, 0.68, 0.34, 0.84, 0.01, 0.57, 0.01, 0.43, 0.01, 0.01, 0.51, 0.68, 0.12, 0.34, 0.43, 0.68, 0.23, 0.43, 0.34, 0.23, 0.51, 0.08233333333333333, 0.3323333333333333, 0.1101111111111111, 0.18, 0.68, 0.12, 0.68, 0.08233333333333333, 0.3323333333333333, 0.1101111111111111, 0.18, 0.68, 0.23, 0.51, 0.18, 0.01, 0.34, 0.09, 0.34, 0.9]"
1092,ODPWYACBQAAY3NQIDUOH37QJKOYPQGQAE225HQQ_192,4,2,4,358.6981414828915,25,0.0574231177568435,0.9425768822431564,0.9703824386000632,0.7132648209730784,0.9448715527852376,0.0558984866986672,0.9440999923894804,0.9711597384264072,0.7146248699476322,0.9463643550872802,"[0.43, 0.01, 0.23, 0.43, 0.68, 0.45, 0.68, 0.08233333333333333, 0.3323333333333333, 0.1101111111111111, 0.59, 0.01, 0.45, 0.01, 0.08233333333333333, 0.3323333333333333, 0.1101111111111111, 0.18, 0.01, 0.45, 0.68, 0.34, 0.68, 0.01, 0.59, 0.01, 0.23, 0.51, 0.59, 0.34, 0.9, 0.43, 0.68, 0.57, 0.68, 0.93, 0.01, 0.34, 0.51, 0.34, 0.23, 0.51, 0.34, 0.01, 0.57, 0.68, 0.01, 0.23, 0.34, 0.08233333333333333, 0.3323333333333333, 0.1101111111111111, 0.59, 0.68, 0.68, 0.51, 0.51, 0.68, 0.79, 0.84, 0.01, 0.34]"
1093,AAAAAAAABITQRAA6MSZ6JNTR7QHHZHVOO6D7AUY_192,4,2,3,4664.535586324055,25,0.6808242648839951,0.3191757351160049,0.4818441813190778,0.2553027336796125,0.292428716023763,0.6826185192912817,0.3173796022931734,0.4800075380752484,0.2542096463342507,0.2904043912887573,"[0.08233333333333333, 0.3323333333333333, 0.1101111111111111, 0.08233333333333333, 0.3323333333333333, 0.1101111111111111, 0.3323333333333333, 0.08233333333333333, 0.3323333333333333, 0.1101111111111111, 0.08233333333333333, 0.3323333333333333, 0.1101111111111111, 0.499, 0.51, 0.01, 0.79, 0.93, 0.01, 0.79, 0.34, 0.08233333333333333, 0.3323333333333333, 0.1101111111111111, 0.84, 0.01, 0.9, 0.51, 0.26, 0.68, 0.23, 0.93, 0.34, 0.34, 0.68, 0.34, 0.34, 0.9, 0.43, 0.68, 0.9, 0.01, 0.09, 0.68, 0.23, 0.93, 0.34, 0.23, 0.68, 0.51, 0.34, 0.9, 0.93, 0.68, 0.9, 0.01, 0.43, 0.68, 0.9, 0.09, 0.34, 0.23]"
1094,4QY4YVD7EAB2FED4BQACA4AD6WAATO42FCZMBBY_192,4,2,4,3874.27369951806,25,0.0576749955614407,0.9423250044385592,0.9702177678545316,0.7235920493801434,0.945202668507894,0.0541596447428067,0.945872242252032,0.9721066512167452,0.725401679550608,0.9465953667958578,"[0.93, 0.34, 0.01, 0.68, 0.34, 0.9, 0.68, 0.09, 0.34, 0.79, 0.43, 0.68, 0.9, 0.51, 0.08233333333333333, 0.3323333333333333, 0.1101111111111111, 0.43, 0.34, 0.12, 0.34, 0.26, 0.01, 0.23, 0.93, 0.01, 0.12, 0.51, 0.08233333333333333, 0.3323333333333333, 0.1101111111111111, 0.26, 0.01, 0.12, 0.68, 0.08233333333333333, 0.3323333333333333, 0.1101111111111111, 0.84, 0.68, 0.68, 0.51, 0.08233333333333333, 0.3323333333333333, 0.1101111111111111, 0.59, 0.68, 0.57, 0.34, 0.68, 0.68, 0.79, 0.51, 0.01, 0.68, 0.51, 0.26, 0.68, 0.01, 0.26, 0.01, 0.57]"
1095,AAAAAAAAAAAAAAAAAAADC4ADOWJEYFQAHC2QPTA_192,4,2,2,590.7988209710456,25,0.2857063869635264,0.7142936130364735,0.8296560088793437,0.540696981549263,0.8717273712158203,0.2863272584974766,0.713671084245046,0.8298068313548962,0.5360939537485441,0.8658698956171672,"[0.08233333333333333, 0.3323333333333333, 0.1101111111111111, 0.08233333333333333, 0.3323333333333333, 0.1101111111111111, 0.3323333333333333, 0.08233333333333333, 0.3323333333333333, 0.1101111111111111, 0.08233333333333333, 0.3323333333333333, 0.1101111111111111, 0.499, 0.08233333333333333, 0.3323333333333333, 0.1101111111111111, 0.08233333333333333, 0.3323333333333333, 0.1101111111111111, 0.3323333333333333, 0.08233333333333333, 0.3323333333333333, 0.1101111111111111, 0.08233333333333333, 0.3323333333333333, 0.1101111111111111, 0.499, 0.08233333333333333, 0.3323333333333333, 0.1101111111111111, 0.18, 0.01, 0.68, 0.68, 0.08233333333333333, 0.3323333333333333, 0.1101111111111111, 0.76, 0.68, 0.68, 0.51, 0.26, 0.34, 0.34, 0.34, 0.01, 0.34, 0.68, 0.08233333333333333, 0.3323333333333333, 0.1101111111111111, 0.43, 0.01, 0.68, 0.51, 0.51, 0.01, 0.12, 0.84, 0.01, 0.9]"
1096,GU2GIXBHAADARAAGRN3FCMADCJZHQITYPOAQTFY_192,4,2,4,597.4610233940184,25,0.6851847459872563,0.3148152540127436,0.4769351537028948,0.2504326035579046,0.2876169204711914,0.6813869216789802,0.3186285058657328,0.4814904979119698,0.2529304107030233,0.2916073401769002,"[0.18, 0.34, 0.79, 0.76, 0.01, 0.45, 0.34, 0.09, 0.34, 0.9, 0.26, 0.34, 0.9, 0.01, 0.08233333333333333, 0.3323333333333333, 0.1101111111111111, 0.68, 0.01, 0.79, 0.34, 0.08233333333333333, 0.3323333333333333, 0.1101111111111111, 0.18, 0.34, 0.12, 0.01, 0.76, 0.68, 0.45, 0.51, 0.01, 0.79, 0.68, 0.08233333333333333, 0.3323333333333333, 0.1101111111111111, 0.68, 0.34, 0.34, 0.01, 0.93, 0.34, 0.23, 0.68, 0.01, 0.79, 0.34, 0.18, 0.68, 0.01, 0.84, 0.34, 0.9, 0.01, 0.09, 0.01, 0.34, 0.34, 0.34, 0.57]"
1097,AACU64WNUAARRAAKMQADZ42RCMABULWLDLYAHEY_192,4,2,4,1415.6483958680185,25,0.1264837642510732,0.8735162357489268,0.9315716549754144,0.6621517399946849,0.925292428334554,0.1329929737995068,0.8670052517205477,0.9275865383446216,0.6562357351183892,0.9232796351114908,"[0.08233333333333333, 0.3323333333333333, 0.1101111111111111, 0.09, 0.34, 0.79, 0.68, 0.76, 0.68, 0.34, 0.68, 0.68, 0.45, 0.51, 0.08233333333333333, 0.3323333333333333, 0.1101111111111111, 0.26, 0.01, 0.9, 0.34, 0.08233333333333333, 0.3323333333333333, 0.1101111111111111, 0.51, 0.01, 0.9, 0.51, 0.08233333333333333, 0.3323333333333333, 0.1101111111111111, 0.18, 0.68, 0.23, 0.68, 0.18, 0.34, 0.79, 0.59, 0.34, 0.23, 0.01, 0.08233333333333333, 0.3323333333333333, 0.1101111111111111, 0.76, 0.01, 0.68, 0.68, 0.34, 0.34, 0.45, 0.18, 0.34, 0.57, 0.51, 0.08233333333333333, 0.3323333333333333, 0.1101111111111111, 0.93, 0.34, 0.23]"
1098,AAAAAAAAAAAAAAAAANONJMADSENHQK6JFYB4GQQ_192,4,2,2,3848.990672144108,25,0.1115553071101506,0.8884446928898494,0.9404121701916058,0.670040546854337,0.9314728418986002,0.1090889193117618,0.8909099457164605,0.9418323198954264,0.672836019595464,0.9326705694198608,"[0.08233333333333333, 0.3323333333333333, 0.1101111111111111, 0.08233333333333333, 0.3323333333333333, 0.1101111111111111, 0.3323333333333333, 0.08233333333333333, 0.3323333333333333, 0.1101111111111111, 0.08233333333333333, 0.3323333333333333, 0.1101111111111111, 0.499, 0.08233333333333333, 0.3323333333333333, 0.1101111111111111, 0.08233333333333333, 0.3323333333333333, 0.1101111111111111, 0.3323333333333333, 0.08233333333333333, 0.3323333333333333, 0.1101111111111111, 0.08233333333333333, 0.3323333333333333, 0.1101111111111111, 0.499, 0.76, 0.34, 0.9, 0.76, 0.34, 0.34, 0.68, 0.08233333333333333, 0.3323333333333333, 0.1101111111111111, 0.93, 0.34, 0.12, 0.01, 0.18, 0.34, 0.23, 0.68, 0.01, 0.68, 0.34, 0.93, 0.34, 0.34, 0.51, 0.68, 0.01, 0.01, 0.18, 0.68, 0.01, 0.76, 0.01, 0.34]"
1099,AAAAAAAAAABWPYA3RUDMGH6JY73GXCRAFZYACRY_192,4,2,3,2190.841718495125,25,0.0599556883176167,0.9400443116823832,0.9689808294177056,0.7147577186425527,0.9442816098531088,0.0553816908349593,0.944615738838911,0.9714247606694698,0.7170958112925291,0.9461353540420532,"[0.08233333333333333, 0.3323333333333333, 0.1101111111111111, 0.08233333333333333, 0.3323333333333333, 0.1101111111111111, 0.3323333333333333, 0.08233333333333333, 0.3323333333333333, 0.1101111111111111, 0.08233333333333333, 0.3323333333333333, 0.1101111111111111, 0.499, 0.08233333333333333, 0.3323333333333333, 0.1101111111111111, 0.34, 0.68, 0.23, 0.68, 0.68, 0.01, 0.01, 0.76, 0.68, 0.12, 0.51, 0.59, 0.01, 0.45, 0.68, 0.01, 0.9, 0.34, 0.84, 0.68, 0.34, 0.43, 0.01, 0.57, 0.51, 0.93, 0.68, 0.23, 0.51, 0.68, 0.12, 0.34, 0.09, 0.01, 0.01, 0.51, 0.68, 0.23, 0.51, 0.08233333333333333, 0.3323333333333333, 0.1101111111111111, 0.51, 0.01, 0.57]"
1100,AAAAAAAAAAAAAAAAAAANAMWJWB4YFL4JXB3MG4I_192,4,2,2,748.8910265339073,25,0.1220157280564308,0.8779842719435692,0.93428805321455,0.6676320925354957,0.9276440620422364,0.1272270709276199,0.8727716752638419,0.9310905487587054,0.6615989343573649,0.926015297571818,"[0.08233333333333333, 0.3323333333333333, 0.1101111111111111, 0.08233333333333333, 0.3323333333333333, 0.1101111111111111, 0.3323333333333333, 0.08233333333333333, 0.3323333333333333, 0.1101111111111111, 0.08233333333333333, 0.3323333333333333, 0.1101111111111111, 0.499, 0.08233333333333333, 0.3323333333333333, 0.1101111111111111, 0.08233333333333333, 0.3323333333333333, 0.1101111111111111, 0.3323333333333333, 0.08233333333333333, 0.3323333333333333, 0.1101111111111111, 0.08233333333333333, 0.3323333333333333, 0.1101111111111111, 0.499, 0.08233333333333333, 0.3323333333333333, 0.1101111111111111, 0.76, 0.01, 0.01, 0.68, 0.26, 0.68, 0.34, 0.34, 0.68, 0.01, 0.01, 0.84, 0.01, 0.9, 0.09, 0.34, 0.68, 0.68, 0.68, 0.34, 0.23, 0.43, 0.01, 0.23, 0.51, 0.34, 0.68, 0.01, 0.76, 0.68, 0.12]"
1101,AAAAAAAABIMRRAA7VDOH6MABSB4K3FQABDAAG5A_192,4,2,3,953.249605990015,25,0.1126816615462303,0.8873183384537697,0.9399817571043968,0.6494255503018697,0.9316168785095216,0.1122177137682835,0.8877815783023835,0.9400593848278124,0.652432311202089,0.9326942443847656,"[0.08233333333333333, 0.3323333333333333, 0.1101111111111111, 0.08233333333333333, 0.3323333333333333, 0.1101111111111111, 0.3323333333333333, 0.08233333333333333, 0.3323333333333333, 0.1101111111111111, 0.08233333333333333, 0.3323333333333333, 0.1101111111111111, 0.499, 0.51, 0.01, 0.23, 0.26, 0.01, 0.9, 0.34, 0.08233333333333333, 0.3323333333333333, 0.1101111111111111, 0.84, 0.68, 0.68, 0.01, 0.18, 0.34, 0.9, 0.43, 0.68, 0.9, 0.68, 0.08233333333333333, 0.3323333333333333, 0.1101111111111111, 0.34, 0.34, 0.01, 0.01, 0.84, 0.01, 0.68, 0.34, 0.68, 0.34, 0.68, 0.08233333333333333, 0.3323333333333333, 0.1101111111111111, 0.09, 0.01, 0.45, 0.01, 0.08233333333333333, 0.3323333333333333, 0.1101111111111111, 0.76, 0.68, 0.79]"
1102,F4ITYAD47A3QZAAGAQAG6PA7JQABUDQAODIABEA_192,4,2,4,938.3486445839516,25,0.1887748509645462,0.8112251490354538,0.8941887507836024,0.6255045245091121,0.9036999702453612,0.1988186945517857,0.8011783673117558,0.8878762306024631,0.6186814066022635,0.8989851872126261,"[0.26, 0.68, 0.9, 0.59, 0.34, 0.23, 0.68, 0.08233333333333333, 0.3323333333333333, 0.1101111111111111, 0.43, 0.68, 0.23, 0.51, 0.68, 0.01, 0.45, 0.93, 0.01, 0.45, 0.34, 0.08233333333333333, 0.3323333333333333, 0.1101111111111111, 0.18, 0.01, 0.01, 0.51, 0.08233333333333333, 0.3323333333333333, 0.1101111111111111, 0.34, 0.68, 0.9, 0.68, 0.68, 0.01, 0.57, 0.76, 0.01, 0.9, 0.01, 0.08233333333333333, 0.3323333333333333, 0.1101111111111111, 0.76, 0.01, 0.12, 0.68, 0.08233333333333333, 0.3323333333333333, 0.1101111111111111, 0.93, 0.01, 0.45, 0.51, 0.08233333333333333, 0.3323333333333333, 0.1101111111111111, 0.26, 0.34, 0.01]"
1104,AAAAAAAABIZIV6UFSTYVDHCQ2YAB7OQADBYAGQQ_192,4,2,3,1805.070846720133,25,0.0993572463591893,0.9006427536408107,0.947218950589498,0.690783700843652,0.932615598042806,0.0960742718229691,0.9039225505044064,0.9489921499043704,0.6937774976094564,0.9344021797180176,"[0.08233333333333333, 0.3323333333333333, 0.1101111111111111, 0.08233333333333333, 0.3323333333333333, 0.1101111111111111, 0.3323333333333333, 0.08233333333333333, 0.3323333333333333, 0.1101111111111111, 0.08233333333333333, 0.3323333333333333, 0.1101111111111111, 0.499, 0.51, 0.01, 0.45, 0.51, 0.01, 0.68, 0.34, 0.84, 0.34, 0.79, 0.26, 0.68, 0.34, 0.51, 0.18, 0.68, 0.12, 0.51, 0.01, 0.45, 0.34, 0.68, 0.34, 0.79, 0.18, 0.34, 0.45, 0.01, 0.08233333333333333, 0.3323333333333333, 0.1101111111111111, 0.84, 0.68, 0.57, 0.34, 0.08233333333333333, 0.3323333333333333, 0.1101111111111111, 0.18, 0.01, 0.23, 0.51, 0.08233333333333333, 0.3323333333333333, 0.1101111111111111, 0.76, 0.01, 0.34]"
1105,AAAAAAAAAAAAAAAAAAAHY4AAWKIC4E6ZRKLUIQI_192,4,2,2,755.5095332521014,25,0.1285666813453038,0.8714333186546962,0.9305317093928654,0.6729667901992797,0.9250523885091144,0.1292190668483575,0.870776936908563,0.9300510964045922,0.6719402638574441,0.9239083369572956,"[0.08233333333333333, 0.3323333333333333, 0.1101111111111111, 0.08233333333333333, 0.3323333333333333, 0.1101111111111111, 0.3323333333333333, 0.08233333333333333, 0.3323333333333333, 0.1101111111111111, 0.08233333333333333, 0.3323333333333333, 0.1101111111111111, 0.499, 0.08233333333333333, 0.3323333333333333, 0.1101111111111111, 0.08233333333333333, 0.3323333333333333, 0.1101111111111111, 0.3323333333333333, 0.08233333333333333, 0.3323333333333333, 0.1101111111111111, 0.08233333333333333, 0.3323333333333333, 0.1101111111111111, 0.499, 0.08233333333333333, 0.3323333333333333, 0.1101111111111111, 0.43, 0.68, 0.12, 0.68, 0.08233333333333333, 0.3323333333333333, 0.1101111111111111, 0.26, 0.68, 0.34, 0.51, 0.26, 0.01, 0.12, 0.43, 0.01, 0.34, 0.34, 0.93, 0.68, 0.23, 0.09, 0.34, 0.79, 0.51, 0.43, 0.34, 0.12, 0.09, 0.01, 0.12]"
1106,AAAAAAAABIRWDAAGDAAG2XKBAGABVAQAHJXAHAI_192,4,2,3,467.0376761287917,25,0.0866163045167923,0.9133836954832076,0.9543223013480504,0.6960790738463402,0.9383504549662272,0.0814888577908277,0.9185091380029916,0.9572390876710416,0.6991458473106226,0.9385347366333008,"[0.08233333333333333, 0.3323333333333333, 0.1101111111111111, 0.08233333333333333, 0.3323333333333333, 0.1101111111111111, 0.3323333333333333, 0.08233333333333333, 0.3323333333333333, 0.1101111111111111, 0.08233333333333333, 0.3323333333333333, 0.1101111111111111, 0.499, 0.51, 0.01, 0.79, 0.34, 0.68, 0.01, 0.68, 0.08233333333333333, 0.3323333333333333, 0.1101111111111111, 0.18, 0.01, 0.23, 0.01, 0.08233333333333333, 0.3323333333333333, 0.1101111111111111, 0.34, 0.68, 0.68, 0.34, 0.76, 0.34, 0.01, 0.59, 0.01, 0.12, 0.51, 0.08233333333333333, 0.3323333333333333, 0.1101111111111111, 0.76, 0.34, 0.01, 0.34, 0.08233333333333333, 0.3323333333333333, 0.1101111111111111, 0.43, 0.34, 0.23, 0.01, 0.93, 0.01, 0.01, 0.93, 0.01, 0.12]"
1107,AAI4YACAHQYWREHGQTBHOMWUQ2EM5F6Z7KYAA7A_192,4,2,4,886.5963288811035,25,0.0800707295536995,0.9199292704463004,0.9581064467628796,0.6998983025550842,0.939142354329427,0.0771562198797861,0.9228425422062476,0.959662207091848,0.6997712096820276,0.940731430053711,"[0.08233333333333333, 0.3323333333333333, 0.1101111111111111, 0.59, 0.34, 0.9, 0.68, 0.08233333333333333, 0.3323333333333333, 0.1101111111111111, 0.59, 0.01, 0.01, 0.51, 0.93, 0.01, 0.45, 0.26, 0.68, 0.79, 0.34, 0.26, 0.01, 0.57, 0.18, 0.34, 0.01, 0.51, 0.18, 0.01, 0.34, 0.43, 0.34, 0.9, 0.68, 0.26, 0.68, 0.68, 0.26, 0.01, 0.45, 0.51, 0.09, 0.01, 0.45, 0.43, 0.34, 0.34, 0.68, 0.93, 0.68, 0.23, 0.84, 0.34, 0.68, 0.51, 0.08233333333333333, 0.3323333333333333, 0.1101111111111111, 0.09, 0.68, 0.9]"
1108,AAAAAAAAAAAAAAAAAMZVDEAAYMABXK63ULYADMY_192,4,2,2,2669.641211271053,25,0.0711681485176086,0.9288318514823912,0.9629102105895678,0.7097570742170016,0.94222838083903,0.0695335132380326,0.9304643906652929,0.963767632097006,0.7101729232817888,0.9426507234573364,"[0.08233333333333333, 0.3323333333333333, 0.1101111111111111, 0.08233333333333333, 0.3323333333333333, 0.1101111111111111, 0.3323333333333333, 0.08233333333333333, 0.3323333333333333, 0.1101111111111111, 0.08233333333333333, 0.3323333333333333, 0.1101111111111111, 0.499, 0.08233333333333333, 0.3323333333333333, 0.1101111111111111, 0.08233333333333333, 0.3323333333333333, 0.1101111111111111, 0.3323333333333333, 0.08233333333333333, 0.3323333333333333, 0.1101111111111111, 0.08233333333333333, 0.3323333333333333, 0.1101111111111111, 0.499, 0.68, 0.68, 0.23, 0.51, 0.01, 0.45, 0.34, 0.08233333333333333, 0.3323333333333333, 0.1101111111111111, 0.18, 0.01, 0.23, 0.01, 0.08233333333333333, 0.3323333333333333, 0.1101111111111111, 0.76, 0.68, 0.68, 0.34, 0.93, 0.68, 0.57, 0.59, 0.34, 0.57, 0.51, 0.08233333333333333, 0.3323333333333333, 0.1101111111111111, 0.34, 0.68, 0.23]"
1109,AAAAAAAAAADGFAA7RQADCVSJOQAA3GW34BQAH5I_192,4,2,3,2585.9762052099686,25,0.0810536881287892,0.9189463118712108,0.9573678543170292,0.7045222361882527,0.9382415135701496,0.0765693300714095,0.92342237457633,0.9599255409091711,0.7081968657672405,0.9405786434809368,"[0.08233333333333333, 0.3323333333333333, 0.1101111111111111, 0.08233333333333333, 0.3323333333333333, 0.1101111111111111, 0.3323333333333333, 0.08233333333333333, 0.3323333333333333, 0.1101111111111111, 0.08233333333333333, 0.3323333333333333, 0.1101111111111111, 0.499, 0.08233333333333333, 0.3323333333333333, 0.1101111111111111, 0.68, 0.68, 0.12, 0.34, 0.08233333333333333, 0.3323333333333333, 0.1101111111111111, 0.84, 0.68, 0.12, 0.51, 0.08233333333333333, 0.3323333333333333, 0.1101111111111111, 0.18, 0.01, 0.68, 0.34, 0.34, 0.34, 0.34, 0.51, 0.68, 0.79, 0.01, 0.08233333333333333, 0.3323333333333333, 0.1101111111111111, 0.34, 0.68, 0.23, 0.34, 0.34, 0.68, 0.57, 0.68, 0.01, 0.23, 0.01, 0.08233333333333333, 0.3323333333333333, 0.1101111111111111, 0.84, 0.68, 0.68]"
1110,AAAAAAAAAADWFAAIVU2DYPSHCMAAVDQAOIPEPBA_192,4,2,3,6771.588165479945,25,0.0613990987340609,0.9386009012659392,0.9681646039088568,0.7135719383756319,0.9445446014404296,0.0539485622197389,0.9460475504398346,0.9721949387341736,0.7180257582416137,0.9460502942403156,"[0.08233333333333333, 0.3323333333333333, 0.1101111111111111, 0.08233333333333333, 0.3323333333333333, 0.1101111111111111, 0.3323333333333333, 0.08233333333333333, 0.3323333333333333, 0.1101111111111111, 0.08233333333333333, 0.3323333333333333, 0.1101111111111111, 0.499, 0.08233333333333333, 0.3323333333333333, 0.1101111111111111, 0.93, 0.68, 0.12, 0.34, 0.08233333333333333, 0.3323333333333333, 0.1101111111111111, 0.59, 0.34, 0.68, 0.51, 0.59, 0.68, 0.79, 0.18, 0.68, 0.01, 0.68, 0.93, 0.34, 0.12, 0.68, 0.34, 0.23, 0.01, 0.08233333333333333, 0.3323333333333333, 0.1101111111111111, 0.51, 0.34, 0.12, 0.68, 0.08233333333333333, 0.3323333333333333, 0.1101111111111111, 0.93, 0.34, 0.01, 0.51, 0.93, 0.34, 0.12, 0.93, 0.01, 0.79]"
1111,AAAAAAAAAAAAAAAAAAAFZXBQQ6AB3GRKHLCUOMY_192,4,2,2,1002.2551792960148,25,0.0679635023077329,0.9320364976922672,0.9646169329682986,0.7180128827691078,0.94327023824056,0.0671660802016655,0.93281733058393,0.9650568044433993,0.7181951207419236,0.942654021581014,"[0.08233333333333333, 0.3323333333333333, 0.1101111111111111, 0.08233333333333333, 0.3323333333333333, 0.1101111111111111, 0.3323333333333333, 0.08233333333333333, 0.3323333333333333, 0.1101111111111111, 0.08233333333333333, 0.3323333333333333, 0.1101111111111111, 0.499, 0.08233333333333333, 0.3323333333333333, 0.1101111111111111, 0.08233333333333333, 0.3323333333333333, 0.1101111111111111, 0.3323333333333333, 0.08233333333333333, 0.3323333333333333, 0.1101111111111111, 0.08233333333333333, 0.3323333333333333, 0.1101111111111111, 0.499, 0.08233333333333333, 0.3323333333333333, 0.1101111111111111, 0.51, 0.68, 0.23, 0.34, 0.68, 0.01, 0.9, 0.26, 0.01, 0.57, 0.51, 0.08233333333333333, 0.3323333333333333, 0.1101111111111111, 0.93, 0.68, 0.23, 0.34, 0.09, 0.34, 0.79, 0.43, 0.34, 0.45, 0.01, 0.51, 0.34, 0.12, 0.68, 0.68, 0.23]"
1112,AAAAAAAAAAB6BHXE4AABZMABA2IEHZROGI7VODA_192,4,2,3,227.65838322998025,25,0.2932175700863202,0.7067824299136798,0.8253407145539919,0.5926620860894521,0.868672243754069,0.2917678460478782,0.7082775418957075,0.826589950422446,0.591127227867643,0.8650383710861206,"[0.08233333333333333, 0.3323333333333333, 0.1101111111111111, 0.08233333333333333, 0.3323333333333333, 0.1101111111111111, 0.3323333333333333, 0.08233333333333333, 0.3323333333333333, 0.1101111111111111, 0.08233333333333333, 0.3323333333333333, 0.1101111111111111, 0.499, 0.08233333333333333, 0.3323333333333333, 0.1101111111111111, 0.43, 0.68, 0.01, 0.34, 0.18, 0.68, 0.57, 0.26, 0.34, 0.9, 0.01, 0.08233333333333333, 0.3323333333333333, 0.1101111111111111, 0.09, 0.68, 0.34, 0.68, 0.08233333333333333, 0.3323333333333333, 0.1101111111111111, 0.59, 0.01, 0.45, 0.51, 0.26, 0.01, 0.34, 0.09, 0.68, 0.9, 0.68, 0.09, 0.34, 0.9, 0.34, 0.34, 0.12, 0.51, 0.84, 0.34, 0.68, 0.68, 0.01, 0.9]"
1113,AAAAAAAAAAAAAAAAAAAGAUAARR3BUCQANDBF2UY_192,4,2,2,789.7750032558106,25,0.1017436102032661,0.8982563897967338,0.9460478603839876,0.6992140849431355,0.9344326972961424,0.1071734556307395,0.8928317623833816,0.9427533683677516,0.6958736049632231,0.9315272013346354,"[0.08233333333333333, 0.3323333333333333, 0.1101111111111111, 0.08233333333333333, 0.3323333333333333, 0.1101111111111111, 0.3323333333333333, 0.08233333333333333, 0.3323333333333333, 0.1101111111111111, 0.08233333333333333, 0.3323333333333333, 0.1101111111111111, 0.499, 0.08233333333333333, 0.3323333333333333, 0.1101111111111111, 0.08233333333333333, 0.3323333333333333, 0.1101111111111111, 0.3323333333333333, 0.08233333333333333, 0.3323333333333333, 0.1101111111111111, 0.08233333333333333, 0.3323333333333333, 0.1101111111111111, 0.499, 0.08233333333333333, 0.3323333333333333, 0.1101111111111111, 0.34, 0.01, 0.12, 0.34, 0.08233333333333333, 0.3323333333333333, 0.1101111111111111, 0.26, 0.01, 0.9, 0.01, 0.93, 0.68, 0.01, 0.76, 0.01, 0.12, 0.34, 0.08233333333333333, 0.3323333333333333, 0.1101111111111111, 0.76, 0.01, 0.45, 0.01, 0.26, 0.34, 0.57, 0.51, 0.34, 0.23]"
1114,ZU74YRKF4AB2VYHYFQADLNYTQKABVKQAOAQACUY_192,4,2,4,3380.949079645099,25,0.0664616266886393,0.9335383733113608,0.9654444908102352,0.7159315884113312,0.942915948232015,0.0624425904204448,0.9375304198513428,0.967603450268507,0.7179536170015732,0.94443621635437,"[0.68, 0.68, 0.79, 0.84, 0.68, 0.9, 0.68, 0.09, 0.01, 0.68, 0.59, 0.34, 0.57, 0.51, 0.08233333333333333, 0.3323333333333333, 0.1101111111111111, 0.43, 0.34, 0.68, 0.34, 0.68, 0.01, 0.57, 0.68, 0.01, 0.68, 0.51, 0.08233333333333333, 0.3323333333333333, 0.1101111111111111, 0.18, 0.34, 0.45, 0.68, 0.43, 0.01, 0.79, 0.93, 0.01, 0.34, 0.51, 0.08233333333333333, 0.3323333333333333, 0.1101111111111111, 0.76, 0.34, 0.68, 0.34, 0.08233333333333333, 0.3323333333333333, 0.1101111111111111, 0.93, 0.01, 0.12, 0.01, 0.08233333333333333, 0.3323333333333333, 0.1101111111111111, 0.51, 0.34, 0.23]"
1115,AAAAAAAAAILSZAA7QAAHY4ADKGZOMIQACCDRBVA_192,4,2,3,4931.548157868907,25,0.1028054922819137,0.8971945077180863,0.9452549651265144,0.6710848018527031,0.9323966026306152,0.1097989397744337,0.890200265745322,0.9412688822795948,0.6659009204556544,0.9297455708185832,"[0.08233333333333333, 0.3323333333333333, 0.1101111111111111, 0.08233333333333333, 0.3323333333333333, 0.1101111111111111, 0.3323333333333333, 0.08233333333333333, 0.3323333333333333, 0.1101111111111111, 0.08233333333333333, 0.3323333333333333, 0.1101111111111111, 0.499, 0.09, 0.01, 0.34, 0.93, 0.34, 0.45, 0.34, 0.08233333333333333, 0.3323333333333333, 0.1101111111111111, 0.84, 0.68, 0.01, 0.01, 0.08233333333333333, 0.3323333333333333, 0.1101111111111111, 0.43, 0.68, 0.12, 0.68, 0.08233333333333333, 0.3323333333333333, 0.1101111111111111, 0.76, 0.34, 0.12, 0.51, 0.34, 0.34, 0.57, 0.18, 0.01, 0.79, 0.34, 0.08233333333333333, 0.3323333333333333, 0.1101111111111111, 0.26, 0.01, 0.79, 0.01, 0.43, 0.01, 0.79, 0.18, 0.34, 0.79]"
1116,P4CDIABDHOHKHZQYR6DOL7ONICAARDQAPLPMAUY_192,4,2,4,1982.4306229839567,25,0.0545180633664131,0.9454819366335868,0.9718920762340229,0.7250119686126709,0.9472058614095052,0.0500827800482511,0.9499846520523232,0.974305379887422,0.7269884493201971,0.94739457766215,"[0.43, 0.68, 0.9, 0.09, 0.01, 0.23, 0.34, 0.08233333333333333, 0.3323333333333333, 0.1101111111111111, 0.26, 0.01, 0.9, 0.51, 0.76, 0.68, 0.12, 0.76, 0.34, 0.12, 0.68, 0.68, 0.68, 0.01, 0.68, 0.34, 0.12, 0.51, 0.93, 0.01, 0.45, 0.93, 0.34, 0.57, 0.68, 0.76, 0.68, 0.23, 0.51, 0.01, 0.01, 0.51, 0.08233333333333333, 0.3323333333333333, 0.1101111111111111, 0.59, 0.34, 0.12, 0.68, 0.08233333333333333, 0.3323333333333333, 0.1101111111111111, 0.84, 0.34, 0.45, 0.51, 0.93, 0.68, 0.01, 0.09, 0.34, 0.23]"
1117,AAAAAAAAAADS7LUOSWA7YXYV6QNJZFWIR3ZVX5A_192,4,2,3,4242.91493249312,25,0.0684026822447776,0.9315973177552224,0.964397039016088,0.7114413236578305,0.9426082611083983,0.0689901663611332,0.9310039983441432,0.9640702759226164,0.7111578351507585,0.9421669085820517,"[0.08233333333333333, 0.3323333333333333, 0.1101111111111111, 0.08233333333333333, 0.3323333333333333, 0.1101111111111111, 0.3323333333333333, 0.08233333333333333, 0.3323333333333333, 0.1101111111111111, 0.08233333333333333, 0.3323333333333333, 0.1101111111111111, 0.499, 0.08233333333333333, 0.3323333333333333, 0.1101111111111111, 0.93, 0.34, 0.57, 0.68, 0.51, 0.68, 0.79, 0.43, 0.34, 0.34, 0.51, 0.34, 0.01, 0.12, 0.84, 0.68, 0.12, 0.34, 0.84, 0.01, 0.68, 0.43, 0.68, 0.79, 0.01, 0.18, 0.34, 0.79, 0.93, 0.34, 0.34, 0.68, 0.34, 0.34, 0.12, 0.09, 0.68, 0.57, 0.51, 0.18, 0.34, 0.45, 0.84, 0.68, 0.79]"
1118,AAAAAAAAAAAAAAAAAAACY4ABQGZLUOU2OKAAB4A_192,4,2,2,1678.8719652830623,25,0.1196226750810941,0.8803773249189059,0.9359143753846486,0.6828129947185516,0.9277431805928548,0.1274608183652162,0.8725356515496969,0.931096616263191,0.6765945995847384,0.9250486135482788,"[0.08233333333333333, 0.3323333333333333, 0.1101111111111111, 0.08233333333333333, 0.3323333333333333, 0.1101111111111111, 0.3323333333333333, 0.08233333333333333, 0.3323333333333333, 0.1101111111111111, 0.08233333333333333, 0.3323333333333333, 0.1101111111111111, 0.499, 0.08233333333333333, 0.3323333333333333, 0.1101111111111111, 0.08233333333333333, 0.3323333333333333, 0.1101111111111111, 0.3323333333333333, 0.08233333333333333, 0.3323333333333333, 0.1101111111111111, 0.08233333333333333, 0.3323333333333333, 0.1101111111111111, 0.499, 0.08233333333333333, 0.3323333333333333, 0.1101111111111111, 0.26, 0.68, 0.12, 0.68, 0.08233333333333333, 0.3323333333333333, 0.1101111111111111, 0.34, 0.01, 0.12, 0.51, 0.34, 0.34, 0.68, 0.76, 0.01, 0.57, 0.34, 0.59, 0.68, 0.79, 0.93, 0.34, 0.79, 0.01, 0.08233333333333333, 0.3323333333333333, 0.1101111111111111, 0.18, 0.68, 0.01]"
1119,AAAAAAAAAAAAAAAAAAAHAVIIKKFE4CQAPJHBI4I_192,4,2,2,664.7549302310217,25,0.1996256877978642,0.8003743122021357,0.8862562383214633,0.6219750806689263,0.9001471837361653,0.2097628135234117,0.7902358735601107,0.8803851890067259,0.6171721289555232,0.8957981109619141,"[0.08233333333333333, 0.3323333333333333, 0.1101111111111111, 0.08233333333333333, 0.3323333333333333, 0.1101111111111111, 0.3323333333333333, 0.08233333333333333, 0.3323333333333333, 0.1101111111111111, 0.08233333333333333, 0.3323333333333333, 0.1101111111111111, 0.499, 0.08233333333333333, 0.3323333333333333, 0.1101111111111111, 0.08233333333333333, 0.3323333333333333, 0.1101111111111111, 0.3323333333333333, 0.08233333333333333, 0.3323333333333333, 0.1101111111111111, 0.08233333333333333, 0.3323333333333333, 0.1101111111111111, 0.499, 0.08233333333333333, 0.3323333333333333, 0.1101111111111111, 0.43, 0.01, 0.12, 0.34, 0.51, 0.01, 0.34, 0.09, 0.34, 0.34, 0.51, 0.09, 0.34, 0.34, 0.43, 0.01, 0.12, 0.34, 0.08233333333333333, 0.3323333333333333, 0.1101111111111111, 0.84, 0.34, 0.34, 0.01, 0.93, 0.01, 0.68, 0.09, 0.68, 0.12]"
1120,AAYAYAHUZQXGZAAPUQAPGEAAQMAAHNQAODTBZFA_192,4,2,4,1260.5119871071074,25,0.1106311112642288,0.8893688887357711,0.941096343100071,0.6849815090497334,0.9309507687886556,0.1246567368507385,0.8753393723318974,0.9327346321195364,0.6752770030250151,0.927751350402832,"[0.08233333333333333, 0.3323333333333333, 0.1101111111111111, 0.68, 0.01, 0.01, 0.68, 0.08233333333333333, 0.3323333333333333, 0.1101111111111111, 0.84, 0.34, 0.23, 0.01, 0.34, 0.01, 0.68, 0.68, 0.68, 0.45, 0.34, 0.08233333333333333, 0.3323333333333333, 0.1101111111111111, 0.43, 0.68, 0.79, 0.51, 0.08233333333333333, 0.3323333333333333, 0.1101111111111111, 0.84, 0.01, 0.9, 0.34, 0.08233333333333333, 0.3323333333333333, 0.1101111111111111, 0.26, 0.01, 0.23, 0.01, 0.08233333333333333, 0.3323333333333333, 0.1101111111111111, 0.09, 0.68, 0.45, 0.68, 0.08233333333333333, 0.3323333333333333, 0.1101111111111111, 0.93, 0.01, 0.57, 0.01, 0.34, 0.01, 0.57, 0.26, 0.34, 0.79]"
1121,AA6GYACQAAAYDLVCHQAF3MABSYFZ3G7GOJPNWVA_192,4,2,4,1141.2691184128637,25,0.182601141432921,0.817398858567079,0.8986043180028598,0.6089452614386877,0.9075191497802736,0.1954822093248367,0.8045163047810395,0.8905325200408697,0.5995121210813522,0.9035150289535524,"[0.08233333333333333, 0.3323333333333333, 0.1101111111111111, 0.84, 0.01, 0.45, 0.68, 0.08233333333333333, 0.3323333333333333, 0.1101111111111111, 0.51, 0.01, 0.01, 0.01, 0.08233333333333333, 0.3323333333333333, 0.1101111111111111, 0.18, 0.01, 0.01, 0.68, 0.51, 0.68, 0.68, 0.09, 0.01, 0.57, 0.51, 0.08233333333333333, 0.3323333333333333, 0.1101111111111111, 0.51, 0.68, 0.45, 0.68, 0.08233333333333333, 0.3323333333333333, 0.1101111111111111, 0.34, 0.34, 0.45, 0.01, 0.09, 0.34, 0.9, 0.93, 0.68, 0.23, 0.34, 0.84, 0.01, 0.9, 0.93, 0.34, 0.34, 0.51, 0.93, 0.68, 0.45, 0.76, 0.34, 0.79]"
1122,AAAAAAAAAADS5AAMTAAFC4AAQVZGEIQAFBAADQI_192,4,2,3,1323.5875318117903,25,0.1451028575499852,0.8548971424500148,0.9212664539615312,0.6505679473280906,0.922148863474528,0.1670313126097123,0.8329664199302594,0.9079407153030236,0.6350678961724043,0.914461350440979,"[0.08233333333333333, 0.3323333333333333, 0.1101111111111111, 0.08233333333333333, 0.3323333333333333, 0.1101111111111111, 0.3323333333333333, 0.08233333333333333, 0.3323333333333333, 0.1101111111111111, 0.08233333333333333, 0.3323333333333333, 0.1101111111111111, 0.499, 0.08233333333333333, 0.3323333333333333, 0.1101111111111111, 0.93, 0.34, 0.57, 0.34, 0.08233333333333333, 0.3323333333333333, 0.1101111111111111, 0.34, 0.34, 0.23, 0.01, 0.08233333333333333, 0.3323333333333333, 0.1101111111111111, 0.51, 0.01, 0.68, 0.68, 0.08233333333333333, 0.3323333333333333, 0.1101111111111111, 0.26, 0.01, 0.68, 0.01, 0.93, 0.34, 0.23, 0.09, 0.01, 0.79, 0.34, 0.08233333333333333, 0.3323333333333333, 0.1101111111111111, 0.51, 0.01, 0.34, 0.01, 0.08233333333333333, 0.3323333333333333, 0.1101111111111111, 0.43, 0.01, 0.12]"
1123,AAAAAAAADODIRCDYA43UCMABA27JRHQADIAAH5A_192,4,2,3,1193.269091527909,25,0.0614933604995409,0.938506639500459,0.9681890706221262,0.7083328460653623,0.9444238980611164,0.06085465165476,0.9391445143769184,0.9684901726742584,0.7092970499147971,0.944904939333598,"[0.08233333333333333, 0.3323333333333333, 0.1101111111111111, 0.08233333333333333, 0.3323333333333333, 0.1101111111111111, 0.3323333333333333, 0.08233333333333333, 0.3323333333333333, 0.1101111111111111, 0.08233333333333333, 0.3323333333333333, 0.1101111111111111, 0.499, 0.76, 0.68, 0.01, 0.76, 0.01, 0.79, 0.34, 0.09, 0.01, 0.23, 0.68, 0.01, 0.01, 0.51, 0.68, 0.68, 0.57, 0.59, 0.01, 0.79, 0.68, 0.08233333333333333, 0.3323333333333333, 0.1101111111111111, 0.59, 0.01, 0.45, 0.51, 0.43, 0.68, 0.79, 0.68, 0.34, 0.23, 0.68, 0.08233333333333333, 0.3323333333333333, 0.1101111111111111, 0.18, 0.34, 0.01, 0.01, 0.08233333333333333, 0.3323333333333333, 0.1101111111111111, 0.84, 0.68, 0.79]"
1124,AAAAAAAAAAAAAAAAANJTBEADKOAATEUOMLYAAUI_192,4,2,2,1117.0462231871206,25,0.1222109178702036,0.8777890821297963,0.9342348764340084,0.6723470235864322,0.9282171567281088,0.1245658598840236,0.8754308705528577,0.932638314863046,0.6663245649387439,0.9254752635955812,"[0.08233333333333333, 0.3323333333333333, 0.1101111111111111, 0.08233333333333333, 0.3323333333333333, 0.1101111111111111, 0.3323333333333333, 0.08233333333333333, 0.3323333333333333, 0.1101111111111111, 0.08233333333333333, 0.3323333333333333, 0.1101111111111111, 0.499, 0.08233333333333333, 0.3323333333333333, 0.1101111111111111, 0.08233333333333333, 0.3323333333333333, 0.1101111111111111, 0.3323333333333333, 0.08233333333333333, 0.3323333333333333, 0.1101111111111111, 0.08233333333333333, 0.3323333333333333, 0.1101111111111111, 0.499, 0.76, 0.34, 0.23, 0.18, 0.01, 0.34, 0.34, 0.08233333333333333, 0.3323333333333333, 0.1101111111111111, 0.76, 0.34, 0.23, 0.51, 0.08233333333333333, 0.3323333333333333, 0.1101111111111111, 0.59, 0.68, 0.34, 0.34, 0.59, 0.34, 0.9, 0.68, 0.34, 0.57, 0.51, 0.08233333333333333, 0.3323333333333333, 0.1101111111111111, 0.09, 0.34, 0.12]"
1125,AAAAAAAAAAAAAAAAAMY6JEADK4XMYLQAGAI5D5A_192,4,2,2,3037.616982132895,25,0.0823068623741467,0.9176931376258533,0.9568133200208346,0.7051041632890701,0.9396016120910644,0.0906624880929787,0.9093233793973924,0.952048381542166,0.6993239291012288,0.9368670781453452,"[0.08233333333333333, 0.3323333333333333, 0.1101111111111111, 0.08233333333333333, 0.3323333333333333, 0.1101111111111111, 0.3323333333333333, 0.08233333333333333, 0.3323333333333333, 0.1101111111111111, 0.08233333333333333, 0.3323333333333333, 0.1101111111111111, 0.499, 0.08233333333333333, 0.3323333333333333, 0.1101111111111111, 0.08233333333333333, 0.3323333333333333, 0.1101111111111111, 0.3323333333333333, 0.08233333333333333, 0.3323333333333333, 0.1101111111111111, 0.08233333333333333, 0.3323333333333333, 0.1101111111111111, 0.499, 0.68, 0.68, 0.12, 0.93, 0.34, 0.34, 0.34, 0.08233333333333333, 0.3323333333333333, 0.1101111111111111, 0.76, 0.34, 0.57, 0.01, 0.51, 0.68, 0.45, 0.34, 0.01, 0.68, 0.68, 0.08233333333333333, 0.3323333333333333, 0.1101111111111111, 0.34, 0.01, 0.01, 0.51, 0.09, 0.68, 0.79, 0.43, 0.68, 0.79]"
1126,AAAAAAAAAABQZ6QOFCBC6MSAIQAAVAQAMCC4HBY_192,4,2,3,682.2820654821116,25,0.106167496740818,0.893832503259182,0.9435398697853088,0.6864161436756452,0.9333802858988444,0.1239286954204241,0.8760677094260851,0.933100250735879,0.6764238310356935,0.9283549547195434,"[0.08233333333333333, 0.3323333333333333, 0.1101111111111111, 0.08233333333333333, 0.3323333333333333, 0.1101111111111111, 0.3323333333333333, 0.08233333333333333, 0.3323333333333333, 0.1101111111111111, 0.08233333333333333, 0.3323333333333333, 0.1101111111111111, 0.499, 0.08233333333333333, 0.3323333333333333, 0.1101111111111111, 0.34, 0.01, 0.45, 0.34, 0.84, 0.34, 0.01, 0.43, 0.01, 0.68, 0.01, 0.26, 0.01, 0.34, 0.26, 0.68, 0.9, 0.68, 0.26, 0.34, 0.01, 0.09, 0.01, 0.79, 0.01, 0.08233333333333333, 0.3323333333333333, 0.1101111111111111, 0.51, 0.34, 0.01, 0.34, 0.08233333333333333, 0.3323333333333333, 0.1101111111111111, 0.68, 0.01, 0.79, 0.01, 0.51, 0.68, 0.01, 0.93, 0.01, 0.57]"
1127,AAAAAAAAAABYN74FSQAMCEADO4QMRKX34Y3AYVY_192,4,2,3,3714.42422092706,25,0.0662711173295974,0.9337288826704024,0.965538327395916,0.7058058674136798,0.942031478881836,0.0609178057561318,0.9390790256361168,0.9684087324887514,0.7070174181212981,0.9439731041590372,"[0.08233333333333333, 0.3323333333333333, 0.1101111111111111, 0.08233333333333333, 0.3323333333333333, 0.1101111111111111, 0.3323333333333333, 0.08233333333333333, 0.3323333333333333, 0.1101111111111111, 0.08233333333333333, 0.3323333333333333, 0.1101111111111111, 0.499, 0.08233333333333333, 0.3323333333333333, 0.1101111111111111, 0.43, 0.01, 0.23, 0.34, 0.84, 0.68, 0.9, 0.26, 0.68, 0.34, 0.51, 0.08233333333333333, 0.3323333333333333, 0.1101111111111111, 0.68, 0.01, 0.79, 0.34, 0.08233333333333333, 0.3323333333333333, 0.1101111111111111, 0.76, 0.68, 0.57, 0.01, 0.59, 0.01, 0.45, 0.59, 0.34, 0.68, 0.34, 0.43, 0.68, 0.57, 0.68, 0.68, 0.12, 0.51, 0.34, 0.01, 0.23, 0.09, 0.34, 0.57]"
1128,AAAAAAAAAAAAAAAAAAAEC4AB22AA7BVOBLQ7CQA_192,4,2,2,240.78402793291025,25,0.3179052094618479,0.682094790538152,0.8086659600337346,0.5211215342084566,0.8472769101460774,0.3514792664597432,0.6485101755708456,0.7834829324235518,0.4991713932404915,0.8356840292612712,"[0.08233333333333333, 0.3323333333333333, 0.1101111111111111, 0.08233333333333333, 0.3323333333333333, 0.1101111111111111, 0.3323333333333333, 0.08233333333333333, 0.3323333333333333, 0.1101111111111111, 0.08233333333333333, 0.3323333333333333, 0.1101111111111111, 0.499, 0.08233333333333333, 0.3323333333333333, 0.1101111111111111, 0.08233333333333333, 0.3323333333333333, 0.1101111111111111, 0.3323333333333333, 0.08233333333333333, 0.3323333333333333, 0.1101111111111111, 0.08233333333333333, 0.3323333333333333, 0.1101111111111111, 0.499, 0.08233333333333333, 0.3323333333333333, 0.1101111111111111, 0.59, 0.01, 0.68, 0.68, 0.08233333333333333, 0.3323333333333333, 0.1101111111111111, 0.43, 0.34, 0.45, 0.51, 0.08233333333333333, 0.3323333333333333, 0.1101111111111111, 0.43, 0.68, 0.01, 0.68, 0.51, 0.34, 0.9, 0.09, 0.34, 0.57, 0.01, 0.09, 0.68, 0.9, 0.51, 0.01, 0.01]"
1129,OAMTIACM36J2DIMOAAADJUAAQDYKUHVASDQAARQ_192,4,2,4,533.5525818269234,25,0.1218315854668617,0.8781684145331383,0.9345586985349656,0.6775328829884529,0.9280001640319824,0.1275260801116625,0.8724717378616333,0.931019833063086,0.6730304268499215,0.926231320699056,"[0.43, 0.01, 0.01, 0.34, 0.34, 0.23, 0.34, 0.08233333333333333, 0.3323333333333333, 0.1101111111111111, 0.59, 0.68, 0.23, 0.01, 0.84, 0.68, 0.34, 0.43, 0.34, 0.01, 0.68, 0.59, 0.01, 0.9, 0.43, 0.01, 0.01, 0.01, 0.08233333333333333, 0.3323333333333333, 0.1101111111111111, 0.18, 0.34, 0.23, 0.34, 0.08233333333333333, 0.3323333333333333, 0.1101111111111111, 0.26, 0.01, 0.01, 0.51, 0.93, 0.01, 0.68, 0.51, 0.01, 0.23, 0.68, 0.51, 0.01, 0.12, 0.26, 0.01, 0.57, 0.01, 0.08233333333333333, 0.3323333333333333, 0.1101111111111111, 0.09, 0.01, 0.45]"
1130,6WOVIVJAYABSNAAMAQAGZUADQKAA7LQAPGIAB7A_192,4,2,4,1190.668571259128,25,0.0707224771380424,0.9292775228619576,0.9631619090835254,0.709731758137544,0.943208090464274,0.0721955238531033,0.9277883725861708,0.9623883879433076,0.7091504958768685,0.9424890359242756,"[0.84, 0.34, 0.45, 0.43, 0.34, 0.68, 0.34, 0.09, 0.34, 0.68, 0.26, 0.01, 0.23, 0.01, 0.08233333333333333, 0.3323333333333333, 0.1101111111111111, 0.34, 0.34, 0.23, 0.34, 0.08233333333333333, 0.3323333333333333, 0.1101111111111111, 0.34, 0.01, 0.01, 0.51, 0.08233333333333333, 0.3323333333333333, 0.1101111111111111, 0.34, 0.68, 0.23, 0.34, 0.08233333333333333, 0.3323333333333333, 0.1101111111111111, 0.93, 0.01, 0.34, 0.51, 0.08233333333333333, 0.3323333333333333, 0.1101111111111111, 0.43, 0.68, 0.68, 0.68, 0.08233333333333333, 0.3323333333333333, 0.1101111111111111, 0.84, 0.01, 0.9, 0.51, 0.08233333333333333, 0.3323333333333333, 0.1101111111111111, 0.18, 0.68, 0.9]"
1131,AAAAAAAAAAAAAAAAAAAF24AAII5OQLRYB37RGFY_192,4,2,2,243.02274188492447,25,0.1367345174153645,0.8632654825846354,0.9258336161573728,0.6698706269264221,0.9248235702514648,0.1444391588370005,0.8554831085105737,0.9211653674642244,0.6646367022146781,0.9214126110076905,"[0.08233333333333333, 0.3323333333333333, 0.1101111111111111, 0.08233333333333333, 0.3323333333333333, 0.1101111111111111, 0.3323333333333333, 0.08233333333333333, 0.3323333333333333, 0.1101111111111111, 0.08233333333333333, 0.3323333333333333, 0.1101111111111111, 0.499, 0.08233333333333333, 0.3323333333333333, 0.1101111111111111, 0.08233333333333333, 0.3323333333333333, 0.1101111111111111, 0.3323333333333333, 0.08233333333333333, 0.3323333333333333, 0.1101111111111111, 0.08233333333333333, 0.3323333333333333, 0.1101111111111111, 0.499, 0.08233333333333333, 0.3323333333333333, 0.1101111111111111, 0.51, 0.68, 0.68, 0.68, 0.08233333333333333, 0.3323333333333333, 0.1101111111111111, 0.09, 0.01, 0.34, 0.01, 0.43, 0.34, 0.57, 0.59, 0.01, 0.68, 0.68, 0.09, 0.68, 0.01, 0.09, 0.68, 0.57, 0.51, 0.84, 0.01, 0.79, 0.68, 0.34, 0.57]"
1132,AAGXKAGRYAD27AA2GAACBHSZSU3MVFQAFJWEBAQ_192,4,2,4,843.9368042848073,25,0.1409657334287961,0.8590342665712039,0.9235803658763568,0.6640420476595561,0.92476011912028,0.1435768288870652,0.8564010106027127,0.9218938277413448,0.6628790566076835,0.92266579469045,"[0.08233333333333333, 0.3323333333333333, 0.1101111111111111, 0.18, 0.34, 0.57, 0.34, 0.59, 0.01, 0.01, 0.76, 0.01, 0.57, 0.01, 0.08233333333333333, 0.3323333333333333, 0.1101111111111111, 0.84, 0.34, 0.57, 0.68, 0.08233333333333333, 0.3323333333333333, 0.1101111111111111, 0.76, 0.01, 0.45, 0.01, 0.08233333333333333, 0.3323333333333333, 0.1101111111111111, 0.26, 0.01, 0.34, 0.34, 0.93, 0.34, 0.45, 0.34, 0.34, 0.68, 0.01, 0.34, 0.68, 0.45, 0.51, 0.34, 0.34, 0.68, 0.08233333333333333, 0.3323333333333333, 0.1101111111111111, 0.51, 0.34, 0.23, 0.01, 0.68, 0.34, 0.01, 0.26, 0.01, 0.34]"
1133,AAAAAAAABYPWRF4CRQAMZ4SLPSAAFAVJCBIAGVY_192,4,2,3,5227.169790773885,25,0.0874322657783826,0.9125677342216174,0.954018871486187,0.6997989863157272,0.9370901107788084,0.0943308285127083,0.9056386264661948,0.9499931099514166,0.6954046476632356,0.9353307167689006,"[0.08233333333333333, 0.3323333333333333, 0.1101111111111111, 0.08233333333333333, 0.3323333333333333, 0.1101111111111111, 0.3323333333333333, 0.08233333333333333, 0.3323333333333333, 0.1101111111111111, 0.08233333333333333, 0.3323333333333333, 0.1101111111111111, 0.499, 0.43, 0.01, 0.23, 0.93, 0.68, 0.79, 0.34, 0.26, 0.68, 0.9, 0.09, 0.34, 0.12, 0.51, 0.08233333333333333, 0.3323333333333333, 0.1101111111111111, 0.68, 0.68, 0.23, 0.68, 0.26, 0.34, 0.34, 0.76, 0.68, 0.9, 0.51, 0.08233333333333333, 0.3323333333333333, 0.1101111111111111, 0.09, 0.34, 0.01, 0.34, 0.51, 0.34, 0.34, 0.26, 0.01, 0.34, 0.51, 0.08233333333333333, 0.3323333333333333, 0.1101111111111111, 0.76, 0.34, 0.57]"
1134,AAAAAAAAAAAAAAAAAAAFZUAD64YZYZSAU2QADVI_192,4,2,2,1816.845294598956,25,0.1309814160068829,0.869018583993117,0.9291975071032842,0.6734616215030352,0.9245368639628092,0.1445459554592768,0.8554503832012414,0.9211927380412815,0.6639093061288198,0.9203676462173462,"[0.08233333333333333, 0.3323333333333333, 0.1101111111111111, 0.08233333333333333, 0.3323333333333333, 0.1101111111111111, 0.3323333333333333, 0.08233333333333333, 0.3323333333333333, 0.1101111111111111, 0.08233333333333333, 0.3323333333333333, 0.1101111111111111, 0.499, 0.08233333333333333, 0.3323333333333333, 0.1101111111111111, 0.08233333333333333, 0.3323333333333333, 0.1101111111111111, 0.3323333333333333, 0.08233333333333333, 0.3323333333333333, 0.1101111111111111, 0.08233333333333333, 0.3323333333333333, 0.1101111111111111, 0.499, 0.08233333333333333, 0.3323333333333333, 0.1101111111111111, 0.51, 0.68, 0.23, 0.34, 0.08233333333333333, 0.3323333333333333, 0.1101111111111111, 0.84, 0.68, 0.57, 0.01, 0.34, 0.01, 0.9, 0.93, 0.01, 0.9, 0.68, 0.26, 0.01, 0.12, 0.59, 0.68, 0.68, 0.01, 0.08233333333333333, 0.3323333333333333, 0.1101111111111111, 0.43, 0.34, 0.68]"
1135,EMMU6RBHAADW5JWKUAAPAEAAWGAANEQAGGAAHFY_192,4,2,4,1183.7025707829744,25,0.066205458343029,0.933794541656971,0.965618207057317,0.7185072258114815,0.9448492050170898,0.0650201005240281,0.9349379091213148,0.9662623437742393,0.7192925165096918,0.94456627368927,"[0.26, 0.01, 0.9, 0.34, 0.34, 0.79, 0.68, 0.76, 0.01, 0.79, 0.26, 0.34, 0.9, 0.01, 0.08233333333333333, 0.3323333333333333, 0.1101111111111111, 0.93, 0.68, 0.57, 0.34, 0.59, 0.68, 0.45, 0.51, 0.34, 0.79, 0.01, 0.08233333333333333, 0.3323333333333333, 0.1101111111111111, 0.84, 0.01, 0.01, 0.34, 0.08233333333333333, 0.3323333333333333, 0.1101111111111111, 0.26, 0.68, 0.12, 0.51, 0.08233333333333333, 0.3323333333333333, 0.1101111111111111, 0.18, 0.34, 0.34, 0.34, 0.08233333333333333, 0.3323333333333333, 0.1101111111111111, 0.34, 0.01, 0.9, 0.01, 0.08233333333333333, 0.3323333333333333, 0.1101111111111111, 0.93, 0.34, 0.57]"
1136,AAAAAAAAAAAAAAAAAAAHL5JQ6NYMXLW3NKQADBY_192,4,2,2,945.9440343119204,25,0.1071248173713684,0.8928751826286316,0.9429009889562924,0.6842704966664315,0.93278652826945,0.1128976522634426,0.8871004557857911,0.9396084628999232,0.6794414500395457,0.9298815250396728,"[0.08233333333333333, 0.3323333333333333, 0.1101111111111111, 0.08233333333333333, 0.3323333333333333, 0.1101111111111111, 0.3323333333333333, 0.08233333333333333, 0.3323333333333333, 0.1101111111111111, 0.08233333333333333, 0.3323333333333333, 0.1101111111111111, 0.499, 0.08233333333333333, 0.3323333333333333, 0.1101111111111111, 0.08233333333333333, 0.3323333333333333, 0.1101111111111111, 0.3323333333333333, 0.08233333333333333, 0.3323333333333333, 0.1101111111111111, 0.08233333333333333, 0.3323333333333333, 0.1101111111111111, 0.499, 0.08233333333333333, 0.3323333333333333, 0.1101111111111111, 0.43, 0.34, 0.57, 0.68, 0.51, 0.01, 0.9, 0.18, 0.68, 0.23, 0.01, 0.93, 0.01, 0.45, 0.51, 0.68, 0.68, 0.68, 0.34, 0.68, 0.45, 0.76, 0.34, 0.68, 0.01, 0.08233333333333333, 0.3323333333333333, 0.1101111111111111, 0.34, 0.01, 0.57]"
1137,AAAAAAAAAAB6RAAIMAANZ7YM66ABZE6DFYDFAUA_192,4,2,3,972.3849610951728,25,0.6829278444250425,0.3170721555749575,0.4798827975988388,0.2561420088013013,0.2900007883707682,0.6820046376436949,0.3179658407966296,0.4807982191443443,0.2566685625662406,0.291011373202006,"[0.08233333333333333, 0.3323333333333333, 0.1101111111111111, 0.08233333333333333, 0.3323333333333333, 0.1101111111111111, 0.3323333333333333, 0.08233333333333333, 0.3323333333333333, 0.1101111111111111, 0.08233333333333333, 0.3323333333333333, 0.1101111111111111, 0.499, 0.08233333333333333, 0.3323333333333333, 0.1101111111111111, 0.43, 0.68, 0.79, 0.34, 0.08233333333333333, 0.3323333333333333, 0.1101111111111111, 0.59, 0.01, 0.9, 0.01, 0.08233333333333333, 0.3323333333333333, 0.1101111111111111, 0.76, 0.68, 0.23, 0.68, 0.84, 0.01, 0.23, 0.18, 0.68, 0.57, 0.51, 0.08233333333333333, 0.3323333333333333, 0.1101111111111111, 0.93, 0.34, 0.34, 0.34, 0.93, 0.01, 0.45, 0.51, 0.68, 0.01, 0.01, 0.34, 0.34, 0.79, 0.09, 0.34, 0.01]"
1138,AAAAAAAABATSTAAOXAAMYEADQPXCUIQAFBIAHVQ_192,4,2,3,5940.322237057146,25,0.0609018728137016,0.9390981271862984,0.9684860815604528,0.7210472976167996,0.9447463035583497,0.0586378595481316,0.9413374071319898,0.9696615579227608,0.7220402700205644,0.945632799466451,"[0.08233333333333333, 0.3323333333333333, 0.1101111111111111, 0.08233333333333333, 0.3323333333333333, 0.1101111111111111, 0.3323333333333333, 0.08233333333333333, 0.3323333333333333, 0.1101111111111111, 0.08233333333333333, 0.3323333333333333, 0.1101111111111111, 0.499, 0.59, 0.01, 0.79, 0.93, 0.34, 0.79, 0.68, 0.08233333333333333, 0.3323333333333333, 0.1101111111111111, 0.43, 0.34, 0.57, 0.01, 0.08233333333333333, 0.3323333333333333, 0.1101111111111111, 0.68, 0.68, 0.01, 0.34, 0.08233333333333333, 0.3323333333333333, 0.1101111111111111, 0.93, 0.01, 0.23, 0.51, 0.76, 0.68, 0.12, 0.51, 0.01, 0.79, 0.34, 0.08233333333333333, 0.3323333333333333, 0.1101111111111111, 0.51, 0.01, 0.34, 0.51, 0.08233333333333333, 0.3323333333333333, 0.1101111111111111, 0.84, 0.34, 0.45]"
1139,AAAAAAAAAAAAAAAAACAWIUADXT4PRY6L5ZJQGEI_192,4,2,2,7729.936532471096,25,0.6791243746876716,0.3208756253123283,0.4837620064616203,0.2567040806015332,0.2934550921122233,0.6829982423533996,0.3169435450186332,0.4796431715289752,0.2542792254438002,0.2901477972666422,"[0.08233333333333333, 0.3323333333333333, 0.1101111111111111, 0.08233333333333333, 0.3323333333333333, 0.1101111111111111, 0.3323333333333333, 0.08233333333333333, 0.3323333333333333, 0.1101111111111111, 0.08233333333333333, 0.3323333333333333, 0.1101111111111111, 0.499, 0.08233333333333333, 0.3323333333333333, 0.1101111111111111, 0.08233333333333333, 0.3323333333333333, 0.1101111111111111, 0.3323333333333333, 0.08233333333333333, 0.3323333333333333, 0.1101111111111111, 0.08233333333333333, 0.3323333333333333, 0.1101111111111111, 0.499, 0.26, 0.01, 0.12, 0.34, 0.34, 0.12, 0.34, 0.08233333333333333, 0.3323333333333333, 0.1101111111111111, 0.93, 0.68, 0.9, 0.51, 0.84, 0.01, 0.57, 0.68, 0.34, 0.9, 0.34, 0.93, 0.34, 0.57, 0.76, 0.68, 0.34, 0.51, 0.18, 0.01, 0.01, 0.68, 0.34, 0.12]"
1140,AAAAAAAAAADOZIMPTRZW27YLI2PGJJQAGCAAC7A_192,4,2,3,950.6351800360716,25,0.0896084492405255,0.9103915507594744,0.9527693952123324,0.6978900069991748,0.9359536170959472,0.0926535939176877,0.907342905178666,0.95102683827281,0.6960592252512773,0.9355361461639404,"[0.08233333333333333, 0.3323333333333333, 0.1101111111111111, 0.08233333333333333, 0.3323333333333333, 0.1101111111111111, 0.3323333333333333, 0.08233333333333333, 0.3323333333333333, 0.1101111111111111, 0.08233333333333333, 0.3323333333333333, 0.1101111111111111, 0.499, 0.08233333333333333, 0.3323333333333333, 0.1101111111111111, 0.76, 0.68, 0.45, 0.34, 0.59, 0.01, 0.9, 0.43, 0.68, 0.23, 0.51, 0.09, 0.68, 0.23, 0.34, 0.68, 0.68, 0.68, 0.84, 0.01, 0.34, 0.76, 0.01, 0.45, 0.51, 0.18, 0.68, 0.23, 0.26, 0.34, 0.79, 0.68, 0.08233333333333333, 0.3323333333333333, 0.1101111111111111, 0.34, 0.01, 0.79, 0.01, 0.08233333333333333, 0.3323333333333333, 0.1101111111111111, 0.51, 0.68, 0.9]"
1141,AAAAAAAAAAA2HDU7R52OKEAB2TUMNP7ZRDHABBI_192,4,2,3,2020.370893541025,25,0.0875185683369636,0.9124814316630364,0.9539590204755464,0.7002248480916023,0.938235028584798,0.0771034634361664,0.922895241032044,0.9597126718610524,0.7054604771236579,0.9406709750493368,"[0.08233333333333333, 0.3323333333333333, 0.1101111111111111, 0.08233333333333333, 0.3323333333333333, 0.1101111111111111, 0.3323333333333333, 0.08233333333333333, 0.3323333333333333, 0.1101111111111111, 0.08233333333333333, 0.3323333333333333, 0.1101111111111111, 0.499, 0.08233333333333333, 0.3323333333333333, 0.1101111111111111, 0.18, 0.34, 0.12, 0.68, 0.09, 0.68, 0.79, 0.84, 0.68, 0.12, 0.51, 0.76, 0.68, 0.79, 0.93, 0.34, 0.79, 0.34, 0.08233333333333333, 0.3323333333333333, 0.1101111111111111, 0.43, 0.34, 0.79, 0.51, 0.76, 0.01, 0.45, 0.18, 0.34, 0.57, 0.68, 0.84, 0.68, 0.23, 0.09, 0.01, 0.45, 0.01, 0.93, 0.01, 0.01, 0.26, 0.01, 0.68]"
1142,AAAAAAAAAAAAAAAAAAAHKUADWIAB5N7OEDQADAI_192,4,2,2,2967.0510109381285,25,0.1375355949004491,0.8624644050995509,0.925574333469073,0.6347020268440247,0.9214457829793294,0.1406260355065266,0.8593732537080844,0.9236017903933924,0.6267031903068224,0.9203684488932292,"[0.08233333333333333, 0.3323333333333333, 0.1101111111111111, 0.08233333333333333, 0.3323333333333333, 0.1101111111111111, 0.3323333333333333, 0.08233333333333333, 0.3323333333333333, 0.1101111111111111, 0.08233333333333333, 0.3323333333333333, 0.1101111111111111, 0.499, 0.08233333333333333, 0.3323333333333333, 0.1101111111111111, 0.08233333333333333, 0.3323333333333333, 0.1101111111111111, 0.3323333333333333, 0.08233333333333333, 0.3323333333333333, 0.1101111111111111, 0.08233333333333333, 0.3323333333333333, 0.1101111111111111, 0.499, 0.08233333333333333, 0.3323333333333333, 0.1101111111111111, 0.43, 0.34, 0.68, 0.34, 0.08233333333333333, 0.3323333333333333, 0.1101111111111111, 0.93, 0.68, 0.34, 0.01, 0.08233333333333333, 0.3323333333333333, 0.1101111111111111, 0.84, 0.34, 0.45, 0.68, 0.84, 0.34, 0.9, 0.59, 0.01, 0.57, 0.01, 0.08233333333333333, 0.3323333333333333, 0.1101111111111111, 0.34, 0.01, 0.12]"
1143,AALV3AXQ3KFCH5RKVUOE2H3R6UAAPH7YOLTVYQQ_192,4,2,4,2286.964066993911,25,0.0500881642103195,0.9499118357896804,0.9742385988434156,0.7179189821084341,0.9467525164286296,0.0457876826326052,0.9542087158809106,0.9765262586375076,0.7198530286550522,0.9479169925053914,"[0.08233333333333333, 0.3323333333333333, 0.1101111111111111, 0.51, 0.68, 0.68, 0.68, 0.34, 0.01, 0.34, 0.84, 0.01, 0.23, 0.01, 0.76, 0.34, 0.12, 0.59, 0.34, 0.12, 0.68, 0.93, 0.68, 0.12, 0.51, 0.34, 0.68, 0.51, 0.59, 0.34, 0.9, 0.59, 0.68, 0.79, 0.34, 0.84, 0.34, 0.9, 0.43, 0.68, 0.68, 0.01, 0.08233333333333333, 0.3323333333333333, 0.1101111111111111, 0.18, 0.68, 0.23, 0.68, 0.84, 0.68, 0.01, 0.93, 0.34, 0.57, 0.01, 0.43, 0.34, 0.57, 0.09, 0.01, 0.34]"
1144,YT2AIAGBZATYHZWGUOJ7L4IAYGABVBQAN3IADQY_192,4,2,4,1485.8649062579498,25,0.0634416063626607,0.9365583936373392,0.967121663192908,0.7155702695250511,0.9459822654724122,0.0615821444739898,0.9383817534893752,0.9681297570466996,0.7164555951952934,0.9461827993392944,"[0.68, 0.34, 0.23, 0.76, 0.01, 0.01, 0.34, 0.08233333333333333, 0.3323333333333333, 0.1101111111111111, 0.68, 0.01, 0.57, 0.01, 0.59, 0.01, 0.79, 0.84, 0.01, 0.12, 0.68, 0.68, 0.68, 0.45, 0.18, 0.34, 0.79, 0.01, 0.93, 0.34, 0.23, 0.84, 0.34, 0.57, 0.68, 0.09, 0.01, 0.01, 0.18, 0.01, 0.12, 0.51, 0.08233333333333333, 0.3323333333333333, 0.1101111111111111, 0.76, 0.34, 0.01, 0.68, 0.08233333333333333, 0.3323333333333333, 0.1101111111111111, 0.76, 0.68, 0.45, 0.51, 0.08233333333333333, 0.3323333333333333, 0.1101111111111111, 0.43, 0.01, 0.23]"
1145,AAAAAAAAAAAAAAAAAPJVJ4ADIYLJUJXGN3AABBI_192,4,2,2,1701.743737956043,25,0.1386899903416633,0.8613100096583366,0.9246683910489082,0.6371003066500028,0.9216286341349283,0.147865584368507,0.8521337231000264,0.9191370267421008,0.628845127671957,0.9179865439732868,"[0.08233333333333333, 0.3323333333333333, 0.1101111111111111, 0.08233333333333333, 0.3323333333333333, 0.1101111111111111, 0.3323333333333333, 0.08233333333333333, 0.3323333333333333, 0.1101111111111111, 0.08233333333333333, 0.3323333333333333, 0.1101111111111111, 0.499, 0.08233333333333333, 0.3323333333333333, 0.1101111111111111, 0.08233333333333333, 0.3323333333333333, 0.1101111111111111, 0.3323333333333333, 0.08233333333333333, 0.3323333333333333, 0.1101111111111111, 0.08233333333333333, 0.3323333333333333, 0.1101111111111111, 0.499, 0.84, 0.34, 0.23, 0.51, 0.34, 0.23, 0.68, 0.08233333333333333, 0.3323333333333333, 0.1101111111111111, 0.76, 0.01, 0.45, 0.01, 0.26, 0.68, 0.79, 0.76, 0.01, 0.79, 0.68, 0.43, 0.01, 0.9, 0.76, 0.68, 0.45, 0.01, 0.08233333333333333, 0.3323333333333333, 0.1101111111111111, 0.26, 0.01, 0.68]"
1146,ZRKVYACFUABGZYBKAQAEAUKQIOAATBXI5ZIABNA_192,4,2,4,487.7680820450187,25,0.0583138282100359,0.941686171789964,0.9698832516868908,0.716308065255483,0.945580800374349,0.0522026839355627,0.947795939569672,0.9731293436139822,0.7189154258618752,0.9467291196187336,"[0.68, 0.68, 0.12, 0.51, 0.34, 0.68, 0.68, 0.08233333333333333, 0.3323333333333333, 0.1101111111111111, 0.59, 0.34, 0.45, 0.51, 0.08233333333333333, 0.3323333333333333, 0.1101111111111111, 0.59, 0.68, 0.45, 0.34, 0.68, 0.01, 0.12, 0.51, 0.01, 0.01, 0.51, 0.08233333333333333, 0.3323333333333333, 0.1101111111111111, 0.59, 0.01, 0.12, 0.34, 0.09, 0.34, 0.79, 0.09, 0.01, 0.23, 0.51, 0.08233333333333333, 0.3323333333333333, 0.1101111111111111, 0.59, 0.68, 0.01, 0.68, 0.43, 0.34, 0.12, 0.76, 0.68, 0.34, 0.51, 0.08233333333333333, 0.3323333333333333, 0.1101111111111111, 0.26, 0.68, 0.79]"
1147,AAAAAAAAAAAAAAAAAH3R6MAAKUAAMHQANYYAGNQ_192,4,2,2,568.5736186939757,25,0.6652361333370209,0.3347638666629791,0.4998530065019925,0.2647661164402962,0.3649434407552083,0.6633003419886033,0.3366993401199579,0.5018709529191255,0.2659520328044891,0.3670515616734822,"[0.08233333333333333, 0.3323333333333333, 0.1101111111111111, 0.08233333333333333, 0.3323333333333333, 0.1101111111111111, 0.3323333333333333, 0.08233333333333333, 0.3323333333333333, 0.1101111111111111, 0.08233333333333333, 0.3323333333333333, 0.1101111111111111, 0.499, 0.08233333333333333, 0.3323333333333333, 0.1101111111111111, 0.08233333333333333, 0.3323333333333333, 0.1101111111111111, 0.3323333333333333, 0.08233333333333333, 0.3323333333333333, 0.1101111111111111, 0.08233333333333333, 0.3323333333333333, 0.1101111111111111, 0.499, 0.43, 0.68, 0.57, 0.09, 0.68, 0.9, 0.68, 0.08233333333333333, 0.3323333333333333, 0.1101111111111111, 0.09, 0.34, 0.68, 0.01, 0.08233333333333333, 0.3323333333333333, 0.1101111111111111, 0.18, 0.01, 0.23, 0.68, 0.08233333333333333, 0.3323333333333333, 0.1101111111111111, 0.76, 0.68, 0.12, 0.51, 0.08233333333333333, 0.3323333333333333, 0.1101111111111111, 0.68, 0.68, 0.45]"
1148,AAAAAAAADIXOPZX2CAABIMADPSVNTF7DWLIAGVI_192,4,2,3,3494.666319340002,25,0.1021732817093531,0.8978267182906469,0.9455373297135036,0.6723170374830564,0.9344974199930828,0.100235461940368,0.8997634095450242,0.946708751221498,0.6736450304587682,0.9345885038375854,"[0.08233333333333333, 0.3323333333333333, 0.1101111111111111, 0.08233333333333333, 0.3323333333333333, 0.1101111111111111, 0.3323333333333333, 0.08233333333333333, 0.3323333333333333, 0.1101111111111111, 0.08233333333333333, 0.3323333333333333, 0.1101111111111111, 0.499, 0.76, 0.01, 0.68, 0.76, 0.68, 0.23, 0.68, 0.68, 0.68, 0.57, 0.76, 0.01, 0.34, 0.01, 0.08233333333333333, 0.3323333333333333, 0.1101111111111111, 0.09, 0.34, 0.01, 0.68, 0.08233333333333333, 0.3323333333333333, 0.1101111111111111, 0.76, 0.68, 0.9, 0.51, 0.51, 0.34, 0.45, 0.68, 0.68, 0.34, 0.68, 0.84, 0.01, 0.57, 0.34, 0.34, 0.45, 0.51, 0.08233333333333333, 0.3323333333333333, 0.1101111111111111, 0.76, 0.34, 0.68]"
1149,AAKULUB45Y4RTEEMQWDF3EAA7SUD7BXC7KHERVA_192,4,2,4,320.7043154570274,25,0.0670250336329142,0.9329749663670858,0.9651122083266576,0.7165878390272459,0.9444887161254882,0.0626447477688392,0.9372746905932824,0.9674985015143952,0.7180513543387254,0.9444977124532064,"[0.08233333333333333, 0.3323333333333333, 0.1101111111111111, 0.51, 0.34, 0.79, 0.34, 0.43, 0.34, 0.01, 0.18, 0.68, 0.23, 0.51, 0.43, 0.01, 0.57, 0.26, 0.01, 0.9, 0.68, 0.26, 0.01, 0.79, 0.34, 0.34, 0.01, 0.51, 0.34, 0.01, 0.45, 0.51, 0.68, 0.45, 0.34, 0.08233333333333333, 0.3323333333333333, 0.1101111111111111, 0.18, 0.68, 0.9, 0.51, 0.51, 0.01, 0.12, 0.84, 0.68, 0.01, 0.68, 0.43, 0.01, 0.68, 0.84, 0.34, 0.79, 0.01, 0.93, 0.34, 0.34, 0.18, 0.34, 0.79]"
1150,AAAAAAAAAAAAAAAAANBBAMADDQABXNVK6KW47EY_192,4,2,2,4604.007958990056,25,0.1902031580607096,0.8097968419392904,0.8940796191493671,0.6723953783512115,0.9152542432149252,0.2030815916756788,0.7969230314095815,0.8855515141040087,0.6660081304609775,0.9119381030400594,"[0.08233333333333333, 0.3323333333333333, 0.1101111111111111, 0.08233333333333333, 0.3323333333333333, 0.1101111111111111, 0.3323333333333333, 0.08233333333333333, 0.3323333333333333, 0.1101111111111111, 0.08233333333333333, 0.3323333333333333, 0.1101111111111111, 0.499, 0.08233333333333333, 0.3323333333333333, 0.1101111111111111, 0.08233333333333333, 0.3323333333333333, 0.1101111111111111, 0.3323333333333333, 0.08233333333333333, 0.3323333333333333, 0.1101111111111111, 0.08233333333333333, 0.3323333333333333, 0.1101111111111111, 0.499, 0.76, 0.01, 0.34, 0.09, 0.01, 0.01, 0.68, 0.08233333333333333, 0.3323333333333333, 0.1101111111111111, 0.68, 0.34, 0.9, 0.01, 0.08233333333333333, 0.3323333333333333, 0.1101111111111111, 0.76, 0.68, 0.45, 0.68, 0.51, 0.34, 0.68, 0.93, 0.34, 0.68, 0.01, 0.76, 0.68, 0.23, 0.93, 0.34, 0.23]"
1151,AAAAAAAAAAAAAAAAAAAHOMAAK2RMENR2MGPF3AQ_192,4,2,2,281.52772788517177,25,0.1674028118451436,0.8325971881548564,0.9066337620218596,0.6529030571381251,0.9138850529988608,0.1775329089413086,0.8224644071112076,0.9009110855559508,0.6414059447745483,0.9067423264185588,"[0.08233333333333333, 0.3323333333333333, 0.1101111111111111, 0.08233333333333333, 0.3323333333333333, 0.1101111111111111, 0.3323333333333333, 0.08233333333333333, 0.3323333333333333, 0.1101111111111111, 0.08233333333333333, 0.3323333333333333, 0.1101111111111111, 0.499, 0.08233333333333333, 0.3323333333333333, 0.1101111111111111, 0.08233333333333333, 0.3323333333333333, 0.1101111111111111, 0.3323333333333333, 0.08233333333333333, 0.3323333333333333, 0.1101111111111111, 0.08233333333333333, 0.3323333333333333, 0.1101111111111111, 0.499, 0.08233333333333333, 0.3323333333333333, 0.1101111111111111, 0.43, 0.34, 0.9, 0.68, 0.08233333333333333, 0.3323333333333333, 0.1101111111111111, 0.09, 0.34, 0.45, 0.51, 0.59, 0.34, 0.45, 0.09, 0.01, 0.45, 0.68, 0.09, 0.68, 0.79, 0.68, 0.01, 0.9, 0.51, 0.93, 0.34, 0.57, 0.34, 0.01, 0.34]"
1152,AAKQ6FONE23QVAAOEAAGYNCB6SAAXEWICLIADBQ_192,4,2,4,1147.824257944012,25,0.0713610346118609,0.9286389653881392,0.9628137225906054,0.7104304820299149,0.9414626121520996,0.0737343490123748,0.926262641698122,0.9614601502815884,0.7096936548749606,0.9417892694473268,"[0.08233333333333333, 0.3323333333333333, 0.1101111111111111, 0.51, 0.34, 0.01, 0.68, 0.68, 0.34, 0.68, 0.68, 0.68, 0.79, 0.51, 0.18, 0.34, 0.45, 0.93, 0.01, 0.68, 0.34, 0.08233333333333333, 0.3323333333333333, 0.1101111111111111, 0.43, 0.01, 0.79, 0.01, 0.08233333333333333, 0.3323333333333333, 0.1101111111111111, 0.34, 0.68, 0.01, 0.68, 0.59, 0.34, 0.01, 0.43, 0.68, 0.79, 0.51, 0.08233333333333333, 0.3323333333333333, 0.1101111111111111, 0.51, 0.68, 0.34, 0.34, 0.34, 0.34, 0.01, 0.26, 0.34, 0.45, 0.51, 0.08233333333333333, 0.3323333333333333, 0.1101111111111111, 0.34, 0.01, 0.45]"
1153,AAAAAAAAAAAAAAAAAPJMY4AAKKAAJN6YVGL57RY_192,4,2,2,4229.431392480154,25,0.0699920336405436,0.9300079663594564,0.963533693055312,0.7067742610971133,0.9418185551961265,0.0721544784804185,0.927810851857066,0.9623490128666162,0.7041899503519138,0.9406050602595012,"[0.08233333333333333, 0.3323333333333333, 0.1101111111111111, 0.08233333333333333, 0.3323333333333333, 0.1101111111111111, 0.3323333333333333, 0.08233333333333333, 0.3323333333333333, 0.1101111111111111, 0.08233333333333333, 0.3323333333333333, 0.1101111111111111, 0.499, 0.08233333333333333, 0.3323333333333333, 0.1101111111111111, 0.08233333333333333, 0.3323333333333333, 0.1101111111111111, 0.3323333333333333, 0.08233333333333333, 0.3323333333333333, 0.1101111111111111, 0.08233333333333333, 0.3323333333333333, 0.1101111111111111, 0.499, 0.84, 0.34, 0.34, 0.68, 0.68, 0.12, 0.68, 0.08233333333333333, 0.3323333333333333, 0.1101111111111111, 0.09, 0.34, 0.34, 0.51, 0.08233333333333333, 0.3323333333333333, 0.1101111111111111, 0.26, 0.34, 0.45, 0.68, 0.93, 0.68, 0.12, 0.51, 0.01, 0.9, 0.51, 0.43, 0.68, 0.57, 0.84, 0.01, 0.57]"
1154,AAHVIAHVIADIZIR4E4KBYMABIYAARDWLOCSRDAA_192,4,2,4,6950.481763749151,25,0.1150628318389256,0.8849371681610744,0.9381917784611384,0.662443504234155,0.9296856244405112,0.1171558906634648,0.8828434176743031,0.9368660197903712,0.6608581659694512,0.9278891086578368,"[0.08233333333333333, 0.3323333333333333, 0.1101111111111111, 0.18, 0.68, 0.68, 0.34, 0.08233333333333333, 0.3323333333333333, 0.1101111111111111, 0.84, 0.34, 0.68, 0.01, 0.08233333333333333, 0.3323333333333333, 0.1101111111111111, 0.76, 0.01, 0.45, 0.34, 0.59, 0.34, 0.12, 0.93, 0.01, 0.79, 0.51, 0.68, 0.34, 0.79, 0.09, 0.68, 0.01, 0.68, 0.08233333333333333, 0.3323333333333333, 0.1101111111111111, 0.51, 0.01, 0.45, 0.01, 0.08233333333333333, 0.3323333333333333, 0.1101111111111111, 0.59, 0.34, 0.12, 0.68, 0.34, 0.34, 0.45, 0.93, 0.01, 0.68, 0.01, 0.51, 0.01, 0.79, 0.34, 0.01, 0.01]"
1155,AAAAAAAAAAAAAAAAAGARBEAASUAAZL5LXDDNKAI_192,4,2,2,203.15748014883133,25,0.1870520323514938,0.8129479676485062,0.8949772382775942,0.6416176989674568,0.9079312642415364,0.1945473906894524,0.8054281894117594,0.8903735714654127,0.637433904533585,0.9027442773183186,"[0.08233333333333333, 0.3323333333333333, 0.1101111111111111, 0.08233333333333333, 0.3323333333333333, 0.1101111111111111, 0.3323333333333333, 0.08233333333333333, 0.3323333333333333, 0.1101111111111111, 0.08233333333333333, 0.3323333333333333, 0.1101111111111111, 0.499, 0.08233333333333333, 0.3323333333333333, 0.1101111111111111, 0.08233333333333333, 0.3323333333333333, 0.1101111111111111, 0.3323333333333333, 0.08233333333333333, 0.3323333333333333, 0.1101111111111111, 0.08233333333333333, 0.3323333333333333, 0.1101111111111111, 0.499, 0.34, 0.01, 0.12, 0.09, 0.01, 0.34, 0.34, 0.08233333333333333, 0.3323333333333333, 0.1101111111111111, 0.26, 0.34, 0.68, 0.01, 0.08233333333333333, 0.3323333333333333, 0.1101111111111111, 0.34, 0.34, 0.68, 0.68, 0.76, 0.34, 0.57, 0.43, 0.01, 0.45, 0.01, 0.34, 0.68, 0.68, 0.59, 0.01, 0.12]"
1156,AAIVKBOTB2QSLAAKFQADGE2JWUTEENQAM2CNXVY_192,4,2,4,647.7677095679101,25,0.6759146233399709,0.324085376660029,0.4876367424925168,0.2588827580213547,0.2967175801595052,0.68381704253455,0.3161342851817608,0.4785564510772626,0.2537454345573982,0.2893321752548218,"[0.08233333333333333, 0.3323333333333333, 0.1101111111111111, 0.59, 0.34, 0.68, 0.34, 0.59, 0.01, 0.68, 0.76, 0.01, 0.9, 0.01, 0.43, 0.34, 0.79, 0.26, 0.34, 0.34, 0.68, 0.08233333333333333, 0.3323333333333333, 0.1101111111111111, 0.51, 0.01, 0.68, 0.51, 0.08233333333333333, 0.3323333333333333, 0.1101111111111111, 0.18, 0.01, 0.9, 0.34, 0.18, 0.34, 0.34, 0.34, 0.68, 0.68, 0.01, 0.59, 0.68, 0.34, 0.09, 0.01, 0.45, 0.68, 0.08233333333333333, 0.3323333333333333, 0.1101111111111111, 0.68, 0.68, 0.79, 0.01, 0.59, 0.68, 0.45, 0.84, 0.34, 0.57]"
1157,4BZRIAGBQWPQDAAGXAACDFXRWMJAIDQACL6QW7A_192,4,2,4,4004.176265171962,25,0.0920919865369796,0.9079080134630204,0.9513963758945464,0.6798909688989322,0.939354387919108,0.0890534372379382,0.91094539736708,0.9531545565774044,0.6819298518200715,0.9397311290105184,"[0.93, 0.01, 0.12, 0.68, 0.68, 0.12, 0.34, 0.08233333333333333, 0.3323333333333333, 0.1101111111111111, 0.68, 0.01, 0.45, 0.01, 0.26, 0.68, 0.23, 0.93, 0.01, 0.01, 0.68, 0.08233333333333333, 0.3323333333333333, 0.1101111111111111, 0.18, 0.34, 0.57, 0.01, 0.08233333333333333, 0.3323333333333333, 0.1101111111111111, 0.26, 0.01, 0.45, 0.34, 0.34, 0.68, 0.9, 0.34, 0.68, 0.23, 0.01, 0.26, 0.34, 0.01, 0.26, 0.01, 0.12, 0.68, 0.08233333333333333, 0.3323333333333333, 0.1101111111111111, 0.26, 0.34, 0.57, 0.51, 0.76, 0.01, 0.34, 0.76, 0.68, 0.9]"
1158,AAAAAAAAAAA2ZMW2XEBTLMABK4QP3YSBE22AH4Q_192,4,2,3,732.6569469268434,25,0.0953444689512252,0.9046555310487748,0.949586426715056,0.6931514049569766,0.9366109212239584,0.0964857097715139,0.9035010024905205,0.9488494222362835,0.6922909901787837,0.9368257204691568,"[0.08233333333333333, 0.3323333333333333, 0.1101111111111111, 0.08233333333333333, 0.3323333333333333, 0.1101111111111111, 0.3323333333333333, 0.08233333333333333, 0.3323333333333333, 0.1101111111111111, 0.08233333333333333, 0.3323333333333333, 0.1101111111111111, 0.499, 0.08233333333333333, 0.3323333333333333, 0.1101111111111111, 0.18, 0.34, 0.45, 0.34, 0.34, 0.34, 0.45, 0.76, 0.34, 0.57, 0.01, 0.59, 0.01, 0.23, 0.18, 0.34, 0.45, 0.68, 0.08233333333333333, 0.3323333333333333, 0.1101111111111111, 0.51, 0.34, 0.57, 0.01, 0.59, 0.01, 0.57, 0.93, 0.68, 0.9, 0.34, 0.26, 0.01, 0.34, 0.59, 0.68, 0.68, 0.51, 0.59, 0.01, 0.01, 0.84, 0.68, 0.34]"
1159,AAAAAAAAAAAAAAAAAOJFYEAAQNUOLC4IMAYAB5Y_192,4,2,2,2642.8048695540056,25,0.0958198760946591,0.9041801239053407,0.9492867623766263,0.6925491700569789,0.9361324946085612,0.1032367877662181,0.8967606647560994,0.945120436574022,0.6864563025534153,0.9329251130421956,"[0.08233333333333333, 0.3323333333333333, 0.1101111111111111, 0.08233333333333333, 0.3323333333333333, 0.1101111111111111, 0.3323333333333333, 0.08233333333333333, 0.3323333333333333, 0.1101111111111111, 0.08233333333333333, 0.3323333333333333, 0.1101111111111111, 0.499, 0.08233333333333333, 0.3323333333333333, 0.1101111111111111, 0.08233333333333333, 0.3323333333333333, 0.1101111111111111, 0.3323333333333333, 0.08233333333333333, 0.3323333333333333, 0.1101111111111111, 0.08233333333333333, 0.3323333333333333, 0.1101111111111111, 0.499, 0.93, 0.34, 0.34, 0.51, 0.68, 0.01, 0.34, 0.08233333333333333, 0.3323333333333333, 0.1101111111111111, 0.26, 0.01, 0.23, 0.01, 0.76, 0.01, 0.57, 0.26, 0.68, 0.12, 0.34, 0.68, 0.34, 0.01, 0.68, 0.01, 0.12, 0.51, 0.08233333333333333, 0.3323333333333333, 0.1101111111111111, 0.18, 0.68, 0.57]"
1160,AAAAAAAAAADCTCC6CQABY46TOQYY5MXBGBIAD4Q_192,4,2,3,913.2249757440296,25,0.0999660516778628,0.9000339483221372,0.946981338163217,0.6748176634311676,0.9329542795817056,0.1064432550221681,0.8935561204950014,0.943320341904958,0.6698614968607823,0.9320405165354412,"[0.08233333333333333, 0.3323333333333333, 0.1101111111111111, 0.08233333333333333, 0.3323333333333333, 0.1101111111111111, 0.3323333333333333, 0.08233333333333333, 0.3323333333333333, 0.1101111111111111, 0.08233333333333333, 0.3323333333333333, 0.1101111111111111, 0.499, 0.08233333333333333, 0.3323333333333333, 0.1101111111111111, 0.68, 0.34, 0.79, 0.68, 0.09, 0.01, 0.34, 0.84, 0.01, 0.34, 0.51, 0.08233333333333333, 0.3323333333333333, 0.1101111111111111, 0.09, 0.68, 0.12, 0.68, 0.18, 0.68, 0.79, 0.76, 0.68, 0.79, 0.01, 0.34, 0.01, 0.9, 0.43, 0.34, 0.45, 0.34, 0.43, 0.01, 0.34, 0.34, 0.01, 0.34, 0.51, 0.08233333333333333, 0.3323333333333333, 0.1101111111111111, 0.43, 0.68, 0.34]"
1161,6DYGJ4WN3OLQTAA2MNDR6EW3YGAAPCU37DIAHTA_192,4,2,4,2443.8201855779625,25,0.5957199742396673,0.4042800257603327,0.5736408188939095,0.3532347525159517,0.6119582494099934,0.5924138435473044,0.4075896405925353,0.5774007101853689,0.3553725492209196,0.612816039721171,"[0.84, 0.01, 0.23, 0.68, 0.01, 0.45, 0.34, 0.18, 0.68, 0.34, 0.68, 0.68, 0.57, 0.01, 0.76, 0.68, 0.34, 0.93, 0.01, 0.79, 0.68, 0.08233333333333333, 0.3323333333333333, 0.1101111111111111, 0.76, 0.01, 0.9, 0.01, 0.76, 0.01, 0.57, 0.09, 0.68, 0.9, 0.34, 0.26, 0.68, 0.45, 0.84, 0.01, 0.12, 0.51, 0.08233333333333333, 0.3323333333333333, 0.1101111111111111, 0.18, 0.68, 0.12, 0.34, 0.59, 0.68, 0.57, 0.84, 0.01, 0.45, 0.51, 0.08233333333333333, 0.3323333333333333, 0.1101111111111111, 0.84, 0.01, 0.9]"
1162,AAAAAAAAAAAKFAAI4AAEJMABYZ7MNF5CWZXUHQY_192,4,2,3,365.1998088560067,25,0.6858610694607099,0.3141389305392901,0.4763787234822909,0.2672433321674665,0.2862555821736653,0.6807071550438801,0.3192945886403322,0.4820942067851623,0.2706359609961509,0.2919476747512817,"[0.08233333333333333, 0.3323333333333333, 0.1101111111111111, 0.08233333333333333, 0.3323333333333333, 0.1101111111111111, 0.3323333333333333, 0.08233333333333333, 0.3323333333333333, 0.1101111111111111, 0.08233333333333333, 0.3323333333333333, 0.1101111111111111, 0.499, 0.08233333333333333, 0.3323333333333333, 0.1101111111111111, 0.09, 0.34, 0.12, 0.34, 0.08233333333333333, 0.3323333333333333, 0.1101111111111111, 0.59, 0.34, 0.9, 0.01, 0.08233333333333333, 0.3323333333333333, 0.1101111111111111, 0.59, 0.34, 0.34, 0.68, 0.08233333333333333, 0.3323333333333333, 0.1101111111111111, 0.43, 0.01, 0.45, 0.01, 0.84, 0.68, 0.45, 0.18, 0.34, 0.34, 0.68, 0.76, 0.01, 0.68, 0.34, 0.68, 0.23, 0.01, 0.84, 0.34, 0.01, 0.84, 0.01, 0.23]"
1163,AAAAAAAAAAAAAAAAAAAM2UABYCXAPZV37ZPAXFY_192,4,2,2,1963.8801778720224,25,0.1087400024135907,0.8912599975864093,0.9418003494540852,0.67585994352897,0.9315552393595378,0.1128233733276526,0.8871751451243957,0.939573358371854,0.6716734470178684,0.9292543331782024,"[0.08233333333333333, 0.3323333333333333, 0.1101111111111111, 0.08233333333333333, 0.3323333333333333, 0.1101111111111111, 0.3323333333333333, 0.08233333333333333, 0.3323333333333333, 0.1101111111111111, 0.08233333333333333, 0.3323333333333333, 0.1101111111111111, 0.499, 0.08233333333333333, 0.3323333333333333, 0.1101111111111111, 0.08233333333333333, 0.3323333333333333, 0.1101111111111111, 0.3323333333333333, 0.08233333333333333, 0.3323333333333333, 0.1101111111111111, 0.08233333333333333, 0.3323333333333333, 0.1101111111111111, 0.499, 0.08233333333333333, 0.3323333333333333, 0.1101111111111111, 0.68, 0.68, 0.68, 0.34, 0.08233333333333333, 0.3323333333333333, 0.1101111111111111, 0.43, 0.01, 0.01, 0.51, 0.51, 0.68, 0.01, 0.18, 0.68, 0.9, 0.68, 0.51, 0.68, 0.57, 0.84, 0.68, 0.34, 0.51, 0.93, 0.01, 0.34, 0.93, 0.34, 0.57]"
1164,AAAAAAAAAAAAAAAAAAACDEABSOAATC4KS6IAAVY_192,4,2,2,196.0772406500764,25,0.1194347903132438,0.8805652096867561,0.9356618548432986,0.6753667935729026,0.9273153305053712,0.1289861753582954,0.8710116726656755,0.9301658724745114,0.6683388428141673,0.9237404982248942,"[0.08233333333333333, 0.3323333333333333, 0.1101111111111111, 0.08233333333333333, 0.3323333333333333, 0.1101111111111111, 0.3323333333333333, 0.08233333333333333, 0.3323333333333333, 0.1101111111111111, 0.08233333333333333, 0.3323333333333333, 0.1101111111111111, 0.499, 0.08233333333333333, 0.3323333333333333, 0.1101111111111111, 0.08233333333333333, 0.3323333333333333, 0.1101111111111111, 0.3323333333333333, 0.08233333333333333, 0.3323333333333333, 0.1101111111111111, 0.08233333333333333, 0.3323333333333333, 0.1101111111111111, 0.499, 0.08233333333333333, 0.3323333333333333, 0.1101111111111111, 0.26, 0.01, 0.45, 0.34, 0.08233333333333333, 0.3323333333333333, 0.1101111111111111, 0.34, 0.34, 0.23, 0.51, 0.08233333333333333, 0.3323333333333333, 0.1101111111111111, 0.59, 0.68, 0.12, 0.34, 0.68, 0.34, 0.68, 0.26, 0.68, 0.9, 0.51, 0.08233333333333333, 0.3323333333333333, 0.1101111111111111, 0.09, 0.34, 0.57]"
1165,AAAAAAAAAAAAAAAAAC3WBMIMOUAA5JQAGYK4DEA_192,4,2,2,142.51282209996134,25,0.1213748504718144,0.8786251495281855,0.9348078444600104,0.6889910742640495,0.9272473653157552,0.1237786499162515,0.8762191121776899,0.933258125682672,0.687311094502608,0.9276880105336508,"[0.08233333333333333, 0.3323333333333333, 0.1101111111111111, 0.08233333333333333, 0.3323333333333333, 0.1101111111111111, 0.3323333333333333, 0.08233333333333333, 0.3323333333333333, 0.1101111111111111, 0.08233333333333333, 0.3323333333333333, 0.1101111111111111, 0.499, 0.08233333333333333, 0.3323333333333333, 0.1101111111111111, 0.08233333333333333, 0.3323333333333333, 0.1101111111111111, 0.3323333333333333, 0.08233333333333333, 0.3323333333333333, 0.1101111111111111, 0.08233333333333333, 0.3323333333333333, 0.1101111111111111, 0.499, 0.26, 0.68, 0.57, 0.34, 0.01, 0.34, 0.68, 0.09, 0.01, 0.23, 0.09, 0.68, 0.68, 0.01, 0.08233333333333333, 0.3323333333333333, 0.1101111111111111, 0.43, 0.34, 0.79, 0.68, 0.08233333333333333, 0.3323333333333333, 0.1101111111111111, 0.34, 0.68, 0.01, 0.51, 0.51, 0.68, 0.01, 0.34, 0.34, 0.01]"
1166,AA2Q2RZVQADYRAA2HAANAUADICAAPCQADCIAAQA_192,4,2,4,925.2853189210872,25,0.0832615216573079,0.916738478342692,0.9562815139691035,0.7039321775237719,0.938203779856364,0.0831995821247498,0.9167977334310612,0.9563071769972642,0.7044216699898243,0.9395356257756552,"[0.08233333333333333, 0.3323333333333333, 0.1101111111111111, 0.76, 0.34, 0.01, 0.68, 0.51, 0.01, 0.57, 0.18, 0.34, 0.45, 0.01, 0.08233333333333333, 0.3323333333333333, 0.1101111111111111, 0.84, 0.01, 0.79, 0.34, 0.08233333333333333, 0.3323333333333333, 0.1101111111111111, 0.76, 0.01, 0.57, 0.01, 0.08233333333333333, 0.3323333333333333, 0.1101111111111111, 0.76, 0.01, 0.12, 0.34, 0.08233333333333333, 0.3323333333333333, 0.1101111111111111, 0.76, 0.01, 0.01, 0.51, 0.08233333333333333, 0.3323333333333333, 0.1101111111111111, 0.18, 0.68, 0.12, 0.34, 0.08233333333333333, 0.3323333333333333, 0.1101111111111111, 0.18, 0.01, 0.79, 0.51, 0.08233333333333333, 0.3323333333333333, 0.1101111111111111, 0.09, 0.01, 0.01]"
1167,AAICYAHMJG5IDCQ2RQAB6HG7K2AAJK5ICDIAD5Y_192,4,2,4,6738.275354543002,25,0.1553667386372884,0.8446332613627116,0.9147565553585688,0.6550998682777087,0.9175681432088216,0.1585827392836411,0.8414147615432739,0.9127416453013818,0.6502738777548075,0.9142839829126994,"[0.08233333333333333, 0.3323333333333333, 0.1101111111111111, 0.59, 0.01, 0.34, 0.68, 0.08233333333333333, 0.3323333333333333, 0.1101111111111111, 0.93, 0.68, 0.12, 0.01, 0.59, 0.68, 0.57, 0.51, 0.01, 0.01, 0.68, 0.09, 0.34, 0.01, 0.76, 0.34, 0.12, 0.51, 0.08233333333333333, 0.3323333333333333, 0.1101111111111111, 0.09, 0.68, 0.9, 0.34, 0.68, 0.68, 0.57, 0.76, 0.34, 0.45, 0.51, 0.08233333333333333, 0.3323333333333333, 0.1101111111111111, 0.26, 0.34, 0.68, 0.34, 0.76, 0.34, 0.01, 0.26, 0.01, 0.45, 0.51, 0.08233333333333333, 0.3323333333333333, 0.1101111111111111, 0.43, 0.68, 0.57]"
1168,AA3SYAD5QADIRAAODQABBU7RQGABTLSY5L6F2DA_192,4,2,4,571.9091125340201,25,0.0945602282881736,0.9054397717118264,0.9500381916761398,0.6950774252414703,0.9363093058268228,0.0965186569839715,0.903479074065884,0.9487131463984648,0.6911033077786366,0.93539932568868,"[0.08233333333333333, 0.3323333333333333, 0.1101111111111111, 0.76, 0.68, 0.34, 0.68, 0.08233333333333333, 0.3323333333333333, 0.1101111111111111, 0.43, 0.68, 0.45, 0.01, 0.08233333333333333, 0.3323333333333333, 0.1101111111111111, 0.76, 0.01, 0.79, 0.34, 0.08233333333333333, 0.3323333333333333, 0.1101111111111111, 0.43, 0.01, 0.23, 0.51, 0.08233333333333333, 0.3323333333333333, 0.1101111111111111, 0.09, 0.01, 0.23, 0.34, 0.18, 0.68, 0.9, 0.34, 0.01, 0.12, 0.51, 0.08233333333333333, 0.3323333333333333, 0.1101111111111111, 0.68, 0.68, 0.68, 0.68, 0.26, 0.68, 0.12, 0.76, 0.34, 0.57, 0.51, 0.68, 0.34, 0.57, 0.59, 0.01, 0.9]"
1169,AAAAAAAAAAAAAAAAAAAFZPTQIY5HUMTBCZ7QP4A_192,4,2,2,2443.2567077009007,25,0.0814403916398684,0.9185596083601316,0.9572456151247024,0.7040525212883949,0.9392070452372232,0.0790745083242654,0.9208360439787308,0.9585195618371168,0.7038066543638706,0.9401547034581502,"[0.08233333333333333, 0.3323333333333333, 0.1101111111111111, 0.08233333333333333, 0.3323333333333333, 0.1101111111111111, 0.3323333333333333, 0.08233333333333333, 0.3323333333333333, 0.1101111111111111, 0.08233333333333333, 0.3323333333333333, 0.1101111111111111, 0.499, 0.08233333333333333, 0.3323333333333333, 0.1101111111111111, 0.08233333333333333, 0.3323333333333333, 0.1101111111111111, 0.3323333333333333, 0.08233333333333333, 0.3323333333333333, 0.1101111111111111, 0.08233333333333333, 0.3323333333333333, 0.1101111111111111, 0.499, 0.08233333333333333, 0.3323333333333333, 0.1101111111111111, 0.51, 0.68, 0.34, 0.68, 0.93, 0.34, 0.9, 0.09, 0.01, 0.45, 0.01, 0.43, 0.34, 0.23, 0.76, 0.01, 0.45, 0.34, 0.18, 0.01, 0.34, 0.26, 0.68, 0.23, 0.51, 0.84, 0.01, 0.12, 0.84, 0.68, 0.01]"
1170,AAAAAAAAAAAAAAAAAAACC4ABGRRLZY4ZGGAAH5I_192,4,2,2,2243.5028932369314,25,0.0589433764417966,0.9410566235582034,0.9694777543346088,0.7167493730783463,0.94515962600708,0.0530450037370125,0.946951110040148,0.9726679559797048,0.7200248644997677,0.9466091076533,"[0.08233333333333333, 0.3323333333333333, 0.1101111111111111, 0.08233333333333333, 0.3323333333333333, 0.1101111111111111, 0.3323333333333333, 0.08233333333333333, 0.3323333333333333, 0.1101111111111111, 0.08233333333333333, 0.3323333333333333, 0.1101111111111111, 0.499, 0.08233333333333333, 0.3323333333333333, 0.1101111111111111, 0.08233333333333333, 0.3323333333333333, 0.1101111111111111, 0.3323333333333333, 0.08233333333333333, 0.3323333333333333, 0.1101111111111111, 0.08233333333333333, 0.3323333333333333, 0.1101111111111111, 0.499, 0.08233333333333333, 0.3323333333333333, 0.1101111111111111, 0.26, 0.01, 0.68, 0.68, 0.08233333333333333, 0.3323333333333333, 0.1101111111111111, 0.59, 0.68, 0.79, 0.01, 0.68, 0.34, 0.68, 0.93, 0.34, 0.9, 0.34, 0.68, 0.68, 0.34, 0.34, 0.01, 0.9, 0.01, 0.08233333333333333, 0.3323333333333333, 0.1101111111111111, 0.84, 0.68, 0.68]"
1171,IAMQPVGEFYVZTAACBVJXDN6JGGHNRDTIDD7RJRI_192,4,2,4,1777.0898287820164,25,0.0641227722167968,0.9358772277832031,0.9667202134927114,0.7071477040648461,0.9439141909281412,0.0670884853849808,0.932910522694389,0.965103387956818,0.7051092160244783,0.94269806543986,"[0.59, 0.01, 0.01, 0.34, 0.34, 0.01, 0.34, 0.84, 0.34, 0.79, 0.68, 0.34, 0.01, 0.51, 0.43, 0.01, 0.68, 0.43, 0.01, 0.9, 0.68, 0.08233333333333333, 0.3323333333333333, 0.1101111111111111, 0.09, 0.01, 0.12, 0.51, 0.51, 0.34, 0.23, 0.43, 0.01, 0.45, 0.68, 0.43, 0.68, 0.34, 0.59, 0.68, 0.12, 0.51, 0.09, 0.68, 0.45, 0.68, 0.34, 0.12, 0.68, 0.18, 0.34, 0.01, 0.18, 0.01, 0.57, 0.51, 0.84, 0.01, 0.68, 0.18, 0.01, 0.68]"
1172,2SCMIABMIABST3Q4BWAVK76XXQAANJQAODQABVY_192,4,2,4,6086.105477995938,25,0.5379011531670889,0.4620988468329112,0.6303335507710774,0.4113580937186877,0.7850174903869629,0.5398639185974995,0.4600836637119452,0.6289139709124962,0.4095374255130688,0.7826805750528971,"[0.76, 0.34, 0.34, 0.09, 0.01, 0.9, 0.34, 0.08233333333333333, 0.3323333333333333, 0.1101111111111111, 0.26, 0.68, 0.12, 0.01, 0.08233333333333333, 0.3323333333333333, 0.1101111111111111, 0.34, 0.34, 0.79, 0.68, 0.76, 0.68, 0.01, 0.93, 0.01, 0.12, 0.51, 0.34, 0.01, 0.12, 0.51, 0.34, 0.68, 0.68, 0.84, 0.68, 0.68, 0.93, 0.68, 0.9, 0.01, 0.08233333333333333, 0.3323333333333333, 0.1101111111111111, 0.18, 0.34, 0.79, 0.68, 0.08233333333333333, 0.3323333333333333, 0.1101111111111111, 0.93, 0.01, 0.57, 0.01, 0.08233333333333333, 0.3323333333333333, 0.1101111111111111, 0.18, 0.34, 0.57]"
1173,AAAAAAAAAABGJ2HERAAP34AA3QAA5IQAEKHA3FY_192,4,2,3,813.9335496828426,25,0.0960269972681999,0.9039730027318,0.9493307049075762,0.6924812907973925,0.937199624379476,0.0967097642521063,0.9032859918971856,0.9487960012008746,0.6922786612063646,0.9369961818059286,"[0.08233333333333333, 0.3323333333333333, 0.1101111111111111, 0.08233333333333333, 0.3323333333333333, 0.1101111111111111, 0.3323333333333333, 0.08233333333333333, 0.3323333333333333, 0.1101111111111111, 0.08233333333333333, 0.3323333333333333, 0.1101111111111111, 0.499, 0.08233333333333333, 0.3323333333333333, 0.1101111111111111, 0.59, 0.68, 0.34, 0.34, 0.76, 0.01, 0.57, 0.26, 0.34, 0.12, 0.01, 0.08233333333333333, 0.3323333333333333, 0.1101111111111111, 0.84, 0.68, 0.57, 0.68, 0.08233333333333333, 0.3323333333333333, 0.1101111111111111, 0.18, 0.34, 0.9, 0.01, 0.08233333333333333, 0.3323333333333333, 0.1101111111111111, 0.43, 0.34, 0.79, 0.34, 0.08233333333333333, 0.3323333333333333, 0.1101111111111111, 0.59, 0.34, 0.79, 0.01, 0.93, 0.01, 0.23, 0.34, 0.34, 0.57]"
1174,AAAAAAAAAAAAAAAAAH6HI4ADCDVP3OQAGAYAD5A_192,4,2,2,2081.138366790954,25,0.0667943333586057,0.9332056666413944,0.9652905032038688,0.7077659636735916,0.9426402727762858,0.0601275283843278,0.93987148180604,0.9688983749598264,0.7102013006806374,0.9444021304448446,"[0.08233333333333333, 0.3323333333333333, 0.1101111111111111, 0.08233333333333333, 0.3323333333333333, 0.1101111111111111, 0.3323333333333333, 0.08233333333333333, 0.3323333333333333, 0.1101111111111111, 0.08233333333333333, 0.3323333333333333, 0.1101111111111111, 0.499, 0.08233333333333333, 0.3323333333333333, 0.1101111111111111, 0.08233333333333333, 0.3323333333333333, 0.1101111111111111, 0.3323333333333333, 0.08233333333333333, 0.3323333333333333, 0.1101111111111111, 0.08233333333333333, 0.3323333333333333, 0.1101111111111111, 0.499, 0.43, 0.68, 0.9, 0.43, 0.34, 0.12, 0.68, 0.08233333333333333, 0.3323333333333333, 0.1101111111111111, 0.68, 0.34, 0.01, 0.51, 0.76, 0.34, 0.57, 0.93, 0.68, 0.57, 0.34, 0.08233333333333333, 0.3323333333333333, 0.1101111111111111, 0.34, 0.01, 0.12, 0.51, 0.08233333333333333, 0.3323333333333333, 0.1101111111111111, 0.43, 0.68, 0.79]"
1175,AAAAAAAAB2BSFAAKWF37AV6II34EPMR6OZWFKMY_192,4,2,3,967.284930045018,25,0.0970148041844368,0.9029851958155632,0.9486283034086228,0.6899069378773371,0.9336686770121256,0.1013561173031727,0.8986422682801882,0.9461219982554516,0.6871729506800572,0.9330638567606608,"[0.08233333333333333, 0.3323333333333333, 0.1101111111111111, 0.08233333333333333, 0.3323333333333333, 0.1101111111111111, 0.3323333333333333, 0.08233333333333333, 0.3323333333333333, 0.1101111111111111, 0.08233333333333333, 0.3323333333333333, 0.1101111111111111, 0.499, 0.43, 0.34, 0.01, 0.34, 0.34, 0.12, 0.34, 0.08233333333333333, 0.3323333333333333, 0.1101111111111111, 0.51, 0.34, 0.45, 0.01, 0.51, 0.68, 0.57, 0.84, 0.01, 0.12, 0.34, 0.43, 0.68, 0.34, 0.09, 0.01, 0.45, 0.51, 0.84, 0.01, 0.34, 0.18, 0.68, 0.45, 0.34, 0.09, 0.68, 0.9, 0.93, 0.68, 0.23, 0.01, 0.68, 0.34, 0.68, 0.59, 0.68, 0.23]"
1176,AAFRYABEV6FYXY4FXAAN2EADAQVL4KQAEL25BFA_192,4,2,4,304.9827332929708,25,0.0635268226265907,0.9364731773734092,0.9671018789211908,0.7120508263508479,0.9447073618570964,0.0555679938445488,0.9444210150589546,0.9713547045985856,0.7162792096535365,0.9464760144551596,"[0.08233333333333333, 0.3323333333333333, 0.1101111111111111, 0.26, 0.68, 0.12, 0.68, 0.08233333333333333, 0.3323333333333333, 0.1101111111111111, 0.26, 0.34, 0.34, 0.51, 0.43, 0.68, 0.12, 0.43, 0.01, 0.68, 0.68, 0.68, 0.34, 0.9, 0.26, 0.68, 0.57, 0.01, 0.08233333333333333, 0.3323333333333333, 0.1101111111111111, 0.76, 0.68, 0.79, 0.34, 0.08233333333333333, 0.3323333333333333, 0.1101111111111111, 0.68, 0.01, 0.79, 0.01, 0.51, 0.34, 0.68, 0.84, 0.01, 0.68, 0.34, 0.08233333333333333, 0.3323333333333333, 0.1101111111111111, 0.59, 0.34, 0.57, 0.51, 0.51, 0.68, 0.79, 0.26, 0.34, 0.79]"
1177,AAAAAAAADOQIVFSCEB2BJEAB64AARCTLX2QAGAI_192,4,2,3,517.6553901711013,25,0.1427379662791888,0.8572620337208112,0.9224234292904536,0.6770422736803691,0.9237571080525716,0.1395021016399065,0.8605407152324915,0.9242153209944566,0.6784365861366193,0.9239699999491374,"[0.08233333333333333, 0.3323333333333333, 0.1101111111111111, 0.08233333333333333, 0.3323333333333333, 0.1101111111111111, 0.3323333333333333, 0.08233333333333333, 0.3323333333333333, 0.1101111111111111, 0.08233333333333333, 0.3323333333333333, 0.1101111111111111, 0.499, 0.76, 0.68, 0.79, 0.09, 0.01, 0.68, 0.34, 0.26, 0.68, 0.34, 0.09, 0.01, 0.79, 0.01, 0.09, 0.68, 0.79, 0.09, 0.34, 0.34, 0.34, 0.08233333333333333, 0.3323333333333333, 0.1101111111111111, 0.43, 0.68, 0.57, 0.01, 0.08233333333333333, 0.3323333333333333, 0.1101111111111111, 0.59, 0.34, 0.12, 0.34, 0.18, 0.34, 0.57, 0.43, 0.68, 0.68, 0.01, 0.08233333333333333, 0.3323333333333333, 0.1101111111111111, 0.68, 0.01, 0.12]"
1178,KWZTIAGEYAB2RMCYRUZFKEADWLUAMHQAEDYABRQ_192,4,2,4,1213.6081378650852,25,0.0594115540385246,0.9405884459614754,0.9692707533637682,0.7150917987028758,0.9452362378438314,0.0566027363141377,0.9433931273718676,0.9707734898974498,0.7167047881831725,0.9458012421925862,"[0.51, 0.34, 0.45, 0.68, 0.68, 0.23, 0.34, 0.08233333333333333, 0.3323333333333333, 0.1101111111111111, 0.68, 0.34, 0.23, 0.01, 0.08233333333333333, 0.3323333333333333, 0.1101111111111111, 0.43, 0.34, 0.79, 0.34, 0.34, 0.01, 0.34, 0.68, 0.34, 0.12, 0.51, 0.59, 0.68, 0.34, 0.51, 0.34, 0.79, 0.34, 0.08233333333333333, 0.3323333333333333, 0.1101111111111111, 0.93, 0.68, 0.34, 0.51, 0.76, 0.01, 0.01, 0.18, 0.01, 0.23, 0.68, 0.08233333333333333, 0.3323333333333333, 0.1101111111111111, 0.59, 0.01, 0.57, 0.51, 0.08233333333333333, 0.3323333333333333, 0.1101111111111111, 0.18, 0.01, 0.45]"
1179,AAHSJET54AASXGREUQAEIU6PGGAALM4YFYAABEQ_192,4,2,4,194.3022855790332,25,0.0756419415275255,0.9243580584724744,0.960523038605849,0.7139956812063853,0.940716044108073,0.069376982251803,0.930566172177593,0.9638785575826962,0.717237351834774,0.9433936754862468,"[0.08233333333333333, 0.3323333333333333, 0.1101111111111111, 0.18, 0.68, 0.34, 0.34, 0.26, 0.34, 0.34, 0.43, 0.68, 0.57, 0.51, 0.08233333333333333, 0.3323333333333333, 0.1101111111111111, 0.26, 0.34, 0.68, 0.68, 0.18, 0.34, 0.12, 0.26, 0.34, 0.79, 0.51, 0.08233333333333333, 0.3323333333333333, 0.1101111111111111, 0.59, 0.34, 0.12, 0.34, 0.18, 0.68, 0.23, 0.68, 0.68, 0.12, 0.51, 0.08233333333333333, 0.3323333333333333, 0.1101111111111111, 0.26, 0.68, 0.45, 0.34, 0.68, 0.68, 0.01, 0.51, 0.68, 0.01, 0.01, 0.08233333333333333, 0.3323333333333333, 0.1101111111111111, 0.26, 0.34, 0.34]"
1180,AAAAAAAABC7GHAA5XQADBVSMKUAB4ETYGGLUWAI_192,4,2,3,5038.331891520182,25,0.0804057106375694,0.9195942893624306,0.9578514431913694,0.7046777377525966,0.9392804463704428,0.0768748100847005,0.9231167453030744,0.959803230067094,0.7065760022650163,0.940594172477722,"[0.08233333333333333, 0.3323333333333333, 0.1101111111111111, 0.08233333333333333, 0.3323333333333333, 0.1101111111111111, 0.3323333333333333, 0.08233333333333333, 0.3323333333333333, 0.1101111111111111, 0.08233333333333333, 0.3323333333333333, 0.1101111111111111, 0.499, 0.59, 0.34, 0.57, 0.68, 0.68, 0.12, 0.68, 0.08233333333333333, 0.3323333333333333, 0.1101111111111111, 0.93, 0.68, 0.57, 0.51, 0.08233333333333333, 0.3323333333333333, 0.1101111111111111, 0.18, 0.01, 0.23, 0.34, 0.34, 0.34, 0.23, 0.09, 0.34, 0.68, 0.01, 0.08233333333333333, 0.3323333333333333, 0.1101111111111111, 0.84, 0.01, 0.34, 0.34, 0.18, 0.68, 0.01, 0.34, 0.01, 0.9, 0.51, 0.43, 0.34, 0.34, 0.68, 0.01, 0.12]"
1181,AAAAAAAAAABI5AA3Q5JCIEAAS2ABRYQAC3AAHEQ_192,4,2,3,923.2089464010204,25,0.0700108781456947,0.9299891218543052,0.9635352691014608,0.7035133317112923,0.9429978052775064,0.0647969294339418,0.9352020257463056,0.9663570905725162,0.7063195714106162,0.943546191851298,"[0.08233333333333333, 0.3323333333333333, 0.1101111111111111, 0.08233333333333333, 0.3323333333333333, 0.1101111111111111, 0.3323333333333333, 0.08233333333333333, 0.3323333333333333, 0.1101111111111111, 0.08233333333333333, 0.3323333333333333, 0.1101111111111111, 0.499, 0.08233333333333333, 0.3323333333333333, 0.1101111111111111, 0.51, 0.01, 0.57, 0.34, 0.08233333333333333, 0.3323333333333333, 0.1101111111111111, 0.76, 0.68, 0.01, 0.51, 0.76, 0.34, 0.34, 0.26, 0.34, 0.01, 0.34, 0.08233333333333333, 0.3323333333333333, 0.1101111111111111, 0.26, 0.34, 0.45, 0.51, 0.08233333333333333, 0.3323333333333333, 0.1101111111111111, 0.68, 0.34, 0.9, 0.34, 0.08233333333333333, 0.3323333333333333, 0.1101111111111111, 0.26, 0.68, 0.45, 0.01, 0.08233333333333333, 0.3323333333333333, 0.1101111111111111, 0.93, 0.34, 0.34]"
1182,AACGL5TM4AA656CNUCJHC4AA6EJZRYWKMOHV7QA_192,4,2,4,422.98236520192586,25,0.0830170735716819,0.916982926428318,0.9564548085133234,0.7059041519959768,0.9394441922505696,0.0674530220528443,0.9325409092009068,0.964941841736436,0.7134200951705376,0.9433144807815552,"[0.08233333333333333, 0.3323333333333333, 0.1101111111111111, 0.09, 0.01, 0.45, 0.34, 0.43, 0.68, 0.45, 0.34, 0.68, 0.23, 0.51, 0.08233333333333333, 0.3323333333333333, 0.1101111111111111, 0.18, 0.68, 0.57, 0.34, 0.84, 0.01, 0.34, 0.34, 0.68, 0.79, 0.01, 0.26, 0.34, 0.34, 0.43, 0.01, 0.68, 0.68, 0.08233333333333333, 0.3323333333333333, 0.1101111111111111, 0.18, 0.68, 0.12, 0.01, 0.26, 0.34, 0.9, 0.68, 0.34, 0.9, 0.34, 0.34, 0.34, 0.79, 0.68, 0.34, 0.9, 0.01, 0.84, 0.34, 0.57, 0.84, 0.01, 0.01]"
1183,AAAAAAAAAADCHAAGDEAELEABQMVB4P5JW2WBB5Q_192,4,2,3,321.7288752400782,25,0.0911063229044278,0.908893677095572,0.952034029364586,0.6917941813667615,0.9392556508382162,0.0904031513879696,0.9095870823909838,0.9523806174596152,0.6913131020963192,0.9387495835622152,"[0.08233333333333333, 0.3323333333333333, 0.1101111111111111, 0.08233333333333333, 0.3323333333333333, 0.1101111111111111, 0.3323333333333333, 0.08233333333333333, 0.3323333333333333, 0.1101111111111111, 0.08233333333333333, 0.3323333333333333, 0.1101111111111111, 0.499, 0.08233333333333333, 0.3323333333333333, 0.1101111111111111, 0.68, 0.34, 0.12, 0.68, 0.08233333333333333, 0.3323333333333333, 0.1101111111111111, 0.18, 0.01, 0.23, 0.01, 0.59, 0.01, 0.01, 0.59, 0.34, 0.45, 0.34, 0.08233333333333333, 0.3323333333333333, 0.1101111111111111, 0.34, 0.01, 0.23, 0.01, 0.51, 0.34, 0.01, 0.84, 0.01, 0.57, 0.68, 0.76, 0.34, 0.23, 0.34, 0.68, 0.68, 0.01, 0.68, 0.01, 0.79, 0.18, 0.68, 0.45]"
1184,AAOAOML5EABCTAAYFAADB5SJGAJYPBQAPIIADTA_192,4,2,4,794.5882220771164,25,0.0931696231166521,0.9068303768833478,0.9507647772630056,0.7006242295106252,0.935140895843506,0.0943826454381148,0.9056083926310142,0.9499815426766872,0.6991200808435678,0.9347461779912312,"[0.08233333333333333, 0.3323333333333333, 0.1101111111111111, 0.43, 0.01, 0.01, 0.34, 0.68, 0.68, 0.12, 0.43, 0.68, 0.79, 0.51, 0.08233333333333333, 0.3323333333333333, 0.1101111111111111, 0.59, 0.34, 0.79, 0.68, 0.08233333333333333, 0.3323333333333333, 0.1101111111111111, 0.68, 0.01, 0.68, 0.01, 0.08233333333333333, 0.3323333333333333, 0.1101111111111111, 0.18, 0.01, 0.23, 0.68, 0.34, 0.34, 0.34, 0.59, 0.68, 0.01, 0.01, 0.26, 0.34, 0.9, 0.18, 0.68, 0.01, 0.68, 0.08233333333333333, 0.3323333333333333, 0.1101111111111111, 0.84, 0.34, 0.01, 0.51, 0.08233333333333333, 0.3323333333333333, 0.1101111111111111, 0.43, 0.01, 0.9]"
1185,AAAAAAAAAAA2ZAAMCRCUCXI76KAALYVCP2DVAQQ_192,4,2,3,1429.119764907984,25,0.1536681920289993,0.8463318079710007,0.9157830283045768,0.6551594346761703,0.91927490234375,0.1528886131942272,0.847107608243823,0.9157413246730964,0.6546772812803586,0.9170838435490926,"[0.08233333333333333, 0.3323333333333333, 0.1101111111111111, 0.08233333333333333, 0.3323333333333333, 0.1101111111111111, 0.3323333333333333, 0.08233333333333333, 0.3323333333333333, 0.1101111111111111, 0.08233333333333333, 0.3323333333333333, 0.1101111111111111, 0.499, 0.08233333333333333, 0.3323333333333333, 0.1101111111111111, 0.18, 0.34, 0.45, 0.34, 0.08233333333333333, 0.3323333333333333, 0.1101111111111111, 0.34, 0.01, 0.34, 0.51, 0.09, 0.01, 0.68, 0.59, 0.01, 0.68, 0.34, 0.76, 0.01, 0.57, 0.84, 0.68, 0.34, 0.51, 0.08233333333333333, 0.3323333333333333, 0.1101111111111111, 0.26, 0.68, 0.9, 0.34, 0.51, 0.01, 0.79, 0.84, 0.68, 0.79, 0.01, 0.43, 0.34, 0.79, 0.09, 0.01, 0.34]"
1186,AAAAAAAADQHKPAA2EFKRLEIDA2MOJETJWKBB7FY_192,4,2,3,3853.328368122922,25,0.1442902545134226,0.8557097454865773,0.9215629975001016,0.6509953131278355,0.9224049568176268,0.1432613459726174,0.8567343217631181,0.9219432208687068,0.6529404000689586,0.922502899169922,"[0.08233333333333333, 0.3323333333333333, 0.1101111111111111, 0.08233333333333333, 0.3323333333333333, 0.1101111111111111, 0.3323333333333333, 0.08233333333333333, 0.3323333333333333, 0.1101111111111111, 0.08233333333333333, 0.3323333333333333, 0.1101111111111111, 0.499, 0.93, 0.01, 0.12, 0.76, 0.34, 0.23, 0.68, 0.08233333333333333, 0.3323333333333333, 0.1101111111111111, 0.76, 0.01, 0.79, 0.01, 0.51, 0.34, 0.68, 0.09, 0.34, 0.45, 0.34, 0.09, 0.01, 0.01, 0.68, 0.01, 0.45, 0.51, 0.18, 0.01, 0.57, 0.26, 0.34, 0.34, 0.34, 0.18, 0.34, 0.23, 0.34, 0.34, 0.79, 0.01, 0.26, 0.01, 0.57, 0.93, 0.34, 0.57]"
1187,NWOH6BDBYADANAAEX5JXGMABY4AAQAQAOI7U3FQ_192,4,2,4,538.8698038500734,25,0.0588751291235288,0.9411248708764712,0.9695877889792124,0.7191406920552254,0.94475679397583,0.0568439397960901,0.9431117369482914,0.9706397724648316,0.7208051931113004,0.9464262803395588,"[0.34, 0.68, 0.45, 0.43, 0.01, 0.57, 0.68, 0.68, 0.01, 0.79, 0.34, 0.01, 0.57, 0.01, 0.08233333333333333, 0.3323333333333333, 0.1101111111111111, 0.68, 0.01, 0.23, 0.34, 0.08233333333333333, 0.3323333333333333, 0.1101111111111111, 0.26, 0.34, 0.57, 0.51, 0.76, 0.34, 0.23, 0.43, 0.01, 0.9, 0.68, 0.08233333333333333, 0.3323333333333333, 0.1101111111111111, 0.43, 0.01, 0.57, 0.01, 0.08233333333333333, 0.3323333333333333, 0.1101111111111111, 0.59, 0.01, 0.01, 0.34, 0.08233333333333333, 0.3323333333333333, 0.1101111111111111, 0.93, 0.34, 0.12, 0.51, 0.84, 0.34, 0.23, 0.34, 0.34, 0.45]"
1188,AAYUIAB5MAAYXIAKSVCMZMADIGJHVEVJHBXTHTA_192,4,2,4,584.135663093999,25,0.0781924352049827,0.9218075647950172,0.959098715086778,0.7117290839552879,0.9395883242289226,0.0710103535403808,0.9288690657665332,0.9629183919479448,0.71514296370248,0.9423974672953288,"[0.08233333333333333, 0.3323333333333333, 0.1101111111111111, 0.68, 0.34, 0.79, 0.34, 0.08233333333333333, 0.3323333333333333, 0.1101111111111111, 0.18, 0.68, 0.68, 0.51, 0.08233333333333333, 0.3323333333333333, 0.1101111111111111, 0.18, 0.01, 0.68, 0.68, 0.59, 0.01, 0.01, 0.51, 0.34, 0.34, 0.51, 0.51, 0.01, 0.79, 0.68, 0.68, 0.34, 0.68, 0.08233333333333333, 0.3323333333333333, 0.1101111111111111, 0.76, 0.01, 0.12, 0.51, 0.26, 0.34, 0.23, 0.76, 0.34, 0.34, 0.34, 0.51, 0.34, 0.34, 0.43, 0.01, 0.23, 0.01, 0.84, 0.01, 0.9, 0.84, 0.01, 0.9]"
1189,J4KS3BSBTO3GDAAPVWDTZ7KNSGABXAQAGBYU37A_192,4,2,4,728.9655654940289,25,0.0656505718827247,0.9343494281172752,0.9659018993377686,0.7090027804176012,0.943083890279134,0.0675286242117484,0.932468332350254,0.9648702221612137,0.7074788356820743,0.9427926143010458,"[0.59, 0.68, 0.9, 0.51, 0.34, 0.34, 0.68, 0.34, 0.01, 0.45, 0.59, 0.01, 0.45, 0.01, 0.76, 0.68, 0.45, 0.68, 0.68, 0.01, 0.68, 0.08233333333333333, 0.3323333333333333, 0.1101111111111111, 0.43, 0.68, 0.68, 0.51, 0.34, 0.01, 0.57, 0.18, 0.68, 0.23, 0.68, 0.76, 0.34, 0.23, 0.34, 0.34, 0.12, 0.51, 0.08233333333333333, 0.3323333333333333, 0.1101111111111111, 0.76, 0.68, 0.01, 0.34, 0.08233333333333333, 0.3323333333333333, 0.1101111111111111, 0.34, 0.01, 0.23, 0.51, 0.09, 0.34, 0.23, 0.43, 0.68, 0.9]"
1190,AAAAAAAAAAALRYACEQAFY4WPOIAAZCQAOJZAXQY_192,4,2,3,1399.6796090709977,25,0.6487256074945132,0.3512743925054868,0.5179960419734319,0.2838004191716512,0.4084987958272298,0.6526467847327392,0.3473615904649099,0.5136207009355227,0.2811861303945382,0.4055085182189941,"[0.08233333333333333, 0.3323333333333333, 0.1101111111111111, 0.08233333333333333, 0.3323333333333333, 0.1101111111111111, 0.3323333333333333, 0.08233333333333333, 0.3323333333333333, 0.1101111111111111, 0.08233333333333333, 0.3323333333333333, 0.1101111111111111, 0.499, 0.08233333333333333, 0.3323333333333333, 0.1101111111111111, 0.09, 0.34, 0.9, 0.34, 0.68, 0.01, 0.01, 0.09, 0.01, 0.79, 0.51, 0.08233333333333333, 0.3323333333333333, 0.1101111111111111, 0.51, 0.68, 0.12, 0.68, 0.26, 0.68, 0.23, 0.76, 0.68, 0.34, 0.01, 0.08233333333333333, 0.3323333333333333, 0.1101111111111111, 0.34, 0.34, 0.12, 0.34, 0.08233333333333333, 0.3323333333333333, 0.1101111111111111, 0.93, 0.34, 0.23, 0.51, 0.26, 0.01, 0.34, 0.84, 0.01, 0.23]"
1191,AAAAAAAABOEYLY4P4QANJ5QF2QJLXIUDFB3A2AQ_192,4,2,3,652.1323983280454,25,0.1061741739511489,0.893825826048851,0.9432387053966522,0.7004702334602674,0.9317798932393392,0.0988071820388237,0.9013266433030368,0.9475383340070646,0.7037328097969293,0.9341399351755778,"[0.08233333333333333, 0.3323333333333333, 0.1101111111111111, 0.08233333333333333, 0.3323333333333333, 0.1101111111111111, 0.3323333333333333, 0.08233333333333333, 0.3323333333333333, 0.1101111111111111, 0.08233333333333333, 0.3323333333333333, 0.1101111111111111, 0.499, 0.51, 0.68, 0.12, 0.18, 0.01, 0.34, 0.68, 0.68, 0.34, 0.9, 0.43, 0.68, 0.9, 0.51, 0.08233333333333333, 0.3323333333333333, 0.1101111111111111, 0.76, 0.34, 0.23, 0.68, 0.34, 0.01, 0.12, 0.43, 0.34, 0.79, 0.01, 0.26, 0.34, 0.68, 0.76, 0.68, 0.79, 0.34, 0.59, 0.01, 0.45, 0.51, 0.01, 0.23, 0.51, 0.34, 0.01, 0.23, 0.59, 0.01, 0.34]"
1192,KSEXO46MQIVY5AA4MXB7ZPHRJQNF5ZQAN2TVHAI_192,4,2,4,9060.48196053016,25,0.0708960071206092,0.9291039928793908,0.9631172547737756,0.7065072124203046,0.9429096857706706,0.0625099051743745,0.9374888859689235,0.967629563435912,0.7117729300012191,0.9452692906061808,"[0.51, 0.34, 0.34, 0.26, 0.34, 0.57, 0.34, 0.76, 0.68, 0.23, 0.68, 0.68, 0.34, 0.01, 0.09, 0.01, 0.68, 0.43, 0.01, 0.57, 0.34, 0.08233333333333333, 0.3323333333333333, 0.1101111111111111, 0.93, 0.01, 0.9, 0.51, 0.43, 0.01, 0.23, 0.84, 0.68, 0.34, 0.68, 0.68, 0.68, 0.9, 0.51, 0.01, 0.9, 0.01, 0.18, 0.34, 0.34, 0.84, 0.34, 0.9, 0.68, 0.08233333333333333, 0.3323333333333333, 0.1101111111111111, 0.76, 0.68, 0.68, 0.01, 0.43, 0.34, 0.79, 0.93, 0.01, 0.12]"
1193,AAAAAAAABHTW5AAJUPJCCMABY2AAXJSDH2K5X4Y_192,4,2,3,4250.05594523414,25,0.0654976069927215,0.9345023930072784,0.9660006220142048,0.7158288265268008,0.9443722089131672,0.0630828787883122,0.9369137750317652,0.967299409210682,0.7167494133114815,0.944422459602356,"[0.08233333333333333, 0.3323333333333333, 0.1101111111111111, 0.08233333333333333, 0.3323333333333333, 0.1101111111111111, 0.3323333333333333, 0.08233333333333333, 0.3323333333333333, 0.1101111111111111, 0.08233333333333333, 0.3323333333333333, 0.1101111111111111, 0.499, 0.59, 0.68, 0.9, 0.93, 0.68, 0.57, 0.34, 0.08233333333333333, 0.3323333333333333, 0.1101111111111111, 0.59, 0.68, 0.79, 0.01, 0.84, 0.34, 0.34, 0.26, 0.01, 0.79, 0.68, 0.08233333333333333, 0.3323333333333333, 0.1101111111111111, 0.43, 0.01, 0.45, 0.51, 0.08233333333333333, 0.3323333333333333, 0.1101111111111111, 0.51, 0.68, 0.79, 0.68, 0.26, 0.01, 0.45, 0.43, 0.68, 0.79, 0.51, 0.51, 0.68, 0.45, 0.84, 0.68, 0.23]"
1194,2AMDYADQZYIQNGULXAANKVWXS27KUISADDWRODA_192,4,2,4,965.2030439719092,25,0.0813481266299883,0.9186518733700116,0.9573825324575106,0.7004967560370763,0.9410958607991536,0.0807897144307692,0.9191976985583704,0.9576154864082734,0.7008003468314806,0.9407947619756064,"[0.76, 0.01, 0.01, 0.34, 0.01, 0.23, 0.68, 0.08233333333333333, 0.3323333333333333, 0.1101111111111111, 0.43, 0.01, 0.23, 0.01, 0.43, 0.01, 0.34, 0.26, 0.01, 0.23, 0.34, 0.18, 0.34, 0.79, 0.51, 0.68, 0.57, 0.01, 0.08233333333333333, 0.3323333333333333, 0.1101111111111111, 0.76, 0.34, 0.68, 0.34, 0.34, 0.68, 0.68, 0.93, 0.34, 0.45, 0.51, 0.43, 0.68, 0.68, 0.51, 0.01, 0.79, 0.34, 0.26, 0.01, 0.01, 0.18, 0.01, 0.57, 0.01, 0.76, 0.01, 0.68, 0.68, 0.01, 0.9]"
1195,AAAAAAAABZQYRCD34AACYHAXZSPPRJQAN2QAGVA_192,4,2,3,1462.8935674021486,25,0.6900991593798002,0.3099008406201998,0.4712342123190562,0.2494453087449074,0.2836517333984375,0.6802973948419094,0.3196966251979271,0.4828971650451422,0.255914543569088,0.2925986369450887,"[0.08233333333333333, 0.3323333333333333, 0.1101111111111111, 0.08233333333333333, 0.3323333333333333, 0.1101111111111111, 0.3323333333333333, 0.08233333333333333, 0.3323333333333333, 0.1101111111111111, 0.08233333333333333, 0.3323333333333333, 0.1101111111111111, 0.499, 0.43, 0.01, 0.9, 0.18, 0.01, 0.79, 0.34, 0.09, 0.01, 0.23, 0.76, 0.68, 0.9, 0.01, 0.08233333333333333, 0.3323333333333333, 0.1101111111111111, 0.26, 0.68, 0.01, 0.34, 0.68, 0.01, 0.68, 0.84, 0.01, 0.9, 0.51, 0.18, 0.68, 0.57, 0.68, 0.34, 0.79, 0.68, 0.08233333333333333, 0.3323333333333333, 0.1101111111111111, 0.76, 0.68, 0.68, 0.01, 0.08233333333333333, 0.3323333333333333, 0.1101111111111111, 0.76, 0.34, 0.79]"
1196,AAAAAAAAAAAAAAAAAM6FAPW4JQAA4FQADJYACBY_192,4,2,2,1369.6504053159151,25,0.6785177061955134,0.3214822938044866,0.4845988099773725,0.2522168825070063,0.2945644060770671,0.6828799263884624,0.3171099552263816,0.479724021628499,0.2495088161279758,0.2898704687754313,"[0.08233333333333333, 0.3323333333333333, 0.1101111111111111, 0.08233333333333333, 0.3323333333333333, 0.1101111111111111, 0.3323333333333333, 0.08233333333333333, 0.3323333333333333, 0.1101111111111111, 0.08233333333333333, 0.3323333333333333, 0.1101111111111111, 0.499, 0.08233333333333333, 0.3323333333333333, 0.1101111111111111, 0.08233333333333333, 0.3323333333333333, 0.1101111111111111, 0.3323333333333333, 0.08233333333333333, 0.3323333333333333, 0.1101111111111111, 0.08233333333333333, 0.3323333333333333, 0.1101111111111111, 0.499, 0.68, 0.68, 0.9, 0.51, 0.01, 0.01, 0.68, 0.93, 0.68, 0.57, 0.09, 0.01, 0.9, 0.01, 0.08233333333333333, 0.3323333333333333, 0.1101111111111111, 0.43, 0.01, 0.34, 0.68, 0.08233333333333333, 0.3323333333333333, 0.1101111111111111, 0.18, 0.34, 0.23, 0.51, 0.08233333333333333, 0.3323333333333333, 0.1101111111111111, 0.59, 0.01, 0.57]"
1197,AA2RYACAV6BCBAAKVFZX6NARIQAAMC7D6LA53DA_192,4,2,4,799.5245767410379,25,0.0802496016025543,0.9197503983974455,0.9580032080411912,0.7048365702231725,0.940673796335856,0.0737813038130601,0.9262125488370656,0.9615408793091774,0.706568735341231,0.9414910157521564,"[0.08233333333333333, 0.3323333333333333, 0.1101111111111111, 0.76, 0.34, 0.12, 0.68, 0.08233333333333333, 0.3323333333333333, 0.1101111111111111, 0.59, 0.01, 0.34, 0.51, 0.43, 0.68, 0.01, 0.59, 0.34, 0.01, 0.34, 0.08233333333333333, 0.3323333333333333, 0.1101111111111111, 0.51, 0.34, 0.68, 0.01, 0.51, 0.68, 0.23, 0.43, 0.68, 0.9, 0.68, 0.59, 0.01, 0.79, 0.51, 0.01, 0.79, 0.01, 0.08233333333333333, 0.3323333333333333, 0.1101111111111111, 0.18, 0.01, 0.12, 0.34, 0.84, 0.01, 0.57, 0.93, 0.34, 0.45, 0.01, 0.09, 0.68, 0.57, 0.34, 0.01, 0.9]"
1198,AAAAAAAAAWUSTGGJ4CJTZUAA2RQYNN4JUKAAHAQ_192,4,2,3,471.6016139658168,25,0.6826658045252164,0.3173341954747836,0.4799746712048848,0.2676772599418958,0.2907513300577799,0.6818232613305251,0.3181789168467124,0.4809405732899904,0.2682303264737129,0.2908237377802531,"[0.08233333333333333, 0.3323333333333333, 0.1101111111111111, 0.08233333333333333, 0.3323333333333333, 0.1101111111111111, 0.3323333333333333, 0.08233333333333333, 0.3323333333333333, 0.1101111111111111, 0.08233333333333333, 0.3323333333333333, 0.1101111111111111, 0.499, 0.26, 0.68, 0.68, 0.26, 0.34, 0.79, 0.68, 0.18, 0.01, 0.45, 0.59, 0.68, 0.9, 0.01, 0.26, 0.34, 0.23, 0.18, 0.68, 0.23, 0.34, 0.08233333333333333, 0.3323333333333333, 0.1101111111111111, 0.18, 0.34, 0.79, 0.01, 0.68, 0.01, 0.9, 0.18, 0.34, 0.45, 0.68, 0.68, 0.34, 0.23, 0.59, 0.34, 0.79, 0.01, 0.08233333333333333, 0.3323333333333333, 0.1101111111111111, 0.93, 0.01, 0.34]"
1199,AA3SJVTAAADW3FUKFQACGMADY4AAUNQAHYAADDA_192,4,2,4,2578.1602659679484,25,0.0874512955546379,0.912548704445362,0.9540153334538142,0.6932989175120989,0.9369271914164226,0.0998139982422192,0.900183392316103,0.9469364215930304,0.6860703005144994,0.9343806823094686,"[0.08233333333333333, 0.3323333333333333, 0.1101111111111111, 0.76, 0.68, 0.34, 0.34, 0.18, 0.34, 0.45, 0.34, 0.01, 0.01, 0.01, 0.08233333333333333, 0.3323333333333333, 0.1101111111111111, 0.93, 0.68, 0.45, 0.68, 0.26, 0.68, 0.79, 0.51, 0.01, 0.68, 0.51, 0.08233333333333333, 0.3323333333333333, 0.1101111111111111, 0.26, 0.01, 0.9, 0.68, 0.08233333333333333, 0.3323333333333333, 0.1101111111111111, 0.84, 0.01, 0.57, 0.01, 0.08233333333333333, 0.3323333333333333, 0.1101111111111111, 0.51, 0.01, 0.45, 0.68, 0.08233333333333333, 0.3323333333333333, 0.1101111111111111, 0.43, 0.68, 0.01, 0.01, 0.08233333333333333, 0.3323333333333333, 0.1101111111111111, 0.34, 0.01, 0.9]"
1200,AAAAAAAAA6FWZAAYTBOMZEADGKAAIPQAGIAAHBI_192,4,2,3,798.420648915926,25,0.65017897884051,0.3498210211594899,0.5167185192306837,0.2630551074941953,0.3941407203674316,0.6579953034718832,0.3420054571082194,0.5076542352636655,0.2583142666767041,0.3881073633829752,"[0.08233333333333333, 0.3323333333333333, 0.1101111111111111, 0.08233333333333333, 0.3323333333333333, 0.1101111111111111, 0.3323333333333333, 0.08233333333333333, 0.3323333333333333, 0.1101111111111111, 0.08233333333333333, 0.3323333333333333, 0.1101111111111111, 0.499, 0.18, 0.68, 0.12, 0.34, 0.68, 0.45, 0.34, 0.08233333333333333, 0.3323333333333333, 0.1101111111111111, 0.68, 0.34, 0.23, 0.01, 0.09, 0.34, 0.9, 0.68, 0.68, 0.34, 0.34, 0.08233333333333333, 0.3323333333333333, 0.1101111111111111, 0.68, 0.68, 0.34, 0.51, 0.08233333333333333, 0.3323333333333333, 0.1101111111111111, 0.26, 0.01, 0.57, 0.68, 0.08233333333333333, 0.3323333333333333, 0.1101111111111111, 0.34, 0.34, 0.01, 0.01, 0.08233333333333333, 0.3323333333333333, 0.1101111111111111, 0.93, 0.01, 0.68]"
1201,AAAAAAAAAAAAAAAAAAAFCUKA2WLMLOUIHIDBXUQ_192,4,2,2,412.9359186850488,25,0.1311028406023979,0.868897159397602,0.9290804738799732,0.6823927223682403,0.9254193305969238,0.1347872088352839,0.8651275563985109,0.9265521780898174,0.6792529893418153,0.922739322980245,"[0.08233333333333333, 0.3323333333333333, 0.1101111111111111, 0.08233333333333333, 0.3323333333333333, 0.1101111111111111, 0.3323333333333333, 0.08233333333333333, 0.3323333333333333, 0.1101111111111111, 0.08233333333333333, 0.3323333333333333, 0.1101111111111111, 0.499, 0.08233333333333333, 0.3323333333333333, 0.1101111111111111, 0.08233333333333333, 0.3323333333333333, 0.1101111111111111, 0.3323333333333333, 0.08233333333333333, 0.3323333333333333, 0.1101111111111111, 0.08233333333333333, 0.3323333333333333, 0.1101111111111111, 0.499, 0.08233333333333333, 0.3323333333333333, 0.1101111111111111, 0.51, 0.01, 0.68, 0.34, 0.09, 0.34, 0.01, 0.18, 0.34, 0.68, 0.51, 0.26, 0.68, 0.45, 0.26, 0.68, 0.57, 0.34, 0.59, 0.34, 0.01, 0.43, 0.34, 0.01, 0.01, 0.34, 0.01, 0.45, 0.84, 0.34, 0.34]"
1202,AAAAAAAABGIK3KMEUCDHBUADWIAANHQAEZZEKQA_192,4,2,3,2549.5905158109963,25,0.130679252743721,0.869320747256279,0.9292399048805235,0.6826939423878987,0.9261970520019532,0.1419112167010704,0.8580487687140703,0.922419015939037,0.6758797646810611,0.9217068910598756,"[0.08233333333333333, 0.3323333333333333, 0.1101111111111111, 0.08233333333333333, 0.3323333333333333, 0.1101111111111111, 0.3323333333333333, 0.08233333333333333, 0.3323333333333333, 0.1101111111111111, 0.08233333333333333, 0.3323333333333333, 0.1101111111111111, 0.499, 0.59, 0.68, 0.34, 0.09, 0.34, 0.45, 0.68, 0.51, 0.01, 0.9, 0.26, 0.34, 0.79, 0.01, 0.26, 0.01, 0.45, 0.43, 0.01, 0.23, 0.34, 0.08233333333333333, 0.3323333333333333, 0.1101111111111111, 0.93, 0.68, 0.34, 0.01, 0.08233333333333333, 0.3323333333333333, 0.1101111111111111, 0.18, 0.34, 0.23, 0.68, 0.08233333333333333, 0.3323333333333333, 0.1101111111111111, 0.59, 0.68, 0.23, 0.51, 0.26, 0.34, 0.12, 0.51, 0.01, 0.01]"
1203,AAAAAAAAAAAAAAAAAC3FOP6ZTQAAQIQANZYAGAQ_192,4,2,2,4098.795447402867,25,0.0900695617000262,0.9099304382999738,0.952419562637806,0.7074763730168343,0.9348493893941244,0.0945371061563491,0.9054242848108212,0.950012759740154,0.7054601428409417,0.9345893462498984,"[0.08233333333333333, 0.3323333333333333, 0.1101111111111111, 0.08233333333333333, 0.3323333333333333, 0.1101111111111111, 0.3323333333333333, 0.08233333333333333, 0.3323333333333333, 0.1101111111111111, 0.08233333333333333, 0.3323333333333333, 0.1101111111111111, 0.499, 0.08233333333333333, 0.3323333333333333, 0.1101111111111111, 0.08233333333333333, 0.3323333333333333, 0.1101111111111111, 0.3323333333333333, 0.08233333333333333, 0.3323333333333333, 0.1101111111111111, 0.08233333333333333, 0.3323333333333333, 0.1101111111111111, 0.499, 0.26, 0.68, 0.45, 0.51, 0.34, 0.9, 0.68, 0.84, 0.68, 0.45, 0.34, 0.34, 0.9, 0.01, 0.08233333333333333, 0.3323333333333333, 0.1101111111111111, 0.59, 0.01, 0.79, 0.34, 0.08233333333333333, 0.3323333333333333, 0.1101111111111111, 0.76, 0.68, 0.23, 0.51, 0.08233333333333333, 0.3323333333333333, 0.1101111111111111, 0.68, 0.01, 0.34]"
1204,AAAAAAAADKJAVHVOMAANDUABQGAAQC6LFJAAG4Y_192,4,2,3,731.4548288211226,25,0.056618450085322,0.943381549914678,0.9707953815658888,0.723203577597936,0.9465356508890788,0.0561961024999618,0.9437268947561582,0.9709652993828058,0.7233539961278439,0.9463061730066936,"[0.08233333333333333, 0.3323333333333333, 0.1101111111111111, 0.08233333333333333, 0.3323333333333333, 0.1101111111111111, 0.3323333333333333, 0.08233333333333333, 0.3323333333333333, 0.1101111111111111, 0.08233333333333333, 0.3323333333333333, 0.1101111111111111, 0.499, 0.76, 0.34, 0.34, 0.59, 0.01, 0.68, 0.34, 0.18, 0.68, 0.68, 0.43, 0.01, 0.9, 0.01, 0.08233333333333333, 0.3323333333333333, 0.1101111111111111, 0.76, 0.01, 0.57, 0.34, 0.08233333333333333, 0.3323333333333333, 0.1101111111111111, 0.34, 0.01, 0.12, 0.51, 0.08233333333333333, 0.3323333333333333, 0.1101111111111111, 0.59, 0.01, 0.12, 0.34, 0.93, 0.34, 0.45, 0.51, 0.34, 0.34, 0.01, 0.08233333333333333, 0.3323333333333333, 0.1101111111111111, 0.76, 0.68, 0.23]"
1205,JUKEPQP4LI32PAA6AC2TZMAB6GAA3IXKROOMSVY_192,4,2,4,7365.124507376924,25,0.0798412064711252,0.9201587935288748,0.9582548211018244,0.6998077899217605,0.940316931406657,0.0845121533920367,0.9154856264591216,0.955604341129462,0.697824929902951,0.9398867845535278,"[0.59, 0.68, 0.79, 0.51, 0.01, 0.79, 0.34, 0.84, 0.01, 0.12, 0.84, 0.68, 0.12, 0.01, 0.76, 0.01, 0.45, 0.84, 0.34, 0.23, 0.68, 0.08233333333333333, 0.3323333333333333, 0.1101111111111111, 0.84, 0.01, 0.01, 0.01, 0.26, 0.68, 0.68, 0.18, 0.68, 0.34, 0.68, 0.08233333333333333, 0.3323333333333333, 0.1101111111111111, 0.43, 0.68, 0.12, 0.51, 0.08233333333333333, 0.3323333333333333, 0.1101111111111111, 0.34, 0.68, 0.79, 0.34, 0.43, 0.34, 0.68, 0.09, 0.34, 0.9, 0.51, 0.68, 0.68, 0.34, 0.51, 0.34, 0.57]"
1206,AAAAAAAAB2DIPMC4HQAB3524W2AA5EQAGBYAHRQ_192,4,2,3,1424.0767545117997,25,0.1960673809051513,0.8039326190948486,0.8898133496443431,0.6219413538773855,0.9023954073588052,0.1926004944990078,0.8073955388118823,0.8918016194055478,0.6168412982175747,0.9024352709452312,"[0.08233333333333333, 0.3323333333333333, 0.1101111111111111, 0.08233333333333333, 0.3323333333333333, 0.1101111111111111, 0.3323333333333333, 0.08233333333333333, 0.3323333333333333, 0.1101111111111111, 0.08233333333333333, 0.3323333333333333, 0.1101111111111111, 0.499, 0.43, 0.34, 0.01, 0.76, 0.01, 0.23, 0.68, 0.34, 0.01, 0.34, 0.93, 0.01, 0.57, 0.51, 0.08233333333333333, 0.3323333333333333, 0.1101111111111111, 0.09, 0.68, 0.57, 0.68, 0.43, 0.34, 0.57, 0.26, 0.68, 0.45, 0.51, 0.08233333333333333, 0.3323333333333333, 0.1101111111111111, 0.43, 0.34, 0.34, 0.34, 0.08233333333333333, 0.3323333333333333, 0.1101111111111111, 0.34, 0.01, 0.23, 0.51, 0.08233333333333333, 0.3323333333333333, 0.1101111111111111, 0.84, 0.01, 0.45]"
1207,AACSIAH5IADYBCBOA5JWAMAAKUUCIKUZ5LYABMA_192,4,2,4,1104.3205023810733,25,0.1295521770914395,0.8704478229085605,0.9302459463477136,0.6791517585515976,0.9266090393066406,0.1388247339675823,0.86113196387887,0.9245928534617026,0.6740774268905322,0.9242003679275512,"[0.08233333333333333, 0.3323333333333333, 0.1101111111111111, 0.09, 0.34, 0.34, 0.34, 0.08233333333333333, 0.3323333333333333, 0.1101111111111111, 0.84, 0.68, 0.68, 0.01, 0.08233333333333333, 0.3323333333333333, 0.1101111111111111, 0.84, 0.01, 0.01, 0.34, 0.09, 0.01, 0.12, 0.43, 0.01, 0.01, 0.51, 0.76, 0.34, 0.23, 0.34, 0.01, 0.01, 0.68, 0.08233333333333333, 0.3323333333333333, 0.1101111111111111, 0.09, 0.34, 0.68, 0.01, 0.51, 0.01, 0.12, 0.26, 0.01, 0.68, 0.34, 0.59, 0.68, 0.23, 0.76, 0.34, 0.57, 0.51, 0.08233333333333333, 0.3323333333333333, 0.1101111111111111, 0.26, 0.68, 0.01]"
1208,AAAAAAAAAAAAAAAAAAAOKN6TGOAAXKQAG2PUA4A_192,4,2,2,4356.8666699458845,25,0.0842700873812039,0.915729912618796,0.9557128687699636,0.7002486010392507,0.9386168162027996,0.0889506741116444,0.9110469607015452,0.9531109053641558,0.6961771632234256,0.9365627606709798,"[0.08233333333333333, 0.3323333333333333, 0.1101111111111111, 0.08233333333333333, 0.3323333333333333, 0.1101111111111111, 0.3323333333333333, 0.08233333333333333, 0.3323333333333333, 0.1101111111111111, 0.08233333333333333, 0.3323333333333333, 0.1101111111111111, 0.499, 0.08233333333333333, 0.3323333333333333, 0.1101111111111111, 0.08233333333333333, 0.3323333333333333, 0.1101111111111111, 0.3323333333333333, 0.08233333333333333, 0.3323333333333333, 0.1101111111111111, 0.08233333333333333, 0.3323333333333333, 0.1101111111111111, 0.499, 0.08233333333333333, 0.3323333333333333, 0.1101111111111111, 0.93, 0.34, 0.79, 0.68, 0.43, 0.68, 0.79, 0.68, 0.68, 0.23, 0.51, 0.08233333333333333, 0.3323333333333333, 0.1101111111111111, 0.51, 0.68, 0.68, 0.34, 0.08233333333333333, 0.3323333333333333, 0.1101111111111111, 0.34, 0.68, 0.79, 0.51, 0.84, 0.34, 0.01, 0.09, 0.68, 0.01]"
1209,AAOUJMCVYADOXAA6DWOGLUAA3T4Z4KQAHLIADUA_192,4,2,4,1638.8895635448862,25,0.0614423746864001,0.9385576253136,0.9681828791896502,0.7206917718052864,0.9449122428894045,0.060244628538688,0.9397247263540824,0.9687540594488382,0.7213469898949066,0.9449509938557944,"[0.08233333333333333, 0.3323333333333333, 0.1101111111111111, 0.43, 0.34, 0.79, 0.34, 0.26, 0.68, 0.01, 0.51, 0.34, 0.57, 0.01, 0.08233333333333333, 0.3323333333333333, 0.1101111111111111, 0.76, 0.68, 0.68, 0.68, 0.08233333333333333, 0.3323333333333333, 0.1101111111111111, 0.84, 0.01, 0.23, 0.51, 0.34, 0.34, 0.9, 0.34, 0.34, 0.57, 0.34, 0.08233333333333333, 0.3323333333333333, 0.1101111111111111, 0.18, 0.34, 0.9, 0.51, 0.84, 0.01, 0.9, 0.84, 0.01, 0.68, 0.34, 0.08233333333333333, 0.3323333333333333, 0.1101111111111111, 0.43, 0.34, 0.45, 0.51, 0.08233333333333333, 0.3323333333333333, 0.1101111111111111, 0.43, 0.34, 0.01]"
1210,AAAAAAAAAAAAAAAAAPAEA4ADS6AA4EQANYQAD5Y_192,4,2,2,3195.5549047340173,25,0.1544743503133455,0.8455256496866544,0.9154771889249484,0.654905321697394,0.9147044499715168,0.1463997057328621,0.8535977113991976,0.9196962742755812,0.6542330546925466,0.9184449116388956,"[0.08233333333333333, 0.3323333333333333, 0.1101111111111111, 0.08233333333333333, 0.3323333333333333, 0.1101111111111111, 0.3323333333333333, 0.08233333333333333, 0.3323333333333333, 0.1101111111111111, 0.08233333333333333, 0.3323333333333333, 0.1101111111111111, 0.499, 0.08233333333333333, 0.3323333333333333, 0.1101111111111111, 0.08233333333333333, 0.3323333333333333, 0.1101111111111111, 0.3323333333333333, 0.08233333333333333, 0.3323333333333333, 0.1101111111111111, 0.08233333333333333, 0.3323333333333333, 0.1101111111111111, 0.499, 0.84, 0.01, 0.01, 0.59, 0.01, 0.12, 0.68, 0.08233333333333333, 0.3323333333333333, 0.1101111111111111, 0.93, 0.34, 0.57, 0.51, 0.08233333333333333, 0.3323333333333333, 0.1101111111111111, 0.43, 0.01, 0.34, 0.34, 0.08233333333333333, 0.3323333333333333, 0.1101111111111111, 0.76, 0.68, 0.12, 0.01, 0.08233333333333333, 0.3323333333333333, 0.1101111111111111, 0.43, 0.68, 0.57]"
1211,AAAAAAAADGZOFAA2RUZ6LVSPGMABXMQAC6IABPA_192,4,2,3,1785.1216013839005,25,0.0527788216869036,0.9472211783130964,0.972810107966264,0.7181572000185649,0.9464726448059082,0.0534880525122086,0.9465093038976192,0.9724344965070486,0.7184582988421122,0.9464940627415976,"[0.08233333333333333, 0.3323333333333333, 0.1101111111111111, 0.08233333333333333, 0.3323333333333333, 0.1101111111111111, 0.3323333333333333, 0.08233333333333333, 0.3323333333333333, 0.1101111111111111, 0.08233333333333333, 0.3323333333333333, 0.1101111111111111, 0.499, 0.68, 0.68, 0.45, 0.51, 0.68, 0.12, 0.34, 0.08233333333333333, 0.3323333333333333, 0.1101111111111111, 0.76, 0.34, 0.12, 0.51, 0.59, 0.68, 0.23, 0.93, 0.34, 0.57, 0.34, 0.34, 0.34, 0.23, 0.68, 0.68, 0.23, 0.01, 0.08233333333333333, 0.3323333333333333, 0.1101111111111111, 0.76, 0.68, 0.45, 0.34, 0.08233333333333333, 0.3323333333333333, 0.1101111111111111, 0.26, 0.68, 0.9, 0.51, 0.08233333333333333, 0.3323333333333333, 0.1101111111111111, 0.26, 0.68, 0.9]"
1212,AAAAAAAAD2POPIQCXBLRJMAAOGABTZQAB2QADRI_192,4,2,3,3918.628835751908,25,0.1134243249893188,0.8865756750106811,0.9394168898463248,0.6981258754928906,0.9333205858866374,0.1202235035598278,0.8797369624177614,0.9353435991952816,0.6941109114636977,0.929626456896464,"[0.08233333333333333, 0.3323333333333333, 0.1101111111111111, 0.08233333333333333, 0.3323333333333333, 0.1101111111111111, 0.3323333333333333, 0.08233333333333333, 0.3323333333333333, 0.1101111111111111, 0.08233333333333333, 0.3323333333333333, 0.1101111111111111, 0.499, 0.84, 0.34, 0.23, 0.76, 0.68, 0.23, 0.68, 0.59, 0.34, 0.01, 0.09, 0.34, 0.57, 0.01, 0.09, 0.34, 0.57, 0.09, 0.34, 0.34, 0.68, 0.08233333333333333, 0.3323333333333333, 0.1101111111111111, 0.09, 0.68, 0.12, 0.51, 0.08233333333333333, 0.3323333333333333, 0.1101111111111111, 0.68, 0.68, 0.9, 0.68, 0.08233333333333333, 0.3323333333333333, 0.1101111111111111, 0.09, 0.68, 0.68, 0.01, 0.08233333333333333, 0.3323333333333333, 0.1101111111111111, 0.43, 0.01, 0.68]"
1213,2H7VYAGTB2JIDL42UM3NOMABIYABYGQAP3IAD5A_192,4,2,4,4671.070594097022,25,0.6824457759658495,0.3175542240341504,0.4799228802323341,0.2554868469635645,0.2907294273376465,0.6821711578716835,0.3177882836510737,0.480505064005653,0.2557576244076093,0.2908292134602864,"[0.76, 0.01, 0.57, 0.84, 0.68, 0.68, 0.68, 0.08233333333333333, 0.3323333333333333, 0.1101111111111111, 0.76, 0.01, 0.9, 0.01, 0.43, 0.34, 0.34, 0.51, 0.01, 0.01, 0.68, 0.51, 0.68, 0.9, 0.76, 0.34, 0.79, 0.01, 0.68, 0.68, 0.45, 0.76, 0.34, 0.9, 0.68, 0.08233333333333333, 0.3323333333333333, 0.1101111111111111, 0.51, 0.01, 0.45, 0.01, 0.08233333333333333, 0.3323333333333333, 0.1101111111111111, 0.93, 0.01, 0.23, 0.34, 0.08233333333333333, 0.3323333333333333, 0.1101111111111111, 0.84, 0.68, 0.45, 0.51, 0.08233333333333333, 0.3323333333333333, 0.1101111111111111, 0.43, 0.68, 0.79]"
1214,AAAAAAAAAAA2V54Y4UCPI4ABWIAB7KRIMBGA77A_192,4,2,3,4358.636598017998,25,0.6805064539114635,0.3194935460885366,0.4828168506423632,0.255805700023969,0.2925283749898275,0.6826862204819918,0.3173067570974429,0.4801134716719389,0.2543288135280211,0.2903794765472412,"[0.08233333333333333, 0.3323333333333333, 0.1101111111111111, 0.08233333333333333, 0.3323333333333333, 0.1101111111111111, 0.3323333333333333, 0.08233333333333333, 0.3323333333333333, 0.1101111111111111, 0.08233333333333333, 0.3323333333333333, 0.1101111111111111, 0.499, 0.08233333333333333, 0.3323333333333333, 0.1101111111111111, 0.18, 0.34, 0.68, 0.34, 0.93, 0.68, 0.9, 0.68, 0.34, 0.9, 0.51, 0.59, 0.01, 0.79, 0.84, 0.34, 0.12, 0.68, 0.08233333333333333, 0.3323333333333333, 0.1101111111111111, 0.34, 0.68, 0.34, 0.01, 0.08233333333333333, 0.3323333333333333, 0.1101111111111111, 0.84, 0.68, 0.68, 0.34, 0.09, 0.34, 0.01, 0.68, 0.01, 0.34, 0.01, 0.68, 0.01, 0.23, 0.84, 0.68, 0.9]"
1215,AAAAAAAAA2DKVZUFWQABZESRIKABUKX6CIQADNI_192,4,2,3,1842.5289221929847,25,0.077052258948485,0.9229477410515148,0.9595777710278828,0.7038406377037366,0.9399431546529134,0.0780313604821761,0.9219643260041872,0.9591517242292564,0.7040907070040703,0.9395620902379354,"[0.08233333333333333, 0.3323333333333333, 0.1101111111111111, 0.08233333333333333, 0.3323333333333333, 0.1101111111111111, 0.3323333333333333, 0.08233333333333333, 0.3323333333333333, 0.1101111111111111, 0.08233333333333333, 0.3323333333333333, 0.1101111111111111, 0.499, 0.18, 0.34, 0.01, 0.76, 0.34, 0.68, 0.34, 0.68, 0.68, 0.79, 0.26, 0.68, 0.45, 0.51, 0.08233333333333333, 0.3323333333333333, 0.1101111111111111, 0.09, 0.68, 0.34, 0.34, 0.26, 0.34, 0.79, 0.51, 0.01, 0.34, 0.51, 0.08233333333333333, 0.3323333333333333, 0.1101111111111111, 0.76, 0.01, 0.68, 0.34, 0.43, 0.68, 0.9, 0.26, 0.34, 0.12, 0.01, 0.08233333333333333, 0.3323333333333333, 0.1101111111111111, 0.34, 0.68, 0.68]"
1216,AACB6QDAQABG7AAOXTDUZ4AAQMPZRJ4JFDYABNA_192,4,2,4,334.3632325800136,25,0.1107029810547828,0.8892970189452172,0.9408710916837056,0.682535461584727,0.9313570022583008,0.1152545645833015,0.8847427582989137,0.9381202716380358,0.6791153807193041,0.930191135406494,"[0.08233333333333333, 0.3323333333333333, 0.1101111111111111, 0.09, 0.01, 0.12, 0.68, 0.76, 0.01, 0.01, 0.34, 0.01, 0.34, 0.01, 0.08233333333333333, 0.3323333333333333, 0.1101111111111111, 0.59, 0.68, 0.57, 0.68, 0.08233333333333333, 0.3323333333333333, 0.1101111111111111, 0.43, 0.34, 0.57, 0.51, 0.18, 0.01, 0.57, 0.59, 0.68, 0.23, 0.68, 0.08233333333333333, 0.3323333333333333, 0.1101111111111111, 0.26, 0.01, 0.23, 0.01, 0.18, 0.68, 0.9, 0.68, 0.34, 0.79, 0.68, 0.68, 0.34, 0.34, 0.51, 0.01, 0.57, 0.51, 0.08233333333333333, 0.3323333333333333, 0.1101111111111111, 0.26, 0.68, 0.79]"
1217,AAAAAAAAAAAAAAAAAAAOCESPTQUH7LRLRZPULHA_192,4,2,2,3839.075373050058,25,0.676819788912932,0.3231802110870679,0.4870856945713361,0.2579890608787537,0.2960769017537435,0.6836193187783162,0.3163795358190934,0.4787599589675665,0.2534325217207273,0.2894923448562622,"[0.08233333333333333, 0.3323333333333333, 0.1101111111111111, 0.08233333333333333, 0.3323333333333333, 0.1101111111111111, 0.3323333333333333, 0.08233333333333333, 0.3323333333333333, 0.1101111111111111, 0.08233333333333333, 0.3323333333333333, 0.1101111111111111, 0.499, 0.08233333333333333, 0.3323333333333333, 0.1101111111111111, 0.08233333333333333, 0.3323333333333333, 0.1101111111111111, 0.3323333333333333, 0.08233333333333333, 0.3323333333333333, 0.1101111111111111, 0.08233333333333333, 0.3323333333333333, 0.1101111111111111, 0.499, 0.08233333333333333, 0.3323333333333333, 0.1101111111111111, 0.93, 0.01, 0.79, 0.34, 0.26, 0.34, 0.23, 0.93, 0.34, 0.9, 0.01, 0.51, 0.01, 0.23, 0.84, 0.68, 0.68, 0.68, 0.09, 0.34, 0.57, 0.09, 0.68, 0.34, 0.51, 0.84, 0.34, 0.12, 0.34, 0.34, 0.9]"
1218,AAHQZ4DBMAAIVAAOVM25JUABWIAB7ZQAPJYADFA_192,4,2,4,360.64258670900017,25,0.0708871568242708,0.9291128431757292,0.9630791405836742,0.7115119621157646,0.9422545115152996,0.0553853812317053,0.9445930282274884,0.9714380779614052,0.7200668810556332,0.946770207087199,"[0.08233333333333333, 0.3323333333333333, 0.1101111111111111, 0.18, 0.68, 0.01, 0.68, 0.18, 0.68, 0.01, 0.34, 0.01, 0.68, 0.51, 0.08233333333333333, 0.3323333333333333, 0.1101111111111111, 0.09, 0.01, 0.68, 0.34, 0.08233333333333333, 0.3323333333333333, 0.1101111111111111, 0.43, 0.34, 0.68, 0.01, 0.68, 0.68, 0.68, 0.76, 0.34, 0.23, 0.34, 0.08233333333333333, 0.3323333333333333, 0.1101111111111111, 0.34, 0.68, 0.34, 0.01, 0.08233333333333333, 0.3323333333333333, 0.1101111111111111, 0.84, 0.68, 0.9, 0.68, 0.08233333333333333, 0.3323333333333333, 0.1101111111111111, 0.84, 0.34, 0.23, 0.51, 0.08233333333333333, 0.3323333333333333, 0.1101111111111111, 0.34, 0.34, 0.79]"
1219,M4GAIAA5Q2ZIRIQ4RR27BE6E2GAAJPQAPJZEOAI_192,4,2,4,2814.7092504689936,25,0.0812210713823636,0.9187789286176364,0.9574043154716492,0.703913118938605,0.9392507235209148,0.0908032021174828,0.9091943480074406,0.9519476116945346,0.6977734439074993,0.9361360549926758,"[0.34, 0.34, 0.9, 0.18, 0.01, 0.01, 0.34, 0.08233333333333333, 0.3323333333333333, 0.1101111111111111, 0.09, 0.68, 0.45, 0.01, 0.18, 0.34, 0.45, 0.51, 0.01, 0.79, 0.34, 0.59, 0.34, 0.01, 0.93, 0.34, 0.12, 0.51, 0.09, 0.68, 0.68, 0.84, 0.01, 0.34, 0.34, 0.18, 0.68, 0.12, 0.18, 0.34, 0.12, 0.51, 0.08233333333333333, 0.3323333333333333, 0.1101111111111111, 0.26, 0.34, 0.57, 0.68, 0.08233333333333333, 0.3323333333333333, 0.1101111111111111, 0.84, 0.34, 0.23, 0.51, 0.26, 0.34, 0.12, 0.68, 0.01, 0.12]"
1220,AAAAAAAAA2LSTFXJVFKPBFAYQGEKMJTBCBDQOUA_192,4,2,3,2365.3941139820963,25,0.1123091200987498,0.8876908799012502,0.940094628930092,0.6838800792892774,0.9296361923217772,0.1123274092872937,0.8876709284881751,0.939923605447014,0.6829590253531933,0.9304557561874388,"[0.08233333333333333, 0.3323333333333333, 0.1101111111111111, 0.08233333333333333, 0.3323333333333333, 0.1101111111111111, 0.3323333333333333, 0.08233333333333333, 0.3323333333333333, 0.1101111111111111, 0.08233333333333333, 0.3323333333333333, 0.1101111111111111, 0.499, 0.18, 0.34, 0.34, 0.93, 0.34, 0.79, 0.68, 0.26, 0.68, 0.57, 0.59, 0.68, 0.68, 0.01, 0.51, 0.34, 0.79, 0.84, 0.01, 0.34, 0.34, 0.59, 0.01, 0.45, 0.26, 0.01, 0.12, 0.51, 0.09, 0.01, 0.68, 0.18, 0.01, 0.79, 0.68, 0.18, 0.01, 0.34, 0.26, 0.01, 0.34, 0.01, 0.43, 0.01, 0.12, 0.76, 0.34, 0.01]"
1221,AAAAAAAAAAAAAAAAAHY7OPK7II3P5OQAHZYADFA_192,4,2,2,2194.1376717260573,25,0.0699191828568776,0.9300808171431224,0.9635866617163024,0.7018587435285251,0.9413135846455892,0.0662867983182271,0.9337123449891804,0.9655677163352568,0.7036207273602486,0.9428722222646078,"[0.08233333333333333, 0.3323333333333333, 0.1101111111111111, 0.08233333333333333, 0.3323333333333333, 0.1101111111111111, 0.3323333333333333, 0.08233333333333333, 0.3323333333333333, 0.1101111111111111, 0.08233333333333333, 0.3323333333333333, 0.1101111111111111, 0.499, 0.08233333333333333, 0.3323333333333333, 0.1101111111111111, 0.08233333333333333, 0.3323333333333333, 0.1101111111111111, 0.3323333333333333, 0.08233333333333333, 0.3323333333333333, 0.1101111111111111, 0.08233333333333333, 0.3323333333333333, 0.1101111111111111, 0.499, 0.43, 0.68, 0.12, 0.84, 0.34, 0.9, 0.68, 0.76, 0.34, 0.57, 0.76, 0.01, 0.34, 0.01, 0.34, 0.68, 0.57, 0.84, 0.34, 0.57, 0.34, 0.08233333333333333, 0.3323333333333333, 0.1101111111111111, 0.43, 0.68, 0.23, 0.51, 0.08233333333333333, 0.3323333333333333, 0.1101111111111111, 0.34, 0.34, 0.79]"
1222,JQLUORKAROA2RM43QAAHZMAAQSABTJQABGGRP4Y_192,4,2,4,880.1520083590876,25,0.1026986877123514,0.8973013122876485,0.9455262293418248,0.6822891652584075,0.9350163141886392,0.1070829729239146,0.8929152602950732,0.9429516582439345,0.6794263144334157,0.9337043364842732,"[0.59, 0.68, 0.01, 0.51, 0.68, 0.79, 0.34, 0.76, 0.01, 0.68, 0.59, 0.01, 0.34, 0.01, 0.51, 0.68, 0.01, 0.18, 0.34, 0.79, 0.34, 0.34, 0.34, 0.9, 0.76, 0.68, 0.01, 0.01, 0.08233333333333333, 0.3323333333333333, 0.1101111111111111, 0.43, 0.68, 0.34, 0.68, 0.08233333333333333, 0.3323333333333333, 0.1101111111111111, 0.26, 0.01, 0.79, 0.51, 0.08233333333333333, 0.3323333333333333, 0.1101111111111111, 0.68, 0.68, 0.79, 0.68, 0.08233333333333333, 0.3323333333333333, 0.1101111111111111, 0.09, 0.01, 0.9, 0.01, 0.76, 0.01, 0.68, 0.84, 0.68, 0.23]"
1223,3UMSOAGQUAAOFCT3QGOHKMADIOAAPO527ZOE2QQ_192,4,2,4,1245.941034978954,25,0.0727192585666974,0.9272807414333024,0.9621167500813802,0.7038494328657786,0.940181795756022,0.0687113486230373,0.9312875264634688,0.9642600381126006,0.7066949376215538,0.9433356920878092,"[0.76, 0.68, 0.79, 0.34, 0.34, 0.34, 0.34, 0.68, 0.01, 0.01, 0.76, 0.01, 0.34, 0.51, 0.08233333333333333, 0.3323333333333333, 0.1101111111111111, 0.09, 0.68, 0.12, 0.34, 0.09, 0.34, 0.23, 0.76, 0.68, 0.01, 0.01, 0.34, 0.34, 0.9, 0.43, 0.34, 0.79, 0.68, 0.08233333333333333, 0.3323333333333333, 0.1101111111111111, 0.76, 0.01, 0.23, 0.51, 0.08233333333333333, 0.3323333333333333, 0.1101111111111111, 0.18, 0.68, 0.57, 0.34, 0.76, 0.68, 0.68, 0.84, 0.68, 0.34, 0.51, 0.68, 0.34, 0.23, 0.51, 0.01, 0.34]"
1224,AAAAAAAAAAAAAAAAAAAECX64K6MDTZXIRCQ4CEY_192,4,2,2,1849.31318504503,25,0.1190265595912933,0.8809734404087066,0.935973106821378,0.6947889640927315,0.9273041725158692,0.1313317707429329,0.8687047276645898,0.9285697218030692,0.6887205430616935,0.9236420472462972,"[0.08233333333333333, 0.3323333333333333, 0.1101111111111111, 0.08233333333333333, 0.3323333333333333, 0.1101111111111111, 0.3323333333333333, 0.08233333333333333, 0.3323333333333333, 0.1101111111111111, 0.08233333333333333, 0.3323333333333333, 0.1101111111111111, 0.499, 0.08233333333333333, 0.3323333333333333, 0.1101111111111111, 0.08233333333333333, 0.3323333333333333, 0.1101111111111111, 0.3323333333333333, 0.08233333333333333, 0.3323333333333333, 0.1101111111111111, 0.08233333333333333, 0.3323333333333333, 0.1101111111111111, 0.499, 0.08233333333333333, 0.3323333333333333, 0.1101111111111111, 0.59, 0.01, 0.68, 0.34, 0.84, 0.68, 0.57, 0.09, 0.34, 0.57, 0.51, 0.18, 0.01, 0.12, 0.68, 0.68, 0.9, 0.68, 0.43, 0.34, 0.12, 0.09, 0.01, 0.68, 0.01, 0.09, 0.68, 0.01, 0.59, 0.34, 0.23]"
1225,AAAAAAAADK4IPAAKFUYTLMY3ACUKYZVIPLCAD5A_192,4,2,3,548.8883018908091,25,0.1163332362969716,0.8836667637030283,0.9377594018975892,0.6787797247370084,0.9308367729187011,0.1223629092176755,0.8776278578986724,0.9339933462440968,0.6754429619759321,0.9286457538604737,"[0.08233333333333333, 0.3323333333333333, 0.1101111111111111, 0.08233333333333333, 0.3323333333333333, 0.1101111111111111, 0.3323333333333333, 0.08233333333333333, 0.3323333333333333, 0.1101111111111111, 0.08233333333333333, 0.3323333333333333, 0.1101111111111111, 0.499, 0.76, 0.34, 0.57, 0.09, 0.01, 0.23, 0.68, 0.08233333333333333, 0.3323333333333333, 0.1101111111111111, 0.51, 0.01, 0.68, 0.51, 0.59, 0.68, 0.12, 0.18, 0.34, 0.45, 0.68, 0.18, 0.01, 0.45, 0.68, 0.01, 0.01, 0.51, 0.51, 0.01, 0.68, 0.34, 0.01, 0.9, 0.68, 0.51, 0.34, 0.01, 0.84, 0.34, 0.45, 0.01, 0.59, 0.01, 0.01, 0.43, 0.68, 0.79]"
1226,AAAAAAAAAAB2XZ4PTQAH24AAQ4AB3H6OO3IAGAI_192,4,2,3,3280.038092463976,25,0.0548821573456128,0.9451178426543873,0.9716695646444956,0.7155362208684285,0.9448112805684408,0.0458798341453075,0.9541176974773408,0.9764668406297764,0.7202219629039367,0.9480078856150308,"[0.08233333333333333, 0.3323333333333333, 0.1101111111111111, 0.08233333333333333, 0.3323333333333333, 0.1101111111111111, 0.3323333333333333, 0.08233333333333333, 0.3323333333333333, 0.1101111111111111, 0.08233333333333333, 0.3323333333333333, 0.1101111111111111, 0.499, 0.08233333333333333, 0.3323333333333333, 0.1101111111111111, 0.43, 0.34, 0.68, 0.68, 0.68, 0.68, 0.9, 0.43, 0.68, 0.23, 0.51, 0.08233333333333333, 0.3323333333333333, 0.1101111111111111, 0.43, 0.68, 0.68, 0.68, 0.08233333333333333, 0.3323333333333333, 0.1101111111111111, 0.26, 0.01, 0.57, 0.01, 0.08233333333333333, 0.3323333333333333, 0.1101111111111111, 0.93, 0.68, 0.23, 0.68, 0.93, 0.34, 0.9, 0.93, 0.68, 0.45, 0.51, 0.08233333333333333, 0.3323333333333333, 0.1101111111111111, 0.68, 0.01, 0.12]"
1227,AANT6VXVVARQP7UEQW2O24ADPTUAQB7DHKXMAVY_192,4,2,4,3205.3180472981185,25,0.0673392251133918,0.932660774886608,0.9649890388051668,0.7035929297407468,0.942772897084554,0.0576659396290779,0.9423331861694654,0.9702069083849588,0.7082801884661118,0.9453850507736206,"[0.08233333333333333, 0.3323333333333333, 0.1101111111111111, 0.34, 0.68, 0.23, 0.68, 0.76, 0.34, 0.45, 0.84, 0.34, 0.45, 0.51, 0.59, 0.01, 0.79, 0.34, 0.01, 0.23, 0.68, 0.84, 0.68, 0.79, 0.26, 0.34, 0.01, 0.51, 0.34, 0.68, 0.79, 0.93, 0.68, 0.68, 0.68, 0.08233333333333333, 0.3323333333333333, 0.1101111111111111, 0.76, 0.68, 0.9, 0.51, 0.76, 0.01, 0.01, 0.59, 0.01, 0.01, 0.68, 0.84, 0.01, 0.45, 0.43, 0.34, 0.68, 0.01, 0.93, 0.68, 0.01, 0.09, 0.34, 0.57]"
1228,AAAAAAAAAAAAAAAAACKV2MADQEAAUFQAHIQADBY_192,4,2,2,892.0015151440166,25,0.1697953065236409,0.8302046934763591,0.9064779122670492,0.6159523944060008,0.909549331665039,0.1853678765396277,0.8146313445021709,0.896313963457942,0.603026932105422,0.9045256853103638,"[0.08233333333333333, 0.3323333333333333, 0.1101111111111111, 0.08233333333333333, 0.3323333333333333, 0.1101111111111111, 0.3323333333333333, 0.08233333333333333, 0.3323333333333333, 0.1101111111111111, 0.08233333333333333, 0.3323333333333333, 0.1101111111111111, 0.499, 0.08233333333333333, 0.3323333333333333, 0.1101111111111111, 0.08233333333333333, 0.3323333333333333, 0.1101111111111111, 0.3323333333333333, 0.08233333333333333, 0.3323333333333333, 0.1101111111111111, 0.08233333333333333, 0.3323333333333333, 0.1101111111111111, 0.499, 0.26, 0.34, 0.68, 0.51, 0.68, 0.79, 0.68, 0.08233333333333333, 0.3323333333333333, 0.1101111111111111, 0.93, 0.01, 0.12, 0.01, 0.08233333333333333, 0.3323333333333333, 0.1101111111111111, 0.51, 0.01, 0.34, 0.68, 0.08233333333333333, 0.3323333333333333, 0.1101111111111111, 0.43, 0.34, 0.12, 0.01, 0.08233333333333333, 0.3323333333333333, 0.1101111111111111, 0.34, 0.01, 0.57]"
1229,AAAAAAAAAAAAAAAAANYXJ4ABI4LZ5PQAMKYAB5I_192,4,2,2,979.6476694191806,25,0.1205064023534456,0.8794935976465543,0.935347298781077,0.6830831115444501,0.9269193331400554,0.1204302113503217,0.8795423523833354,0.9351734866698584,0.6825837353865306,0.9270991166432698,"[0.08233333333333333, 0.3323333333333333, 0.1101111111111111, 0.08233333333333333, 0.3323333333333333, 0.1101111111111111, 0.3323333333333333, 0.08233333333333333, 0.3323333333333333, 0.1101111111111111, 0.08233333333333333, 0.3323333333333333, 0.1101111111111111, 0.499, 0.08233333333333333, 0.3323333333333333, 0.1101111111111111, 0.08233333333333333, 0.3323333333333333, 0.1101111111111111, 0.3323333333333333, 0.08233333333333333, 0.3323333333333333, 0.1101111111111111, 0.08233333333333333, 0.3323333333333333, 0.1101111111111111, 0.499, 0.76, 0.68, 0.12, 0.43, 0.34, 0.23, 0.68, 0.08233333333333333, 0.3323333333333333, 0.1101111111111111, 0.51, 0.01, 0.57, 0.01, 0.26, 0.68, 0.9, 0.84, 0.34, 0.57, 0.68, 0.08233333333333333, 0.3323333333333333, 0.1101111111111111, 0.68, 0.34, 0.68, 0.51, 0.08233333333333333, 0.3323333333333333, 0.1101111111111111, 0.18, 0.68, 0.68]"
1230,HWJ4YACRUABYDPW4EQAGOEABC23DXK56FL7MAQY_192,4,2,4,1750.2969023138285,25,0.0550059124827384,0.9449940875172615,0.9716444636384646,0.7171583940585454,0.9462376912434896,0.0465857191632191,0.9534109567602476,0.9761086550851664,0.7212786893049876,0.9478831926981608,"[0.18, 0.68, 0.45, 0.59, 0.68, 0.9, 0.68, 0.08233333333333333, 0.3323333333333333, 0.1101111111111111, 0.51, 0.01, 0.45, 0.51, 0.08233333333333333, 0.3323333333333333, 0.1101111111111111, 0.43, 0.01, 0.01, 0.68, 0.43, 0.68, 0.45, 0.93, 0.01, 0.79, 0.51, 0.08233333333333333, 0.3323333333333333, 0.1101111111111111, 0.34, 0.34, 0.9, 0.34, 0.08233333333333333, 0.3323333333333333, 0.1101111111111111, 0.59, 0.34, 0.45, 0.51, 0.34, 0.68, 0.12, 0.76, 0.68, 0.68, 0.34, 0.76, 0.68, 0.9, 0.51, 0.34, 0.57, 0.51, 0.93, 0.68, 0.01, 0.09, 0.01, 0.23]"
1231,AAAAAAAAAKVWNOS6XSBMKF7QWIAAFYQAHAYADEI_192,4,2,3,786.4039742290042,25,0.2892483984430631,0.710751601556937,0.8279931982358296,0.5548293426632881,0.8652585665384929,0.2874435768773158,0.7125525695582231,0.8287769466638565,0.5517300179849068,0.864450470606486,"[0.08233333333333333, 0.3323333333333333, 0.1101111111111111, 0.08233333333333333, 0.3323333333333333, 0.1101111111111111, 0.3323333333333333, 0.08233333333333333, 0.3323333333333333, 0.1101111111111111, 0.08233333333333333, 0.3323333333333333, 0.1101111111111111, 0.499, 0.09, 0.34, 0.68, 0.34, 0.68, 0.23, 0.34, 0.43, 0.34, 0.34, 0.84, 0.34, 0.57, 0.51, 0.26, 0.01, 0.34, 0.68, 0.34, 0.79, 0.34, 0.43, 0.68, 0.9, 0.26, 0.68, 0.34, 0.01, 0.08233333333333333, 0.3323333333333333, 0.1101111111111111, 0.09, 0.34, 0.9, 0.34, 0.08233333333333333, 0.3323333333333333, 0.1101111111111111, 0.43, 0.01, 0.12, 0.51, 0.08233333333333333, 0.3323333333333333, 0.1101111111111111, 0.34, 0.34, 0.12]"
1232,AAOTIAD7AADYZGTF4VCSDUABGUAAPH5L4DAAGAQ_192,4,2,4,389.06934247002937,25,0.0903879687190055,0.9096120312809944,0.9524251754085225,0.7095059384902318,0.9385569572448732,0.0954896914462248,0.9044350046664476,0.9494126580655576,0.7068266090005636,0.9371208588282268,"[0.08233333333333333, 0.3323333333333333, 0.1101111111111111, 0.43, 0.34, 0.23, 0.34, 0.08233333333333333, 0.3323333333333333, 0.1101111111111111, 0.43, 0.68, 0.9, 0.01, 0.08233333333333333, 0.3323333333333333, 0.1101111111111111, 0.84, 0.01, 0.45, 0.34, 0.18, 0.34, 0.23, 0.26, 0.68, 0.9, 0.51, 0.51, 0.01, 0.68, 0.26, 0.01, 0.57, 0.34, 0.08233333333333333, 0.3323333333333333, 0.1101111111111111, 0.59, 0.68, 0.68, 0.01, 0.08233333333333333, 0.3323333333333333, 0.1101111111111111, 0.18, 0.68, 0.23, 0.68, 0.76, 0.34, 0.57, 0.68, 0.01, 0.45, 0.01, 0.08233333333333333, 0.3323333333333333, 0.1101111111111111, 0.68, 0.01, 0.34]"
1233,AAAAAAAADKPSDGWPVCLTLUAB2FYJ4PRJ4BQACNY_192,4,2,3,3885.5358426838648,25,0.1373656615614891,0.8626343384385109,0.9256772706906,0.6556968301534652,0.9244414965311686,0.1531287035594384,0.8468690716971954,0.9159553824613492,0.647108423213164,0.9197372198104858,"[0.08233333333333333, 0.3323333333333333, 0.1101111111111111, 0.08233333333333333, 0.3323333333333333, 0.1101111111111111, 0.3323333333333333, 0.08233333333333333, 0.3323333333333333, 0.1101111111111111, 0.08233333333333333, 0.3323333333333333, 0.1101111111111111, 0.499, 0.76, 0.34, 0.23, 0.93, 0.34, 0.01, 0.68, 0.18, 0.34, 0.45, 0.43, 0.68, 0.68, 0.01, 0.26, 0.34, 0.57, 0.18, 0.34, 0.57, 0.34, 0.08233333333333333, 0.3323333333333333, 0.1101111111111111, 0.43, 0.34, 0.12, 0.01, 0.93, 0.01, 0.79, 0.84, 0.01, 0.57, 0.68, 0.09, 0.34, 0.23, 0.68, 0.01, 0.23, 0.01, 0.08233333333333333, 0.3323333333333333, 0.1101111111111111, 0.59, 0.68, 0.57]"
1234,AAAAAAAAAAAIBAAGSAAF2MQMZQAB3IQAPYYAHFA_192,4,2,3,1809.102342942031,25,0.0867925892273585,0.9132074107726414,0.9542944207787514,0.6984441533684731,0.9391921361287436,0.0732262276113033,0.9267728095253308,0.961751980582873,0.7042876260975997,0.9421066284179688,"[0.08233333333333333, 0.3323333333333333, 0.1101111111111111, 0.08233333333333333, 0.3323333333333333, 0.1101111111111111, 0.3323333333333333, 0.08233333333333333, 0.3323333333333333, 0.1101111111111111, 0.08233333333333333, 0.3323333333333333, 0.1101111111111111, 0.499, 0.08233333333333333, 0.3323333333333333, 0.1101111111111111, 0.09, 0.01, 0.01, 0.34, 0.08233333333333333, 0.3323333333333333, 0.1101111111111111, 0.18, 0.34, 0.34, 0.01, 0.08233333333333333, 0.3323333333333333, 0.1101111111111111, 0.51, 0.68, 0.79, 0.68, 0.26, 0.01, 0.23, 0.18, 0.01, 0.9, 0.01, 0.08233333333333333, 0.3323333333333333, 0.1101111111111111, 0.93, 0.68, 0.79, 0.34, 0.08233333333333333, 0.3323333333333333, 0.1101111111111111, 0.84, 0.68, 0.12, 0.51, 0.08233333333333333, 0.3323333333333333, 0.1101111111111111, 0.93, 0.34, 0.79]"
1235,3UIH3MKFEKLQVAAD4COCLMABYW5MFIQAMLAAGBY_192,4,2,4,1018.9690889059566,25,0.1966320554415385,0.8033679445584615,0.8893954103191694,0.6234647447864214,0.9014087677001952,0.2176594041287899,0.7823333336661259,0.8755005863805612,0.6121544153740008,0.8927550077438354,"[0.76, 0.68, 0.79, 0.59, 0.01, 0.57, 0.68, 0.34, 0.68, 0.12, 0.59, 0.34, 0.79, 0.51, 0.09, 0.34, 0.34, 0.93, 0.01, 0.68, 0.34, 0.08233333333333333, 0.3323333333333333, 0.1101111111111111, 0.09, 0.68, 0.9, 0.01, 0.26, 0.34, 0.9, 0.26, 0.34, 0.45, 0.68, 0.08233333333333333, 0.3323333333333333, 0.1101111111111111, 0.43, 0.01, 0.68, 0.51, 0.43, 0.34, 0.45, 0.09, 0.34, 0.79, 0.34, 0.08233333333333333, 0.3323333333333333, 0.1101111111111111, 0.68, 0.34, 0.45, 0.01, 0.08233333333333333, 0.3323333333333333, 0.1101111111111111, 0.68, 0.01, 0.57]"
1236,4W24IAGVQADSPAAJQAABC7YDKDZH3ZQAOCYACUI_192,4,2,4,5774.049864317989,25,0.0727288201451301,0.9272711798548698,0.962071426709493,0.7003706648945809,0.94296662012736,0.0627369771401087,0.9372621793299912,0.9675263649473588,0.7062864823887746,0.9457294384638468,"[0.93, 0.34, 0.45, 0.76, 0.34, 0.9, 0.34, 0.08233333333333333, 0.3323333333333333, 0.1101111111111111, 0.76, 0.34, 0.45, 0.01, 0.08233333333333333, 0.3323333333333333, 0.1101111111111111, 0.93, 0.34, 0.23, 0.68, 0.08233333333333333, 0.3323333333333333, 0.1101111111111111, 0.59, 0.68, 0.01, 0.01, 0.08233333333333333, 0.3323333333333333, 0.1101111111111111, 0.09, 0.01, 0.68, 0.68, 0.84, 0.01, 0.01, 0.76, 0.34, 0.01, 0.51, 0.93, 0.34, 0.23, 0.93, 0.68, 0.9, 0.68, 0.08233333333333333, 0.3323333333333333, 0.1101111111111111, 0.93, 0.01, 0.68, 0.51, 0.08233333333333333, 0.3323333333333333, 0.1101111111111111, 0.51, 0.34, 0.12]"
1237,AAAAAAAAAAAAAAAAAHBF35BQXSUJRGQAEGAAGQY_192,4,2,2,475.70945879095234,25,0.1181696275870005,0.8818303724129994,0.93669387648503,0.6952007283767064,0.9275341033935548,0.1220348089933395,0.8779202522089083,0.934379330649972,0.6929701349387566,0.9260745127995808,"[0.08233333333333333, 0.3323333333333333, 0.1101111111111111, 0.08233333333333333, 0.3323333333333333, 0.1101111111111111, 0.3323333333333333, 0.08233333333333333, 0.3323333333333333, 0.1101111111111111, 0.08233333333333333, 0.3323333333333333, 0.1101111111111111, 0.499, 0.08233333333333333, 0.3323333333333333, 0.1101111111111111, 0.08233333333333333, 0.3323333333333333, 0.1101111111111111, 0.3323333333333333, 0.08233333333333333, 0.3323333333333333, 0.1101111111111111, 0.08233333333333333, 0.3323333333333333, 0.1101111111111111, 0.499, 0.43, 0.01, 0.34, 0.51, 0.68, 0.57, 0.68, 0.59, 0.01, 0.9, 0.26, 0.68, 0.9, 0.51, 0.51, 0.01, 0.79, 0.68, 0.34, 0.23, 0.34, 0.08233333333333333, 0.3323333333333333, 0.1101111111111111, 0.59, 0.01, 0.9, 0.01, 0.08233333333333333, 0.3323333333333333, 0.1101111111111111, 0.76, 0.01, 0.23]"
1238,AAAAAAAAAAAAAAAAAGLT3X2LAJRL3NW3HJIAAQA_192,4,2,2,2265.5558112808503,25,0.1132200906674067,0.8867799093325933,0.9394968827565512,0.6703137159347534,0.9294513702392578,0.12637068691353,0.8736280529449384,0.9316631726920604,0.6604877033581337,0.9255892594655356,"[0.08233333333333333, 0.3323333333333333, 0.1101111111111111, 0.08233333333333333, 0.3323333333333333, 0.1101111111111111, 0.3323333333333333, 0.08233333333333333, 0.3323333333333333, 0.1101111111111111, 0.08233333333333333, 0.3323333333333333, 0.1101111111111111, 0.499, 0.08233333333333333, 0.3323333333333333, 0.1101111111111111, 0.08233333333333333, 0.3323333333333333, 0.1101111111111111, 0.3323333333333333, 0.08233333333333333, 0.3323333333333333, 0.1101111111111111, 0.08233333333333333, 0.3323333333333333, 0.1101111111111111, 0.499, 0.34, 0.34, 0.57, 0.18, 0.68, 0.57, 0.34, 0.84, 0.34, 0.34, 0.68, 0.01, 0.34, 0.01, 0.68, 0.34, 0.68, 0.93, 0.68, 0.45, 0.68, 0.34, 0.68, 0.45, 0.43, 0.34, 0.34, 0.51, 0.08233333333333333, 0.3323333333333333, 0.1101111111111111, 0.09, 0.01, 0.01]"
1239,AAAAAAAAAAAAAAAAAMADKMABKIUARZTZWJAACUA_192,4,2,2,274.630464639049,25,0.1216103201111157,0.8783896798888843,0.9349033653736114,0.6666752656300863,0.9260027567545572,0.1454302633802096,0.8545679522057374,0.9206650325407584,0.6521398607641459,0.920311689376831,"[0.08233333333333333, 0.3323333333333333, 0.1101111111111111, 0.08233333333333333, 0.3323333333333333, 0.1101111111111111, 0.3323333333333333, 0.08233333333333333, 0.3323333333333333, 0.1101111111111111, 0.08233333333333333, 0.3323333333333333, 0.1101111111111111, 0.499, 0.08233333333333333, 0.3323333333333333, 0.1101111111111111, 0.08233333333333333, 0.3323333333333333, 0.1101111111111111, 0.3323333333333333, 0.08233333333333333, 0.3323333333333333, 0.1101111111111111, 0.08233333333333333, 0.3323333333333333, 0.1101111111111111, 0.499, 0.68, 0.01, 0.01, 0.18, 0.34, 0.79, 0.68, 0.08233333333333333, 0.3323333333333333, 0.1101111111111111, 0.51, 0.34, 0.34, 0.01, 0.51, 0.01, 0.01, 0.59, 0.34, 0.9, 0.68, 0.18, 0.68, 0.23, 0.34, 0.34, 0.34, 0.01, 0.08233333333333333, 0.3323333333333333, 0.1101111111111111, 0.51, 0.34, 0.01]"
1240,L42FLUL5EYJ6PMSCBAAND76RA6JBUM5YMAYROTA_192,4,2,4,1065.9055997068062,25,0.0664821157852808,0.9335178842147192,0.9654767389098804,0.7163161774476369,0.943658192952474,0.0648555057744185,0.935134069621563,0.9663364599148432,0.717061473429203,0.9433637221654256,"[0.51, 0.68, 0.9, 0.76, 0.01, 0.68, 0.34, 0.43, 0.34, 0.12, 0.43, 0.68, 0.79, 0.51, 0.18, 0.01, 0.34, 0.43, 0.68, 0.23, 0.68, 0.34, 0.34, 0.34, 0.09, 0.01, 0.12, 0.01, 0.08233333333333333, 0.3323333333333333, 0.1101111111111111, 0.76, 0.01, 0.57, 0.68, 0.84, 0.68, 0.79, 0.59, 0.01, 0.57, 0.51, 0.26, 0.34, 0.01, 0.76, 0.01, 0.45, 0.34, 0.76, 0.68, 0.01, 0.68, 0.01, 0.12, 0.51, 0.09, 0.01, 0.68, 0.76, 0.01, 0.9]"
1241,MWNUYAG5TARCZAADUAAD2POZIGAAXISIEDZBOFQ_192,4,2,4,527.0792237001006,25,0.077077001829942,0.922922998170058,0.9597722421089808,0.692452102402846,0.941169802347819,0.0753467762221892,0.9246525266518196,0.960666685923934,0.6951265136400858,0.94260360399882,"[0.34, 0.34, 0.45, 0.34, 0.68, 0.79, 0.68, 0.08233333333333333, 0.3323333333333333, 0.1101111111111111, 0.76, 0.68, 0.45, 0.01, 0.68, 0.01, 0.79, 0.59, 0.34, 0.45, 0.34, 0.08233333333333333, 0.3323333333333333, 0.1101111111111111, 0.09, 0.68, 0.79, 0.01, 0.08233333333333333, 0.3323333333333333, 0.1101111111111111, 0.18, 0.68, 0.79, 0.68, 0.76, 0.68, 0.45, 0.51, 0.01, 0.12, 0.51, 0.08233333333333333, 0.3323333333333333, 0.1101111111111111, 0.51, 0.68, 0.79, 0.34, 0.26, 0.34, 0.01, 0.59, 0.01, 0.57, 0.51, 0.26, 0.01, 0.68, 0.68, 0.34, 0.45]"
1242,AAAAAAAAAAAAAAAAAECR2EAAW5QKUZVBULIACUQ_192,4,2,2,316.0568715929985,25,0.1777758801976839,0.822224119802316,0.9006240377823512,0.6586462115248044,0.909810702006022,0.2062557799120744,0.7937019747992357,0.8827004707107942,0.642416299879551,0.8993979533513387,"[0.08233333333333333, 0.3323333333333333, 0.1101111111111111, 0.08233333333333333, 0.3323333333333333, 0.1101111111111111, 0.3323333333333333, 0.08233333333333333, 0.3323333333333333, 0.1101111111111111, 0.08233333333333333, 0.3323333333333333, 0.1101111111111111, 0.499, 0.08233333333333333, 0.3323333333333333, 0.1101111111111111, 0.08233333333333333, 0.3323333333333333, 0.1101111111111111, 0.3323333333333333, 0.08233333333333333, 0.3323333333333333, 0.1101111111111111, 0.08233333333333333, 0.3323333333333333, 0.1101111111111111, 0.499, 0.59, 0.01, 0.68, 0.09, 0.68, 0.79, 0.34, 0.08233333333333333, 0.3323333333333333, 0.1101111111111111, 0.26, 0.68, 0.57, 0.01, 0.68, 0.01, 0.68, 0.51, 0.01, 0.9, 0.68, 0.51, 0.01, 0.23, 0.59, 0.34, 0.45, 0.51, 0.08233333333333333, 0.3323333333333333, 0.1101111111111111, 0.51, 0.34, 0.34]"
1243,6F7UJPH4JKHI3AAOUQADIVCNWF4NUDRDGDAABFI_192,4,2,4,7569.386443594005,25,0.0775735090176264,0.9224264909823736,0.9594659999012948,0.7036396816372872,0.9389723459879558,0.0854499172419309,0.9145490188151598,0.9549564722925424,0.6987486718843381,0.9382782538731892,"[0.84, 0.01, 0.68, 0.84, 0.68, 0.79, 0.34, 0.26, 0.68, 0.9, 0.84, 0.68, 0.12, 0.01, 0.51, 0.34, 0.12, 0.76, 0.01, 0.45, 0.68, 0.08233333333333333, 0.3323333333333333, 0.1101111111111111, 0.43, 0.34, 0.79, 0.51, 0.08233333333333333, 0.3323333333333333, 0.1101111111111111, 0.18, 0.34, 0.12, 0.34, 0.59, 0.34, 0.23, 0.34, 0.68, 0.12, 0.01, 0.84, 0.01, 0.45, 0.76, 0.01, 0.12, 0.68, 0.09, 0.01, 0.45, 0.34, 0.01, 0.45, 0.01, 0.08233333333333333, 0.3323333333333333, 0.1101111111111111, 0.26, 0.34, 0.68]"
1244,AAAAAAAAAADGV2UKXQANZ46PZR5YUZQAELAABRI_192,4,2,3,2555.274875677889,25,0.0806473468740781,0.9193526531259218,0.9576921199758848,0.7089068050185839,0.9385053316752116,0.0761542641868193,0.92383714877069,0.9601617362350224,0.7113040798654159,0.9408746957778932,"[0.08233333333333333, 0.3323333333333333, 0.1101111111111111, 0.08233333333333333, 0.3323333333333333, 0.1101111111111111, 0.3323333333333333, 0.08233333333333333, 0.3323333333333333, 0.1101111111111111, 0.08233333333333333, 0.3323333333333333, 0.1101111111111111, 0.499, 0.08233333333333333, 0.3323333333333333, 0.1101111111111111, 0.68, 0.68, 0.68, 0.34, 0.76, 0.34, 0.79, 0.51, 0.34, 0.57, 0.51, 0.08233333333333333, 0.3323333333333333, 0.1101111111111111, 0.76, 0.68, 0.23, 0.68, 0.18, 0.68, 0.23, 0.84, 0.01, 0.9, 0.01, 0.84, 0.34, 0.9, 0.51, 0.01, 0.9, 0.68, 0.08233333333333333, 0.3323333333333333, 0.1101111111111111, 0.59, 0.34, 0.45, 0.01, 0.08233333333333333, 0.3323333333333333, 0.1101111111111111, 0.18, 0.01, 0.68]"
1245,AADTK5BBLIXW7AAZ44ACAUADG47Z3K5JM2IAGVQ_192,4,2,4,3120.847747356864,25,0.0740800047914187,0.9259199952085811,0.9613320877154669,0.710485524435838,0.9405561129252116,0.054258735726277,0.9456590139617522,0.9720075018703938,0.720784862836202,0.9471896727879842,"[0.08233333333333333, 0.3323333333333333, 0.1101111111111111, 0.09, 0.68, 0.23, 0.34, 0.51, 0.68, 0.79, 0.26, 0.01, 0.68, 0.01, 0.76, 0.01, 0.68, 0.93, 0.68, 0.57, 0.68, 0.08233333333333333, 0.3323333333333333, 0.1101111111111111, 0.68, 0.68, 0.9, 0.51, 0.68, 0.01, 0.01, 0.26, 0.01, 0.12, 0.34, 0.08233333333333333, 0.3323333333333333, 0.1101111111111111, 0.68, 0.68, 0.57, 0.01, 0.43, 0.68, 0.9, 0.93, 0.68, 0.68, 0.34, 0.76, 0.34, 0.34, 0.68, 0.68, 0.79, 0.51, 0.08233333333333333, 0.3323333333333333, 0.1101111111111111, 0.76, 0.34, 0.45]"
1246,AAAAAAAAAAAAAAAAAAANDMABWN5KEF4L5CRNWQI_192,4,2,2,1425.3701921859756,25,0.1928541491429011,0.8071458508570989,0.8917637055118879,0.6186248997847239,0.9050459225972494,0.2043786184241374,0.7956191467742125,0.884308184683323,0.6106492013980945,0.8997482379277547,"[0.08233333333333333, 0.3323333333333333, 0.1101111111111111, 0.08233333333333333, 0.3323333333333333, 0.1101111111111111, 0.3323333333333333, 0.08233333333333333, 0.3323333333333333, 0.1101111111111111, 0.08233333333333333, 0.3323333333333333, 0.1101111111111111, 0.499, 0.08233333333333333, 0.3323333333333333, 0.1101111111111111, 0.08233333333333333, 0.3323333333333333, 0.1101111111111111, 0.3323333333333333, 0.08233333333333333, 0.3323333333333333, 0.1101111111111111, 0.08233333333333333, 0.3323333333333333, 0.1101111111111111, 0.499, 0.08233333333333333, 0.3323333333333333, 0.1101111111111111, 0.76, 0.01, 0.45, 0.68, 0.08233333333333333, 0.3323333333333333, 0.1101111111111111, 0.34, 0.68, 0.23, 0.01, 0.84, 0.34, 0.68, 0.09, 0.01, 0.34, 0.68, 0.68, 0.34, 0.57, 0.76, 0.01, 0.68, 0.01, 0.26, 0.68, 0.45, 0.76, 0.01, 0.12]"
1247,AAAAAAAAAAAAAAAAAAAF2EI3S2AAPJQAOZYAA7A_192,4,2,2,2496.573604159057,25,0.178475251297156,0.821524748702844,0.9007785260677338,0.6017629891633988,0.9103768666585288,0.1769616446147362,0.8230374568452438,0.9014560577770074,0.5974774190535148,0.9070396820704142,"[0.08233333333333333, 0.3323333333333333, 0.1101111111111111, 0.08233333333333333, 0.3323333333333333, 0.1101111111111111, 0.3323333333333333, 0.08233333333333333, 0.3323333333333333, 0.1101111111111111, 0.08233333333333333, 0.3323333333333333, 0.1101111111111111, 0.499, 0.08233333333333333, 0.3323333333333333, 0.1101111111111111, 0.08233333333333333, 0.3323333333333333, 0.1101111111111111, 0.3323333333333333, 0.08233333333333333, 0.3323333333333333, 0.1101111111111111, 0.08233333333333333, 0.3323333333333333, 0.1101111111111111, 0.499, 0.08233333333333333, 0.3323333333333333, 0.1101111111111111, 0.51, 0.68, 0.79, 0.34, 0.09, 0.01, 0.45, 0.93, 0.34, 0.45, 0.51, 0.08233333333333333, 0.3323333333333333, 0.1101111111111111, 0.18, 0.68, 0.79, 0.68, 0.08233333333333333, 0.3323333333333333, 0.1101111111111111, 0.93, 0.68, 0.23, 0.51, 0.08233333333333333, 0.3323333333333333, 0.1101111111111111, 0.09, 0.68, 0.9]"
1248,AALVK4KVRKZDT2VEX735B4AA2KABXYQAHDYADMQ_192,4,2,4,532.1693254620768,25,0.0480821092923482,0.9519178907076518,0.9753244613607724,0.7213439787427585,0.9477046966552736,0.0428850322961807,0.9571124294151864,0.9780489087104798,0.7240428347140551,0.9488493124643962,"[0.08233333333333333, 0.3323333333333333, 0.1101111111111111, 0.51, 0.68, 0.68, 0.34, 0.51, 0.68, 0.12, 0.51, 0.34, 0.45, 0.01, 0.51, 0.34, 0.45, 0.59, 0.34, 0.9, 0.68, 0.76, 0.34, 0.68, 0.26, 0.34, 0.57, 0.51, 0.84, 0.68, 0.57, 0.76, 0.01, 0.23, 0.68, 0.08233333333333333, 0.3323333333333333, 0.1101111111111111, 0.18, 0.34, 0.34, 0.51, 0.08233333333333333, 0.3323333333333333, 0.1101111111111111, 0.76, 0.68, 0.9, 0.34, 0.08233333333333333, 0.3323333333333333, 0.1101111111111111, 0.43, 0.01, 0.57, 0.51, 0.08233333333333333, 0.3323333333333333, 0.1101111111111111, 0.34, 0.68, 0.34]"
1249,AA4DKFDQ7JT2T2HFRGKVKEABIAUE7BQANLOEBBQ_192,4,2,4,3927.26136900112,25,0.0662449494004249,0.9337550505995752,0.9656093537807464,0.7138044476509094,0.9432008107503256,0.0621548673758904,0.9378355994820596,0.967763164639473,0.7147185988724232,0.9446055968602498,"[0.08233333333333333, 0.3323333333333333, 0.1101111111111111, 0.93, 0.01, 0.23, 0.34, 0.59, 0.34, 0.79, 0.43, 0.01, 0.23, 0.51, 0.76, 0.01, 0.9, 0.84, 0.34, 0.79, 0.68, 0.76, 0.01, 0.57, 0.26, 0.68, 0.12, 0.01, 0.34, 0.34, 0.68, 0.51, 0.34, 0.79, 0.34, 0.08233333333333333, 0.3323333333333333, 0.1101111111111111, 0.51, 0.01, 0.01, 0.01, 0.51, 0.01, 0.34, 0.43, 0.68, 0.01, 0.68, 0.08233333333333333, 0.3323333333333333, 0.1101111111111111, 0.76, 0.34, 0.45, 0.51, 0.68, 0.34, 0.01, 0.26, 0.01, 0.45]"
1250,AAAAAAAAAAAAAAAAAODFLMOM6CUC4LWLRL2QXNQ_192,4,2,2,1990.4390097989235,25,0.0913552890221277,0.9086447109778722,0.9517202486594518,0.6921881839632988,0.9350990931193034,0.0992740398893753,0.9007232348124188,0.9472646232694388,0.6859343821803728,0.9333363850911458,"[0.08233333333333333, 0.3323333333333333, 0.1101111111111111, 0.08233333333333333, 0.3323333333333333, 0.1101111111111111, 0.3323333333333333, 0.08233333333333333, 0.3323333333333333, 0.1101111111111111, 0.08233333333333333, 0.3323333333333333, 0.1101111111111111, 0.499, 0.08233333333333333, 0.3323333333333333, 0.1101111111111111, 0.08233333333333333, 0.3323333333333333, 0.1101111111111111, 0.3323333333333333, 0.08233333333333333, 0.3323333333333333, 0.1101111111111111, 0.08233333333333333, 0.3323333333333333, 0.1101111111111111, 0.499, 0.93, 0.01, 0.45, 0.51, 0.34, 0.45, 0.68, 0.09, 0.68, 0.23, 0.18, 0.68, 0.01, 0.51, 0.51, 0.01, 0.12, 0.43, 0.01, 0.68, 0.68, 0.34, 0.34, 0.57, 0.09, 0.34, 0.57, 0.51, 0.51, 0.01, 0.34, 0.93, 0.68, 0.45]"
1251,AAKSOE25IABK7OFFUND4ZEPRW43Y5Y7LO3QADMY_192,4,2,4,906.8349717580712,25,0.6534653390447299,0.3465346609552701,0.5127418691913287,0.2658126011490822,0.3837200164794921,0.6615172789742549,0.3384904180963834,0.5037951204925776,0.2608751299480597,0.3765842755635579,"[0.08233333333333333, 0.3323333333333333, 0.1101111111111111, 0.51, 0.34, 0.34, 0.34, 0.68, 0.34, 0.23, 0.51, 0.68, 0.68, 0.01, 0.08233333333333333, 0.3323333333333333, 0.1101111111111111, 0.51, 0.34, 0.57, 0.68, 0.43, 0.01, 0.68, 0.26, 0.68, 0.79, 0.01, 0.76, 0.01, 0.57, 0.68, 0.68, 0.34, 0.34, 0.09, 0.68, 0.9, 0.34, 0.68, 0.57, 0.01, 0.34, 0.68, 0.9, 0.43, 0.34, 0.9, 0.34, 0.84, 0.34, 0.45, 0.93, 0.68, 0.57, 0.01, 0.08233333333333333, 0.3323333333333333, 0.1101111111111111, 0.34, 0.68, 0.23]"
1252,AAAAAAAAAO7QTOEJUQAN35GVWWLIRO7KRIQAHPA_192,4,2,3,4366.5315422110725,25,0.0778453235824902,0.9221546764175096,0.9592905695239704,0.7079245651761691,0.9411622365315756,0.0691464506089687,0.9308490263919036,0.9640503000468016,0.7125333566218615,0.943143900235494,"[0.08233333333333333, 0.3323333333333333, 0.1101111111111111, 0.08233333333333333, 0.3323333333333333, 0.1101111111111111, 0.3323333333333333, 0.08233333333333333, 0.3323333333333333, 0.1101111111111111, 0.08233333333333333, 0.3323333333333333, 0.1101111111111111, 0.499, 0.09, 0.68, 0.57, 0.93, 0.01, 0.79, 0.68, 0.43, 0.01, 0.79, 0.59, 0.68, 0.79, 0.51, 0.08233333333333333, 0.3323333333333333, 0.1101111111111111, 0.76, 0.68, 0.57, 0.68, 0.59, 0.68, 0.68, 0.34, 0.68, 0.68, 0.51, 0.26, 0.68, 0.79, 0.59, 0.34, 0.57, 0.34, 0.84, 0.34, 0.68, 0.09, 0.34, 0.12, 0.01, 0.08233333333333333, 0.3323333333333333, 0.1101111111111111, 0.93, 0.68, 0.9]"
1253,AA4FYAA5AAAKRCHKG4ZEJMAASUAA7OQABAQAA7A_192,4,2,4,1277.4484023549594,25,0.3414145569006602,0.6585854430993398,0.7916837553183238,0.5527342438697815,0.8410248756408691,0.3554934923847516,0.6445086943606536,0.7807931496451298,0.5444308431198199,0.8380229393641154,"[0.08233333333333333, 0.3323333333333333, 0.1101111111111111, 0.93, 0.01, 0.68, 0.68, 0.08233333333333333, 0.3323333333333333, 0.1101111111111111, 0.09, 0.68, 0.79, 0.01, 0.08233333333333333, 0.3323333333333333, 0.1101111111111111, 0.09, 0.34, 0.79, 0.34, 0.09, 0.01, 0.57, 0.51, 0.01, 0.45, 0.51, 0.68, 0.68, 0.34, 0.59, 0.34, 0.34, 0.68, 0.08233333333333333, 0.3323333333333333, 0.1101111111111111, 0.26, 0.34, 0.68, 0.01, 0.08233333333333333, 0.3323333333333333, 0.1101111111111111, 0.43, 0.68, 0.57, 0.34, 0.08233333333333333, 0.3323333333333333, 0.1101111111111111, 0.09, 0.01, 0.12, 0.01, 0.08233333333333333, 0.3323333333333333, 0.1101111111111111, 0.09, 0.68, 0.9]"
1254,AAAAAAAAAAB6VFQZVO3MLMAAS4AAHBQAFIIAH7A_192,4,2,3,1066.2924397138413,25,0.1219734519720077,0.8780265480279923,0.9346413696805635,0.6495758290092151,0.9294946352640788,0.1245435856282711,0.8754547833154599,0.933051842947801,0.6476178386559089,0.9294005791346232,"[0.08233333333333333, 0.3323333333333333, 0.1101111111111111, 0.08233333333333333, 0.3323333333333333, 0.1101111111111111, 0.3323333333333333, 0.08233333333333333, 0.3323333333333333, 0.1101111111111111, 0.08233333333333333, 0.3323333333333333, 0.1101111111111111, 0.499, 0.08233333333333333, 0.3323333333333333, 0.1101111111111111, 0.43, 0.68, 0.68, 0.34, 0.26, 0.68, 0.01, 0.68, 0.68, 0.68, 0.01, 0.93, 0.68, 0.45, 0.68, 0.34, 0.45, 0.68, 0.08233333333333333, 0.3323333333333333, 0.1101111111111111, 0.26, 0.34, 0.57, 0.01, 0.08233333333333333, 0.3323333333333333, 0.1101111111111111, 0.09, 0.68, 0.01, 0.68, 0.08233333333333333, 0.3323333333333333, 0.1101111111111111, 0.51, 0.34, 0.01, 0.51, 0.08233333333333333, 0.3323333333333333, 0.1101111111111111, 0.84, 0.68, 0.9]"
1255,AAAAAAAAASFCPAAYWMDTIUADKE5EIIVZNKAADUQ_192,4,2,3,1069.3159319441766,25,0.113132506608963,0.886867493391037,0.9395297447840372,0.6628079786896706,0.9336529731750488,0.1015278290957212,0.8984706129878759,0.9460883226245642,0.6673439825574558,0.935389757156372,"[0.08233333333333333, 0.3323333333333333, 0.1101111111111111, 0.08233333333333333, 0.3323333333333333, 0.1101111111111111, 0.3323333333333333, 0.08233333333333333, 0.3323333333333333, 0.1101111111111111, 0.08233333333333333, 0.3323333333333333, 0.1101111111111111, 0.499, 0.26, 0.34, 0.12, 0.59, 0.34, 0.23, 0.68, 0.08233333333333333, 0.3323333333333333, 0.1101111111111111, 0.68, 0.34, 0.45, 0.01, 0.68, 0.01, 0.57, 0.18, 0.34, 0.12, 0.34, 0.08233333333333333, 0.3323333333333333, 0.1101111111111111, 0.76, 0.34, 0.12, 0.01, 0.43, 0.34, 0.34, 0.26, 0.01, 0.79, 0.34, 0.51, 0.68, 0.34, 0.76, 0.34, 0.79, 0.01, 0.08233333333333333, 0.3323333333333333, 0.1101111111111111, 0.43, 0.34, 0.34]"
1256,AAHU3UL4IADSFKSIC6BSZ4AAQMHNZLRZW2P4ARI_192,4,2,4,1064.241683520144,25,0.0728218679626782,0.9271781320373216,0.9620028788844744,0.709846493601799,0.9415452321370442,0.0704213687529166,0.9295719591279824,0.9633111253380776,0.7107351121803125,0.9422158479690552,"[0.08233333333333333, 0.3323333333333333, 0.1101111111111111, 0.18, 0.68, 0.79, 0.68, 0.43, 0.34, 0.12, 0.43, 0.68, 0.12, 0.01, 0.08233333333333333, 0.3323333333333333, 0.1101111111111111, 0.93, 0.34, 0.12, 0.34, 0.51, 0.34, 0.34, 0.59, 0.01, 0.34, 0.51, 0.93, 0.01, 0.23, 0.26, 0.68, 0.23, 0.68, 0.08233333333333333, 0.3323333333333333, 0.1101111111111111, 0.26, 0.01, 0.23, 0.01, 0.09, 0.68, 0.45, 0.93, 0.34, 0.68, 0.68, 0.09, 0.68, 0.23, 0.34, 0.68, 0.79, 0.51, 0.84, 0.68, 0.01, 0.09, 0.01, 0.68]"
1257,MSZXOMPFIABWFCQJUQADL4ABQCAAZAQANBZE2NQ_192,4,2,4,2660.329550475813,25,0.0596715435385704,0.9403284564614296,0.9691727593541144,0.704066289961338,0.9447521209716796,0.065534858778119,0.9344647741566102,0.9659820608794688,0.7002757916847865,0.9438107411066692,"[0.34, 0.34, 0.34, 0.68, 0.68, 0.57, 0.34, 0.68, 0.68, 0.12, 0.93, 0.34, 0.68, 0.01, 0.08233333333333333, 0.3323333333333333, 0.1101111111111111, 0.34, 0.68, 0.12, 0.34, 0.09, 0.34, 0.01, 0.59, 0.68, 0.79, 0.51, 0.08233333333333333, 0.3323333333333333, 0.1101111111111111, 0.18, 0.34, 0.57, 0.68, 0.08233333333333333, 0.3323333333333333, 0.1101111111111111, 0.34, 0.01, 0.01, 0.51, 0.08233333333333333, 0.3323333333333333, 0.1101111111111111, 0.34, 0.34, 0.01, 0.34, 0.08233333333333333, 0.3323333333333333, 0.1101111111111111, 0.76, 0.01, 0.23, 0.51, 0.26, 0.34, 0.23, 0.59, 0.68, 0.45]"
1258,AAAAAAAAAAAAAAAAAMJ73VGHGKHP5BQAPBO4J5Y_192,4,2,2,5066.9820522270165,25,0.0735405166943868,0.9264594833056132,0.9616559823354084,0.7080825939774513,0.9405058224995932,0.0706551043937603,0.9293420457591614,0.9631894479195277,0.7087103022883335,0.941622010866801,"[0.08233333333333333, 0.3323333333333333, 0.1101111111111111, 0.08233333333333333, 0.3323333333333333, 0.1101111111111111, 0.3323333333333333, 0.08233333333333333, 0.3323333333333333, 0.1101111111111111, 0.08233333333333333, 0.3323333333333333, 0.1101111111111111, 0.499, 0.08233333333333333, 0.3323333333333333, 0.1101111111111111, 0.08233333333333333, 0.3323333333333333, 0.1101111111111111, 0.3323333333333333, 0.08233333333333333, 0.3323333333333333, 0.1101111111111111, 0.08233333333333333, 0.3323333333333333, 0.1101111111111111, 0.499, 0.68, 0.34, 0.23, 0.84, 0.68, 0.57, 0.34, 0.59, 0.68, 0.12, 0.68, 0.68, 0.34, 0.51, 0.09, 0.68, 0.57, 0.84, 0.34, 0.01, 0.68, 0.08233333333333333, 0.3323333333333333, 0.1101111111111111, 0.84, 0.01, 0.34, 0.51, 0.76, 0.68, 0.12, 0.18, 0.68, 0.57]"
1259,AAAAAAAAAADWRAA2SXYPDXCLBQUJXFQAEKAAHBI_192,4,2,3,5517.724900251953,25,0.0794950500130653,0.9205049499869348,0.9584423959255218,0.6964077348510425,0.9387425422668456,0.0811603866517543,0.9188376758247614,0.9574485602478188,0.6947232313454151,0.9390709082285564,"[0.08233333333333333, 0.3323333333333333, 0.1101111111111111, 0.08233333333333333, 0.3323333333333333, 0.1101111111111111, 0.3323333333333333, 0.08233333333333333, 0.3323333333333333, 0.1101111111111111, 0.08233333333333333, 0.3323333333333333, 0.1101111111111111, 0.499, 0.08233333333333333, 0.3323333333333333, 0.1101111111111111, 0.93, 0.68, 0.79, 0.34, 0.08233333333333333, 0.3323333333333333, 0.1101111111111111, 0.76, 0.34, 0.34, 0.51, 0.43, 0.68, 0.01, 0.84, 0.01, 0.57, 0.34, 0.68, 0.34, 0.34, 0.68, 0.01, 0.9, 0.01, 0.51, 0.01, 0.79, 0.76, 0.68, 0.34, 0.68, 0.08233333333333333, 0.3323333333333333, 0.1101111111111111, 0.59, 0.34, 0.79, 0.01, 0.08233333333333333, 0.3323333333333333, 0.1101111111111111, 0.93, 0.01, 0.68]"
1260,AAAAAAAAAAAAAAAAAAAFKM6MQKABQNQAH2YADDA_192,4,2,2,269.60845374898054,25,0.1596333518624305,0.8403666481375694,0.9123833442727723,0.6515594308574995,0.9148525873819988,0.1708150080094735,0.8291811058918636,0.9053687144070864,0.643581551561753,0.9088938395182292,"[0.08233333333333333, 0.3323333333333333, 0.1101111111111111, 0.08233333333333333, 0.3323333333333333, 0.1101111111111111, 0.3323333333333333, 0.08233333333333333, 0.3323333333333333, 0.1101111111111111, 0.08233333333333333, 0.3323333333333333, 0.1101111111111111, 0.499, 0.08233333333333333, 0.3323333333333333, 0.1101111111111111, 0.08233333333333333, 0.3323333333333333, 0.1101111111111111, 0.3323333333333333, 0.08233333333333333, 0.3323333333333333, 0.1101111111111111, 0.08233333333333333, 0.3323333333333333, 0.1101111111111111, 0.499, 0.08233333333333333, 0.3323333333333333, 0.1101111111111111, 0.51, 0.34, 0.79, 0.68, 0.18, 0.68, 0.23, 0.26, 0.01, 0.34, 0.51, 0.08233333333333333, 0.3323333333333333, 0.1101111111111111, 0.68, 0.01, 0.45, 0.68, 0.08233333333333333, 0.3323333333333333, 0.1101111111111111, 0.43, 0.68, 0.68, 0.51, 0.08233333333333333, 0.3323333333333333, 0.1101111111111111, 0.34, 0.01, 0.9]"
1261,AAAAAAAAAAAAAAAAADAPBMABC6AA3BRYR3ZDA4I_192,4,2,2,1443.7759727390949,25,0.199447210629781,0.8005527893702189,0.8875738138953845,0.6370914811889331,0.8992408752441406,0.2167862602819999,0.7831910820056994,0.8761582892388106,0.6259170333544414,0.8945612430572509,"[0.08233333333333333, 0.3323333333333333, 0.1101111111111111, 0.08233333333333333, 0.3323333333333333, 0.1101111111111111, 0.3323333333333333, 0.08233333333333333, 0.3323333333333333, 0.1101111111111111, 0.08233333333333333, 0.3323333333333333, 0.1101111111111111, 0.499, 0.08233333333333333, 0.3323333333333333, 0.1101111111111111, 0.08233333333333333, 0.3323333333333333, 0.1101111111111111, 0.3323333333333333, 0.08233333333333333, 0.3323333333333333, 0.1101111111111111, 0.08233333333333333, 0.3323333333333333, 0.1101111111111111, 0.499, 0.18, 0.01, 0.01, 0.84, 0.01, 0.34, 0.68, 0.08233333333333333, 0.3323333333333333, 0.1101111111111111, 0.59, 0.34, 0.57, 0.51, 0.08233333333333333, 0.3323333333333333, 0.1101111111111111, 0.34, 0.68, 0.01, 0.68, 0.09, 0.68, 0.12, 0.09, 0.68, 0.57, 0.51, 0.26, 0.01, 0.9, 0.09, 0.68, 0.12]"
1262,AAAAAAAAAAAAAAAAAGIMJMABC6HGUNX2VIYAGFI_192,4,2,2,559.0264593770262,25,0.1380192071199417,0.8619807928800582,0.925242785612742,0.6773777688543002,0.9200282096862792,0.1504577677696943,0.8495348406334718,0.9174823610732952,0.6704152040183544,0.9188242435455324,"[0.08233333333333333, 0.3323333333333333, 0.1101111111111111, 0.08233333333333333, 0.3323333333333333, 0.1101111111111111, 0.3323333333333333, 0.08233333333333333, 0.3323333333333333, 0.1101111111111111, 0.08233333333333333, 0.3323333333333333, 0.1101111111111111, 0.499, 0.08233333333333333, 0.3323333333333333, 0.1101111111111111, 0.08233333333333333, 0.3323333333333333, 0.1101111111111111, 0.3323333333333333, 0.08233333333333333, 0.3323333333333333, 0.1101111111111111, 0.08233333333333333, 0.3323333333333333, 0.1101111111111111, 0.499, 0.34, 0.34, 0.01, 0.68, 0.34, 0.34, 0.68, 0.08233333333333333, 0.3323333333333333, 0.1101111111111111, 0.59, 0.34, 0.57, 0.51, 0.09, 0.68, 0.23, 0.51, 0.01, 0.45, 0.68, 0.43, 0.68, 0.68, 0.51, 0.34, 0.12, 0.51, 0.08233333333333333, 0.3323333333333333, 0.1101111111111111, 0.68, 0.34, 0.68]"
1263,AAAAAAAAAAAAAAAAAAAHB7YAOEABUNQAC2THGDA_192,4,2,2,829.2104880888946,25,0.184359690050284,0.8156403099497159,0.8968758230408033,0.6353651612997055,0.9061631202697754,0.1823523659259081,0.8176457119484742,0.8983186622460683,0.6389016579836607,0.9075912475585938,"[0.08233333333333333, 0.3323333333333333, 0.1101111111111111, 0.08233333333333333, 0.3323333333333333, 0.1101111111111111, 0.3323333333333333, 0.08233333333333333, 0.3323333333333333, 0.1101111111111111, 0.08233333333333333, 0.3323333333333333, 0.1101111111111111, 0.499, 0.08233333333333333, 0.3323333333333333, 0.1101111111111111, 0.08233333333333333, 0.3323333333333333, 0.1101111111111111, 0.3323333333333333, 0.08233333333333333, 0.3323333333333333, 0.1101111111111111, 0.08233333333333333, 0.3323333333333333, 0.1101111111111111, 0.499, 0.08233333333333333, 0.3323333333333333, 0.1101111111111111, 0.43, 0.01, 0.23, 0.68, 0.84, 0.01, 0.01, 0.09, 0.68, 0.12, 0.01, 0.08233333333333333, 0.3323333333333333, 0.1101111111111111, 0.76, 0.01, 0.45, 0.68, 0.08233333333333333, 0.3323333333333333, 0.1101111111111111, 0.26, 0.68, 0.68, 0.01, 0.34, 0.34, 0.9, 0.68, 0.01, 0.9]"
1264,AAAAAAAAAAAAAAAAAEKEI4AAY2AAQEXLNIIAGNA_192,4,2,2,528.7932878648862,25,0.0653062085310618,0.9346937914689382,0.9660840938488644,0.7130791197220484,0.9429917971293132,0.0697259580095609,0.9302697182943424,0.9636010090510052,0.7104827923079332,0.941830841700236,"[0.08233333333333333, 0.3323333333333333, 0.1101111111111111, 0.08233333333333333, 0.3323333333333333, 0.1101111111111111, 0.3323333333333333, 0.08233333333333333, 0.3323333333333333, 0.1101111111111111, 0.08233333333333333, 0.3323333333333333, 0.1101111111111111, 0.499, 0.08233333333333333, 0.3323333333333333, 0.1101111111111111, 0.08233333333333333, 0.3323333333333333, 0.1101111111111111, 0.3323333333333333, 0.08233333333333333, 0.3323333333333333, 0.1101111111111111, 0.08233333333333333, 0.3323333333333333, 0.1101111111111111, 0.499, 0.59, 0.34, 0.79, 0.59, 0.34, 0.12, 0.68, 0.08233333333333333, 0.3323333333333333, 0.1101111111111111, 0.18, 0.01, 0.45, 0.51, 0.08233333333333333, 0.3323333333333333, 0.1101111111111111, 0.59, 0.01, 0.34, 0.34, 0.43, 0.34, 0.45, 0.76, 0.34, 0.01, 0.51, 0.08233333333333333, 0.3323333333333333, 0.1101111111111111, 0.68, 0.68, 0.79]"
1265,AAAAAAAAAAAAAAAAAAAP3VGDIWAA5YQAGOIAGTA_192,4,2,2,2657.450329759158,25,0.1241311445832252,0.8758688554167747,0.933241475125154,0.6632693608601888,0.9251606941223144,0.12643321963648,0.8735655403385559,0.9318352201332648,0.6598246747006973,0.9247342268625895,"[0.08233333333333333, 0.3323333333333333, 0.1101111111111111, 0.08233333333333333, 0.3323333333333333, 0.1101111111111111, 0.3323333333333333, 0.08233333333333333, 0.3323333333333333, 0.1101111111111111, 0.08233333333333333, 0.3323333333333333, 0.1101111111111111, 0.499, 0.08233333333333333, 0.3323333333333333, 0.1101111111111111, 0.08233333333333333, 0.3323333333333333, 0.1101111111111111, 0.3323333333333333, 0.08233333333333333, 0.3323333333333333, 0.1101111111111111, 0.08233333333333333, 0.3323333333333333, 0.1101111111111111, 0.499, 0.08233333333333333, 0.3323333333333333, 0.1101111111111111, 0.84, 0.68, 0.57, 0.34, 0.59, 0.68, 0.01, 0.76, 0.01, 0.68, 0.51, 0.08233333333333333, 0.3323333333333333, 0.1101111111111111, 0.43, 0.34, 0.9, 0.34, 0.08233333333333333, 0.3323333333333333, 0.1101111111111111, 0.34, 0.34, 0.9, 0.51, 0.08233333333333333, 0.3323333333333333, 0.1101111111111111, 0.76, 0.01, 0.9]"
1266,AAOCIAGNIAAYVZW647LXBUABI2AAHNSKBDAADBQ_192,4,2,4,2529.954594708979,25,0.1014492387572924,0.8985507612427076,0.9459294637044272,0.6841537316640218,0.9328175862630208,0.1011336028575897,0.8988648556172848,0.9461662193139394,0.6830728850016992,0.9327012221018474,"[0.08233333333333333, 0.3323333333333333, 0.1101111111111111, 0.43, 0.01, 0.34, 0.34, 0.08233333333333333, 0.3323333333333333, 0.1101111111111111, 0.68, 0.68, 0.68, 0.01, 0.08233333333333333, 0.3323333333333333, 0.1101111111111111, 0.18, 0.01, 0.68, 0.34, 0.68, 0.68, 0.45, 0.84, 0.34, 0.9, 0.51, 0.84, 0.34, 0.57, 0.43, 0.01, 0.23, 0.34, 0.08233333333333333, 0.3323333333333333, 0.1101111111111111, 0.51, 0.01, 0.45, 0.51, 0.08233333333333333, 0.3323333333333333, 0.1101111111111111, 0.09, 0.68, 0.45, 0.68, 0.26, 0.34, 0.79, 0.09, 0.01, 0.45, 0.01, 0.08233333333333333, 0.3323333333333333, 0.1101111111111111, 0.34, 0.01, 0.45]"
1267,AAAAAAAAAAAAAAAAAGLNGEAAW2AAMLQAOYYADEA_192,4,2,2,2947.966514598113,25,0.1115629464387893,0.8884370535612106,0.9404419059554736,0.6814042086402575,0.9298927307128906,0.1230530095597108,0.8769442318628232,0.9335591963181892,0.6732947098712126,0.9263022661209106,"[0.08233333333333333, 0.3323333333333333, 0.1101111111111111, 0.08233333333333333, 0.3323333333333333, 0.1101111111111111, 0.3323333333333333, 0.08233333333333333, 0.3323333333333333, 0.1101111111111111, 0.08233333333333333, 0.3323333333333333, 0.1101111111111111, 0.499, 0.08233333333333333, 0.3323333333333333, 0.1101111111111111, 0.08233333333333333, 0.3323333333333333, 0.1101111111111111, 0.3323333333333333, 0.08233333333333333, 0.3323333333333333, 0.1101111111111111, 0.08233333333333333, 0.3323333333333333, 0.1101111111111111, 0.499, 0.34, 0.34, 0.45, 0.76, 0.01, 0.9, 0.34, 0.08233333333333333, 0.3323333333333333, 0.1101111111111111, 0.26, 0.68, 0.45, 0.51, 0.08233333333333333, 0.3323333333333333, 0.1101111111111111, 0.18, 0.01, 0.68, 0.68, 0.08233333333333333, 0.3323333333333333, 0.1101111111111111, 0.93, 0.68, 0.12, 0.51, 0.08233333333333333, 0.3323333333333333, 0.1101111111111111, 0.34, 0.34, 0.01]"
1268,AAAAAAAAAAAAAAAAAAACZUAD6SAATEV6DDQABRQ_192,4,2,2,1101.1870719930157,25,0.1655842090646425,0.8344157909353574,0.9085758164525032,0.6435454353690148,0.9134321212768556,0.168757805104057,0.8312391037742297,0.9065385372688372,0.6399354163557291,0.9105685869852702,"[0.08233333333333333, 0.3323333333333333, 0.1101111111111111, 0.08233333333333333, 0.3323333333333333, 0.1101111111111111, 0.3323333333333333, 0.08233333333333333, 0.3323333333333333, 0.1101111111111111, 0.08233333333333333, 0.3323333333333333, 0.1101111111111111, 0.499, 0.08233333333333333, 0.3323333333333333, 0.1101111111111111, 0.08233333333333333, 0.3323333333333333, 0.1101111111111111, 0.3323333333333333, 0.08233333333333333, 0.3323333333333333, 0.1101111111111111, 0.08233333333333333, 0.3323333333333333, 0.1101111111111111, 0.499, 0.08233333333333333, 0.3323333333333333, 0.1101111111111111, 0.26, 0.68, 0.23, 0.34, 0.08233333333333333, 0.3323333333333333, 0.1101111111111111, 0.84, 0.68, 0.79, 0.51, 0.08233333333333333, 0.3323333333333333, 0.1101111111111111, 0.59, 0.68, 0.34, 0.34, 0.51, 0.68, 0.9, 0.18, 0.01, 0.57, 0.01, 0.08233333333333333, 0.3323333333333333, 0.1101111111111111, 0.18, 0.01, 0.45]"
1269,MFCQPEAVYABWBAAMMXONJUABSKABVCQACKOBBPA_192,4,2,4,1459.3688342368696,25,0.0693976566195488,0.9306023433804512,0.9639773820837338,0.7196224053700765,0.943690299987793,0.0629746879140536,0.937166138490041,0.9674801168342432,0.7228775978088379,0.9463680982589722,"[0.34, 0.01, 0.68, 0.09, 0.34, 0.01, 0.34, 0.93, 0.34, 0.01, 0.09, 0.34, 0.57, 0.01, 0.08233333333333333, 0.3323333333333333, 0.1101111111111111, 0.34, 0.68, 0.01, 0.34, 0.08233333333333333, 0.3323333333333333, 0.1101111111111111, 0.34, 0.01, 0.9, 0.51, 0.43, 0.34, 0.9, 0.76, 0.34, 0.23, 0.34, 0.08233333333333333, 0.3323333333333333, 0.1101111111111111, 0.34, 0.34, 0.34, 0.51, 0.08233333333333333, 0.3323333333333333, 0.1101111111111111, 0.76, 0.34, 0.12, 0.34, 0.08233333333333333, 0.3323333333333333, 0.1101111111111111, 0.26, 0.34, 0.79, 0.51, 0.68, 0.01, 0.79, 0.26, 0.68, 0.9]"
1270,AAIHIXBAEAASZMA5QV2SJ4AD6S4IMP7ANGJEKXA_192,4,2,4,1722.3304228710476,25,0.6776859521865845,0.3223140478134155,0.4857121542096138,0.2483140995105107,0.2949591954549154,0.6828384721030791,0.3171369158973297,0.4797962258259455,0.2451700600485007,0.2897717714309692,"[0.08233333333333333, 0.3323333333333333, 0.1101111111111111, 0.59, 0.01, 0.57, 0.34, 0.09, 0.34, 0.9, 0.26, 0.01, 0.01, 0.51, 0.08233333333333333, 0.3323333333333333, 0.1101111111111111, 0.26, 0.34, 0.45, 0.34, 0.34, 0.01, 0.01, 0.93, 0.68, 0.01, 0.51, 0.51, 0.68, 0.68, 0.26, 0.34, 0.23, 0.68, 0.08233333333333333, 0.3323333333333333, 0.1101111111111111, 0.84, 0.68, 0.79, 0.51, 0.43, 0.01, 0.79, 0.18, 0.01, 0.57, 0.68, 0.84, 0.01, 0.01, 0.76, 0.01, 0.9, 0.51, 0.26, 0.34, 0.12, 0.51, 0.34, 0.9]"
1271,AAAAAAAAAADJTAAKBAAGLUAA7QABQP4YHLAAHMQ_192,4,2,3,912.684522893047,25,0.0995073889692624,0.9004926110307375,0.9473126962780952,0.6895466466744741,0.9362756411234536,0.0964642393092314,0.9035295598208904,0.9489432687560716,0.6919437520205974,0.9372544527053832,"[0.08233333333333333, 0.3323333333333333, 0.1101111111111111, 0.08233333333333333, 0.3323333333333333, 0.1101111111111111, 0.3323333333333333, 0.08233333333333333, 0.3323333333333333, 0.1101111111111111, 0.08233333333333333, 0.3323333333333333, 0.1101111111111111, 0.499, 0.08233333333333333, 0.3323333333333333, 0.1101111111111111, 0.76, 0.01, 0.9, 0.68, 0.08233333333333333, 0.3323333333333333, 0.1101111111111111, 0.51, 0.01, 0.12, 0.01, 0.08233333333333333, 0.3323333333333333, 0.1101111111111111, 0.34, 0.34, 0.57, 0.34, 0.08233333333333333, 0.3323333333333333, 0.1101111111111111, 0.18, 0.68, 0.9, 0.01, 0.08233333333333333, 0.3323333333333333, 0.1101111111111111, 0.68, 0.01, 0.57, 0.68, 0.68, 0.68, 0.01, 0.43, 0.34, 0.45, 0.01, 0.08233333333333333, 0.3323333333333333, 0.1101111111111111, 0.93, 0.68, 0.34]"
1272,AAAAAAAAAAAAAAAAAAAC2VSAKOEKEFQACJQACNA_192,4,2,2,139.39482314907946,25,0.221290922164917,0.778709077835083,0.873620389898618,0.6266941239436468,0.8958702405293782,0.2219657931476831,0.7780317761003971,0.8728198505938053,0.6219851262867451,0.891077709197998,"[0.08233333333333333, 0.3323333333333333, 0.1101111111111111, 0.08233333333333333, 0.3323333333333333, 0.1101111111111111, 0.3323333333333333, 0.08233333333333333, 0.3323333333333333, 0.1101111111111111, 0.08233333333333333, 0.3323333333333333, 0.1101111111111111, 0.499, 0.08233333333333333, 0.3323333333333333, 0.1101111111111111, 0.08233333333333333, 0.3323333333333333, 0.1101111111111111, 0.3323333333333333, 0.08233333333333333, 0.3323333333333333, 0.1101111111111111, 0.08233333333333333, 0.3323333333333333, 0.1101111111111111, 0.499, 0.08233333333333333, 0.3323333333333333, 0.1101111111111111, 0.26, 0.68, 0.68, 0.34, 0.34, 0.34, 0.01, 0.09, 0.34, 0.23, 0.51, 0.09, 0.01, 0.68, 0.09, 0.01, 0.34, 0.68, 0.08233333333333333, 0.3323333333333333, 0.1101111111111111, 0.26, 0.34, 0.23, 0.01, 0.08233333333333333, 0.3323333333333333, 0.1101111111111111, 0.59, 0.68, 0.79]"
1273,AAZ4YAAQMABINAAGQQAP2UAAOQVDXC5JS2IADEQ_192,4,2,4,465.249716140097,25,0.0547825043400128,0.9452174956599873,0.9717712009946504,0.7210028141736984,0.9468487103780112,0.0499195831517378,0.9500754983474812,0.9743386538078388,0.7234735783189535,0.947824239730835,"[0.08233333333333333, 0.3323333333333333, 0.1101111111111111, 0.68, 0.68, 0.9, 0.68, 0.08233333333333333, 0.3323333333333333, 0.1101111111111111, 0.09, 0.01, 0.12, 0.51, 0.08233333333333333, 0.3323333333333333, 0.1101111111111111, 0.51, 0.01, 0.23, 0.34, 0.08233333333333333, 0.3323333333333333, 0.1101111111111111, 0.18, 0.34, 0.01, 0.51, 0.08233333333333333, 0.3323333333333333, 0.1101111111111111, 0.84, 0.68, 0.68, 0.34, 0.08233333333333333, 0.3323333333333333, 0.1101111111111111, 0.09, 0.68, 0.79, 0.01, 0.51, 0.34, 0.12, 0.76, 0.68, 0.12, 0.34, 0.76, 0.34, 0.23, 0.26, 0.68, 0.79, 0.51, 0.08233333333333333, 0.3323333333333333, 0.1101111111111111, 0.34, 0.34, 0.34]"
1274,AAAAAAAAAAAAAAAAAMZ7DMABXSJBTLQAMLYAH5Q_192,4,2,2,2207.4124951330014,25,0.0997591311732928,0.9002408688267072,0.9471220165491104,0.7036112273732821,0.9336687405904134,0.1085580625881751,0.8915292465438446,0.9421057912210624,0.6996935632079839,0.9312626282374064,"[0.08233333333333333, 0.3323333333333333, 0.1101111111111111, 0.08233333333333333, 0.3323333333333333, 0.1101111111111111, 0.3323333333333333, 0.08233333333333333, 0.3323333333333333, 0.1101111111111111, 0.08233333333333333, 0.3323333333333333, 0.1101111111111111, 0.499, 0.08233333333333333, 0.3323333333333333, 0.1101111111111111, 0.08233333333333333, 0.3323333333333333, 0.1101111111111111, 0.3323333333333333, 0.08233333333333333, 0.3323333333333333, 0.1101111111111111, 0.08233333333333333, 0.3323333333333333, 0.1101111111111111, 0.499, 0.68, 0.68, 0.23, 0.84, 0.01, 0.45, 0.68, 0.08233333333333333, 0.3323333333333333, 0.1101111111111111, 0.34, 0.68, 0.9, 0.51, 0.26, 0.34, 0.01, 0.68, 0.68, 0.68, 0.68, 0.08233333333333333, 0.3323333333333333, 0.1101111111111111, 0.68, 0.34, 0.57, 0.51, 0.08233333333333333, 0.3323333333333333, 0.1101111111111111, 0.84, 0.68, 0.45]"
1275,7X3R6HAULQLC5AACHDDPIUAA655LQOQAPBQAH5Q_192,4,2,4,4562.533222232014,25,0.0738874246676763,0.9261125753323236,0.9615285729368528,0.7099706992506981,0.9450236002604168,0.0687833901494741,0.931258257602652,0.964317525178194,0.7126075603067875,0.9450271288553874,"[0.84, 0.68, 0.57, 0.76, 0.68, 0.12, 0.68, 0.68, 0.34, 0.9, 0.09, 0.34, 0.12, 0.01, 0.93, 0.01, 0.34, 0.68, 0.34, 0.57, 0.34, 0.08233333333333333, 0.3323333333333333, 0.1101111111111111, 0.09, 0.01, 0.57, 0.01, 0.18, 0.01, 0.45, 0.84, 0.34, 0.12, 0.34, 0.08233333333333333, 0.3323333333333333, 0.1101111111111111, 0.18, 0.68, 0.57, 0.01, 0.84, 0.34, 0.68, 0.68, 0.01, 0.57, 0.34, 0.08233333333333333, 0.3323333333333333, 0.1101111111111111, 0.84, 0.01, 0.23, 0.01, 0.08233333333333333, 0.3323333333333333, 0.1101111111111111, 0.84, 0.68, 0.45]"
1276,AAAAAAAAAAAAAAAAAAAFZUABOSNGHB6OHJL5GUI_192,4,2,2,1163.2238458599895,25,0.1223100776473681,0.8776899223526319,0.934140619635582,0.686025316019853,0.9278850237528484,0.1103234906991322,0.8896659163137277,0.9410561211407183,0.6900645524263382,0.930496335029602,"[0.08233333333333333, 0.3323333333333333, 0.1101111111111111, 0.08233333333333333, 0.3323333333333333, 0.1101111111111111, 0.3323333333333333, 0.08233333333333333, 0.3323333333333333, 0.1101111111111111, 0.08233333333333333, 0.3323333333333333, 0.1101111111111111, 0.499, 0.08233333333333333, 0.3323333333333333, 0.1101111111111111, 0.08233333333333333, 0.3323333333333333, 0.1101111111111111, 0.3323333333333333, 0.08233333333333333, 0.3323333333333333, 0.1101111111111111, 0.08233333333333333, 0.3323333333333333, 0.1101111111111111, 0.499, 0.08233333333333333, 0.3323333333333333, 0.1101111111111111, 0.51, 0.68, 0.23, 0.34, 0.08233333333333333, 0.3323333333333333, 0.1101111111111111, 0.51, 0.68, 0.79, 0.51, 0.18, 0.34, 0.23, 0.09, 0.68, 0.01, 0.68, 0.93, 0.34, 0.9, 0.43, 0.34, 0.34, 0.51, 0.43, 0.68, 0.79, 0.76, 0.34, 0.12]"
1277,AAAAAAAAAAAAAAAAAOIOOE6YQHTYZAW6BJ2HGEQ_192,4,2,2,14200.387777000898,25,0.0525288139780362,0.9474711860219638,0.972941662867864,0.7189715752998987,0.945909563700358,0.0498862442870934,0.950102128709356,0.9743345903853576,0.720861966535449,0.946846850713094,"[0.08233333333333333, 0.3323333333333333, 0.1101111111111111, 0.08233333333333333, 0.3323333333333333, 0.1101111111111111, 0.3323333333333333, 0.08233333333333333, 0.3323333333333333, 0.1101111111111111, 0.08233333333333333, 0.3323333333333333, 0.1101111111111111, 0.499, 0.08233333333333333, 0.3323333333333333, 0.1101111111111111, 0.08233333333333333, 0.3323333333333333, 0.1101111111111111, 0.3323333333333333, 0.08233333333333333, 0.3323333333333333, 0.1101111111111111, 0.08233333333333333, 0.3323333333333333, 0.1101111111111111, 0.499, 0.93, 0.34, 0.01, 0.93, 0.34, 0.9, 0.34, 0.18, 0.68, 0.45, 0.26, 0.01, 0.12, 0.51, 0.68, 0.68, 0.9, 0.34, 0.34, 0.01, 0.34, 0.34, 0.68, 0.9, 0.09, 0.34, 0.23, 0.51, 0.59, 0.34, 0.9, 0.68, 0.34, 0.34]"
1278,AAAAAAAAAAAAAAAAAAAC2PZQ6WTP4N5Z5ZZNQ4A_192,4,2,2,3091.109090527054,25,0.0778994520505269,0.922100547949473,0.9592017874121666,0.7112505972385407,0.9406630833943684,0.073300967986385,0.9265880881498256,0.961679230009516,0.7129761486003796,0.9408855040868124,"[0.08233333333333333, 0.3323333333333333, 0.1101111111111111, 0.08233333333333333, 0.3323333333333333, 0.1101111111111111, 0.3323333333333333, 0.08233333333333333, 0.3323333333333333, 0.1101111111111111, 0.08233333333333333, 0.3323333333333333, 0.1101111111111111, 0.499, 0.08233333333333333, 0.3323333333333333, 0.1101111111111111, 0.08233333333333333, 0.3323333333333333, 0.1101111111111111, 0.3323333333333333, 0.08233333333333333, 0.3323333333333333, 0.1101111111111111, 0.08233333333333333, 0.3323333333333333, 0.1101111111111111, 0.499, 0.08233333333333333, 0.3323333333333333, 0.1101111111111111, 0.26, 0.68, 0.79, 0.68, 0.84, 0.01, 0.9, 0.18, 0.68, 0.68, 0.51, 0.59, 0.68, 0.57, 0.84, 0.01, 0.45, 0.68, 0.76, 0.68, 0.23, 0.76, 0.68, 0.23, 0.51, 0.26, 0.68, 0.45, 0.09, 0.68, 0.01]"
1279,6XKA24O4V6PBT5Q5VQABJHQYOAHEME5CNLKNGMA_192,4,2,4,10401.65688024601,25,0.0540199349323908,0.9459800650676092,0.9721393475929896,0.7142802784840266,0.9461201985677083,0.0498154215514659,0.950183550765117,0.9743885913242896,0.7165716692805291,0.9463770945866904,"[0.84, 0.34, 0.57, 0.51, 0.01, 0.01, 0.68, 0.51, 0.68, 0.12, 0.76, 0.68, 0.34, 0.51, 0.43, 0.68, 0.23, 0.68, 0.01, 0.9, 0.68, 0.93, 0.68, 0.01, 0.93, 0.68, 0.68, 0.51, 0.08233333333333333, 0.3323333333333333, 0.1101111111111111, 0.09, 0.34, 0.34, 0.34, 0.93, 0.01, 0.45, 0.09, 0.68, 0.01, 0.01, 0.09, 0.68, 0.34, 0.18, 0.01, 0.34, 0.34, 0.76, 0.01, 0.79, 0.76, 0.34, 0.45, 0.51, 0.59, 0.68, 0.79, 0.68, 0.68, 0.01]"
1280,KQIV2EJFAAD2PAAJRPBRIVGDA7QEZHQACIYAGFA_192,4,2,4,779.086525634164,25,0.0864826947450637,0.9135173052549362,0.9544561142722766,0.7064131160577138,0.9393489837646484,0.0827240438510974,0.9172446017464002,0.9565605937192836,0.7082353067894777,0.940693473815918,"[0.51, 0.34, 0.01, 0.59, 0.34, 0.68, 0.68, 0.59, 0.34, 0.12, 0.26, 0.34, 0.79, 0.01, 0.08233333333333333, 0.3323333333333333, 0.1101111111111111, 0.84, 0.34, 0.23, 0.68, 0.08233333333333333, 0.3323333333333333, 0.1101111111111111, 0.59, 0.68, 0.12, 0.01, 0.84, 0.01, 0.23, 0.09, 0.34, 0.12, 0.34, 0.59, 0.68, 0.01, 0.68, 0.01, 0.57, 0.51, 0.68, 0.01, 0.34, 0.34, 0.34, 0.23, 0.68, 0.08233333333333333, 0.3323333333333333, 0.1101111111111111, 0.26, 0.34, 0.12, 0.51, 0.08233333333333333, 0.3323333333333333, 0.1101111111111111, 0.68, 0.34, 0.79]"
1281,AAAAAAAAAAAAAAAAAAAOJ4AB62ABRDQAO3QAC5Y_192,4,2,2,6094.019030462951,25,0.0927367106080055,0.9072632893919944,0.9510693972309432,0.6937440599004427,0.9352739969889324,0.0915207320203383,0.908476271852851,0.9516067923357088,0.6935997229069472,0.9358394861221312,"[0.08233333333333333, 0.3323333333333333, 0.1101111111111111, 0.08233333333333333, 0.3323333333333333, 0.1101111111111111, 0.3323333333333333, 0.08233333333333333, 0.3323333333333333, 0.1101111111111111, 0.08233333333333333, 0.3323333333333333, 0.1101111111111111, 0.499, 0.08233333333333333, 0.3323333333333333, 0.1101111111111111, 0.08233333333333333, 0.3323333333333333, 0.1101111111111111, 0.3323333333333333, 0.08233333333333333, 0.3323333333333333, 0.1101111111111111, 0.08233333333333333, 0.3323333333333333, 0.1101111111111111, 0.499, 0.08233333333333333, 0.3323333333333333, 0.1101111111111111, 0.93, 0.34, 0.23, 0.68, 0.08233333333333333, 0.3323333333333333, 0.1101111111111111, 0.43, 0.68, 0.45, 0.51, 0.08233333333333333, 0.3323333333333333, 0.1101111111111111, 0.68, 0.34, 0.12, 0.68, 0.08233333333333333, 0.3323333333333333, 0.1101111111111111, 0.93, 0.68, 0.57, 0.01, 0.08233333333333333, 0.3323333333333333, 0.1101111111111111, 0.51, 0.68, 0.57]"
1282,AAAAAAAAAAAAAAAAAAAGCMAAKKAAUPQAMZHMJBQ_192,4,2,2,294.7365944541525,25,0.1367148155967394,0.8632851844032605,0.9256709471344948,0.6722223435839018,0.9225357055664064,0.1349196768055359,0.8650780623157819,0.9267508839567502,0.6703028574585914,0.9220704555511474,"[0.08233333333333333, 0.3323333333333333, 0.1101111111111111, 0.08233333333333333, 0.3323333333333333, 0.1101111111111111, 0.3323333333333333, 0.08233333333333333, 0.3323333333333333, 0.1101111111111111, 0.08233333333333333, 0.3323333333333333, 0.1101111111111111, 0.499, 0.08233333333333333, 0.3323333333333333, 0.1101111111111111, 0.08233333333333333, 0.3323333333333333, 0.1101111111111111, 0.3323333333333333, 0.08233333333333333, 0.3323333333333333, 0.1101111111111111, 0.08233333333333333, 0.3323333333333333, 0.1101111111111111, 0.499, 0.08233333333333333, 0.3323333333333333, 0.1101111111111111, 0.34, 0.01, 0.79, 0.68, 0.08233333333333333, 0.3323333333333333, 0.1101111111111111, 0.09, 0.34, 0.34, 0.51, 0.08233333333333333, 0.3323333333333333, 0.1101111111111111, 0.51, 0.01, 0.57, 0.68, 0.08233333333333333, 0.3323333333333333, 0.1101111111111111, 0.68, 0.68, 0.34, 0.01, 0.93, 0.68, 0.12, 0.26, 0.01, 0.45]"
1283,AAAAAAAAAABGJGMJQQAM3EADKWNKVHU2CBOEXTA_192,4,2,3,692.7118962882087,25,0.0863947411378224,0.9136052588621776,0.9545069426298142,0.6922469720244407,0.9375363667805988,0.09087655544281,0.9091225316127142,0.9518901309619348,0.6883498006810744,0.9363089720408122,"[0.08233333333333333, 0.3323333333333333, 0.1101111111111111, 0.08233333333333333, 0.3323333333333333, 0.1101111111111111, 0.3323333333333333, 0.08233333333333333, 0.3323333333333333, 0.1101111111111111, 0.08233333333333333, 0.3323333333333333, 0.1101111111111111, 0.499, 0.08233333333333333, 0.3323333333333333, 0.1101111111111111, 0.59, 0.68, 0.34, 0.34, 0.18, 0.01, 0.9, 0.59, 0.68, 0.01, 0.51, 0.08233333333333333, 0.3323333333333333, 0.1101111111111111, 0.68, 0.68, 0.45, 0.34, 0.08233333333333333, 0.3323333333333333, 0.1101111111111111, 0.76, 0.34, 0.68, 0.51, 0.18, 0.34, 0.68, 0.51, 0.34, 0.23, 0.68, 0.59, 0.68, 0.79, 0.26, 0.01, 0.34, 0.51, 0.68, 0.34, 0.34, 0.84, 0.01, 0.9]"
1284,AAAAAAAAAQB6FAA7VAAPK4AASPXEMYTBFD6EBUQ_192,4,2,3,1253.5936158217955,25,0.0868084192276001,0.9131915807724,0.9541766554117204,0.6939921408891678,0.938474178314209,0.0966022748500108,0.9033959726492564,0.948754565914472,0.6885718379169703,0.9347028732299804,"[0.08233333333333333, 0.3323333333333333, 0.1101111111111111, 0.08233333333333333, 0.3323333333333333, 0.1101111111111111, 0.3323333333333333, 0.08233333333333333, 0.3323333333333333, 0.1101111111111111, 0.08233333333333333, 0.3323333333333333, 0.1101111111111111, 0.499, 0.26, 0.01, 0.01, 0.43, 0.68, 0.12, 0.34, 0.08233333333333333, 0.3323333333333333, 0.1101111111111111, 0.84, 0.68, 0.68, 0.01, 0.08233333333333333, 0.3323333333333333, 0.1101111111111111, 0.84, 0.34, 0.68, 0.68, 0.08233333333333333, 0.3323333333333333, 0.1101111111111111, 0.26, 0.34, 0.23, 0.51, 0.76, 0.68, 0.34, 0.18, 0.01, 0.9, 0.34, 0.18, 0.01, 0.34, 0.51, 0.01, 0.57, 0.51, 0.68, 0.34, 0.01, 0.18, 0.34, 0.34]"
1285,AAAAAAAABRRSBAAMUQAND5KBIUZP4MWZUJ7FPVI_192,4,2,3,532.7275673609693,25,0.0694945191343625,0.9305054808656374,0.9638221874833108,0.7157908047238986,0.9424344380696614,0.0687415124227603,0.9312402738879124,0.9641645713398854,0.715783933425943,0.9426963567733764,"[0.08233333333333333, 0.3323333333333333, 0.1101111111111111, 0.08233333333333333, 0.3323333333333333, 0.1101111111111111, 0.3323333333333333, 0.08233333333333333, 0.3323333333333333, 0.1101111111111111, 0.08233333333333333, 0.3323333333333333, 0.1101111111111111, 0.499, 0.34, 0.01, 0.9, 0.34, 0.34, 0.01, 0.34, 0.08233333333333333, 0.3323333333333333, 0.1101111111111111, 0.34, 0.34, 0.79, 0.51, 0.08233333333333333, 0.3323333333333333, 0.1101111111111111, 0.76, 0.01, 0.57, 0.68, 0.51, 0.34, 0.01, 0.51, 0.01, 0.68, 0.01, 0.34, 0.34, 0.57, 0.84, 0.01, 0.45, 0.34, 0.34, 0.68, 0.23, 0.59, 0.34, 0.23, 0.51, 0.93, 0.34, 0.68, 0.84, 0.34, 0.68]"
1286,AAAAAAAAAAAOLORIC5GN3EABOCABXHTYTCXQYTA_192,4,2,3,874.2446034960449,25,0.1864571457107861,0.8135428542892138,0.8955689157048862,0.6137146890163422,0.9066781679789224,0.2047038288166125,0.7952938109636307,0.8841169022023678,0.6000980750968059,0.8981410026550293,"[0.08233333333333333, 0.3323333333333333, 0.1101111111111111, 0.08233333333333333, 0.3323333333333333, 0.1101111111111111, 0.3323333333333333, 0.08233333333333333, 0.3323333333333333, 0.1101111111111111, 0.08233333333333333, 0.3323333333333333, 0.1101111111111111, 0.499, 0.08233333333333333, 0.3323333333333333, 0.1101111111111111, 0.09, 0.68, 0.34, 0.68, 0.43, 0.34, 0.12, 0.59, 0.01, 0.34, 0.51, 0.76, 0.01, 0.9, 0.76, 0.68, 0.45, 0.34, 0.08233333333333333, 0.3323333333333333, 0.1101111111111111, 0.51, 0.68, 0.01, 0.51, 0.08233333333333333, 0.3323333333333333, 0.1101111111111111, 0.76, 0.68, 0.23, 0.68, 0.18, 0.68, 0.12, 0.18, 0.01, 0.68, 0.01, 0.84, 0.01, 0.23, 0.09, 0.01, 0.9]"
1287,AAAAAAAAAAAYNAAYEQAP2MADQJVP5M6LSIL4DBI_192,4,2,3,2375.465386762051,25,0.0890964453419049,0.910903554658095,0.9531153579552968,0.6972754999995232,0.9375311533610026,0.0904044721275568,0.9095933926602204,0.9523458994925024,0.6969516966491938,0.9383514483769736,"[0.08233333333333333, 0.3323333333333333, 0.1101111111111111, 0.08233333333333333, 0.3323333333333333, 0.1101111111111111, 0.3323333333333333, 0.08233333333333333, 0.3323333333333333, 0.1101111111111111, 0.08233333333333333, 0.3323333333333333, 0.1101111111111111, 0.499, 0.08233333333333333, 0.3323333333333333, 0.1101111111111111, 0.18, 0.01, 0.23, 0.34, 0.08233333333333333, 0.3323333333333333, 0.1101111111111111, 0.68, 0.01, 0.79, 0.51, 0.08233333333333333, 0.3323333333333333, 0.1101111111111111, 0.84, 0.68, 0.79, 0.68, 0.08233333333333333, 0.3323333333333333, 0.1101111111111111, 0.93, 0.01, 0.34, 0.01, 0.76, 0.34, 0.57, 0.84, 0.34, 0.45, 0.34, 0.93, 0.34, 0.57, 0.26, 0.34, 0.01, 0.51, 0.43, 0.68, 0.01, 0.34, 0.01, 0.68]"
1288,AAYX2F7EFQEITAACED37JMADOWIDYEVJSJYAGUI_192,4,2,4,2172.2072324561886,25,0.0920745258529981,0.907925474147002,0.951433648665746,0.68944860547781,0.9371739387512208,0.0876489672809839,0.9123495671898126,0.9537805669009686,0.6911964286118746,0.9372538407643636,"[0.08233333333333333, 0.3323333333333333, 0.1101111111111111, 0.68, 0.34, 0.57, 0.68, 0.59, 0.34, 0.57, 0.93, 0.34, 0.01, 0.51, 0.34, 0.01, 0.12, 0.09, 0.01, 0.79, 0.68, 0.08233333333333333, 0.3323333333333333, 0.1101111111111111, 0.09, 0.01, 0.79, 0.01, 0.18, 0.68, 0.57, 0.84, 0.34, 0.34, 0.68, 0.08233333333333333, 0.3323333333333333, 0.1101111111111111, 0.76, 0.68, 0.68, 0.51, 0.26, 0.01, 0.12, 0.93, 0.01, 0.34, 0.34, 0.51, 0.34, 0.23, 0.26, 0.34, 0.23, 0.51, 0.08233333333333333, 0.3323333333333333, 0.1101111111111111, 0.76, 0.34, 0.12]"
1289,4FKDJM6FEABKPOMHTS37LM27CQAAUKVAEIAACBA_192,4,2,4,1301.4153761409689,25,0.0750971212983131,0.9249028787016867,0.9607890650629998,0.7069755077362061,0.9412131309509276,0.0763893612970908,0.9236088171601295,0.9599915427466232,0.7069574036945899,0.9402315139770508,"[0.93, 0.01, 0.68, 0.51, 0.01, 0.23, 0.34, 0.26, 0.68, 0.23, 0.68, 0.34, 0.79, 0.51, 0.08233333333333333, 0.3323333333333333, 0.1101111111111111, 0.51, 0.34, 0.23, 0.68, 0.43, 0.01, 0.9, 0.18, 0.68, 0.23, 0.51, 0.26, 0.68, 0.57, 0.84, 0.34, 0.45, 0.68, 0.18, 0.34, 0.57, 0.68, 0.34, 0.79, 0.01, 0.08233333333333333, 0.3323333333333333, 0.1101111111111111, 0.51, 0.01, 0.68, 0.34, 0.51, 0.01, 0.01, 0.59, 0.34, 0.01, 0.01, 0.08233333333333333, 0.3323333333333333, 0.1101111111111111, 0.59, 0.01, 0.79]"
1290,AAAAAAAABS32TAAJV4ZPOMADGIAAVB6CNCXETBY_192,4,2,3,3651.9289543279447,25,0.0579528207580248,0.9420471792419752,0.970049598813057,0.7167244017124176,0.944181251525879,0.0556265585124492,0.94437160367767,0.9712755641589562,0.7178839139640332,0.9461100816726684,"[0.08233333333333333, 0.3323333333333333, 0.1101111111111111, 0.08233333333333333, 0.3323333333333333, 0.1101111111111111, 0.3323333333333333, 0.08233333333333333, 0.3323333333333333, 0.1101111111111111, 0.08233333333333333, 0.3323333333333333, 0.1101111111111111, 0.499, 0.34, 0.34, 0.45, 0.84, 0.34, 0.79, 0.68, 0.08233333333333333, 0.3323333333333333, 0.1101111111111111, 0.59, 0.68, 0.68, 0.51, 0.68, 0.68, 0.34, 0.84, 0.34, 0.9, 0.68, 0.08233333333333333, 0.3323333333333333, 0.1101111111111111, 0.68, 0.68, 0.34, 0.01, 0.08233333333333333, 0.3323333333333333, 0.1101111111111111, 0.51, 0.34, 0.01, 0.68, 0.93, 0.01, 0.79, 0.76, 0.01, 0.68, 0.01, 0.93, 0.34, 0.34, 0.34, 0.01, 0.57]"
1291,6FEUIAHUEABCJAAGGCGNY4ABOIAA5HVZO3YABXA_192,4,2,4,1409.170225611888,25,0.0593084221084912,0.9406915778915088,0.9693378195166588,0.7087472562988599,0.9449124972025552,0.0597309203197558,0.9402678473542134,0.9691172024856012,0.7087716985493898,0.9456465641657512,"[0.84, 0.01, 0.68, 0.26, 0.34, 0.79, 0.34, 0.08233333333333333, 0.3323333333333333, 0.1101111111111111, 0.84, 0.34, 0.01, 0.51, 0.08233333333333333, 0.3323333333333333, 0.1101111111111111, 0.59, 0.34, 0.34, 0.34, 0.08233333333333333, 0.3323333333333333, 0.1101111111111111, 0.18, 0.01, 0.45, 0.01, 0.26, 0.01, 0.9, 0.76, 0.68, 0.12, 0.68, 0.08233333333333333, 0.3323333333333333, 0.1101111111111111, 0.51, 0.68, 0.34, 0.01, 0.08233333333333333, 0.3323333333333333, 0.1101111111111111, 0.43, 0.34, 0.23, 0.68, 0.51, 0.68, 0.34, 0.93, 0.68, 0.57, 0.51, 0.08233333333333333, 0.3323333333333333, 0.1101111111111111, 0.18, 0.34, 0.9]"
1292,AAAAAAAAAADWTAACGC24CPGBGMAAPCQAE3YV75Q_192,4,2,3,2455.212006872054,25,0.1146848246455192,0.8853151753544808,0.93875972032547,0.6803473025560379,0.9309534390767416,0.1179401356726884,0.8820582445710897,0.9367093792806068,0.6795737066616615,0.930333153406779,"[0.08233333333333333, 0.3323333333333333, 0.1101111111111111, 0.08233333333333333, 0.3323333333333333, 0.1101111111111111, 0.3323333333333333, 0.08233333333333333, 0.3323333333333333, 0.1101111111111111, 0.08233333333333333, 0.3323333333333333, 0.1101111111111111, 0.499, 0.08233333333333333, 0.3323333333333333, 0.1101111111111111, 0.93, 0.68, 0.79, 0.68, 0.08233333333333333, 0.3323333333333333, 0.1101111111111111, 0.09, 0.01, 0.45, 0.01, 0.26, 0.68, 0.68, 0.68, 0.01, 0.79, 0.68, 0.68, 0.68, 0.01, 0.59, 0.68, 0.23, 0.01, 0.08233333333333333, 0.3323333333333333, 0.1101111111111111, 0.18, 0.68, 0.12, 0.34, 0.08233333333333333, 0.3323333333333333, 0.1101111111111111, 0.59, 0.68, 0.57, 0.51, 0.09, 0.34, 0.57, 0.84, 0.68, 0.45]"
1293,AAAAAAAAAADORPREGDDEJMABA4YF3HQAPLGMIQY_192,4,2,3,998.380184625974,25,0.1006531417369842,0.8993468582630157,0.946615874270598,0.6873023202021916,0.9370819727579752,0.0942151715358098,0.9057714874545734,0.950304822747906,0.6908950433135033,0.9380358139673868,"[0.08233333333333333, 0.3323333333333333, 0.1101111111111111, 0.08233333333333333, 0.3323333333333333, 0.1101111111111111, 0.3323333333333333, 0.08233333333333333, 0.3323333333333333, 0.1101111111111111, 0.08233333333333333, 0.3323333333333333, 0.1101111111111111, 0.499, 0.08233333333333333, 0.3323333333333333, 0.1101111111111111, 0.76, 0.68, 0.79, 0.34, 0.43, 0.68, 0.12, 0.26, 0.01, 0.45, 0.01, 0.18, 0.01, 0.45, 0.59, 0.34, 0.34, 0.68, 0.08233333333333333, 0.3323333333333333, 0.1101111111111111, 0.59, 0.01, 0.57, 0.01, 0.34, 0.01, 0.34, 0.93, 0.68, 0.23, 0.68, 0.08233333333333333, 0.3323333333333333, 0.1101111111111111, 0.84, 0.34, 0.45, 0.01, 0.68, 0.68, 0.12, 0.09, 0.01, 0.23]"
1294,AAAAAAAAAAAPRAAPSNDTBEABASAAZASKE2RBRUA_192,4,2,3,244.8662515149917,25,0.6827832366029422,0.3172167633970578,0.4797416528065999,0.2557193160057068,0.2895919799804687,0.682381363833944,0.3176184089233478,0.4802961066365242,0.2577589264760415,0.2911135752995809,"[0.08233333333333333, 0.3323333333333333, 0.1101111111111111, 0.08233333333333333, 0.3323333333333333, 0.1101111111111111, 0.3323333333333333, 0.08233333333333333, 0.3323333333333333, 0.1101111111111111, 0.08233333333333333, 0.3323333333333333, 0.1101111111111111, 0.499, 0.08233333333333333, 0.3323333333333333, 0.1101111111111111, 0.09, 0.68, 0.9, 0.34, 0.08233333333333333, 0.3323333333333333, 0.1101111111111111, 0.43, 0.68, 0.34, 0.01, 0.76, 0.01, 0.57, 0.18, 0.01, 0.34, 0.34, 0.08233333333333333, 0.3323333333333333, 0.1101111111111111, 0.59, 0.01, 0.79, 0.51, 0.08233333333333333, 0.3323333333333333, 0.1101111111111111, 0.34, 0.34, 0.01, 0.34, 0.26, 0.34, 0.79, 0.59, 0.68, 0.68, 0.01, 0.26, 0.01, 0.45, 0.18, 0.34, 0.01]"
1295,AAAAAAAAAAAAAAAAACJDKVKXOWABZLRJ5LSMXNI_192,4,2,2,1971.4080402781256,25,0.1071908275286356,0.8928091724713644,0.9426611731449764,0.6798870712518692,0.9325873374938964,0.10073962037762,0.8992591531326374,0.9464985210448504,0.6838613162438075,0.9334988753000896,"[0.08233333333333333, 0.3323333333333333, 0.1101111111111111, 0.08233333333333333, 0.3323333333333333, 0.1101111111111111, 0.3323333333333333, 0.08233333333333333, 0.3323333333333333, 0.1101111111111111, 0.08233333333333333, 0.3323333333333333, 0.1101111111111111, 0.499, 0.08233333333333333, 0.3323333333333333, 0.1101111111111111, 0.08233333333333333, 0.3323333333333333, 0.1101111111111111, 0.3323333333333333, 0.08233333333333333, 0.3323333333333333, 0.1101111111111111, 0.08233333333333333, 0.3323333333333333, 0.1101111111111111, 0.499, 0.26, 0.34, 0.34, 0.18, 0.34, 0.68, 0.34, 0.51, 0.34, 0.68, 0.76, 0.68, 0.68, 0.51, 0.08233333333333333, 0.3323333333333333, 0.1101111111111111, 0.93, 0.34, 0.68, 0.68, 0.09, 0.34, 0.23, 0.76, 0.34, 0.57, 0.01, 0.59, 0.68, 0.34, 0.93, 0.68, 0.68]"
1296,AAAAAAAAAIRGHAA4EQAH6MADTSMOZKQANZAADQY_192,4,2,3,4029.776684331941,25,0.110246925552686,0.889753074447314,0.9410012995203336,0.6757072165608407,0.9313398679097492,0.1252730744580427,0.8747258367637794,0.932116788253188,0.6639094526569048,0.924811577796936,"[0.08233333333333333, 0.3323333333333333, 0.1101111111111111, 0.08233333333333333, 0.3323333333333333, 0.1101111111111111, 0.3323333333333333, 0.08233333333333333, 0.3323333333333333, 0.1101111111111111, 0.08233333333333333, 0.3323333333333333, 0.1101111111111111, 0.499, 0.09, 0.01, 0.79, 0.59, 0.68, 0.12, 0.68, 0.08233333333333333, 0.3323333333333333, 0.1101111111111111, 0.93, 0.01, 0.79, 0.51, 0.08233333333333333, 0.3323333333333333, 0.1101111111111111, 0.43, 0.68, 0.9, 0.68, 0.08233333333333333, 0.3323333333333333, 0.1101111111111111, 0.93, 0.34, 0.9, 0.51, 0.18, 0.01, 0.57, 0.34, 0.34, 0.68, 0.34, 0.08233333333333333, 0.3323333333333333, 0.1101111111111111, 0.76, 0.68, 0.34, 0.01, 0.08233333333333333, 0.3323333333333333, 0.1101111111111111, 0.43, 0.01, 0.23]"
1297,AAAAAAAADSNAHYTIMUIGCMAAQSHENKW3TCIUY5Y_192,4,2,3,1812.8726300210687,25,0.6810198252399763,0.3189801747600237,0.4816168591380119,0.2629487529397011,0.2917604446411133,0.682418588300546,0.3175807955364386,0.4802430974940458,0.2621996478488048,0.2905714591344198,"[0.08233333333333333, 0.3323333333333333, 0.1101111111111111, 0.08233333333333333, 0.3323333333333333, 0.1101111111111111, 0.3323333333333333, 0.08233333333333333, 0.3323333333333333, 0.1101111111111111, 0.08233333333333333, 0.3323333333333333, 0.1101111111111111, 0.499, 0.93, 0.34, 0.23, 0.59, 0.01, 0.12, 0.68, 0.68, 0.34, 0.23, 0.59, 0.01, 0.9, 0.51, 0.59, 0.34, 0.01, 0.34, 0.01, 0.79, 0.68, 0.08233333333333333, 0.3323333333333333, 0.1101111111111111, 0.26, 0.01, 0.79, 0.51, 0.09, 0.68, 0.34, 0.18, 0.34, 0.68, 0.34, 0.34, 0.68, 0.57, 0.18, 0.01, 0.79, 0.51, 0.09, 0.34, 0.23, 0.09, 0.68, 0.57]"
1298,AAAAAAAAAAAAAAAAAOJPJ4ABW75EPPROBAIADFI_192,4,2,2,7688.678908115951,25,0.2318226685126622,0.7681773314873378,0.8669540161887804,0.6280411844452222,0.8876042683919271,0.2455071276674668,0.7544770495345196,0.857951328655084,0.6201194625347852,0.8821869055430095,"[0.08233333333333333, 0.3323333333333333, 0.1101111111111111, 0.08233333333333333, 0.3323333333333333, 0.1101111111111111, 0.3323333333333333, 0.08233333333333333, 0.3323333333333333, 0.1101111111111111, 0.08233333333333333, 0.3323333333333333, 0.1101111111111111, 0.499, 0.08233333333333333, 0.3323333333333333, 0.1101111111111111, 0.08233333333333333, 0.3323333333333333, 0.1101111111111111, 0.3323333333333333, 0.08233333333333333, 0.3323333333333333, 0.1101111111111111, 0.08233333333333333, 0.3323333333333333, 0.1101111111111111, 0.499, 0.93, 0.34, 0.34, 0.84, 0.34, 0.23, 0.68, 0.08233333333333333, 0.3323333333333333, 0.1101111111111111, 0.34, 0.68, 0.57, 0.51, 0.84, 0.34, 0.34, 0.18, 0.68, 0.57, 0.68, 0.09, 0.34, 0.9, 0.09, 0.01, 0.01, 0.51, 0.08233333333333333, 0.3323333333333333, 0.1101111111111111, 0.34, 0.34, 0.68]"
1299,AAAAAAAAAQ57T4WLR4D76EAA6QJNZFQAMILF2UY_192,4,2,3,3647.082390079042,25,0.0512604226668675,0.9487395773331324,0.9736401667197544,0.7207422286272049,0.9468749364217124,0.0538432866334915,0.9461490797499816,0.9722349002957344,0.7199124207099279,0.9461334546407064,"[0.08233333333333333, 0.3323333333333333, 0.1101111111111111, 0.08233333333333333, 0.3323333333333333, 0.1101111111111111, 0.3323333333333333, 0.08233333333333333, 0.3323333333333333, 0.1101111111111111, 0.08233333333333333, 0.3323333333333333, 0.1101111111111111, 0.499, 0.26, 0.01, 0.57, 0.43, 0.68, 0.9, 0.68, 0.93, 0.34, 0.45, 0.51, 0.68, 0.12, 0.51, 0.68, 0.01, 0.57, 0.84, 0.68, 0.9, 0.34, 0.08233333333333333, 0.3323333333333333, 0.1101111111111111, 0.18, 0.68, 0.79, 0.01, 0.26, 0.34, 0.45, 0.93, 0.34, 0.34, 0.68, 0.08233333333333333, 0.3323333333333333, 0.1101111111111111, 0.68, 0.34, 0.01, 0.51, 0.34, 0.34, 0.57, 0.51, 0.34, 0.23]"
1300,AAAAAAAABABKH3TPVPIFKEAAK2MEUAQAFJIQGRA_192,4,2,3,1095.6736430348828,25,0.0837606246272722,0.9162393753727276,0.9560563743114472,0.7013649369279543,0.9392207145690918,0.0864831378062566,0.913514502470692,0.9544686949501436,0.6994548957794905,0.93814860979716,"[0.08233333333333333, 0.3323333333333333, 0.1101111111111111, 0.08233333333333333, 0.3323333333333333, 0.1101111111111111, 0.3323333333333333, 0.08233333333333333, 0.3323333333333333, 0.1101111111111111, 0.08233333333333333, 0.3323333333333333, 0.1101111111111111, 0.499, 0.59, 0.01, 0.01, 0.51, 0.34, 0.12, 0.68, 0.76, 0.68, 0.23, 0.43, 0.68, 0.68, 0.01, 0.84, 0.34, 0.01, 0.51, 0.34, 0.79, 0.34, 0.08233333333333333, 0.3323333333333333, 0.1101111111111111, 0.09, 0.34, 0.45, 0.51, 0.18, 0.01, 0.34, 0.51, 0.01, 0.01, 0.34, 0.08233333333333333, 0.3323333333333333, 0.1101111111111111, 0.51, 0.34, 0.34, 0.51, 0.09, 0.01, 0.01, 0.76, 0.01, 0.79]"
1301,AAAAAAAABOEKRAAYQ4INCHYZA2AAQPTKMYREDUI_192,4,2,3,593.1826062870678,25,0.0874138663212458,0.9125861336787542,0.9539179126421612,0.6918172200520833,0.9381375630696616,0.0879044866810242,0.9120939639707406,0.9537840198725462,0.6910987356056769,0.9379711310068768,"[0.08233333333333333, 0.3323333333333333, 0.1101111111111111, 0.08233333333333333, 0.3323333333333333, 0.1101111111111111, 0.3323333333333333, 0.08233333333333333, 0.3323333333333333, 0.1101111111111111, 0.08233333333333333, 0.3323333333333333, 0.1101111111111111, 0.499, 0.51, 0.68, 0.12, 0.09, 0.34, 0.79, 0.34, 0.08233333333333333, 0.3323333333333333, 0.1101111111111111, 0.68, 0.34, 0.01, 0.51, 0.68, 0.34, 0.01, 0.76, 0.01, 0.79, 0.34, 0.84, 0.01, 0.45, 0.59, 0.01, 0.45, 0.51, 0.08233333333333333, 0.3323333333333333, 0.1101111111111111, 0.59, 0.01, 0.57, 0.68, 0.18, 0.34, 0.79, 0.68, 0.68, 0.12, 0.01, 0.26, 0.34, 0.01, 0.43, 0.34, 0.12]"
1302,AAAAAAAAAAD6R3S4EECSYM2JWIEO3IQAG6CE6BQ_192,4,2,3,2883.8591424769256,25,0.0998129775126775,0.9001870224873225,0.9470715830723444,0.6719666029016177,0.935662078857422,0.0974958977351586,0.9025033619254827,0.948458274329702,0.6742912950615089,0.9369187037150064,"[0.08233333333333333, 0.3323333333333333, 0.1101111111111111, 0.08233333333333333, 0.3323333333333333, 0.1101111111111111, 0.3323333333333333, 0.08233333333333333, 0.3323333333333333, 0.1101111111111111, 0.08233333333333333, 0.3323333333333333, 0.1101111111111111, 0.499, 0.08233333333333333, 0.3323333333333333, 0.1101111111111111, 0.84, 0.68, 0.79, 0.34, 0.76, 0.68, 0.34, 0.93, 0.01, 0.79, 0.01, 0.59, 0.01, 0.68, 0.26, 0.68, 0.01, 0.68, 0.18, 0.34, 0.34, 0.34, 0.68, 0.34, 0.01, 0.09, 0.01, 0.57, 0.34, 0.68, 0.79, 0.34, 0.08233333333333333, 0.3323333333333333, 0.1101111111111111, 0.34, 0.68, 0.9, 0.01, 0.59, 0.34, 0.23, 0.68, 0.01, 0.45]"
1303,AAAAAAAAD6YIPAAMF73BDMABXQAAHJQAC3YAAQI_192,4,2,3,710.2872566469014,25,0.1839990432063738,0.8160009567936262,0.8975877140959104,0.6355401605367661,0.9073138236999512,0.199289192756017,0.8006988540291786,0.8873477114985386,0.6250822860747576,0.9025898536046346,"[0.08233333333333333, 0.3323333333333333, 0.1101111111111111, 0.08233333333333333, 0.3323333333333333, 0.1101111111111111, 0.3323333333333333, 0.08233333333333333, 0.3323333333333333, 0.1101111111111111, 0.08233333333333333, 0.3323333333333333, 0.1101111111111111, 0.499, 0.84, 0.68, 0.45, 0.09, 0.01, 0.23, 0.68, 0.08233333333333333, 0.3323333333333333, 0.1101111111111111, 0.34, 0.01, 0.68, 0.51, 0.84, 0.68, 0.45, 0.09, 0.01, 0.45, 0.68, 0.08233333333333333, 0.3323333333333333, 0.1101111111111111, 0.34, 0.68, 0.9, 0.01, 0.08233333333333333, 0.3323333333333333, 0.1101111111111111, 0.09, 0.68, 0.79, 0.68, 0.08233333333333333, 0.3323333333333333, 0.1101111111111111, 0.26, 0.68, 0.57, 0.51, 0.08233333333333333, 0.3323333333333333, 0.1101111111111111, 0.09, 0.01, 0.12]"
1304,AAAAAAAADYR2BYW5TAAN2UINC6ABQFQAEJ2TCMI_192,4,2,3,5022.8347518628,25,0.6818863327304522,0.3181136672695477,0.4807710821429888,0.2408931955695152,0.290386168162028,0.6816562925775845,0.3183417290449142,0.4810498714447021,0.2410329087326924,0.2909150282541911,"[0.08233333333333333, 0.3323333333333333, 0.1101111111111111, 0.08233333333333333, 0.3323333333333333, 0.1101111111111111, 0.3323333333333333, 0.08233333333333333, 0.3323333333333333, 0.1101111111111111, 0.08233333333333333, 0.3323333333333333, 0.1101111111111111, 0.499, 0.84, 0.01, 0.79, 0.43, 0.34, 0.01, 0.34, 0.68, 0.34, 0.45, 0.93, 0.68, 0.23, 0.01, 0.08233333333333333, 0.3323333333333333, 0.1101111111111111, 0.76, 0.68, 0.68, 0.34, 0.09, 0.01, 0.23, 0.59, 0.34, 0.57, 0.51, 0.08233333333333333, 0.3323333333333333, 0.1101111111111111, 0.68, 0.01, 0.34, 0.68, 0.08233333333333333, 0.3323333333333333, 0.1101111111111111, 0.59, 0.34, 0.23, 0.51, 0.51, 0.01, 0.9, 0.59, 0.68, 0.12]"
1305,AAAAAAAAAAAAAAAAAEK42UYYQPVOVNVB532NP4Q_192,4,2,2,1053.9461514540017,25,0.056242316464583,0.9437576835354168,0.9709945405522984,0.716869647304217,0.9447993914286296,0.0587040053059657,0.9412926853944856,0.9696300882846116,0.7157484915107488,0.945057725906372,"[0.08233333333333333, 0.3323333333333333, 0.1101111111111111, 0.08233333333333333, 0.3323333333333333, 0.1101111111111111, 0.3323333333333333, 0.08233333333333333, 0.3323333333333333, 0.1101111111111111, 0.08233333333333333, 0.3323333333333333, 0.1101111111111111, 0.499, 0.08233333333333333, 0.3323333333333333, 0.1101111111111111, 0.08233333333333333, 0.3323333333333333, 0.1101111111111111, 0.3323333333333333, 0.08233333333333333, 0.3323333333333333, 0.1101111111111111, 0.08233333333333333, 0.3323333333333333, 0.1101111111111111, 0.499, 0.59, 0.34, 0.68, 0.68, 0.68, 0.68, 0.34, 0.18, 0.01, 0.45, 0.26, 0.01, 0.23, 0.51, 0.76, 0.34, 0.57, 0.51, 0.34, 0.45, 0.68, 0.51, 0.01, 0.23, 0.76, 0.68, 0.57, 0.51, 0.59, 0.68, 0.68, 0.84, 0.68, 0.34]"
1306,AAAAAAAAAAASTAAKU4LRLEAB2VUPVNSCV6AAD4Y_192,4,2,3,251.3286292611156,25,0.1138377989331881,0.8861622010668119,0.9388189405202866,0.688817905386289,0.9302117983500164,0.1103598749885956,0.8896194438139597,0.9409015115350484,0.6903882605334123,0.9309514999389648,"[0.08233333333333333, 0.3323333333333333, 0.1101111111111111, 0.08233333333333333, 0.3323333333333333, 0.1101111111111111, 0.3323333333333333, 0.08233333333333333, 0.3323333333333333, 0.1101111111111111, 0.08233333333333333, 0.3323333333333333, 0.1101111111111111, 0.499, 0.08233333333333333, 0.3323333333333333, 0.1101111111111111, 0.26, 0.34, 0.79, 0.68, 0.08233333333333333, 0.3323333333333333, 0.1101111111111111, 0.51, 0.34, 0.79, 0.51, 0.68, 0.34, 0.57, 0.09, 0.34, 0.45, 0.34, 0.08233333333333333, 0.3323333333333333, 0.1101111111111111, 0.43, 0.34, 0.68, 0.01, 0.76, 0.01, 0.57, 0.76, 0.34, 0.45, 0.68, 0.26, 0.01, 0.68, 0.51, 0.68, 0.9, 0.01, 0.08233333333333333, 0.3323333333333333, 0.1101111111111111, 0.43, 0.68, 0.23]"
1307,AA2X2EC5NQBOZAAOHQADBHSMYEAALN4IHZIABNA_192,4,2,4,933.2040544061456,25,0.0879013150930404,0.9120986849069596,0.9538082510232926,0.6998458777864774,0.936848258972168,0.0870624687522649,0.9129350201537212,0.954101087152958,0.6986975992719332,0.938205361366272,"[0.08233333333333333, 0.3323333333333333, 0.1101111111111111, 0.76, 0.34, 0.57, 0.68, 0.59, 0.34, 0.01, 0.51, 0.68, 0.68, 0.51, 0.34, 0.01, 0.01, 0.51, 0.68, 0.45, 0.34, 0.08233333333333333, 0.3323333333333333, 0.1101111111111111, 0.43, 0.01, 0.57, 0.51, 0.08233333333333333, 0.3323333333333333, 0.1101111111111111, 0.18, 0.01, 0.34, 0.34, 0.93, 0.34, 0.23, 0.18, 0.01, 0.12, 0.01, 0.08233333333333333, 0.3323333333333333, 0.1101111111111111, 0.26, 0.68, 0.45, 0.68, 0.68, 0.34, 0.01, 0.43, 0.68, 0.34, 0.51, 0.08233333333333333, 0.3323333333333333, 0.1101111111111111, 0.26, 0.68, 0.79]"
1308,AAAAAAAAAAAWLAAYHCKHAEAAQKAAMHQAPKIADVA_192,4,2,3,305.48211973300204,25,0.1334790299336115,0.8665209700663884,0.927796509861946,0.673786481221517,0.9249592463175456,0.1512829959392547,0.8487050827592612,0.9170540136595569,0.6622398431102435,0.9188344717025756,"[0.08233333333333333, 0.3323333333333333, 0.1101111111111111, 0.08233333333333333, 0.3323333333333333, 0.1101111111111111, 0.3323333333333333, 0.08233333333333333, 0.3323333333333333, 0.1101111111111111, 0.08233333333333333, 0.3323333333333333, 0.1101111111111111, 0.499, 0.08233333333333333, 0.3323333333333333, 0.1101111111111111, 0.26, 0.68, 0.34, 0.68, 0.08233333333333333, 0.3323333333333333, 0.1101111111111111, 0.68, 0.01, 0.57, 0.01, 0.26, 0.34, 0.79, 0.43, 0.01, 0.01, 0.34, 0.08233333333333333, 0.3323333333333333, 0.1101111111111111, 0.26, 0.01, 0.34, 0.51, 0.08233333333333333, 0.3323333333333333, 0.1101111111111111, 0.18, 0.01, 0.23, 0.68, 0.08233333333333333, 0.3323333333333333, 0.1101111111111111, 0.84, 0.34, 0.79, 0.51, 0.08233333333333333, 0.3323333333333333, 0.1101111111111111, 0.43, 0.34, 0.79]"
1309,AAAAAAAABJQPTFX5VSKG3UAB64AANYQADJIACVI_192,4,2,3,1491.8241561530158,25,0.6190758948524793,0.3809241051475207,0.5497652818759282,0.2854004869858423,0.5053927103678385,0.6173192574332158,0.0,,,,"[0.08233333333333333, 0.3323333333333333, 0.1101111111111111, 0.08233333333333333, 0.3323333333333333, 0.1101111111111111, 0.3323333333333333, 0.08233333333333333, 0.3323333333333333, 0.1101111111111111, 0.08233333333333333, 0.3323333333333333, 0.1101111111111111, 0.499, 0.51, 0.01, 0.9, 0.09, 0.68, 0.9, 0.68, 0.26, 0.68, 0.57, 0.93, 0.68, 0.68, 0.51, 0.26, 0.34, 0.79, 0.34, 0.68, 0.57, 0.34, 0.08233333333333333, 0.3323333333333333, 0.1101111111111111, 0.43, 0.68, 0.57, 0.01, 0.08233333333333333, 0.3323333333333333, 0.1101111111111111, 0.18, 0.34, 0.9, 0.34, 0.08233333333333333, 0.3323333333333333, 0.1101111111111111, 0.18, 0.34, 0.34, 0.51, 0.08233333333333333, 0.3323333333333333, 0.1101111111111111, 0.51, 0.34, 0.68]"
2022,ZW6M7NYVQKZAXYACEAAOGPSYO6AAQBQAE3YAB4Y_192,4,2,4,2711.8428940000013,25,0.0906064430872599,0.90939355691274,0.9522680645187696,0.6970017477869987,0.9385371526082356,0.0932576599220434,0.9066440420846144,0.9506693163265784,0.6951290309429169,0.9377003113428752,"[0.68, 0.68, 0.45, 0.84, 0.01, 0.9, 0.68, 0.93, 0.68, 0.57, 0.09, 0.34, 0.45, 0.01, 0.09, 0.34, 0.45, 0.59, 0.01, 0.68, 0.68, 0.68, 0.01, 0.01, 0.09, 0.01, 0.79, 0.01, 0.08233333333333333, 0.3323333333333333, 0.1101111111111111, 0.93, 0.01, 0.9, 0.68, 0.93, 0.34, 0.45, 0.09, 0.68, 0.57, 0.51, 0.08233333333333333, 0.3323333333333333, 0.1101111111111111, 0.59, 0.01, 0.01, 0.68, 0.08233333333333333, 0.3323333333333333, 0.1101111111111111, 0.59, 0.68, 0.57, 0.51, 0.08233333333333333, 0.3323333333333333, 0.1101111111111111, 0.18, 0.68, 0.23]"
2046,4VOBZFC4AABHRLQICAANY5RQYSABZIQAM2HUK4I_192,4,2,4,1074.8864962999996,25,0.0481084878245989,0.951891512175401,0.9752959981560708,0.7175586620966593,0.9467903772989908,0.0420812216897805,0.9579023436953624,0.9784701693803072,0.7215830098837615,0.9495697339375814,"[0.93, 0.34, 0.68, 0.43, 0.01, 0.12, 0.68, 0.26, 0.34, 0.79, 0.51, 0.68, 0.01, 0.01, 0.08233333333333333, 0.3323333333333333, 0.1101111111111111, 0.59, 0.68, 0.9, 0.34, 0.51, 0.68, 0.01, 0.59, 0.01, 0.34, 0.01, 0.08233333333333333, 0.3323333333333333, 0.1101111111111111, 0.76, 0.68, 0.12, 0.68, 0.34, 0.01, 0.9, 0.18, 0.01, 0.79, 0.51, 0.08233333333333333, 0.3323333333333333, 0.1101111111111111, 0.93, 0.34, 0.79, 0.34, 0.08233333333333333, 0.3323333333333333, 0.1101111111111111, 0.68, 0.68, 0.79, 0.01, 0.84, 0.34, 0.12, 0.51, 0.68, 0.12]"
2060,KEDQYAHHBY3PRAAKWQAB2FCPSS4ZZA526ALBWEQ_192,4,2,4,2654.252845600002,25,0.6795621017615,0.3204378982384999,0.4831489349404971,0.2563848043481508,0.2943063735961914,0.6828865837305784,0.3170408812661965,0.4795952091614405,0.2542917681237062,0.2899349768956502,"[0.51, 0.01, 0.79, 0.09, 0.68, 0.01, 0.68, 0.08233333333333333, 0.3323333333333333, 0.1101111111111111, 0.93, 0.34, 0.9, 0.01, 0.43, 0.01, 0.45, 0.76, 0.68, 0.9, 0.34, 0.08233333333333333, 0.3323333333333333, 0.1101111111111111, 0.51, 0.34, 0.45, 0.51, 0.08233333333333333, 0.3323333333333333, 0.1101111111111111, 0.09, 0.68, 0.79, 0.34, 0.59, 0.34, 0.23, 0.93, 0.34, 0.79, 0.51, 0.43, 0.01, 0.9, 0.93, 0.34, 0.01, 0.34, 0.76, 0.68, 0.68, 0.93, 0.01, 0.01, 0.51, 0.34, 0.01, 0.45, 0.68, 0.34, 0.34]"
2086,6MZRYABRZADSXAACDFJUCXCY2BZC7BQAG6AAC4A_192,4,2,4,2730.7948791000017,25,0.0864703531066576,0.9135296468933424,0.954666470984618,0.7082353721062342,0.9416283925374348,0.0856654686232407,0.9142821777611972,0.955105946585536,0.7087982080876827,0.941735283533732,"[0.84, 0.01, 0.9, 0.68, 0.68, 0.12, 0.68, 0.08233333333333333, 0.3323333333333333, 0.1101111111111111, 0.18, 0.01, 0.57, 0.01, 0.59, 0.01, 0.01, 0.93, 0.34, 0.68, 0.68, 0.08233333333333333, 0.3323333333333333, 0.1101111111111111, 0.09, 0.01, 0.23, 0.01, 0.51, 0.34, 0.23, 0.59, 0.01, 0.68, 0.34, 0.68, 0.34, 0.45, 0.18, 0.34, 0.01, 0.01, 0.93, 0.34, 0.12, 0.43, 0.68, 0.01, 0.68, 0.08233333333333333, 0.3323333333333333, 0.1101111111111111, 0.34, 0.68, 0.9, 0.01, 0.08233333333333333, 0.3323333333333333, 0.1101111111111111, 0.51, 0.68, 0.01]"
2158,PXYM6PDUUAAPTERMATJDCVG3WE3PUOUKEKSB64Y_192,4,2,4,1608.6366992000003,25,0.1025936707854271,0.8974063292145729,0.9454168493549028,0.6838592107097308,0.9299372673034668,0.1037821280459563,0.8962148827811082,0.9447191814581554,0.681379734352231,0.9309922218322754,"[0.43, 0.68, 0.57, 0.68, 0.01, 0.9, 0.68, 0.68, 0.68, 0.9, 0.43, 0.34, 0.34, 0.51, 0.08233333333333333, 0.3323333333333333, 0.1101111111111111, 0.09, 0.68, 0.9, 0.68, 0.26, 0.34, 0.12, 0.34, 0.01, 0.01, 0.51, 0.18, 0.34, 0.34, 0.18, 0.01, 0.68, 0.34, 0.59, 0.68, 0.45, 0.93, 0.68, 0.12, 0.01, 0.34, 0.68, 0.57, 0.76, 0.01, 0.57, 0.34, 0.59, 0.34, 0.79, 0.59, 0.34, 0.68, 0.01, 0.59, 0.01, 0.57, 0.76, 0.68, 0.23]"
2190,CM2FKE6V5C5OT24NQQANYNQB6F5EHCUZPBIADHA_192,4,2,4,1324.544378999999,25,0.4075221002101898,0.5924778997898101,0.7412984753648441,0.4782634680469831,0.8175829569498698,0.3980723672856887,0.6019092079252004,0.7488224262992541,0.4861576625456412,0.8218376715977986,"[0.09, 0.01, 0.9, 0.76, 0.01, 0.68, 0.34, 0.59, 0.34, 0.23, 0.76, 0.34, 0.57, 0.51, 0.59, 0.34, 0.57, 0.51, 0.68, 0.79, 0.68, 0.76, 0.34, 0.9, 0.34, 0.68, 0.01, 0.51, 0.08233333333333333, 0.3323333333333333, 0.1101111111111111, 0.76, 0.68, 0.01, 0.68, 0.34, 0.01, 0.01, 0.43, 0.68, 0.12, 0.01, 0.84, 0.34, 0.34, 0.09, 0.68, 0.12, 0.34, 0.59, 0.68, 0.34, 0.84, 0.01, 0.34, 0.51, 0.08233333333333333, 0.3323333333333333, 0.1101111111111111, 0.34, 0.34, 0.9]"
2203,IA2B74WUPYTOVAAGFQACKVATSYAAJKQAD2ZNTAI_192,4,2,4,6929.402560800001,25,0.0709802637497584,0.9290197362502416,0.962926399707794,0.7126670271158219,0.9427057902018228,0.0707566581666469,0.9292382922023534,0.963100551565488,0.7116186909377575,0.9417186896006268,"[0.59, 0.01, 0.01, 0.76, 0.01, 0.12, 0.68, 0.84, 0.68, 0.34, 0.76, 0.34, 0.12, 0.51, 0.84, 0.01, 0.79, 0.76, 0.68, 0.68, 0.34, 0.08233333333333333, 0.3323333333333333, 0.1101111111111111, 0.18, 0.01, 0.68, 0.51, 0.08233333333333333, 0.3323333333333333, 0.1101111111111111, 0.26, 0.34, 0.68, 0.34, 0.59, 0.01, 0.79, 0.93, 0.34, 0.45, 0.01, 0.08233333333333333, 0.3323333333333333, 0.1101111111111111, 0.26, 0.34, 0.68, 0.34, 0.08233333333333333, 0.3323333333333333, 0.1101111111111111, 0.18, 0.68, 0.68, 0.51, 0.26, 0.68, 0.45, 0.34, 0.01, 0.12]"
2221,CWKHIAB5HA5OZ74EBQAMGPI5GVTAVYQAOYKASPA_192,4,2,4,909.7634617999976,25,0.0498359744747479,0.950164025525252,0.9743974511822064,0.7263229166467985,0.9473703702290852,0.0472139451652765,0.952744099125266,0.9757567017028728,0.727629765868187,0.9481711387634276,"[0.09, 0.34, 0.45, 0.51, 0.01, 0.57, 0.34, 0.08233333333333333, 0.3323333333333333, 0.1101111111111111, 0.18, 0.68, 0.79, 0.51, 0.68, 0.01, 0.57, 0.51, 0.68, 0.45, 0.34, 0.84, 0.68, 0.9, 0.26, 0.01, 0.12, 0.51, 0.08233333333333333, 0.3323333333333333, 0.1101111111111111, 0.68, 0.01, 0.9, 0.68, 0.76, 0.01, 0.57, 0.59, 0.68, 0.68, 0.01, 0.68, 0.68, 0.01, 0.51, 0.34, 0.9, 0.34, 0.08233333333333333, 0.3323333333333333, 0.1101111111111111, 0.93, 0.68, 0.01, 0.51, 0.59, 0.01, 0.34, 0.59, 0.68, 0.9]"
2241,3UKDIADUFJRWTAAGAFAEAUADCEMZUYXC5YIAA7A_192,4,2,4,637.5108186000034,25,0.0802972083290418,0.9197027916709584,0.9579358066121736,0.701709542175134,0.93937562306722,0.0787827479342619,0.9212138938407104,0.9587319131940604,0.699902718514204,0.9404299974441528,"[0.76, 0.68, 0.79, 0.51, 0.01, 0.23, 0.34, 0.08233333333333333, 0.3323333333333333, 0.1101111111111111, 0.43, 0.34, 0.01, 0.51, 0.51, 0.01, 0.9, 0.34, 0.68, 0.79, 0.68, 0.08233333333333333, 0.3323333333333333, 0.1101111111111111, 0.18, 0.01, 0.01, 0.01, 0.51, 0.01, 0.01, 0.59, 0.01, 0.12, 0.34, 0.08233333333333333, 0.3323333333333333, 0.1101111111111111, 0.68, 0.34, 0.12, 0.01, 0.18, 0.01, 0.9, 0.76, 0.01, 0.9, 0.34, 0.43, 0.01, 0.68, 0.76, 0.68, 0.01, 0.51, 0.08233333333333333, 0.3323333333333333, 0.1101111111111111, 0.09, 0.68, 0.9]"
2267,AA4RIABDAI5IX4BGM4JGOMABY3YN4YQADOHBS4A_192,4,2,4,1201.0624010999964,25,0.1159640928109486,0.8840359071890513,0.9380513072013856,0.6899538949131966,0.931477959950765,0.120389466608564,0.8797655512889226,0.93538644288977,0.6873120347658793,0.9294979492823284,"[0.08233333333333333, 0.3323333333333333, 0.1101111111111111, 0.93, 0.34, 0.12, 0.34, 0.08233333333333333, 0.3323333333333333, 0.1101111111111111, 0.26, 0.01, 0.9, 0.01, 0.09, 0.01, 0.57, 0.51, 0.01, 0.68, 0.68, 0.93, 0.01, 0.12, 0.18, 0.01, 0.9, 0.51, 0.68, 0.34, 0.34, 0.34, 0.34, 0.9, 0.68, 0.08233333333333333, 0.3323333333333333, 0.1101111111111111, 0.43, 0.01, 0.45, 0.51, 0.93, 0.01, 0.45, 0.84, 0.01, 0.9, 0.34, 0.08233333333333333, 0.3323333333333333, 0.1101111111111111, 0.18, 0.34, 0.9, 0.01, 0.93, 0.01, 0.45, 0.51, 0.68, 0.01]"
2289,NUOBOXBB4AA3T2XCS5IEKEAB3SPE4AWJHBY42MA_192,4,2,4,775.8401406999983,25,0.0745093097289403,0.9254906902710596,0.9610132987300556,0.7157554388046264,0.9408507347106934,0.07175122089684,0.9282168254256248,0.9625629094739756,0.7166534036397934,0.9422144412994384,"[0.34, 0.68, 0.79, 0.43, 0.01, 0.12, 0.34, 0.76, 0.34, 0.9, 0.26, 0.01, 0.57, 0.51, 0.08233333333333333, 0.3323333333333333, 0.1101111111111111, 0.18, 0.34, 0.9, 0.68, 0.76, 0.34, 0.57, 0.09, 0.34, 0.34, 0.51, 0.76, 0.34, 0.01, 0.59, 0.34, 0.79, 0.34, 0.08233333333333333, 0.3323333333333333, 0.1101111111111111, 0.43, 0.34, 0.9, 0.51, 0.18, 0.68, 0.34, 0.43, 0.01, 0.01, 0.34, 0.34, 0.34, 0.34, 0.43, 0.01, 0.23, 0.51, 0.09, 0.68, 0.23, 0.59, 0.68, 0.01]"
2298,IFNT2TGVLSUIHKHOCOBR3UABGMAAXOQADZYADRI_192,4,2,4,862.813668499999,25,0.1424264406164487,0.8575735593835513,0.9226625641187032,0.6280893608927727,0.923251183827718,0.1468115635216236,0.8531876854598522,0.9199553787708282,0.6258282898614804,0.9220790306727092,"[0.59, 0.01, 0.68, 0.34, 0.68, 0.23, 0.68, 0.51, 0.01, 0.9, 0.76, 0.34, 0.68, 0.01, 0.93, 0.34, 0.68, 0.09, 0.01, 0.12, 0.68, 0.51, 0.01, 0.57, 0.43, 0.01, 0.34, 0.01, 0.93, 0.01, 0.23, 0.09, 0.68, 0.57, 0.34, 0.08233333333333333, 0.3323333333333333, 0.1101111111111111, 0.59, 0.68, 0.23, 0.01, 0.08233333333333333, 0.3323333333333333, 0.1101111111111111, 0.51, 0.68, 0.57, 0.34, 0.08233333333333333, 0.3323333333333333, 0.1101111111111111, 0.18, 0.68, 0.23, 0.51, 0.08233333333333333, 0.3323333333333333, 0.1101111111111111, 0.43, 0.01, 0.68]"
2341,44EBYABEZIPIVKV3UAABAUPTOEAB3GSYFAPESQI_192,4,2,4,1901.0204543,25,0.6654351497689883,0.3345648502310117,0.4994328985611597,0.2590150172511736,0.3731629053751628,0.6585695082942645,0.3414312571287155,0.5070944085717202,0.2632220926384131,0.3792235533396403,"[0.93, 0.34, 0.9, 0.26, 0.01, 0.12, 0.68, 0.08233333333333333, 0.3323333333333333, 0.1101111111111111, 0.26, 0.34, 0.23, 0.01, 0.51, 0.01, 0.23, 0.76, 0.01, 0.68, 0.34, 0.51, 0.34, 0.68, 0.76, 0.68, 0.79, 0.01, 0.08233333333333333, 0.3323333333333333, 0.1101111111111111, 0.09, 0.01, 0.12, 0.34, 0.09, 0.68, 0.9, 0.76, 0.68, 0.12, 0.01, 0.08233333333333333, 0.3323333333333333, 0.1101111111111111, 0.93, 0.68, 0.23, 0.34, 0.26, 0.68, 0.01, 0.51, 0.01, 0.01, 0.51, 0.93, 0.34, 0.34, 0.51, 0.01, 0.12]"
2342,AA4GYAGB3WYPTYB2QFAVZMYB2YNY4IR6EZSM75A_192,4,2,4,7401.117940700002,25,0.6549164349834125,0.3450835650165876,0.5112209359804789,0.2676374534765879,0.4106154441833496,0.6456074394285679,0.3543924815952778,0.5213208071887493,0.2733627160390218,0.4188316742579142,"[0.08233333333333333, 0.3323333333333333, 0.1101111111111111, 0.93, 0.01, 0.45, 0.68, 0.08233333333333333, 0.3323333333333333, 0.1101111111111111, 0.68, 0.01, 0.57, 0.01, 0.93, 0.68, 0.45, 0.09, 0.68, 0.9, 0.68, 0.68, 0.01, 0.12, 0.76, 0.34, 0.01, 0.01, 0.51, 0.01, 0.12, 0.51, 0.68, 0.34, 0.68, 0.18, 0.01, 0.01, 0.43, 0.34, 0.45, 0.01, 0.18, 0.34, 0.9, 0.43, 0.01, 0.79, 0.34, 0.09, 0.68, 0.9, 0.59, 0.68, 0.23, 0.01, 0.59, 0.68, 0.23, 0.84, 0.68, 0.79]"
2376,5WZT2BBBJCZQRH4HXPLF6MAA3SAAXMQAPGAABAQ_192,4,2,4,4428.965318199997,25,0.0741262510418891,0.9258737489581108,0.96138659765323,0.709206652144591,0.9424532572428386,0.0695311330258846,0.9303922183811664,0.9638317309319973,0.7120348834743102,0.9448070367177328,"[0.93, 0.68, 0.45, 0.68, 0.68, 0.23, 0.68, 0.59, 0.01, 0.79, 0.26, 0.01, 0.68, 0.01, 0.59, 0.34, 0.45, 0.34, 0.01, 0.79, 0.34, 0.18, 0.68, 0.9, 0.18, 0.68, 0.57, 0.01, 0.84, 0.34, 0.45, 0.51, 0.68, 0.9, 0.68, 0.08233333333333333, 0.3323333333333333, 0.1101111111111111, 0.18, 0.34, 0.9, 0.51, 0.08233333333333333, 0.3323333333333333, 0.1101111111111111, 0.51, 0.68, 0.45, 0.34, 0.08233333333333333, 0.3323333333333333, 0.1101111111111111, 0.84, 0.01, 0.9, 0.01, 0.08233333333333333, 0.3323333333333333, 0.1101111111111111, 0.26, 0.01, 0.34]"
