,real_codification,n_params,val_iou
0,"[0.08233333333333333, 0.3323333333333333, 0.1101111111111111, 0.08233333333333333, 0.3323333333333333, 0.1101111111111111, 0.3323333333333333, 0.08233333333333333, 0.3323333333333333, 0.1101111111111111, 0.08233333333333333, 0.3323333333333333, 0.1101111111111111, 0.499, 0.09, 0.34, 0.9, 0.68, 0.34, 0.45, 0.34, 0.51, 0.68, 0.34, 0.76, 0.01, 0.45, 0.01, 0.76, 0.68, 0.23, 0.43, 0.01, 0.12, 0.34, 0.68, 0.68, 0.12, 0.51, 0.34, 0.57, 0.51, 0.76, 0.34, 0.01, 0.76, 0.01, 0.12, 0.34, 0.93, 0.68, 0.01, 0.84, 0.34, 0.57, 0.51, 0.08233333333333333, 0.3323333333333333, 0.1101111111111111, 0.34, 0.68, 0.34]",[13831499.0],0.4514191230138143
1,"[0.08233333333333333, 0.3323333333333333, 0.1101111111111111, 0.08233333333333333, 0.3323333333333333, 0.1101111111111111, 0.3323333333333333, 0.08233333333333333, 0.3323333333333333, 0.1101111111111111, 0.08233333333333333, 0.3323333333333333, 0.1101111111111111, 0.499, 0.08233333333333333, 0.3323333333333333, 0.1101111111111111, 0.08233333333333333, 0.3323333333333333, 0.1101111111111111, 0.3323333333333333, 0.08233333333333333, 0.3323333333333333, 0.1101111111111111, 0.08233333333333333, 0.3323333333333333, 0.1101111111111111, 0.499, 0.08233333333333333, 0.3323333333333333, 0.1101111111111111, 0.43, 0.01, 0.79, 0.34, 0.68, 0.68, 0.68, 0.34, 0.01, 0.79, 0.51, 0.84, 0.01, 0.79, 0.43, 0.68, 0.34, 0.34, 0.08233333333333333, 0.3323333333333333, 0.1101111111111111, 0.51, 0.01, 0.01, 0.01, 0.93, 0.01, 0.68, 0.09, 0.68, 0.34]",[365769.0],0.8641686474283536
2,"[0.08233333333333333, 0.3323333333333333, 0.1101111111111111, 0.08233333333333333, 0.3323333333333333, 0.1101111111111111, 0.3323333333333333, 0.08233333333333333, 0.3323333333333333, 0.1101111111111111, 0.08233333333333333, 0.3323333333333333, 0.1101111111111111, 0.499, 0.08233333333333333, 0.3323333333333333, 0.1101111111111111, 0.08233333333333333, 0.3323333333333333, 0.1101111111111111, 0.3323333333333333, 0.08233333333333333, 0.3323333333333333, 0.1101111111111111, 0.08233333333333333, 0.3323333333333333, 0.1101111111111111, 0.499, 0.08233333333333333, 0.3323333333333333, 0.1101111111111111, 0.18, 0.34, 0.23, 0.68, 0.43, 0.68, 0.34, 0.84, 0.01, 0.23, 0.51, 0.76, 0.34, 0.9, 0.43, 0.01, 0.01, 0.34, 0.68, 0.34, 0.68, 0.59, 0.68, 0.23, 0.01, 0.08233333333333333, 0.3323333333333333, 0.1101111111111111, 0.09, 0.01, 0.57]",[248245.0],0.3126456687847773
3,"[0.08233333333333333, 0.3323333333333333, 0.1101111111111111, 0.08233333333333333, 0.3323333333333333, 0.1101111111111111, 0.3323333333333333, 0.08233333333333333, 0.3323333333333333, 0.1101111111111111, 0.08233333333333333, 0.3323333333333333, 0.1101111111111111, 0.499, 0.08233333333333333, 0.3323333333333333, 0.1101111111111111, 0.08233333333333333, 0.3323333333333333, 0.1101111111111111, 0.3323333333333333, 0.08233333333333333, 0.3323333333333333, 0.1101111111111111, 0.08233333333333333, 0.3323333333333333, 0.1101111111111111, 0.499, 0.08233333333333333, 0.3323333333333333, 0.1101111111111111, 0.51, 0.68, 0.79, 0.68, 0.08233333333333333, 0.3323333333333333, 0.1101111111111111, 0.84, 0.01, 0.79, 0.01, 0.08233333333333333, 0.3323333333333333, 0.1101111111111111, 0.68, 0.68, 0.9, 0.68, 0.59, 0.68, 0.23, 0.34, 0.68, 0.23, 0.01, 0.08233333333333333, 0.3323333333333333, 0.1101111111111111, 0.26, 0.68, 0.01]",[143985.0],0.7099217802286149
4,"[0.08233333333333333, 0.3323333333333333, 0.1101111111111111, 0.08233333333333333, 0.3323333333333333, 0.1101111111111111, 0.3323333333333333, 0.08233333333333333, 0.3323333333333333, 0.1101111111111111, 0.08233333333333333, 0.3323333333333333, 0.1101111111111111, 0.499, 0.08233333333333333, 0.3323333333333333, 0.1101111111111111, 0.08233333333333333, 0.3323333333333333, 0.1101111111111111, 0.3323333333333333, 0.08233333333333333, 0.3323333333333333, 0.1101111111111111, 0.08233333333333333, 0.3323333333333333, 0.1101111111111111, 0.499, 0.18, 0.68, 0.68, 0.68, 0.01, 0.12, 0.68, 0.08233333333333333, 0.3323333333333333, 0.1101111111111111, 0.09, 0.34, 0.9, 0.01, 0.08233333333333333, 0.3323333333333333, 0.1101111111111111, 0.76, 0.68, 0.57, 0.68, 0.26, 0.01, 0.45, 0.34, 0.01, 0.45, 0.01, 0.08233333333333333, 0.3323333333333333, 0.1101111111111111, 0.43, 0.34, 0.57]",[859189.0],0.317454028626283
5,"[0.51, 0.68, 0.9, 0.09, 0.34, 0.34, 0.68, 0.08233333333333333, 0.3323333333333333, 0.1101111111111111, 0.26, 0.01, 0.57, 0.01, 0.76, 0.01, 0.34, 0.09, 0.68, 0.34, 0.68, 0.43, 0.01, 0.68, 0.26, 0.01, 0.23, 0.01, 0.08233333333333333, 0.3323333333333333, 0.1101111111111111, 0.09, 0.01, 0.34, 0.68, 0.08233333333333333, 0.3323333333333333, 0.1101111111111111, 0.26, 0.01, 0.45, 0.01, 0.08233333333333333, 0.3323333333333333, 0.1101111111111111, 0.26, 0.68, 0.34, 0.68, 0.43, 0.01, 0.57, 0.59, 0.01, 0.23, 0.01, 0.43, 0.68, 0.01, 0.84, 0.68, 0.57]",[1293931.0],0.8620820517341296
6,"[0.08233333333333333, 0.3323333333333333, 0.1101111111111111, 0.68, 0.34, 0.01, 0.68, 0.08233333333333333, 0.3323333333333333, 0.1101111111111111, 0.26, 0.68, 0.79, 0.51, 0.08233333333333333, 0.3323333333333333, 0.1101111111111111, 0.43, 0.34, 0.34, 0.68, 0.76, 0.68, 0.12, 0.34, 0.68, 0.9, 0.01, 0.51, 0.01, 0.57, 0.59, 0.34, 0.79, 0.34, 0.08233333333333333, 0.3323333333333333, 0.1101111111111111, 0.34, 0.68, 0.45, 0.01, 0.08233333333333333, 0.3323333333333333, 0.1101111111111111, 0.93, 0.34, 0.79, 0.34, 0.08233333333333333, 0.3323333333333333, 0.1101111111111111, 0.76, 0.68, 0.9, 0.51, 0.08233333333333333, 0.3323333333333333, 0.1101111111111111, 0.84, 0.34, 0.45]",[14502317.0],0.9369732384880384
7,"[0.08233333333333333, 0.3323333333333333, 0.1101111111111111, 0.08233333333333333, 0.3323333333333333, 0.1101111111111111, 0.3323333333333333, 0.08233333333333333, 0.3323333333333333, 0.1101111111111111, 0.08233333333333333, 0.3323333333333333, 0.1101111111111111, 0.499, 0.08233333333333333, 0.3323333333333333, 0.1101111111111111, 0.59, 0.68, 0.01, 0.34, 0.08233333333333333, 0.3323333333333333, 0.1101111111111111, 0.76, 0.01, 0.57, 0.01, 0.08233333333333333, 0.3323333333333333, 0.1101111111111111, 0.18, 0.34, 0.68, 0.68, 0.08233333333333333, 0.3323333333333333, 0.1101111111111111, 0.34, 0.01, 0.9, 0.01, 0.08233333333333333, 0.3323333333333333, 0.1101111111111111, 0.34, 0.68, 0.01, 0.68, 0.09, 0.01, 0.01, 0.76, 0.01, 0.45, 0.01, 0.08233333333333333, 0.3323333333333333, 0.1101111111111111, 0.84, 0.34, 0.9]",[1363410.0],0.3214685772856077
8,"[0.08233333333333333, 0.3323333333333333, 0.1101111111111111, 0.08233333333333333, 0.3323333333333333, 0.1101111111111111, 0.3323333333333333, 0.08233333333333333, 0.3323333333333333, 0.1101111111111111, 0.08233333333333333, 0.3323333333333333, 0.1101111111111111, 0.499, 0.08233333333333333, 0.3323333333333333, 0.1101111111111111, 0.08233333333333333, 0.3323333333333333, 0.1101111111111111, 0.3323333333333333, 0.08233333333333333, 0.3323333333333333, 0.1101111111111111, 0.08233333333333333, 0.3323333333333333, 0.1101111111111111, 0.499, 0.59, 0.01, 0.34, 0.09, 0.01, 0.23, 0.34, 0.08233333333333333, 0.3323333333333333, 0.1101111111111111, 0.76, 0.01, 0.68, 0.51, 0.68, 0.34, 0.79, 0.84, 0.01, 0.68, 0.68, 0.08233333333333333, 0.3323333333333333, 0.1101111111111111, 0.68, 0.01, 0.01, 0.51, 0.59, 0.68, 0.12, 0.93, 0.34, 0.12]",[3760964.0],0.7196058377623558
9,"[0.08233333333333333, 0.3323333333333333, 0.1101111111111111, 0.08233333333333333, 0.3323333333333333, 0.1101111111111111, 0.3323333333333333, 0.08233333333333333, 0.3323333333333333, 0.1101111111111111, 0.08233333333333333, 0.3323333333333333, 0.1101111111111111, 0.499, 0.43, 0.01, 0.23, 0.93, 0.01, 0.57, 0.68, 0.84, 0.01, 0.57, 0.76, 0.68, 0.01, 0.01, 0.59, 0.01, 0.23, 0.34, 0.01, 0.12, 0.68, 0.08233333333333333, 0.3323333333333333, 0.1101111111111111, 0.76, 0.68, 0.12, 0.01, 0.34, 0.68, 0.34, 0.59, 0.01, 0.45, 0.34, 0.08233333333333333, 0.3323333333333333, 0.1101111111111111, 0.59, 0.34, 0.57, 0.01, 0.08233333333333333, 0.3323333333333333, 0.1101111111111111, 0.59, 0.01, 0.68]",[4245585.0],0.871142070988814
10,"[0.08233333333333333, 0.3323333333333333, 0.1101111111111111, 0.59, 0.34, 0.01, 0.34, 0.08233333333333333, 0.3323333333333333, 0.1101111111111111, 0.68, 0.34, 0.45, 0.01, 0.51, 0.01, 0.34, 0.51, 0.01, 0.68, 0.68, 0.08233333333333333, 0.3323333333333333, 0.1101111111111111, 0.84, 0.34, 0.68, 0.51, 0.68, 0.01, 0.45, 0.93, 0.34, 0.23, 0.34, 0.34, 0.34, 0.68, 0.09, 0.68, 0.01, 0.01, 0.08233333333333333, 0.3323333333333333, 0.1101111111111111, 0.43, 0.68, 0.57, 0.68, 0.08233333333333333, 0.3323333333333333, 0.1101111111111111, 0.51, 0.68, 0.9, 0.51, 0.18, 0.68, 0.57, 0.76, 0.01, 0.34]",[3650303.0],0.9390635535120964
11,"[0.08233333333333333, 0.3323333333333333, 0.1101111111111111, 0.08233333333333333, 0.3323333333333333, 0.1101111111111111, 0.3323333333333333, 0.08233333333333333, 0.3323333333333333, 0.1101111111111111, 0.08233333333333333, 0.3323333333333333, 0.1101111111111111, 0.499, 0.68, 0.68, 0.34, 0.26, 0.68, 0.79, 0.34, 0.08233333333333333, 0.3323333333333333, 0.1101111111111111, 0.18, 0.34, 0.45, 0.01, 0.08233333333333333, 0.3323333333333333, 0.1101111111111111, 0.84, 0.34, 0.79, 0.34, 0.08233333333333333, 0.3323333333333333, 0.1101111111111111, 0.84, 0.01, 0.9, 0.01, 0.08233333333333333, 0.3323333333333333, 0.1101111111111111, 0.34, 0.01, 0.01, 0.68, 0.51, 0.34, 0.34, 0.76, 0.01, 0.45, 0.01, 0.08233333333333333, 0.3323333333333333, 0.1101111111111111, 0.68, 0.68, 0.45]",[1637773.0],0.8672389919559161
12,"[0.08233333333333333, 0.3323333333333333, 0.1101111111111111, 0.08233333333333333, 0.3323333333333333, 0.1101111111111111, 0.3323333333333333, 0.08233333333333333, 0.3323333333333333, 0.1101111111111111, 0.08233333333333333, 0.3323333333333333, 0.1101111111111111, 0.499, 0.93, 0.68, 0.57, 0.26, 0.34, 0.01, 0.34, 0.68, 0.34, 0.79, 0.84, 0.01, 0.9, 0.01, 0.51, 0.01, 0.57, 0.34, 0.01, 0.34, 0.68, 0.08233333333333333, 0.3323333333333333, 0.1101111111111111, 0.76, 0.68, 0.57, 0.01, 0.08233333333333333, 0.3323333333333333, 0.1101111111111111, 0.09, 0.68, 0.9, 0.34, 0.08233333333333333, 0.3323333333333333, 0.1101111111111111, 0.18, 0.34, 0.79, 0.51, 0.08233333333333333, 0.3323333333333333, 0.1101111111111111, 0.76, 0.34, 0.9]",[892922.0],0.3202209363381068
13,"[0.08233333333333333, 0.3323333333333333, 0.1101111111111111, 0.08233333333333333, 0.3323333333333333, 0.1101111111111111, 0.3323333333333333, 0.08233333333333333, 0.3323333333333333, 0.1101111111111111, 0.08233333333333333, 0.3323333333333333, 0.1101111111111111, 0.499, 0.93, 0.68, 0.23, 0.93, 0.01, 0.23, 0.34, 0.08233333333333333, 0.3323333333333333, 0.1101111111111111, 0.93, 0.68, 0.23, 0.01, 0.08233333333333333, 0.3323333333333333, 0.1101111111111111, 0.43, 0.01, 0.68, 0.68, 0.08233333333333333, 0.3323333333333333, 0.1101111111111111, 0.93, 0.68, 0.01, 0.01, 0.08233333333333333, 0.3323333333333333, 0.1101111111111111, 0.43, 0.34, 0.68, 0.68, 0.08233333333333333, 0.3323333333333333, 0.1101111111111111, 0.43, 0.34, 0.34, 0.51, 0.59, 0.68, 0.57, 0.93, 0.01, 0.57]",[34245985.0],0.9264829407135644
14,"[0.08233333333333333, 0.3323333333333333, 0.1101111111111111, 0.08233333333333333, 0.3323333333333333, 0.1101111111111111, 0.3323333333333333, 0.08233333333333333, 0.3323333333333333, 0.1101111111111111, 0.08233333333333333, 0.3323333333333333, 0.1101111111111111, 0.499, 0.08233333333333333, 0.3323333333333333, 0.1101111111111111, 0.08233333333333333, 0.3323333333333333, 0.1101111111111111, 0.3323333333333333, 0.08233333333333333, 0.3323333333333333, 0.1101111111111111, 0.08233333333333333, 0.3323333333333333, 0.1101111111111111, 0.499, 0.08233333333333333, 0.3323333333333333, 0.1101111111111111, 0.43, 0.68, 0.45, 0.68, 0.18, 0.68, 0.79, 0.43, 0.34, 0.68, 0.01, 0.34, 0.34, 0.57, 0.43, 0.34, 0.9, 0.34, 0.08233333333333333, 0.3323333333333333, 0.1101111111111111, 0.26, 0.68, 0.45, 0.01, 0.08233333333333333, 0.3323333333333333, 0.1101111111111111, 0.18, 0.68, 0.57]",[5287.0],0.8808123757441838
15,"[0.08233333333333333, 0.3323333333333333, 0.1101111111111111, 0.08233333333333333, 0.3323333333333333, 0.1101111111111111, 0.3323333333333333, 0.08233333333333333, 0.3323333333333333, 0.1101111111111111, 0.08233333333333333, 0.3323333333333333, 0.1101111111111111, 0.499, 0.08233333333333333, 0.3323333333333333, 0.1101111111111111, 0.08233333333333333, 0.3323333333333333, 0.1101111111111111, 0.3323333333333333, 0.08233333333333333, 0.3323333333333333, 0.1101111111111111, 0.08233333333333333, 0.3323333333333333, 0.1101111111111111, 0.499, 0.08233333333333333, 0.3323333333333333, 0.1101111111111111, 0.76, 0.68, 0.01, 0.34, 0.08233333333333333, 0.3323333333333333, 0.1101111111111111, 0.34, 0.01, 0.01, 0.51, 0.08233333333333333, 0.3323333333333333, 0.1101111111111111, 0.18, 0.34, 0.79, 0.68, 0.43, 0.34, 0.45, 0.51, 0.01, 0.34, 0.51, 0.08233333333333333, 0.3323333333333333, 0.1101111111111111, 0.43, 0.68, 0.9]",[32319.0],0.8311424603064855
16,"[0.08233333333333333, 0.3323333333333333, 0.1101111111111111, 0.08233333333333333, 0.3323333333333333, 0.1101111111111111, 0.3323333333333333, 0.08233333333333333, 0.3323333333333333, 0.1101111111111111, 0.08233333333333333, 0.3323333333333333, 0.1101111111111111, 0.499, 0.68, 0.34, 0.68, 0.34, 0.34, 0.01, 0.34, 0.93, 0.68, 0.45, 0.34, 0.68, 0.34, 0.51, 0.51, 0.68, 0.23, 0.84, 0.34, 0.01, 0.34, 0.08233333333333333, 0.3323333333333333, 0.1101111111111111, 0.84, 0.34, 0.01, 0.01, 0.68, 0.68, 0.45, 0.34, 0.34, 0.57, 0.34, 0.59, 0.01, 0.57, 0.68, 0.34, 0.9, 0.51, 0.08233333333333333, 0.3323333333333333, 0.1101111111111111, 0.43, 0.01, 0.01]",[10040489.0],0.9227574969331424
17,"[0.43, 0.34, 0.45, 0.26, 0.68, 0.9, 0.68, 0.18, 0.01, 0.34, 0.59, 0.68, 0.68, 0.51, 0.26, 0.68, 0.01, 0.26, 0.01, 0.23, 0.34, 0.08233333333333333, 0.3323333333333333, 0.1101111111111111, 0.51, 0.68, 0.12, 0.51, 0.18, 0.68, 0.79, 0.93, 0.68, 0.23, 0.68, 0.76, 0.34, 0.01, 0.59, 0.34, 0.01, 0.01, 0.51, 0.68, 0.01, 0.59, 0.01, 0.12, 0.34, 0.08233333333333333, 0.3323333333333333, 0.1101111111111111, 0.34, 0.68, 0.57, 0.51, 0.08233333333333333, 0.3323333333333333, 0.1101111111111111, 0.43, 0.01, 0.9]",[1104361.0],0.9291093523303668
18,"[0.08233333333333333, 0.3323333333333333, 0.1101111111111111, 0.08233333333333333, 0.3323333333333333, 0.1101111111111111, 0.3323333333333333, 0.08233333333333333, 0.3323333333333333, 0.1101111111111111, 0.08233333333333333, 0.3323333333333333, 0.1101111111111111, 0.499, 0.08233333333333333, 0.3323333333333333, 0.1101111111111111, 0.08233333333333333, 0.3323333333333333, 0.1101111111111111, 0.3323333333333333, 0.08233333333333333, 0.3323333333333333, 0.1101111111111111, 0.08233333333333333, 0.3323333333333333, 0.1101111111111111, 0.499, 0.08233333333333333, 0.3323333333333333, 0.1101111111111111, 0.93, 0.34, 0.57, 0.34, 0.08233333333333333, 0.3323333333333333, 0.1101111111111111, 0.34, 0.34, 0.79, 0.51, 0.68, 0.34, 0.34, 0.43, 0.68, 0.12, 0.34, 0.76, 0.68, 0.23, 0.34, 0.01, 0.34, 0.51, 0.08233333333333333, 0.3323333333333333, 0.1101111111111111, 0.93, 0.34, 0.34]",[6966413.0],0.6430378417174022
19,"[0.08233333333333333, 0.3323333333333333, 0.1101111111111111, 0.76, 0.01, 0.9, 0.68, 0.08233333333333333, 0.3323333333333333, 0.1101111111111111, 0.59, 0.34, 0.9, 0.01, 0.18, 0.34, 0.68, 0.51, 0.34, 0.12, 0.68, 0.43, 0.01, 0.34, 0.18, 0.01, 0.12, 0.51, 0.08233333333333333, 0.3323333333333333, 0.1101111111111111, 0.18, 0.34, 0.01, 0.68, 0.08233333333333333, 0.3323333333333333, 0.1101111111111111, 0.84, 0.68, 0.68, 0.51, 0.84, 0.68, 0.23, 0.93, 0.34, 0.34, 0.34, 0.08233333333333333, 0.3323333333333333, 0.1101111111111111, 0.34, 0.34, 0.34, 0.01, 0.18, 0.68, 0.79, 0.09, 0.34, 0.79]",[5416665.0],0.3149376730124155
20,"[0.08233333333333333, 0.3323333333333333, 0.1101111111111111, 0.43, 0.68, 0.12, 0.34, 0.84, 0.01, 0.01, 0.59, 0.34, 0.12, 0.01, 0.68, 0.68, 0.79, 0.59, 0.01, 0.34, 0.68, 0.93, 0.68, 0.57, 0.51, 0.34, 0.12, 0.51, 0.08233333333333333, 0.3323333333333333, 0.1101111111111111, 0.34, 0.68, 0.34, 0.34, 0.08233333333333333, 0.3323333333333333, 0.1101111111111111, 0.34, 0.01, 0.12, 0.51, 0.43, 0.68, 0.45, 0.26, 0.68, 0.12, 0.34, 0.08233333333333333, 0.3323333333333333, 0.1101111111111111, 0.43, 0.68, 0.34, 0.01, 0.08233333333333333, 0.3323333333333333, 0.1101111111111111, 0.09, 0.68, 0.45]",[2436357.0],0.9419711768627168
21,"[0.08233333333333333, 0.3323333333333333, 0.1101111111111111, 0.08233333333333333, 0.3323333333333333, 0.1101111111111111, 0.3323333333333333, 0.08233333333333333, 0.3323333333333333, 0.1101111111111111, 0.08233333333333333, 0.3323333333333333, 0.1101111111111111, 0.499, 0.08233333333333333, 0.3323333333333333, 0.1101111111111111, 0.08233333333333333, 0.3323333333333333, 0.1101111111111111, 0.3323333333333333, 0.08233333333333333, 0.3323333333333333, 0.1101111111111111, 0.08233333333333333, 0.3323333333333333, 0.1101111111111111, 0.499, 0.59, 0.68, 0.45, 0.68, 0.01, 0.79, 0.34, 0.08233333333333333, 0.3323333333333333, 0.1101111111111111, 0.76, 0.68, 0.34, 0.01, 0.84, 0.34, 0.12, 0.26, 0.01, 0.34, 0.68, 0.08233333333333333, 0.3323333333333333, 0.1101111111111111, 0.59, 0.68, 0.68, 0.01, 0.76, 0.34, 0.12, 0.93, 0.34, 0.01]",[9240333.0],0.931550375620524
22,"[0.08233333333333333, 0.3323333333333333, 0.1101111111111111, 0.08233333333333333, 0.3323333333333333, 0.1101111111111111, 0.3323333333333333, 0.08233333333333333, 0.3323333333333333, 0.1101111111111111, 0.08233333333333333, 0.3323333333333333, 0.1101111111111111, 0.499, 0.08233333333333333, 0.3323333333333333, 0.1101111111111111, 0.08233333333333333, 0.3323333333333333, 0.1101111111111111, 0.3323333333333333, 0.08233333333333333, 0.3323333333333333, 0.1101111111111111, 0.08233333333333333, 0.3323333333333333, 0.1101111111111111, 0.499, 0.08233333333333333, 0.3323333333333333, 0.1101111111111111, 0.09, 0.68, 0.79, 0.34, 0.08233333333333333, 0.3323333333333333, 0.1101111111111111, 0.18, 0.68, 0.57, 0.01, 0.09, 0.34, 0.23, 0.76, 0.68, 0.68, 0.68, 0.08233333333333333, 0.3323333333333333, 0.1101111111111111, 0.84, 0.01, 0.45, 0.51, 0.08233333333333333, 0.3323333333333333, 0.1101111111111111, 0.26, 0.01, 0.9]",[1216657.0],0.7321323956052462
23,"[0.08233333333333333, 0.3323333333333333, 0.1101111111111111, 0.08233333333333333, 0.3323333333333333, 0.1101111111111111, 0.3323333333333333, 0.08233333333333333, 0.3323333333333333, 0.1101111111111111, 0.08233333333333333, 0.3323333333333333, 0.1101111111111111, 0.499, 0.08233333333333333, 0.3323333333333333, 0.1101111111111111, 0.09, 0.68, 0.45, 0.68, 0.59, 0.68, 0.57, 0.26, 0.68, 0.34, 0.51, 0.08233333333333333, 0.3323333333333333, 0.1101111111111111, 0.34, 0.68, 0.79, 0.68, 0.08233333333333333, 0.3323333333333333, 0.1101111111111111, 0.18, 0.01, 0.79, 0.01, 0.51, 0.01, 0.34, 0.09, 0.68, 0.57, 0.68, 0.08233333333333333, 0.3323333333333333, 0.1101111111111111, 0.84, 0.01, 0.57, 0.51, 0.84, 0.01, 0.79, 0.26, 0.68, 0.79]",[1117759.0],0.8096703087290128
24,"[0.84, 0.01, 0.34, 0.26, 0.01, 0.23, 0.34, 0.08233333333333333, 0.3323333333333333, 0.1101111111111111, 0.26, 0.68, 0.45, 0.51, 0.93, 0.01, 0.01, 0.76, 0.01, 0.79, 0.34, 0.93, 0.34, 0.79, 0.18, 0.68, 0.45, 0.51, 0.18, 0.68, 0.57, 0.93, 0.01, 0.34, 0.34, 0.51, 0.68, 0.12, 0.43, 0.01, 0.34, 0.51, 0.43, 0.68, 0.45, 0.34, 0.01, 0.79, 0.68, 0.08233333333333333, 0.3323333333333333, 0.1101111111111111, 0.93, 0.01, 0.57, 0.01, 0.08233333333333333, 0.3323333333333333, 0.1101111111111111, 0.68, 0.68, 0.45]",[6744198.0],0.8536195158958435
25,"[0.08233333333333333, 0.3323333333333333, 0.1101111111111111, 0.08233333333333333, 0.3323333333333333, 0.1101111111111111, 0.3323333333333333, 0.08233333333333333, 0.3323333333333333, 0.1101111111111111, 0.08233333333333333, 0.3323333333333333, 0.1101111111111111, 0.499, 0.08233333333333333, 0.3323333333333333, 0.1101111111111111, 0.34, 0.34, 0.79, 0.68, 0.08233333333333333, 0.3323333333333333, 0.1101111111111111, 0.43, 0.01, 0.45, 0.01, 0.08233333333333333, 0.3323333333333333, 0.1101111111111111, 0.84, 0.68, 0.34, 0.34, 0.26, 0.68, 0.57, 0.76, 0.34, 0.9, 0.01, 0.59, 0.34, 0.34, 0.93, 0.01, 0.79, 0.34, 0.08233333333333333, 0.3323333333333333, 0.1101111111111111, 0.18, 0.34, 0.12, 0.01, 0.08233333333333333, 0.3323333333333333, 0.1101111111111111, 0.18, 0.68, 0.34]",[795929.0],0.9209769253929456
26,"[0.08233333333333333, 0.3323333333333333, 0.1101111111111111, 0.08233333333333333, 0.3323333333333333, 0.1101111111111111, 0.3323333333333333, 0.08233333333333333, 0.3323333333333333, 0.1101111111111111, 0.08233333333333333, 0.3323333333333333, 0.1101111111111111, 0.499, 0.08233333333333333, 0.3323333333333333, 0.1101111111111111, 0.08233333333333333, 0.3323333333333333, 0.1101111111111111, 0.3323333333333333, 0.08233333333333333, 0.3323333333333333, 0.1101111111111111, 0.08233333333333333, 0.3323333333333333, 0.1101111111111111, 0.499, 0.68, 0.01, 0.68, 0.51, 0.34, 0.9, 0.68, 0.08233333333333333, 0.3323333333333333, 0.1101111111111111, 0.76, 0.01, 0.12, 0.51, 0.08233333333333333, 0.3323333333333333, 0.1101111111111111, 0.93, 0.68, 0.34, 0.68, 0.34, 0.34, 0.34, 0.26, 0.01, 0.34, 0.51, 0.34, 0.34, 0.79, 0.76, 0.34, 0.68]",[1176927.0],0.9006274874011676
27,"[0.08233333333333333, 0.3323333333333333, 0.1101111111111111, 0.76, 0.34, 0.79, 0.34, 0.08233333333333333, 0.3323333333333333, 0.1101111111111111, 0.93, 0.68, 0.34, 0.51, 0.34, 0.34, 0.79, 0.18, 0.34, 0.34, 0.68, 0.08233333333333333, 0.3323333333333333, 0.1101111111111111, 0.18, 0.34, 0.9, 0.01, 0.51, 0.01, 0.68, 0.59, 0.01, 0.12, 0.68, 0.68, 0.34, 0.34, 0.18, 0.68, 0.57, 0.51, 0.34, 0.34, 0.12, 0.59, 0.68, 0.68, 0.34, 0.08233333333333333, 0.3323333333333333, 0.1101111111111111, 0.68, 0.01, 0.9, 0.51, 0.08233333333333333, 0.3323333333333333, 0.1101111111111111, 0.51, 0.68, 0.57]",[6880738.0],0.928921401500702
28,"[0.08233333333333333, 0.3323333333333333, 0.1101111111111111, 0.08233333333333333, 0.3323333333333333, 0.1101111111111111, 0.3323333333333333, 0.08233333333333333, 0.3323333333333333, 0.1101111111111111, 0.08233333333333333, 0.3323333333333333, 0.1101111111111111, 0.499, 0.08233333333333333, 0.3323333333333333, 0.1101111111111111, 0.08233333333333333, 0.3323333333333333, 0.1101111111111111, 0.3323333333333333, 0.08233333333333333, 0.3323333333333333, 0.1101111111111111, 0.08233333333333333, 0.3323333333333333, 0.1101111111111111, 0.499, 0.26, 0.68, 0.23, 0.59, 0.34, 0.68, 0.34, 0.08233333333333333, 0.3323333333333333, 0.1101111111111111, 0.76, 0.68, 0.9, 0.51, 0.34, 0.68, 0.23, 0.18, 0.01, 0.23, 0.68, 0.76, 0.01, 0.9, 0.76, 0.01, 0.79, 0.51, 0.08233333333333333, 0.3323333333333333, 0.1101111111111111, 0.34, 0.68, 0.12]",[1445843.0],0.3184912865360578
29,"[0.34, 0.68, 0.12, 0.84, 0.68, 0.12, 0.34, 0.68, 0.34, 0.12, 0.68, 0.01, 0.23, 0.01, 0.08233333333333333, 0.3323333333333333, 0.1101111111111111, 0.34, 0.01, 0.23, 0.34, 0.26, 0.68, 0.68, 0.84, 0.68, 0.68, 0.01, 0.08233333333333333, 0.3323333333333333, 0.1101111111111111, 0.51, 0.01, 0.34, 0.34, 0.43, 0.68, 0.45, 0.34, 0.68, 0.79, 0.51, 0.08233333333333333, 0.3323333333333333, 0.1101111111111111, 0.68, 0.01, 0.23, 0.34, 0.76, 0.34, 0.12, 0.68, 0.34, 0.12, 0.51, 0.93, 0.01, 0.12, 0.59, 0.34, 0.01]",[3295109.0],0.9464773431420326
30,"[0.08233333333333333, 0.3323333333333333, 0.1101111111111111, 0.08233333333333333, 0.3323333333333333, 0.1101111111111111, 0.3323333333333333, 0.08233333333333333, 0.3323333333333333, 0.1101111111111111, 0.08233333333333333, 0.3323333333333333, 0.1101111111111111, 0.499, 0.08233333333333333, 0.3323333333333333, 0.1101111111111111, 0.08233333333333333, 0.3323333333333333, 0.1101111111111111, 0.3323333333333333, 0.08233333333333333, 0.3323333333333333, 0.1101111111111111, 0.08233333333333333, 0.3323333333333333, 0.1101111111111111, 0.499, 0.08233333333333333, 0.3323333333333333, 0.1101111111111111, 0.34, 0.34, 0.57, 0.34, 0.08233333333333333, 0.3323333333333333, 0.1101111111111111, 0.26, 0.01, 0.23, 0.01, 0.08233333333333333, 0.3323333333333333, 0.1101111111111111, 0.18, 0.68, 0.57, 0.68, 0.93, 0.01, 0.34, 0.84, 0.34, 0.68, 0.01, 0.59, 0.01, 0.79, 0.68, 0.68, 0.34]",[6177239.0],0.8561401908596357
31,"[0.84, 0.01, 0.01, 0.43, 0.68, 0.57, 0.68, 0.26, 0.34, 0.23, 0.26, 0.01, 0.68, 0.01, 0.84, 0.34, 0.79, 0.68, 0.68, 0.34, 0.68, 0.08233333333333333, 0.3323333333333333, 0.1101111111111111, 0.84, 0.34, 0.9, 0.01, 0.84, 0.01, 0.57, 0.93, 0.01, 0.68, 0.34, 0.84, 0.68, 0.68, 0.84, 0.34, 0.9, 0.51, 0.43, 0.68, 0.45, 0.84, 0.01, 0.12, 0.34, 0.59, 0.34, 0.01, 0.76, 0.01, 0.34, 0.01, 0.59, 0.34, 0.9, 0.26, 0.68, 0.01]",[24973661.0],0.9503787353634834
32,"[0.09, 0.68, 0.9, 0.68, 0.01, 0.45, 0.68, 0.08233333333333333, 0.3323333333333333, 0.1101111111111111, 0.34, 0.34, 0.57, 0.51, 0.34, 0.68, 0.79, 0.43, 0.68, 0.79, 0.68, 0.08233333333333333, 0.3323333333333333, 0.1101111111111111, 0.26, 0.34, 0.57, 0.51, 0.08233333333333333, 0.3323333333333333, 0.1101111111111111, 0.43, 0.34, 0.57, 0.34, 0.08233333333333333, 0.3323333333333333, 0.1101111111111111, 0.26, 0.34, 0.12, 0.01, 0.18, 0.68, 0.23, 0.51, 0.34, 0.9, 0.34, 0.84, 0.34, 0.79, 0.68, 0.34, 0.34, 0.01, 0.34, 0.01, 0.34, 0.34, 0.34, 0.9]",[743449.0],0.6248795653382937
33,"[0.08233333333333333, 0.3323333333333333, 0.1101111111111111, 0.08233333333333333, 0.3323333333333333, 0.1101111111111111, 0.3323333333333333, 0.08233333333333333, 0.3323333333333333, 0.1101111111111111, 0.08233333333333333, 0.3323333333333333, 0.1101111111111111, 0.499, 0.08233333333333333, 0.3323333333333333, 0.1101111111111111, 0.08233333333333333, 0.3323333333333333, 0.1101111111111111, 0.3323333333333333, 0.08233333333333333, 0.3323333333333333, 0.1101111111111111, 0.08233333333333333, 0.3323333333333333, 0.1101111111111111, 0.499, 0.68, 0.34, 0.23, 0.59, 0.68, 0.12, 0.34, 0.43, 0.68, 0.01, 0.93, 0.34, 0.57, 0.01, 0.08233333333333333, 0.3323333333333333, 0.1101111111111111, 0.26, 0.68, 0.9, 0.34, 0.08233333333333333, 0.3323333333333333, 0.1101111111111111, 0.34, 0.34, 0.12, 0.01, 0.08233333333333333, 0.3323333333333333, 0.1101111111111111, 0.68, 0.01, 0.23]",[446109.0],0.3151754642526309
34,"[0.08233333333333333, 0.3323333333333333, 0.1101111111111111, 0.08233333333333333, 0.3323333333333333, 0.1101111111111111, 0.3323333333333333, 0.08233333333333333, 0.3323333333333333, 0.1101111111111111, 0.08233333333333333, 0.3323333333333333, 0.1101111111111111, 0.499, 0.08233333333333333, 0.3323333333333333, 0.1101111111111111, 0.08233333333333333, 0.3323333333333333, 0.1101111111111111, 0.3323333333333333, 0.08233333333333333, 0.3323333333333333, 0.1101111111111111, 0.08233333333333333, 0.3323333333333333, 0.1101111111111111, 0.499, 0.08233333333333333, 0.3323333333333333, 0.1101111111111111, 0.93, 0.34, 0.45, 0.68, 0.34, 0.01, 0.45, 0.34, 0.01, 0.34, 0.01, 0.08233333333333333, 0.3323333333333333, 0.1101111111111111, 0.34, 0.01, 0.9, 0.34, 0.18, 0.68, 0.57, 0.93, 0.34, 0.34, 0.51, 0.08233333333333333, 0.3323333333333333, 0.1101111111111111, 0.51, 0.68, 0.57]",[4273847.0],0.8706823130448659
35,"[0.08233333333333333, 0.3323333333333333, 0.1101111111111111, 0.08233333333333333, 0.3323333333333333, 0.1101111111111111, 0.3323333333333333, 0.08233333333333333, 0.3323333333333333, 0.1101111111111111, 0.08233333333333333, 0.3323333333333333, 0.1101111111111111, 0.499, 0.08233333333333333, 0.3323333333333333, 0.1101111111111111, 0.68, 0.34, 0.9, 0.68, 0.08233333333333333, 0.3323333333333333, 0.1101111111111111, 0.18, 0.01, 0.9, 0.51, 0.08233333333333333, 0.3323333333333333, 0.1101111111111111, 0.34, 0.34, 0.9, 0.68, 0.59, 0.68, 0.23, 0.43, 0.68, 0.9, 0.01, 0.08233333333333333, 0.3323333333333333, 0.1101111111111111, 0.93, 0.01, 0.57, 0.68, 0.08233333333333333, 0.3323333333333333, 0.1101111111111111, 0.26, 0.68, 0.23, 0.51, 0.08233333333333333, 0.3323333333333333, 0.1101111111111111, 0.59, 0.34, 0.23]",[761305.0],0.9108644311626752
36,"[0.08233333333333333, 0.3323333333333333, 0.1101111111111111, 0.93, 0.01, 0.68, 0.34, 0.08233333333333333, 0.3323333333333333, 0.1101111111111111, 0.26, 0.34, 0.01, 0.51, 0.08233333333333333, 0.3323333333333333, 0.1101111111111111, 0.59, 0.68, 0.34, 0.34, 0.08233333333333333, 0.3323333333333333, 0.1101111111111111, 0.93, 0.01, 0.23, 0.01, 0.59, 0.34, 0.34, 0.84, 0.01, 0.01, 0.68, 0.76, 0.68, 0.12, 0.76, 0.01, 0.01, 0.51, 0.93, 0.34, 0.68, 0.34, 0.01, 0.45, 0.34, 0.08233333333333333, 0.3323333333333333, 0.1101111111111111, 0.84, 0.34, 0.68, 0.01, 0.08233333333333333, 0.3323333333333333, 0.1101111111111111, 0.18, 0.01, 0.9]",[14644177.0],0.926858467857043
37,"[0.43, 0.34, 0.34, 0.18, 0.01, 0.45, 0.68, 0.43, 0.34, 0.68, 0.26, 0.01, 0.34, 0.01, 0.08233333333333333, 0.3323333333333333, 0.1101111111111111, 0.84, 0.34, 0.68, 0.34, 0.08233333333333333, 0.3323333333333333, 0.1101111111111111, 0.93, 0.34, 0.57, 0.51, 0.26, 0.68, 0.57, 0.84, 0.68, 0.34, 0.34, 0.08233333333333333, 0.3323333333333333, 0.1101111111111111, 0.18, 0.34, 0.45, 0.01, 0.08233333333333333, 0.3323333333333333, 0.1101111111111111, 0.68, 0.68, 0.23, 0.34, 0.76, 0.01, 0.23, 0.93, 0.01, 0.79, 0.51, 0.18, 0.34, 0.79, 0.68, 0.34, 0.01]",[15394536.0],0.9444149831930796
38,"[0.08233333333333333, 0.3323333333333333, 0.1101111111111111, 0.08233333333333333, 0.3323333333333333, 0.1101111111111111, 0.3323333333333333, 0.08233333333333333, 0.3323333333333333, 0.1101111111111111, 0.08233333333333333, 0.3323333333333333, 0.1101111111111111, 0.499, 0.08233333333333333, 0.3323333333333333, 0.1101111111111111, 0.08233333333333333, 0.3323333333333333, 0.1101111111111111, 0.3323333333333333, 0.08233333333333333, 0.3323333333333333, 0.1101111111111111, 0.08233333333333333, 0.3323333333333333, 0.1101111111111111, 0.499, 0.08233333333333333, 0.3323333333333333, 0.1101111111111111, 0.76, 0.68, 0.23, 0.68, 0.08233333333333333, 0.3323333333333333, 0.1101111111111111, 0.26, 0.68, 0.79, 0.01, 0.08233333333333333, 0.3323333333333333, 0.1101111111111111, 0.26, 0.34, 0.23, 0.34, 0.08233333333333333, 0.3323333333333333, 0.1101111111111111, 0.84, 0.01, 0.34, 0.51, 0.08233333333333333, 0.3323333333333333, 0.1101111111111111, 0.18, 0.01, 0.68]",[1133620.0],0.7790641993284225
39,"[0.08233333333333333, 0.3323333333333333, 0.1101111111111111, 0.51, 0.68, 0.45, 0.68, 0.08233333333333333, 0.3323333333333333, 0.1101111111111111, 0.76, 0.34, 0.68, 0.01, 0.08233333333333333, 0.3323333333333333, 0.1101111111111111, 0.18, 0.34, 0.34, 0.34, 0.18, 0.34, 0.57, 0.84, 0.68, 0.68, 0.51, 0.08233333333333333, 0.3323333333333333, 0.1101111111111111, 0.34, 0.34, 0.68, 0.68, 0.08233333333333333, 0.3323333333333333, 0.1101111111111111, 0.76, 0.68, 0.68, 0.51, 0.08233333333333333, 0.3323333333333333, 0.1101111111111111, 0.59, 0.34, 0.9, 0.68, 0.08233333333333333, 0.3323333333333333, 0.1101111111111111, 0.43, 0.34, 0.79, 0.01, 0.26, 0.34, 0.23, 0.51, 0.01, 0.9]",[2513501.0],0.9127887095014254
40,"[0.84, 0.01, 0.34, 0.43, 0.01, 0.68, 0.34, 0.93, 0.01, 0.12, 0.68, 0.01, 0.9, 0.01, 0.08233333333333333, 0.3323333333333333, 0.1101111111111111, 0.26, 0.68, 0.9, 0.34, 0.93, 0.34, 0.9, 0.18, 0.34, 0.01, 0.51, 0.84, 0.01, 0.45, 0.93, 0.68, 0.12, 0.34, 0.43, 0.01, 0.45, 0.43, 0.34, 0.9, 0.01, 0.08233333333333333, 0.3323333333333333, 0.1101111111111111, 0.51, 0.01, 0.01, 0.68, 0.76, 0.34, 0.23, 0.76, 0.68, 0.23, 0.51, 0.93, 0.34, 0.9, 0.51, 0.01, 0.01]",[15781325.0],0.3167283087968826
41,"[0.08233333333333333, 0.3323333333333333, 0.1101111111111111, 0.08233333333333333, 0.3323333333333333, 0.1101111111111111, 0.3323333333333333, 0.08233333333333333, 0.3323333333333333, 0.1101111111111111, 0.08233333333333333, 0.3323333333333333, 0.1101111111111111, 0.499, 0.08233333333333333, 0.3323333333333333, 0.1101111111111111, 0.08233333333333333, 0.3323333333333333, 0.1101111111111111, 0.3323333333333333, 0.08233333333333333, 0.3323333333333333, 0.1101111111111111, 0.08233333333333333, 0.3323333333333333, 0.1101111111111111, 0.499, 0.18, 0.34, 0.23, 0.93, 0.01, 0.23, 0.34, 0.08233333333333333, 0.3323333333333333, 0.1101111111111111, 0.76, 0.01, 0.23, 0.01, 0.08233333333333333, 0.3323333333333333, 0.1101111111111111, 0.26, 0.01, 0.9, 0.34, 0.76, 0.34, 0.34, 0.84, 0.01, 0.12, 0.51, 0.34, 0.01, 0.57, 0.59, 0.34, 0.34]",[1419873.0],0.8288952683409055
42,"[0.08233333333333333, 0.3323333333333333, 0.1101111111111111, 0.08233333333333333, 0.3323333333333333, 0.1101111111111111, 0.3323333333333333, 0.08233333333333333, 0.3323333333333333, 0.1101111111111111, 0.08233333333333333, 0.3323333333333333, 0.1101111111111111, 0.499, 0.08233333333333333, 0.3323333333333333, 0.1101111111111111, 0.08233333333333333, 0.3323333333333333, 0.1101111111111111, 0.3323333333333333, 0.08233333333333333, 0.3323333333333333, 0.1101111111111111, 0.08233333333333333, 0.3323333333333333, 0.1101111111111111, 0.499, 0.08233333333333333, 0.3323333333333333, 0.1101111111111111, 0.26, 0.34, 0.34, 0.68, 0.09, 0.68, 0.01, 0.18, 0.34, 0.9, 0.01, 0.51, 0.68, 0.01, 0.76, 0.01, 0.9, 0.68, 0.08233333333333333, 0.3323333333333333, 0.1101111111111111, 0.68, 0.68, 0.34, 0.01, 0.18, 0.34, 0.12, 0.09, 0.68, 0.12]",[89526.0],0.8783203432957332
43,"[0.84, 0.01, 0.34, 0.09, 0.34, 0.57, 0.34, 0.08233333333333333, 0.3323333333333333, 0.1101111111111111, 0.59, 0.34, 0.57, 0.01, 0.08233333333333333, 0.3323333333333333, 0.1101111111111111, 0.43, 0.34, 0.01, 0.68, 0.08233333333333333, 0.3323333333333333, 0.1101111111111111, 0.76, 0.01, 0.01, 0.51, 0.08233333333333333, 0.3323333333333333, 0.1101111111111111, 0.59, 0.01, 0.45, 0.34, 0.59, 0.34, 0.34, 0.34, 0.34, 0.9, 0.01, 0.76, 0.34, 0.34, 0.34, 0.68, 0.12, 0.34, 0.08233333333333333, 0.3323333333333333, 0.1101111111111111, 0.68, 0.34, 0.68, 0.51, 0.08233333333333333, 0.3323333333333333, 0.1101111111111111, 0.26, 0.34, 0.57]",[781126.0],0.9164062604308127
44,"[0.26, 0.68, 0.57, 0.26, 0.34, 0.68, 0.34, 0.84, 0.01, 0.9, 0.43, 0.68, 0.57, 0.51, 0.08233333333333333, 0.3323333333333333, 0.1101111111111111, 0.76, 0.01, 0.12, 0.34, 0.51, 0.68, 0.01, 0.51, 0.68, 0.79, 0.01, 0.08233333333333333, 0.3323333333333333, 0.1101111111111111, 0.51, 0.01, 0.23, 0.68, 0.26, 0.68, 0.12, 0.68, 0.34, 0.12, 0.01, 0.08233333333333333, 0.3323333333333333, 0.1101111111111111, 0.93, 0.01, 0.9, 0.68, 0.68, 0.34, 0.68, 0.84, 0.34, 0.01, 0.51, 0.08233333333333333, 0.3323333333333333, 0.1101111111111111, 0.18, 0.68, 0.57]",[3388000.0],0.9422264526287716
45,"[0.08233333333333333, 0.3323333333333333, 0.1101111111111111, 0.08233333333333333, 0.3323333333333333, 0.1101111111111111, 0.3323333333333333, 0.08233333333333333, 0.3323333333333333, 0.1101111111111111, 0.08233333333333333, 0.3323333333333333, 0.1101111111111111, 0.499, 0.08233333333333333, 0.3323333333333333, 0.1101111111111111, 0.09, 0.34, 0.12, 0.34, 0.08233333333333333, 0.3323333333333333, 0.1101111111111111, 0.76, 0.68, 0.23, 0.51, 0.51, 0.68, 0.45, 0.76, 0.01, 0.68, 0.34, 0.59, 0.34, 0.68, 0.34, 0.34, 0.23, 0.51, 0.08233333333333333, 0.3323333333333333, 0.1101111111111111, 0.76, 0.34, 0.23, 0.68, 0.84, 0.34, 0.9, 0.26, 0.01, 0.68, 0.01, 0.08233333333333333, 0.3323333333333333, 0.1101111111111111, 0.59, 0.34, 0.34]",[1249705.0],0.9255390092730522
46,"[0.08233333333333333, 0.3323333333333333, 0.1101111111111111, 0.84, 0.68, 0.9, 0.34, 0.08233333333333333, 0.3323333333333333, 0.1101111111111111, 0.93, 0.34, 0.79, 0.51, 0.59, 0.68, 0.68, 0.68, 0.01, 0.01, 0.68, 0.08233333333333333, 0.3323333333333333, 0.1101111111111111, 0.59, 0.01, 0.9, 0.51, 0.84, 0.68, 0.57, 0.93, 0.68, 0.01, 0.34, 0.08233333333333333, 0.3323333333333333, 0.1101111111111111, 0.76, 0.34, 0.12, 0.01, 0.18, 0.68, 0.34, 0.09, 0.34, 0.57, 0.34, 0.08233333333333333, 0.3323333333333333, 0.1101111111111111, 0.09, 0.68, 0.01, 0.51, 0.08233333333333333, 0.3323333333333333, 0.1101111111111111, 0.76, 0.68, 0.45]",[20987613.0],0.9426196694374084
47,"[0.59, 0.68, 0.12, 0.18, 0.34, 0.79, 0.68, 0.09, 0.68, 0.23, 0.84, 0.34, 0.57, 0.51, 0.68, 0.68, 0.68, 0.34, 0.68, 0.12, 0.68, 0.26, 0.34, 0.9, 0.34, 0.01, 0.68, 0.01, 0.08233333333333333, 0.3323333333333333, 0.1101111111111111, 0.68, 0.01, 0.45, 0.34, 0.08233333333333333, 0.3323333333333333, 0.1101111111111111, 0.26, 0.34, 0.12, 0.51, 0.93, 0.01, 0.57, 0.68, 0.34, 0.79, 0.68, 0.93, 0.34, 0.23, 0.59, 0.34, 0.23, 0.01, 0.08233333333333333, 0.3323333333333333, 0.1101111111111111, 0.76, 0.68, 0.34]",[5410112.0],0.9178411404291787
48,"[0.08233333333333333, 0.3323333333333333, 0.1101111111111111, 0.08233333333333333, 0.3323333333333333, 0.1101111111111111, 0.3323333333333333, 0.08233333333333333, 0.3323333333333333, 0.1101111111111111, 0.08233333333333333, 0.3323333333333333, 0.1101111111111111, 0.499, 0.08233333333333333, 0.3323333333333333, 0.1101111111111111, 0.08233333333333333, 0.3323333333333333, 0.1101111111111111, 0.3323333333333333, 0.08233333333333333, 0.3323333333333333, 0.1101111111111111, 0.08233333333333333, 0.3323333333333333, 0.1101111111111111, 0.499, 0.59, 0.01, 0.34, 0.34, 0.34, 0.01, 0.68, 0.93, 0.34, 0.23, 0.09, 0.34, 0.12, 0.01, 0.08233333333333333, 0.3323333333333333, 0.1101111111111111, 0.59, 0.34, 0.68, 0.68, 0.08233333333333333, 0.3323333333333333, 0.1101111111111111, 0.59, 0.68, 0.45, 0.01, 0.59, 0.34, 0.57, 0.84, 0.01, 0.01]",[2568221.0],0.8923391073942184
49,"[0.08233333333333333, 0.3323333333333333, 0.1101111111111111, 0.08233333333333333, 0.3323333333333333, 0.1101111111111111, 0.3323333333333333, 0.08233333333333333, 0.3323333333333333, 0.1101111111111111, 0.08233333333333333, 0.3323333333333333, 0.1101111111111111, 0.499, 0.34, 0.01, 0.45, 0.68, 0.01, 0.23, 0.68, 0.18, 0.68, 0.45, 0.51, 0.34, 0.79, 0.01, 0.08233333333333333, 0.3323333333333333, 0.1101111111111111, 0.26, 0.34, 0.57, 0.68, 0.08233333333333333, 0.3323333333333333, 0.1101111111111111, 0.93, 0.34, 0.79, 0.01, 0.08233333333333333, 0.3323333333333333, 0.1101111111111111, 0.09, 0.01, 0.23, 0.68, 0.08233333333333333, 0.3323333333333333, 0.1101111111111111, 0.43, 0.68, 0.79, 0.01, 0.26, 0.01, 0.01, 0.43, 0.34, 0.34]",[4413018.0],0.8126609305540721
50,"[0.93, 0.68, 0.34, 0.51, 0.34, 0.57, 0.68, 0.08233333333333333, 0.3323333333333333, 0.1101111111111111, 0.68, 0.34, 0.12, 0.01, 0.43, 0.68, 0.23, 0.84, 0.34, 0.9, 0.34, 0.08233333333333333, 0.3323333333333333, 0.1101111111111111, 0.26, 0.01, 0.45, 0.01, 0.08233333333333333, 0.3323333333333333, 0.1101111111111111, 0.51, 0.34, 0.01, 0.34, 0.76, 0.34, 0.12, 0.43, 0.68, 0.45, 0.51, 0.08233333333333333, 0.3323333333333333, 0.1101111111111111, 0.26, 0.01, 0.57, 0.34, 0.93, 0.01, 0.79, 0.59, 0.01, 0.68, 0.01, 0.76, 0.01, 0.45, 0.93, 0.68, 0.79]",[12747053.0],0.9509148150682448
51,"[0.08233333333333333, 0.3323333333333333, 0.1101111111111111, 0.08233333333333333, 0.3323333333333333, 0.1101111111111111, 0.3323333333333333, 0.08233333333333333, 0.3323333333333333, 0.1101111111111111, 0.08233333333333333, 0.3323333333333333, 0.1101111111111111, 0.499, 0.08233333333333333, 0.3323333333333333, 0.1101111111111111, 0.59, 0.01, 0.12, 0.34, 0.08233333333333333, 0.3323333333333333, 0.1101111111111111, 0.18, 0.68, 0.12, 0.51, 0.84, 0.01, 0.79, 0.34, 0.01, 0.12, 0.68, 0.93, 0.68, 0.01, 0.84, 0.34, 0.57, 0.51, 0.34, 0.68, 0.68, 0.09, 0.01, 0.12, 0.68, 0.08233333333333333, 0.3323333333333333, 0.1101111111111111, 0.18, 0.01, 0.23, 0.51, 0.08233333333333333, 0.3323333333333333, 0.1101111111111111, 0.51, 0.34, 0.34]",[5537093.0],0.8786672671635946
52,"[0.08233333333333333, 0.3323333333333333, 0.1101111111111111, 0.08233333333333333, 0.3323333333333333, 0.1101111111111111, 0.3323333333333333, 0.08233333333333333, 0.3323333333333333, 0.1101111111111111, 0.08233333333333333, 0.3323333333333333, 0.1101111111111111, 0.499, 0.08233333333333333, 0.3323333333333333, 0.1101111111111111, 0.09, 0.34, 0.68, 0.34, 0.59, 0.01, 0.9, 0.76, 0.34, 0.34, 0.01, 0.93, 0.68, 0.12, 0.93, 0.34, 0.34, 0.34, 0.43, 0.01, 0.57, 0.59, 0.68, 0.79, 0.01, 0.08233333333333333, 0.3323333333333333, 0.1101111111111111, 0.84, 0.01, 0.68, 0.68, 0.93, 0.01, 0.23, 0.34, 0.34, 0.23, 0.51, 0.76, 0.01, 0.12, 0.43, 0.68, 0.34]",[11034343.0],0.9264660085241
53,"[0.08233333333333333, 0.3323333333333333, 0.1101111111111111, 0.08233333333333333, 0.3323333333333333, 0.1101111111111111, 0.3323333333333333, 0.08233333333333333, 0.3323333333333333, 0.1101111111111111, 0.08233333333333333, 0.3323333333333333, 0.1101111111111111, 0.499, 0.08233333333333333, 0.3323333333333333, 0.1101111111111111, 0.08233333333333333, 0.3323333333333333, 0.1101111111111111, 0.3323333333333333, 0.08233333333333333, 0.3323333333333333, 0.1101111111111111, 0.08233333333333333, 0.3323333333333333, 0.1101111111111111, 0.499, 0.68, 0.01, 0.79, 0.76, 0.01, 0.79, 0.68, 0.59, 0.34, 0.01, 0.68, 0.68, 0.01, 0.51, 0.68, 0.68, 0.12, 0.43, 0.34, 0.23, 0.34, 0.08233333333333333, 0.3323333333333333, 0.1101111111111111, 0.51, 0.68, 0.45, 0.51, 0.08233333333333333, 0.3323333333333333, 0.1101111111111111, 0.09, 0.68, 0.45]",[1250713.0],0.9134181747833888
54,"[0.93, 0.34, 0.9, 0.76, 0.34, 0.45, 0.34, 0.08233333333333333, 0.3323333333333333, 0.1101111111111111, 0.93, 0.01, 0.01, 0.01, 0.08233333333333333, 0.3323333333333333, 0.1101111111111111, 0.34, 0.68, 0.12, 0.68, 0.08233333333333333, 0.3323333333333333, 0.1101111111111111, 0.76, 0.01, 0.34, 0.01, 0.34, 0.01, 0.9, 0.84, 0.68, 0.34, 0.34, 0.08233333333333333, 0.3323333333333333, 0.1101111111111111, 0.18, 0.34, 0.57, 0.51, 0.68, 0.01, 0.01, 0.84, 0.34, 0.01, 0.68, 0.08233333333333333, 0.3323333333333333, 0.1101111111111111, 0.26, 0.68, 0.9, 0.01, 0.18, 0.34, 0.68, 0.51, 0.34, 0.34]",[3759777.0],0.9298413450519244
55,"[0.08233333333333333, 0.3323333333333333, 0.1101111111111111, 0.08233333333333333, 0.3323333333333333, 0.1101111111111111, 0.3323333333333333, 0.08233333333333333, 0.3323333333333333, 0.1101111111111111, 0.08233333333333333, 0.3323333333333333, 0.1101111111111111, 0.499, 0.34, 0.34, 0.23, 0.34, 0.01, 0.23, 0.34, 0.59, 0.34, 0.23, 0.18, 0.01, 0.23, 0.51, 0.08233333333333333, 0.3323333333333333, 0.1101111111111111, 0.76, 0.34, 0.68, 0.34, 0.08233333333333333, 0.3323333333333333, 0.1101111111111111, 0.84, 0.68, 0.57, 0.51, 0.09, 0.68, 0.23, 0.76, 0.34, 0.23, 0.68, 0.09, 0.01, 0.34, 0.18, 0.01, 0.23, 0.51, 0.26, 0.34, 0.68, 0.84, 0.01, 0.68]",[4534964.0],0.919350162645181
56,"[0.34, 0.01, 0.01, 0.09, 0.34, 0.57, 0.34, 0.08233333333333333, 0.3323333333333333, 0.1101111111111111, 0.51, 0.01, 0.12, 0.01, 0.08233333333333333, 0.3323333333333333, 0.1101111111111111, 0.09, 0.01, 0.68, 0.34, 0.59, 0.34, 0.9, 0.18, 0.34, 0.79, 0.01, 0.08233333333333333, 0.3323333333333333, 0.1101111111111111, 0.51, 0.34, 0.57, 0.34, 0.84, 0.01, 0.45, 0.18, 0.34, 0.57, 0.01, 0.08233333333333333, 0.3323333333333333, 0.1101111111111111, 0.76, 0.68, 0.01, 0.34, 0.08233333333333333, 0.3323333333333333, 0.1101111111111111, 0.93, 0.68, 0.57, 0.51, 0.08233333333333333, 0.3323333333333333, 0.1101111111111111, 0.68, 0.68, 0.23]",[13986672.0],0.9030689482887586
57,"[0.08233333333333333, 0.3323333333333333, 0.1101111111111111, 0.18, 0.01, 0.68, 0.68, 0.93, 0.34, 0.01, 0.18, 0.01, 0.01, 0.01, 0.08233333333333333, 0.3323333333333333, 0.1101111111111111, 0.18, 0.68, 0.9, 0.34, 0.09, 0.01, 0.01, 0.68, 0.68, 0.34, 0.51, 0.76, 0.68, 0.12, 0.26, 0.01, 0.23, 0.68, 0.08233333333333333, 0.3323333333333333, 0.1101111111111111, 0.51, 0.68, 0.45, 0.51, 0.34, 0.34, 0.45, 0.43, 0.68, 0.23, 0.68, 0.59, 0.68, 0.01, 0.68, 0.01, 0.34, 0.01, 0.08233333333333333, 0.3323333333333333, 0.1101111111111111, 0.59, 0.34, 0.01]",[1498744.0],0.9190624172488848
58,"[0.08233333333333333, 0.3323333333333333, 0.1101111111111111, 0.18, 0.01, 0.68, 0.68, 0.93, 0.34, 0.01, 0.18, 0.01, 0.01, 0.01, 0.08233333333333333, 0.3323333333333333, 0.1101111111111111, 0.18, 0.68, 0.9, 0.34, 0.09, 0.01, 0.01, 0.68, 0.68, 0.34, 0.51, 0.76, 0.68, 0.12, 0.26, 0.01, 0.23, 0.68, 0.08233333333333333, 0.3323333333333333, 0.1101111111111111, 0.51, 0.68, 0.45, 0.51, 0.34, 0.34, 0.45, 0.43, 0.68, 0.23, 0.68, 0.59, 0.68, 0.01, 0.68, 0.01, 0.34, 0.01, 0.08233333333333333, 0.3323333333333333, 0.1101111111111111, 0.59, 0.34, 0.01]",[1498744.0],0.919049727420012
59,"[0.08233333333333333, 0.3323333333333333, 0.1101111111111111, 0.08233333333333333, 0.3323333333333333, 0.1101111111111111, 0.3323333333333333, 0.08233333333333333, 0.3323333333333333, 0.1101111111111111, 0.08233333333333333, 0.3323333333333333, 0.1101111111111111, 0.499, 0.08233333333333333, 0.3323333333333333, 0.1101111111111111, 0.93, 0.34, 0.34, 0.68, 0.08233333333333333, 0.3323333333333333, 0.1101111111111111, 0.84, 0.01, 0.01, 0.51, 0.08233333333333333, 0.3323333333333333, 0.1101111111111111, 0.43, 0.68, 0.68, 0.68, 0.08233333333333333, 0.3323333333333333, 0.1101111111111111, 0.68, 0.34, 0.45, 0.51, 0.34, 0.01, 0.34, 0.59, 0.34, 0.79, 0.68, 0.08233333333333333, 0.3323333333333333, 0.1101111111111111, 0.18, 0.68, 0.23, 0.51, 0.08233333333333333, 0.3323333333333333, 0.1101111111111111, 0.34, 0.68, 0.34]",[1073596.0],0.913606578608354
60,"[0.08233333333333333, 0.3323333333333333, 0.1101111111111111, 0.08233333333333333, 0.3323333333333333, 0.1101111111111111, 0.3323333333333333, 0.08233333333333333, 0.3323333333333333, 0.1101111111111111, 0.08233333333333333, 0.3323333333333333, 0.1101111111111111, 0.499, 0.08233333333333333, 0.3323333333333333, 0.1101111111111111, 0.08233333333333333, 0.3323333333333333, 0.1101111111111111, 0.3323333333333333, 0.08233333333333333, 0.3323333333333333, 0.1101111111111111, 0.08233333333333333, 0.3323333333333333, 0.1101111111111111, 0.499, 0.59, 0.01, 0.57, 0.76, 0.34, 0.9, 0.68, 0.08233333333333333, 0.3323333333333333, 0.1101111111111111, 0.59, 0.34, 0.01, 0.01, 0.09, 0.01, 0.01, 0.59, 0.34, 0.9, 0.34, 0.68, 0.34, 0.45, 0.43, 0.68, 0.34, 0.51, 0.08233333333333333, 0.3323333333333333, 0.1101111111111111, 0.68, 0.68, 0.12]",[597252.0],0.914133463303248
61,"[0.08233333333333333, 0.3323333333333333, 0.1101111111111111, 0.76, 0.01, 0.34, 0.68, 0.09, 0.68, 0.79, 0.68, 0.68, 0.01, 0.01, 0.84, 0.01, 0.79, 0.09, 0.01, 0.45, 0.68, 0.93, 0.68, 0.68, 0.68, 0.01, 0.57, 0.51, 0.26, 0.34, 0.01, 0.68, 0.01, 0.34, 0.68, 0.43, 0.68, 0.68, 0.09, 0.01, 0.45, 0.01, 0.84, 0.01, 0.45, 0.76, 0.01, 0.9, 0.34, 0.34, 0.68, 0.57, 0.34, 0.01, 0.68, 0.01, 0.76, 0.68, 0.01, 0.93, 0.01, 0.34]",[6900983.0],0.9281524683038394
62,"[0.08233333333333333, 0.3323333333333333, 0.1101111111111111, 0.08233333333333333, 0.3323333333333333, 0.1101111111111111, 0.3323333333333333, 0.08233333333333333, 0.3323333333333333, 0.1101111111111111, 0.08233333333333333, 0.3323333333333333, 0.1101111111111111, 0.499, 0.08233333333333333, 0.3323333333333333, 0.1101111111111111, 0.08233333333333333, 0.3323333333333333, 0.1101111111111111, 0.3323333333333333, 0.08233333333333333, 0.3323333333333333, 0.1101111111111111, 0.08233333333333333, 0.3323333333333333, 0.1101111111111111, 0.499, 0.08233333333333333, 0.3323333333333333, 0.1101111111111111, 0.76, 0.01, 0.68, 0.34, 0.84, 0.34, 0.79, 0.68, 0.01, 0.23, 0.51, 0.93, 0.68, 0.12, 0.68, 0.68, 0.01, 0.34, 0.18, 0.01, 0.68, 0.68, 0.01, 0.01, 0.01, 0.08233333333333333, 0.3323333333333333, 0.1101111111111111, 0.84, 0.01, 0.79]",[12528199.0],0.8759459296862284
63,"[0.84, 0.01, 0.79, 0.43, 0.01, 0.57, 0.34, 0.08233333333333333, 0.3323333333333333, 0.1101111111111111, 0.51, 0.01, 0.23, 0.01, 0.08233333333333333, 0.3323333333333333, 0.1101111111111111, 0.51, 0.01, 0.01, 0.68, 0.08233333333333333, 0.3323333333333333, 0.1101111111111111, 0.68, 0.68, 0.12, 0.51, 0.08233333333333333, 0.3323333333333333, 0.1101111111111111, 0.51, 0.68, 0.23, 0.68, 0.08233333333333333, 0.3323333333333333, 0.1101111111111111, 0.51, 0.68, 0.57, 0.51, 0.93, 0.01, 0.23, 0.84, 0.68, 0.01, 0.34, 0.76, 0.01, 0.9, 0.93, 0.01, 0.34, 0.01, 0.08233333333333333, 0.3323333333333333, 0.1101111111111111, 0.34, 0.01, 0.01]",[16213505.0],0.9331655497352284
64,"[0.08233333333333333, 0.3323333333333333, 0.1101111111111111, 0.08233333333333333, 0.3323333333333333, 0.1101111111111111, 0.3323333333333333, 0.08233333333333333, 0.3323333333333333, 0.1101111111111111, 0.08233333333333333, 0.3323333333333333, 0.1101111111111111, 0.499, 0.08233333333333333, 0.3323333333333333, 0.1101111111111111, 0.08233333333333333, 0.3323333333333333, 0.1101111111111111, 0.3323333333333333, 0.08233333333333333, 0.3323333333333333, 0.1101111111111111, 0.08233333333333333, 0.3323333333333333, 0.1101111111111111, 0.499, 0.43, 0.34, 0.79, 0.84, 0.34, 0.12, 0.34, 0.08233333333333333, 0.3323333333333333, 0.1101111111111111, 0.59, 0.34, 0.01, 0.01, 0.51, 0.68, 0.12, 0.68, 0.68, 0.12, 0.34, 0.08233333333333333, 0.3323333333333333, 0.1101111111111111, 0.18, 0.68, 0.57, 0.51, 0.08233333333333333, 0.3323333333333333, 0.1101111111111111, 0.51, 0.01, 0.9]",[603113.0],0.9411467189590136
65,"[0.08233333333333333, 0.3323333333333333, 0.1101111111111111, 0.08233333333333333, 0.3323333333333333, 0.1101111111111111, 0.3323333333333333, 0.08233333333333333, 0.3323333333333333, 0.1101111111111111, 0.08233333333333333, 0.3323333333333333, 0.1101111111111111, 0.499, 0.08233333333333333, 0.3323333333333333, 0.1101111111111111, 0.08233333333333333, 0.3323333333333333, 0.1101111111111111, 0.3323333333333333, 0.08233333333333333, 0.3323333333333333, 0.1101111111111111, 0.08233333333333333, 0.3323333333333333, 0.1101111111111111, 0.499, 0.08233333333333333, 0.3323333333333333, 0.1101111111111111, 0.59, 0.01, 0.79, 0.68, 0.08233333333333333, 0.3323333333333333, 0.1101111111111111, 0.26, 0.34, 0.57, 0.01, 0.08233333333333333, 0.3323333333333333, 0.1101111111111111, 0.18, 0.68, 0.68, 0.68, 0.08233333333333333, 0.3323333333333333, 0.1101111111111111, 0.84, 0.34, 0.01, 0.51, 0.08233333333333333, 0.3323333333333333, 0.1101111111111111, 0.18, 0.34, 0.79]",[1086538.0],0.7689986502130827
66,"[0.08233333333333333, 0.3323333333333333, 0.1101111111111111, 0.08233333333333333, 0.3323333333333333, 0.1101111111111111, 0.3323333333333333, 0.08233333333333333, 0.3323333333333333, 0.1101111111111111, 0.08233333333333333, 0.3323333333333333, 0.1101111111111111, 0.499, 0.08233333333333333, 0.3323333333333333, 0.1101111111111111, 0.08233333333333333, 0.3323333333333333, 0.1101111111111111, 0.3323333333333333, 0.08233333333333333, 0.3323333333333333, 0.1101111111111111, 0.08233333333333333, 0.3323333333333333, 0.1101111111111111, 0.499, 0.59, 0.01, 0.57, 0.09, 0.34, 0.57, 0.34, 0.93, 0.01, 0.23, 0.09, 0.34, 0.12, 0.51, 0.08233333333333333, 0.3323333333333333, 0.1101111111111111, 0.09, 0.01, 0.45, 0.34, 0.08233333333333333, 0.3323333333333333, 0.1101111111111111, 0.68, 0.68, 0.9, 0.51, 0.43, 0.01, 0.9, 0.26, 0.01, 0.79]",[122810.0],0.7711014846960703
67,"[0.08233333333333333, 0.3323333333333333, 0.1101111111111111, 0.08233333333333333, 0.3323333333333333, 0.1101111111111111, 0.3323333333333333, 0.08233333333333333, 0.3323333333333333, 0.1101111111111111, 0.08233333333333333, 0.3323333333333333, 0.1101111111111111, 0.499, 0.08233333333333333, 0.3323333333333333, 0.1101111111111111, 0.08233333333333333, 0.3323333333333333, 0.1101111111111111, 0.3323333333333333, 0.08233333333333333, 0.3323333333333333, 0.1101111111111111, 0.08233333333333333, 0.3323333333333333, 0.1101111111111111, 0.499, 0.08233333333333333, 0.3323333333333333, 0.1101111111111111, 0.51, 0.34, 0.57, 0.68, 0.08233333333333333, 0.3323333333333333, 0.1101111111111111, 0.76, 0.01, 0.68, 0.01, 0.08233333333333333, 0.3323333333333333, 0.1101111111111111, 0.18, 0.01, 0.23, 0.34, 0.59, 0.01, 0.9, 0.93, 0.34, 0.23, 0.01, 0.08233333333333333, 0.3323333333333333, 0.1101111111111111, 0.18, 0.68, 0.68]",[5052867.0],0.7694169049461682
68,"[0.08233333333333333, 0.3323333333333333, 0.1101111111111111, 0.76, 0.34, 0.68, 0.34, 0.08233333333333333, 0.3323333333333333, 0.1101111111111111, 0.34, 0.68, 0.34, 0.51, 0.08233333333333333, 0.3323333333333333, 0.1101111111111111, 0.84, 0.68, 0.68, 0.68, 0.08233333333333333, 0.3323333333333333, 0.1101111111111111, 0.18, 0.34, 0.9, 0.51, 0.84, 0.01, 0.68, 0.76, 0.34, 0.79, 0.34, 0.08233333333333333, 0.3323333333333333, 0.1101111111111111, 0.09, 0.01, 0.57, 0.01, 0.68, 0.68, 0.01, 0.59, 0.34, 0.45, 0.34, 0.26, 0.68, 0.68, 0.93, 0.34, 0.12, 0.01, 0.08233333333333333, 0.3323333333333333, 0.1101111111111111, 0.09, 0.01, 0.79]",[9920778.0],0.931020752588908
69,"[0.08233333333333333, 0.3323333333333333, 0.1101111111111111, 0.08233333333333333, 0.3323333333333333, 0.1101111111111111, 0.3323333333333333, 0.08233333333333333, 0.3323333333333333, 0.1101111111111111, 0.08233333333333333, 0.3323333333333333, 0.1101111111111111, 0.499, 0.08233333333333333, 0.3323333333333333, 0.1101111111111111, 0.76, 0.68, 0.12, 0.34, 0.76, 0.34, 0.79, 0.84, 0.01, 0.12, 0.01, 0.09, 0.01, 0.79, 0.26, 0.01, 0.9, 0.34, 0.08233333333333333, 0.3323333333333333, 0.1101111111111111, 0.51, 0.34, 0.9, 0.51, 0.08233333333333333, 0.3323333333333333, 0.1101111111111111, 0.84, 0.01, 0.68, 0.68, 0.08233333333333333, 0.3323333333333333, 0.1101111111111111, 0.68, 0.68, 0.79, 0.51, 0.34, 0.34, 0.23, 0.51, 0.68, 0.34]",[2023516.0],0.8936475520332654
70,"[0.08233333333333333, 0.3323333333333333, 0.1101111111111111, 0.08233333333333333, 0.3323333333333333, 0.1101111111111111, 0.3323333333333333, 0.08233333333333333, 0.3323333333333333, 0.1101111111111111, 0.08233333333333333, 0.3323333333333333, 0.1101111111111111, 0.499, 0.51, 0.01, 0.34, 0.51, 0.34, 0.12, 0.68, 0.08233333333333333, 0.3323333333333333, 0.1101111111111111, 0.09, 0.34, 0.9, 0.51, 0.08233333333333333, 0.3323333333333333, 0.1101111111111111, 0.76, 0.34, 0.34, 0.34, 0.08233333333333333, 0.3323333333333333, 0.1101111111111111, 0.26, 0.34, 0.57, 0.51, 0.08233333333333333, 0.3323333333333333, 0.1101111111111111, 0.93, 0.01, 0.57, 0.68, 0.08233333333333333, 0.3323333333333333, 0.1101111111111111, 0.68, 0.68, 0.01, 0.01, 0.84, 0.01, 0.34, 0.76, 0.01, 0.57]",[2133573.0],0.3180371860663096
71,"[0.59, 0.01, 0.79, 0.93, 0.01, 0.68, 0.34, 0.51, 0.01, 0.23, 0.26, 0.01, 0.34, 0.01, 0.08233333333333333, 0.3323333333333333, 0.1101111111111111, 0.18, 0.01, 0.01, 0.34, 0.18, 0.68, 0.57, 0.59, 0.01, 0.79, 0.01, 0.84, 0.34, 0.01, 0.59, 0.68, 0.23, 0.68, 0.08233333333333333, 0.3323333333333333, 0.1101111111111111, 0.34, 0.34, 0.79, 0.01, 0.08233333333333333, 0.3323333333333333, 0.1101111111111111, 0.43, 0.01, 0.9, 0.34, 0.76, 0.34, 0.9, 0.93, 0.34, 0.79, 0.01, 0.51, 0.34, 0.45, 0.68, 0.01, 0.9]",[7923965.0],0.9055492664376896
72,"[0.08233333333333333, 0.3323333333333333, 0.1101111111111111, 0.08233333333333333, 0.3323333333333333, 0.1101111111111111, 0.3323333333333333, 0.08233333333333333, 0.3323333333333333, 0.1101111111111111, 0.08233333333333333, 0.3323333333333333, 0.1101111111111111, 0.499, 0.08233333333333333, 0.3323333333333333, 0.1101111111111111, 0.34, 0.34, 0.57, 0.68, 0.08233333333333333, 0.3323333333333333, 0.1101111111111111, 0.59, 0.34, 0.9, 0.01, 0.08233333333333333, 0.3323333333333333, 0.1101111111111111, 0.68, 0.34, 0.12, 0.68, 0.09, 0.68, 0.23, 0.34, 0.68, 0.79, 0.51, 0.18, 0.01, 0.68, 0.09, 0.68, 0.79, 0.34, 0.84, 0.34, 0.79, 0.76, 0.34, 0.45, 0.51, 0.08233333333333333, 0.3323333333333333, 0.1101111111111111, 0.59, 0.68, 0.68]",[1497143.0],0.3156241610646247
73,"[0.08233333333333333, 0.3323333333333333, 0.1101111111111111, 0.08233333333333333, 0.3323333333333333, 0.1101111111111111, 0.3323333333333333, 0.08233333333333333, 0.3323333333333333, 0.1101111111111111, 0.08233333333333333, 0.3323333333333333, 0.1101111111111111, 0.499, 0.93, 0.68, 0.9, 0.84, 0.34, 0.34, 0.34, 0.09, 0.34, 0.01, 0.26, 0.68, 0.79, 0.51, 0.08233333333333333, 0.3323333333333333, 0.1101111111111111, 0.34, 0.01, 0.01, 0.68, 0.26, 0.34, 0.68, 0.18, 0.34, 0.34, 0.01, 0.59, 0.34, 0.01, 0.76, 0.68, 0.23, 0.68, 0.68, 0.01, 0.23, 0.34, 0.34, 0.34, 0.51, 0.08233333333333333, 0.3323333333333333, 0.1101111111111111, 0.76, 0.34, 0.57]",[6005244.0],0.9310882886250814
74,"[0.08233333333333333, 0.3323333333333333, 0.1101111111111111, 0.08233333333333333, 0.3323333333333333, 0.1101111111111111, 0.3323333333333333, 0.08233333333333333, 0.3323333333333333, 0.1101111111111111, 0.08233333333333333, 0.3323333333333333, 0.1101111111111111, 0.499, 0.08233333333333333, 0.3323333333333333, 0.1101111111111111, 0.08233333333333333, 0.3323333333333333, 0.1101111111111111, 0.3323333333333333, 0.08233333333333333, 0.3323333333333333, 0.1101111111111111, 0.08233333333333333, 0.3323333333333333, 0.1101111111111111, 0.499, 0.09, 0.34, 0.57, 0.18, 0.01, 0.34, 0.34, 0.08233333333333333, 0.3323333333333333, 0.1101111111111111, 0.51, 0.34, 0.57, 0.51, 0.84, 0.68, 0.57, 0.93, 0.34, 0.01, 0.68, 0.08233333333333333, 0.3323333333333333, 0.1101111111111111, 0.93, 0.68, 0.01, 0.51, 0.43, 0.01, 0.45, 0.51, 0.68, 0.79]",[33653127.0],0.8605219667156537
75,"[0.08233333333333333, 0.3323333333333333, 0.1101111111111111, 0.08233333333333333, 0.3323333333333333, 0.1101111111111111, 0.3323333333333333, 0.08233333333333333, 0.3323333333333333, 0.1101111111111111, 0.08233333333333333, 0.3323333333333333, 0.1101111111111111, 0.499, 0.08233333333333333, 0.3323333333333333, 0.1101111111111111, 0.09, 0.68, 0.9, 0.68, 0.08233333333333333, 0.3323333333333333, 0.1101111111111111, 0.43, 0.68, 0.12, 0.51, 0.09, 0.34, 0.23, 0.76, 0.34, 0.23, 0.68, 0.76, 0.34, 0.79, 0.51, 0.68, 0.34, 0.51, 0.68, 0.01, 0.9, 0.84, 0.01, 0.01, 0.68, 0.34, 0.01, 0.34, 0.51, 0.68, 0.9, 0.51, 0.51, 0.68, 0.79, 0.18, 0.34, 0.12]",[1367642.0],0.4259829208254814
76,"[0.08233333333333333, 0.3323333333333333, 0.1101111111111111, 0.08233333333333333, 0.3323333333333333, 0.1101111111111111, 0.3323333333333333, 0.08233333333333333, 0.3323333333333333, 0.1101111111111111, 0.08233333333333333, 0.3323333333333333, 0.1101111111111111, 0.499, 0.08233333333333333, 0.3323333333333333, 0.1101111111111111, 0.08233333333333333, 0.3323333333333333, 0.1101111111111111, 0.3323333333333333, 0.08233333333333333, 0.3323333333333333, 0.1101111111111111, 0.08233333333333333, 0.3323333333333333, 0.1101111111111111, 0.499, 0.08233333333333333, 0.3323333333333333, 0.1101111111111111, 0.34, 0.01, 0.68, 0.68, 0.93, 0.68, 0.79, 0.18, 0.01, 0.01, 0.51, 0.68, 0.34, 0.45, 0.51, 0.68, 0.68, 0.34, 0.09, 0.01, 0.79, 0.34, 0.68, 0.68, 0.01, 0.59, 0.34, 0.57, 0.43, 0.68, 0.57]",[470160.0],0.9180798356731732
77,"[0.08233333333333333, 0.3323333333333333, 0.1101111111111111, 0.08233333333333333, 0.3323333333333333, 0.1101111111111111, 0.3323333333333333, 0.08233333333333333, 0.3323333333333333, 0.1101111111111111, 0.08233333333333333, 0.3323333333333333, 0.1101111111111111, 0.499, 0.08233333333333333, 0.3323333333333333, 0.1101111111111111, 0.08233333333333333, 0.3323333333333333, 0.1101111111111111, 0.3323333333333333, 0.08233333333333333, 0.3323333333333333, 0.1101111111111111, 0.08233333333333333, 0.3323333333333333, 0.1101111111111111, 0.499, 0.59, 0.68, 0.34, 0.59, 0.01, 0.68, 0.68, 0.43, 0.01, 0.12, 0.18, 0.68, 0.57, 0.51, 0.59, 0.68, 0.12, 0.18, 0.68, 0.34, 0.68, 0.26, 0.68, 0.68, 0.18, 0.01, 0.23, 0.01, 0.51, 0.68, 0.57, 0.51, 0.34, 0.01]",[135346.0],0.9246883854269982
78,"[0.08233333333333333, 0.3323333333333333, 0.1101111111111111, 0.08233333333333333, 0.3323333333333333, 0.1101111111111111, 0.3323333333333333, 0.08233333333333333, 0.3323333333333333, 0.1101111111111111, 0.08233333333333333, 0.3323333333333333, 0.1101111111111111, 0.499, 0.08233333333333333, 0.3323333333333333, 0.1101111111111111, 0.08233333333333333, 0.3323333333333333, 0.1101111111111111, 0.3323333333333333, 0.08233333333333333, 0.3323333333333333, 0.1101111111111111, 0.08233333333333333, 0.3323333333333333, 0.1101111111111111, 0.499, 0.93, 0.01, 0.57, 0.68, 0.34, 0.23, 0.34, 0.08233333333333333, 0.3323333333333333, 0.1101111111111111, 0.68, 0.01, 0.9, 0.51, 0.34, 0.01, 0.9, 0.76, 0.34, 0.79, 0.34, 0.08233333333333333, 0.3323333333333333, 0.1101111111111111, 0.18, 0.68, 0.23, 0.51, 0.59, 0.68, 0.12, 0.09, 0.68, 0.9]",[1647714.0],0.3205271085103353
79,"[0.08233333333333333, 0.3323333333333333, 0.1101111111111111, 0.08233333333333333, 0.3323333333333333, 0.1101111111111111, 0.3323333333333333, 0.08233333333333333, 0.3323333333333333, 0.1101111111111111, 0.08233333333333333, 0.3323333333333333, 0.1101111111111111, 0.499, 0.08233333333333333, 0.3323333333333333, 0.1101111111111111, 0.08233333333333333, 0.3323333333333333, 0.1101111111111111, 0.3323333333333333, 0.08233333333333333, 0.3323333333333333, 0.1101111111111111, 0.08233333333333333, 0.3323333333333333, 0.1101111111111111, 0.499, 0.08233333333333333, 0.3323333333333333, 0.1101111111111111, 0.18, 0.01, 0.9, 0.68, 0.68, 0.01, 0.45, 0.34, 0.68, 0.34, 0.51, 0.26, 0.34, 0.23, 0.84, 0.68, 0.45, 0.68, 0.08233333333333333, 0.3323333333333333, 0.1101111111111111, 0.26, 0.01, 0.12, 0.01, 0.08233333333333333, 0.3323333333333333, 0.1101111111111111, 0.68, 0.01, 0.01]",[211503.0],0.7863958850502968
80,"[0.08233333333333333, 0.3323333333333333, 0.1101111111111111, 0.08233333333333333, 0.3323333333333333, 0.1101111111111111, 0.3323333333333333, 0.08233333333333333, 0.3323333333333333, 0.1101111111111111, 0.08233333333333333, 0.3323333333333333, 0.1101111111111111, 0.499, 0.08233333333333333, 0.3323333333333333, 0.1101111111111111, 0.08233333333333333, 0.3323333333333333, 0.1101111111111111, 0.3323333333333333, 0.08233333333333333, 0.3323333333333333, 0.1101111111111111, 0.08233333333333333, 0.3323333333333333, 0.1101111111111111, 0.499, 0.08233333333333333, 0.3323333333333333, 0.1101111111111111, 0.93, 0.01, 0.45, 0.34, 0.08233333333333333, 0.3323333333333333, 0.1101111111111111, 0.84, 0.68, 0.79, 0.01, 0.08233333333333333, 0.3323333333333333, 0.1101111111111111, 0.18, 0.01, 0.01, 0.68, 0.08233333333333333, 0.3323333333333333, 0.1101111111111111, 0.34, 0.01, 0.23, 0.51, 0.08233333333333333, 0.3323333333333333, 0.1101111111111111, 0.43, 0.34, 0.01]",[113871.0],0.7528115232785543
81,"[0.08233333333333333, 0.3323333333333333, 0.1101111111111111, 0.09, 0.34, 0.57, 0.68, 0.08233333333333333, 0.3323333333333333, 0.1101111111111111, 0.43, 0.34, 0.34, 0.51, 0.08233333333333333, 0.3323333333333333, 0.1101111111111111, 0.18, 0.01, 0.01, 0.68, 0.08233333333333333, 0.3323333333333333, 0.1101111111111111, 0.43, 0.34, 0.45, 0.51, 0.51, 0.34, 0.45, 0.34, 0.01, 0.79, 0.68, 0.18, 0.68, 0.68, 0.34, 0.01, 0.23, 0.01, 0.08233333333333333, 0.3323333333333333, 0.1101111111111111, 0.34, 0.01, 0.79, 0.68, 0.18, 0.34, 0.57, 0.59, 0.34, 0.45, 0.51, 0.08233333333333333, 0.3323333333333333, 0.1101111111111111, 0.26, 0.01, 0.68]",[25305.0],0.8628695825735728
82,"[0.08233333333333333, 0.3323333333333333, 0.1101111111111111, 0.08233333333333333, 0.3323333333333333, 0.1101111111111111, 0.3323333333333333, 0.08233333333333333, 0.3323333333333333, 0.1101111111111111, 0.08233333333333333, 0.3323333333333333, 0.1101111111111111, 0.499, 0.34, 0.01, 0.57, 0.51, 0.34, 0.12, 0.34, 0.09, 0.68, 0.9, 0.68, 0.68, 0.45, 0.01, 0.08233333333333333, 0.3323333333333333, 0.1101111111111111, 0.51, 0.01, 0.12, 0.34, 0.08233333333333333, 0.3323333333333333, 0.1101111111111111, 0.84, 0.68, 0.23, 0.01, 0.08233333333333333, 0.3323333333333333, 0.1101111111111111, 0.76, 0.34, 0.23, 0.68, 0.93, 0.68, 0.9, 0.26, 0.34, 0.68, 0.01, 0.08233333333333333, 0.3323333333333333, 0.1101111111111111, 0.68, 0.01, 0.68]",[4612036.0],0.3227314402659734
83,"[0.08233333333333333, 0.3323333333333333, 0.1101111111111111, 0.08233333333333333, 0.3323333333333333, 0.1101111111111111, 0.3323333333333333, 0.08233333333333333, 0.3323333333333333, 0.1101111111111111, 0.08233333333333333, 0.3323333333333333, 0.1101111111111111, 0.499, 0.08233333333333333, 0.3323333333333333, 0.1101111111111111, 0.08233333333333333, 0.3323333333333333, 0.1101111111111111, 0.3323333333333333, 0.08233333333333333, 0.3323333333333333, 0.1101111111111111, 0.08233333333333333, 0.3323333333333333, 0.1101111111111111, 0.499, 0.08233333333333333, 0.3323333333333333, 0.1101111111111111, 0.09, 0.34, 0.45, 0.34, 0.08233333333333333, 0.3323333333333333, 0.1101111111111111, 0.18, 0.68, 0.12, 0.01, 0.08233333333333333, 0.3323333333333333, 0.1101111111111111, 0.59, 0.68, 0.34, 0.68, 0.08233333333333333, 0.3323333333333333, 0.1101111111111111, 0.68, 0.01, 0.01, 0.51, 0.08233333333333333, 0.3323333333333333, 0.1101111111111111, 0.26, 0.01, 0.57]",[83029.0],0.7338143428166707
84,"[0.08233333333333333, 0.3323333333333333, 0.1101111111111111, 0.08233333333333333, 0.3323333333333333, 0.1101111111111111, 0.3323333333333333, 0.08233333333333333, 0.3323333333333333, 0.1101111111111111, 0.08233333333333333, 0.3323333333333333, 0.1101111111111111, 0.499, 0.08233333333333333, 0.3323333333333333, 0.1101111111111111, 0.34, 0.68, 0.57, 0.34, 0.51, 0.68, 0.9, 0.34, 0.34, 0.01, 0.51, 0.26, 0.34, 0.34, 0.18, 0.68, 0.57, 0.34, 0.08233333333333333, 0.3323333333333333, 0.1101111111111111, 0.93, 0.01, 0.9, 0.51, 0.08233333333333333, 0.3323333333333333, 0.1101111111111111, 0.51, 0.34, 0.12, 0.34, 0.76, 0.01, 0.57, 0.51, 0.68, 0.68, 0.51, 0.08233333333333333, 0.3323333333333333, 0.1101111111111111, 0.93, 0.68, 0.34]",[5806331.0],0.9217128296693166
85,"[0.08233333333333333, 0.3323333333333333, 0.1101111111111111, 0.08233333333333333, 0.3323333333333333, 0.1101111111111111, 0.3323333333333333, 0.08233333333333333, 0.3323333333333333, 0.1101111111111111, 0.08233333333333333, 0.3323333333333333, 0.1101111111111111, 0.499, 0.08233333333333333, 0.3323333333333333, 0.1101111111111111, 0.08233333333333333, 0.3323333333333333, 0.1101111111111111, 0.3323333333333333, 0.08233333333333333, 0.3323333333333333, 0.1101111111111111, 0.08233333333333333, 0.3323333333333333, 0.1101111111111111, 0.499, 0.08233333333333333, 0.3323333333333333, 0.1101111111111111, 0.26, 0.34, 0.79, 0.68, 0.59, 0.01, 0.01, 0.84, 0.01, 0.45, 0.01, 0.08233333333333333, 0.3323333333333333, 0.1101111111111111, 0.59, 0.34, 0.9, 0.34, 0.68, 0.68, 0.23, 0.76, 0.34, 0.57, 0.01, 0.08233333333333333, 0.3323333333333333, 0.1101111111111111, 0.26, 0.68, 0.01]",[631753.0],0.887466965119044
86,"[0.08233333333333333, 0.3323333333333333, 0.1101111111111111, 0.08233333333333333, 0.3323333333333333, 0.1101111111111111, 0.3323333333333333, 0.08233333333333333, 0.3323333333333333, 0.1101111111111111, 0.08233333333333333, 0.3323333333333333, 0.1101111111111111, 0.499, 0.76, 0.34, 0.12, 0.68, 0.68, 0.12, 0.34, 0.08233333333333333, 0.3323333333333333, 0.1101111111111111, 0.34, 0.34, 0.9, 0.51, 0.09, 0.34, 0.68, 0.68, 0.68, 0.79, 0.68, 0.08233333333333333, 0.3323333333333333, 0.1101111111111111, 0.84, 0.01, 0.9, 0.01, 0.18, 0.68, 0.12, 0.18, 0.68, 0.23, 0.68, 0.08233333333333333, 0.3323333333333333, 0.1101111111111111, 0.84, 0.01, 0.01, 0.01, 0.08233333333333333, 0.3323333333333333, 0.1101111111111111, 0.18, 0.01, 0.68]",[2706096.0],0.9219666957855224
87,"[0.08233333333333333, 0.3323333333333333, 0.1101111111111111, 0.08233333333333333, 0.3323333333333333, 0.1101111111111111, 0.3323333333333333, 0.08233333333333333, 0.3323333333333333, 0.1101111111111111, 0.08233333333333333, 0.3323333333333333, 0.1101111111111111, 0.499, 0.84, 0.01, 0.01, 0.84, 0.68, 0.34, 0.34, 0.68, 0.01, 0.79, 0.51, 0.01, 0.57, 0.51, 0.68, 0.01, 0.57, 0.93, 0.68, 0.9, 0.34, 0.59, 0.68, 0.23, 0.26, 0.68, 0.79, 0.51, 0.43, 0.01, 0.23, 0.76, 0.68, 0.9, 0.68, 0.18, 0.34, 0.45, 0.43, 0.34, 0.57, 0.01, 0.08233333333333333, 0.3323333333333333, 0.1101111111111111, 0.26, 0.34, 0.57]",[11762069.0],0.9520626137653988
88,"[0.08233333333333333, 0.3323333333333333, 0.1101111111111111, 0.43, 0.01, 0.34, 0.68, 0.08233333333333333, 0.3323333333333333, 0.1101111111111111, 0.43, 0.34, 0.45, 0.51, 0.18, 0.01, 0.01, 0.76, 0.68, 0.79, 0.68, 0.51, 0.01, 0.34, 0.43, 0.01, 0.57, 0.01, 0.93, 0.68, 0.12, 0.34, 0.01, 0.23, 0.68, 0.08233333333333333, 0.3323333333333333, 0.1101111111111111, 0.51, 0.34, 0.45, 0.01, 0.08233333333333333, 0.3323333333333333, 0.1101111111111111, 0.09, 0.68, 0.79, 0.34, 0.34, 0.34, 0.9, 0.93, 0.68, 0.23, 0.51, 0.08233333333333333, 0.3323333333333333, 0.1101111111111111, 0.68, 0.34, 0.23]",[11325922.0],0.9175539801518122
89,"[0.08233333333333333, 0.3323333333333333, 0.1101111111111111, 0.08233333333333333, 0.3323333333333333, 0.1101111111111111, 0.3323333333333333, 0.08233333333333333, 0.3323333333333333, 0.1101111111111111, 0.08233333333333333, 0.3323333333333333, 0.1101111111111111, 0.499, 0.26, 0.68, 0.9, 0.18, 0.34, 0.01, 0.34, 0.08233333333333333, 0.3323333333333333, 0.1101111111111111, 0.93, 0.01, 0.23, 0.51, 0.09, 0.34, 0.12, 0.84, 0.01, 0.79, 0.34, 0.08233333333333333, 0.3323333333333333, 0.1101111111111111, 0.09, 0.34, 0.23, 0.01, 0.08233333333333333, 0.3323333333333333, 0.1101111111111111, 0.59, 0.68, 0.68, 0.68, 0.08233333333333333, 0.3323333333333333, 0.1101111111111111, 0.76, 0.68, 0.45, 0.01, 0.08233333333333333, 0.3323333333333333, 0.1101111111111111, 0.09, 0.68, 0.79]",[1102508.0],0.3219911153117815
90,"[0.08233333333333333, 0.3323333333333333, 0.1101111111111111, 0.08233333333333333, 0.3323333333333333, 0.1101111111111111, 0.3323333333333333, 0.08233333333333333, 0.3323333333333333, 0.1101111111111111, 0.08233333333333333, 0.3323333333333333, 0.1101111111111111, 0.499, 0.08233333333333333, 0.3323333333333333, 0.1101111111111111, 0.08233333333333333, 0.3323333333333333, 0.1101111111111111, 0.3323333333333333, 0.08233333333333333, 0.3323333333333333, 0.1101111111111111, 0.08233333333333333, 0.3323333333333333, 0.1101111111111111, 0.499, 0.08233333333333333, 0.3323333333333333, 0.1101111111111111, 0.51, 0.34, 0.34, 0.34, 0.08233333333333333, 0.3323333333333333, 0.1101111111111111, 0.68, 0.34, 0.12, 0.01, 0.08233333333333333, 0.3323333333333333, 0.1101111111111111, 0.84, 0.68, 0.12, 0.34, 0.43, 0.34, 0.01, 0.93, 0.68, 0.57, 0.51, 0.08233333333333333, 0.3323333333333333, 0.1101111111111111, 0.68, 0.34, 0.45]",[6906289.0],0.932234710951646
91,"[0.08233333333333333, 0.3323333333333333, 0.1101111111111111, 0.59, 0.68, 0.79, 0.68, 0.08233333333333333, 0.3323333333333333, 0.1101111111111111, 0.84, 0.01, 0.01, 0.51, 0.59, 0.34, 0.01, 0.18, 0.68, 0.34, 0.68, 0.09, 0.68, 0.9, 0.51, 0.01, 0.45, 0.51, 0.08233333333333333, 0.3323333333333333, 0.1101111111111111, 0.09, 0.34, 0.34, 0.68, 0.08233333333333333, 0.3323333333333333, 0.1101111111111111, 0.93, 0.68, 0.57, 0.01, 0.59, 0.34, 0.68, 0.76, 0.34, 0.57, 0.68, 0.08233333333333333, 0.3323333333333333, 0.1101111111111111, 0.26, 0.01, 0.34, 0.01, 0.43, 0.34, 0.23, 0.09, 0.01, 0.45]",[2492477.0],0.6761438359816869
92,"[0.08233333333333333, 0.3323333333333333, 0.1101111111111111, 0.08233333333333333, 0.3323333333333333, 0.1101111111111111, 0.3323333333333333, 0.08233333333333333, 0.3323333333333333, 0.1101111111111111, 0.08233333333333333, 0.3323333333333333, 0.1101111111111111, 0.499, 0.18, 0.34, 0.45, 0.59, 0.34, 0.68, 0.34, 0.93, 0.01, 0.57, 0.26, 0.01, 0.68, 0.01, 0.68, 0.01, 0.45, 0.51, 0.68, 0.45, 0.34, 0.59, 0.68, 0.34, 0.93, 0.01, 0.45, 0.01, 0.26, 0.68, 0.57, 0.34, 0.34, 0.57, 0.34, 0.08233333333333333, 0.3323333333333333, 0.1101111111111111, 0.59, 0.01, 0.34, 0.51, 0.51, 0.68, 0.01, 0.34, 0.34, 0.23]",[5564653.0],0.9259347399075826
93,"[0.26, 0.34, 0.9, 0.43, 0.68, 0.34, 0.34, 0.08233333333333333, 0.3323333333333333, 0.1101111111111111, 0.43, 0.01, 0.79, 0.01, 0.76, 0.68, 0.45, 0.93, 0.34, 0.9, 0.68, 0.76, 0.01, 0.34, 0.43, 0.68, 0.23, 0.51, 0.18, 0.68, 0.57, 0.76, 0.68, 0.12, 0.34, 0.59, 0.34, 0.9, 0.34, 0.68, 0.34, 0.01, 0.18, 0.34, 0.23, 0.93, 0.68, 0.57, 0.34, 0.68, 0.34, 0.23, 0.09, 0.34, 0.01, 0.01, 0.26, 0.34, 0.9, 0.59, 0.68, 0.9]",[3107621.0],0.9527781883875528
94,"[0.08233333333333333, 0.3323333333333333, 0.1101111111111111, 0.84, 0.01, 0.57, 0.68, 0.43, 0.68, 0.68, 0.68, 0.68, 0.68, 0.51, 0.08233333333333333, 0.3323333333333333, 0.1101111111111111, 0.93, 0.01, 0.23, 0.34, 0.18, 0.68, 0.34, 0.76, 0.01, 0.9, 0.51, 0.43, 0.01, 0.34, 0.34, 0.34, 0.79, 0.34, 0.08233333333333333, 0.3323333333333333, 0.1101111111111111, 0.68, 0.01, 0.79, 0.01, 0.59, 0.68, 0.9, 0.76, 0.34, 0.45, 0.68, 0.93, 0.34, 0.9, 0.26, 0.34, 0.9, 0.51, 0.59, 0.68, 0.9, 0.43, 0.01, 0.57]",[4122055.0],0.9011848414937657
95,"[0.09, 0.68, 0.34, 0.93, 0.01, 0.68, 0.68, 0.08233333333333333, 0.3323333333333333, 0.1101111111111111, 0.93, 0.34, 0.34, 0.51, 0.08233333333333333, 0.3323333333333333, 0.1101111111111111, 0.18, 0.68, 0.9, 0.34, 0.26, 0.68, 0.12, 0.34, 0.68, 0.12, 0.01, 0.08233333333333333, 0.3323333333333333, 0.1101111111111111, 0.26, 0.68, 0.9, 0.34, 0.08233333333333333, 0.3323333333333333, 0.1101111111111111, 0.26, 0.34, 0.9, 0.51, 0.93, 0.01, 0.57, 0.34, 0.68, 0.68, 0.68, 0.08233333333333333, 0.3323333333333333, 0.1101111111111111, 0.84, 0.68, 0.9, 0.01, 0.08233333333333333, 0.3323333333333333, 0.1101111111111111, 0.43, 0.68, 0.01]",[10491705.0],0.9099836712082228
96,"[0.08233333333333333, 0.3323333333333333, 0.1101111111111111, 0.34, 0.34, 0.57, 0.68, 0.08233333333333333, 0.3323333333333333, 0.1101111111111111, 0.43, 0.68, 0.23, 0.01, 0.08233333333333333, 0.3323333333333333, 0.1101111111111111, 0.76, 0.34, 0.45, 0.68, 0.84, 0.34, 0.12, 0.84, 0.34, 0.9, 0.01, 0.08233333333333333, 0.3323333333333333, 0.1101111111111111, 0.84, 0.34, 0.68, 0.68, 0.08233333333333333, 0.3323333333333333, 0.1101111111111111, 0.59, 0.01, 0.45, 0.01, 0.08233333333333333, 0.3323333333333333, 0.1101111111111111, 0.93, 0.68, 0.79, 0.68, 0.08233333333333333, 0.3323333333333333, 0.1101111111111111, 0.84, 0.34, 0.57, 0.51, 0.08233333333333333, 0.3323333333333333, 0.1101111111111111, 0.59, 0.34, 0.68]",[24786449.0],0.9252524639169376
97,"[0.08233333333333333, 0.3323333333333333, 0.1101111111111111, 0.26, 0.01, 0.01, 0.68, 0.08233333333333333, 0.3323333333333333, 0.1101111111111111, 0.84, 0.01, 0.01, 0.51, 0.08233333333333333, 0.3323333333333333, 0.1101111111111111, 0.34, 0.68, 0.68, 0.34, 0.08233333333333333, 0.3323333333333333, 0.1101111111111111, 0.93, 0.68, 0.23, 0.51, 0.68, 0.68, 0.9, 0.43, 0.68, 0.79, 0.68, 0.18, 0.01, 0.68, 0.34, 0.34, 0.79, 0.01, 0.76, 0.68, 0.57, 0.43, 0.34, 0.79, 0.68, 0.08233333333333333, 0.3323333333333333, 0.1101111111111111, 0.51, 0.34, 0.45, 0.51, 0.43, 0.34, 0.45, 0.18, 0.01, 0.57]",[2904226.0],0.937946638961633
98,"[0.08233333333333333, 0.3323333333333333, 0.1101111111111111, 0.08233333333333333, 0.3323333333333333, 0.1101111111111111, 0.3323333333333333, 0.08233333333333333, 0.3323333333333333, 0.1101111111111111, 0.08233333333333333, 0.3323333333333333, 0.1101111111111111, 0.499, 0.08233333333333333, 0.3323333333333333, 0.1101111111111111, 0.08233333333333333, 0.3323333333333333, 0.1101111111111111, 0.3323333333333333, 0.08233333333333333, 0.3323333333333333, 0.1101111111111111, 0.08233333333333333, 0.3323333333333333, 0.1101111111111111, 0.499, 0.18, 0.68, 0.79, 0.68, 0.01, 0.9, 0.68, 0.34, 0.34, 0.23, 0.59, 0.01, 0.79, 0.51, 0.34, 0.68, 0.12, 0.93, 0.01, 0.34, 0.34, 0.76, 0.01, 0.9, 0.59, 0.34, 0.23, 0.51, 0.51, 0.34, 0.57, 0.09, 0.01, 0.45]",[764085.0],0.859144522746404
99,"[0.08233333333333333, 0.3323333333333333, 0.1101111111111111, 0.08233333333333333, 0.3323333333333333, 0.1101111111111111, 0.3323333333333333, 0.08233333333333333, 0.3323333333333333, 0.1101111111111111, 0.08233333333333333, 0.3323333333333333, 0.1101111111111111, 0.499, 0.43, 0.68, 0.45, 0.09, 0.34, 0.9, 0.68, 0.43, 0.01, 0.57, 0.76, 0.34, 0.01, 0.51, 0.08233333333333333, 0.3323333333333333, 0.1101111111111111, 0.68, 0.01, 0.9, 0.68, 0.59, 0.68, 0.57, 0.59, 0.34, 0.01, 0.01, 0.43, 0.34, 0.12, 0.09, 0.01, 0.9, 0.34, 0.08233333333333333, 0.3323333333333333, 0.1101111111111111, 0.26, 0.34, 0.01, 0.01, 0.84, 0.68, 0.12, 0.93, 0.01, 0.57]",[4884711.0],0.3667628849546114
100,"[0.08233333333333333, 0.3323333333333333, 0.1101111111111111, 0.08233333333333333, 0.3323333333333333, 0.1101111111111111, 0.3323333333333333, 0.08233333333333333, 0.3323333333333333, 0.1101111111111111, 0.08233333333333333, 0.3323333333333333, 0.1101111111111111, 0.499, 0.08233333333333333, 0.3323333333333333, 0.1101111111111111, 0.08233333333333333, 0.3323333333333333, 0.1101111111111111, 0.3323333333333333, 0.08233333333333333, 0.3323333333333333, 0.1101111111111111, 0.08233333333333333, 0.3323333333333333, 0.1101111111111111, 0.499, 0.08233333333333333, 0.3323333333333333, 0.1101111111111111, 0.09, 0.01, 0.45, 0.34, 0.08233333333333333, 0.3323333333333333, 0.1101111111111111, 0.68, 0.68, 0.23, 0.51, 0.68, 0.34, 0.34, 0.34, 0.68, 0.12, 0.68, 0.59, 0.34, 0.12, 0.68, 0.34, 0.34, 0.51, 0.08233333333333333, 0.3323333333333333, 0.1101111111111111, 0.26, 0.01, 0.79]",[348653.0],0.8245440339048703
101,"[0.08233333333333333, 0.3323333333333333, 0.1101111111111111, 0.08233333333333333, 0.3323333333333333, 0.1101111111111111, 0.3323333333333333, 0.08233333333333333, 0.3323333333333333, 0.1101111111111111, 0.08233333333333333, 0.3323333333333333, 0.1101111111111111, 0.499, 0.08233333333333333, 0.3323333333333333, 0.1101111111111111, 0.08233333333333333, 0.3323333333333333, 0.1101111111111111, 0.3323333333333333, 0.08233333333333333, 0.3323333333333333, 0.1101111111111111, 0.08233333333333333, 0.3323333333333333, 0.1101111111111111, 0.499, 0.59, 0.01, 0.45, 0.51, 0.68, 0.79, 0.68, 0.68, 0.34, 0.9, 0.84, 0.34, 0.23, 0.01, 0.08233333333333333, 0.3323333333333333, 0.1101111111111111, 0.34, 0.68, 0.34, 0.68, 0.08233333333333333, 0.3323333333333333, 0.1101111111111111, 0.43, 0.01, 0.34, 0.01, 0.93, 0.68, 0.01, 0.84, 0.01, 0.68]",[2460857.0],0.8614322061340014
102,"[0.08233333333333333, 0.3323333333333333, 0.1101111111111111, 0.08233333333333333, 0.3323333333333333, 0.1101111111111111, 0.3323333333333333, 0.08233333333333333, 0.3323333333333333, 0.1101111111111111, 0.08233333333333333, 0.3323333333333333, 0.1101111111111111, 0.499, 0.59, 0.01, 0.34, 0.93, 0.34, 0.01, 0.34, 0.68, 0.34, 0.01, 0.76, 0.34, 0.34, 0.51, 0.08233333333333333, 0.3323333333333333, 0.1101111111111111, 0.59, 0.34, 0.79, 0.34, 0.08233333333333333, 0.3323333333333333, 0.1101111111111111, 0.59, 0.34, 0.01, 0.51, 0.68, 0.34, 0.45, 0.09, 0.01, 0.12, 0.34, 0.08233333333333333, 0.3323333333333333, 0.1101111111111111, 0.59, 0.34, 0.01, 0.01, 0.08233333333333333, 0.3323333333333333, 0.1101111111111111, 0.18, 0.34, 0.23]",[2843694.0],0.91387657225132
103,"[0.08233333333333333, 0.3323333333333333, 0.1101111111111111, 0.08233333333333333, 0.3323333333333333, 0.1101111111111111, 0.3323333333333333, 0.08233333333333333, 0.3323333333333333, 0.1101111111111111, 0.08233333333333333, 0.3323333333333333, 0.1101111111111111, 0.499, 0.08233333333333333, 0.3323333333333333, 0.1101111111111111, 0.08233333333333333, 0.3323333333333333, 0.1101111111111111, 0.3323333333333333, 0.08233333333333333, 0.3323333333333333, 0.1101111111111111, 0.08233333333333333, 0.3323333333333333, 0.1101111111111111, 0.499, 0.08233333333333333, 0.3323333333333333, 0.1101111111111111, 0.68, 0.68, 0.34, 0.34, 0.08233333333333333, 0.3323333333333333, 0.1101111111111111, 0.84, 0.34, 0.34, 0.01, 0.93, 0.01, 0.23, 0.18, 0.01, 0.9, 0.34, 0.84, 0.34, 0.68, 0.68, 0.01, 0.79, 0.51, 0.08233333333333333, 0.3323333333333333, 0.1101111111111111, 0.68, 0.68, 0.79]",[1214919.0],0.8650614534815152
104,"[0.08233333333333333, 0.3323333333333333, 0.1101111111111111, 0.08233333333333333, 0.3323333333333333, 0.1101111111111111, 0.3323333333333333, 0.08233333333333333, 0.3323333333333333, 0.1101111111111111, 0.08233333333333333, 0.3323333333333333, 0.1101111111111111, 0.499, 0.08233333333333333, 0.3323333333333333, 0.1101111111111111, 0.84, 0.01, 0.23, 0.68, 0.68, 0.34, 0.12, 0.84, 0.01, 0.57, 0.01, 0.18, 0.34, 0.9, 0.51, 0.01, 0.34, 0.34, 0.08233333333333333, 0.3323333333333333, 0.1101111111111111, 0.43, 0.01, 0.34, 0.51, 0.59, 0.01, 0.57, 0.43, 0.01, 0.68, 0.68, 0.08233333333333333, 0.3323333333333333, 0.1101111111111111, 0.26, 0.68, 0.9, 0.51, 0.51, 0.68, 0.12, 0.68, 0.34, 0.57]",[194821.0],0.88800731052955
105,"[0.08233333333333333, 0.3323333333333333, 0.1101111111111111, 0.08233333333333333, 0.3323333333333333, 0.1101111111111111, 0.3323333333333333, 0.08233333333333333, 0.3323333333333333, 0.1101111111111111, 0.08233333333333333, 0.3323333333333333, 0.1101111111111111, 0.499, 0.18, 0.68, 0.79, 0.68, 0.68, 0.34, 0.34, 0.08233333333333333, 0.3323333333333333, 0.1101111111111111, 0.18, 0.01, 0.34, 0.01, 0.09, 0.68, 0.45, 0.51, 0.68, 0.45, 0.68, 0.18, 0.01, 0.12, 0.84, 0.34, 0.34, 0.01, 0.08233333333333333, 0.3323333333333333, 0.1101111111111111, 0.43, 0.68, 0.57, 0.68, 0.08233333333333333, 0.3323333333333333, 0.1101111111111111, 0.68, 0.68, 0.45, 0.01, 0.08233333333333333, 0.3323333333333333, 0.1101111111111111, 0.34, 0.01, 0.23]",[1177086.0],0.8651460578044256
106,"[0.08233333333333333, 0.3323333333333333, 0.1101111111111111, 0.08233333333333333, 0.3323333333333333, 0.1101111111111111, 0.3323333333333333, 0.08233333333333333, 0.3323333333333333, 0.1101111111111111, 0.08233333333333333, 0.3323333333333333, 0.1101111111111111, 0.499, 0.08233333333333333, 0.3323333333333333, 0.1101111111111111, 0.08233333333333333, 0.3323333333333333, 0.1101111111111111, 0.3323333333333333, 0.08233333333333333, 0.3323333333333333, 0.1101111111111111, 0.08233333333333333, 0.3323333333333333, 0.1101111111111111, 0.499, 0.08233333333333333, 0.3323333333333333, 0.1101111111111111, 0.43, 0.68, 0.34, 0.68, 0.08233333333333333, 0.3323333333333333, 0.1101111111111111, 0.34, 0.01, 0.23, 0.51, 0.08233333333333333, 0.3323333333333333, 0.1101111111111111, 0.93, 0.68, 0.34, 0.68, 0.08233333333333333, 0.3323333333333333, 0.1101111111111111, 0.34, 0.34, 0.68, 0.51, 0.18, 0.68, 0.9, 0.43, 0.01, 0.57]",[540379.0],0.8727616503834724
107,"[0.08233333333333333, 0.3323333333333333, 0.1101111111111111, 0.26, 0.01, 0.57, 0.68, 0.08233333333333333, 0.3323333333333333, 0.1101111111111111, 0.68, 0.01, 0.01, 0.51, 0.08233333333333333, 0.3323333333333333, 0.1101111111111111, 0.26, 0.01, 0.57, 0.34, 0.34, 0.34, 0.68, 0.34, 0.68, 0.23, 0.51, 0.08233333333333333, 0.3323333333333333, 0.1101111111111111, 0.76, 0.01, 0.12, 0.68, 0.93, 0.34, 0.79, 0.93, 0.01, 0.68, 0.01, 0.84, 0.34, 0.57, 0.93, 0.34, 0.57, 0.68, 0.59, 0.34, 0.34, 0.93, 0.01, 0.34, 0.51, 0.76, 0.34, 0.34, 0.34, 0.68, 0.23]",[25802405.0],0.9393633296092352
108,"[0.08233333333333333, 0.3323333333333333, 0.1101111111111111, 0.08233333333333333, 0.3323333333333333, 0.1101111111111111, 0.3323333333333333, 0.08233333333333333, 0.3323333333333333, 0.1101111111111111, 0.08233333333333333, 0.3323333333333333, 0.1101111111111111, 0.499, 0.08233333333333333, 0.3323333333333333, 0.1101111111111111, 0.09, 0.68, 0.45, 0.34, 0.43, 0.68, 0.79, 0.51, 0.34, 0.23, 0.01, 0.93, 0.68, 0.23, 0.59, 0.34, 0.68, 0.68, 0.84, 0.01, 0.34, 0.84, 0.68, 0.23, 0.01, 0.08233333333333333, 0.3323333333333333, 0.1101111111111111, 0.84, 0.34, 0.57, 0.34, 0.08233333333333333, 0.3323333333333333, 0.1101111111111111, 0.76, 0.68, 0.23, 0.01, 0.08233333333333333, 0.3323333333333333, 0.1101111111111111, 0.43, 0.68, 0.01]",[9433087.0],0.9160104860862096
109,"[0.08233333333333333, 0.3323333333333333, 0.1101111111111111, 0.26, 0.68, 0.45, 0.34, 0.08233333333333333, 0.3323333333333333, 0.1101111111111111, 0.93, 0.68, 0.23, 0.51, 0.08233333333333333, 0.3323333333333333, 0.1101111111111111, 0.34, 0.34, 0.57, 0.68, 0.08233333333333333, 0.3323333333333333, 0.1101111111111111, 0.34, 0.34, 0.12, 0.51, 0.18, 0.01, 0.23, 0.34, 0.68, 0.79, 0.34, 0.93, 0.01, 0.45, 0.26, 0.68, 0.9, 0.51, 0.08233333333333333, 0.3323333333333333, 0.1101111111111111, 0.93, 0.01, 0.68, 0.68, 0.08233333333333333, 0.3323333333333333, 0.1101111111111111, 0.51, 0.68, 0.23, 0.01, 0.76, 0.01, 0.45, 0.93, 0.34, 0.45]",[7994169.0],0.3085958843429883
110,"[0.08233333333333333, 0.3323333333333333, 0.1101111111111111, 0.08233333333333333, 0.3323333333333333, 0.1101111111111111, 0.3323333333333333, 0.08233333333333333, 0.3323333333333333, 0.1101111111111111, 0.08233333333333333, 0.3323333333333333, 0.1101111111111111, 0.499, 0.08233333333333333, 0.3323333333333333, 0.1101111111111111, 0.93, 0.68, 0.68, 0.34, 0.08233333333333333, 0.3323333333333333, 0.1101111111111111, 0.09, 0.68, 0.45, 0.01, 0.08233333333333333, 0.3323333333333333, 0.1101111111111111, 0.18, 0.68, 0.79, 0.34, 0.08233333333333333, 0.3323333333333333, 0.1101111111111111, 0.76, 0.01, 0.79, 0.51, 0.08233333333333333, 0.3323333333333333, 0.1101111111111111, 0.51, 0.68, 0.12, 0.68, 0.08233333333333333, 0.3323333333333333, 0.1101111111111111, 0.43, 0.68, 0.45, 0.01, 0.09, 0.34, 0.9, 0.09, 0.68, 0.9]",[406199.0],0.8111062824726105
111,"[0.34, 0.01, 0.57, 0.93, 0.68, 0.57, 0.34, 0.08233333333333333, 0.3323333333333333, 0.1101111111111111, 0.59, 0.68, 0.68, 0.51, 0.08233333333333333, 0.3323333333333333, 0.1101111111111111, 0.93, 0.68, 0.34, 0.34, 0.76, 0.01, 0.79, 0.26, 0.68, 0.34, 0.51, 0.08233333333333333, 0.3323333333333333, 0.1101111111111111, 0.93, 0.34, 0.57, 0.68, 0.08233333333333333, 0.3323333333333333, 0.1101111111111111, 0.18, 0.01, 0.68, 0.51, 0.08233333333333333, 0.3323333333333333, 0.1101111111111111, 0.93, 0.34, 0.23, 0.68, 0.08233333333333333, 0.3323333333333333, 0.1101111111111111, 0.43, 0.68, 0.34, 0.01, 0.93, 0.34, 0.9, 0.09, 0.34, 0.9]",[56689102.0],0.9132034142812092
112,"[0.08233333333333333, 0.3323333333333333, 0.1101111111111111, 0.08233333333333333, 0.3323333333333333, 0.1101111111111111, 0.3323333333333333, 0.08233333333333333, 0.3323333333333333, 0.1101111111111111, 0.08233333333333333, 0.3323333333333333, 0.1101111111111111, 0.499, 0.08233333333333333, 0.3323333333333333, 0.1101111111111111, 0.84, 0.01, 0.45, 0.34, 0.08233333333333333, 0.3323333333333333, 0.1101111111111111, 0.26, 0.01, 0.45, 0.51, 0.08233333333333333, 0.3323333333333333, 0.1101111111111111, 0.18, 0.34, 0.45, 0.68, 0.18, 0.34, 0.01, 0.26, 0.01, 0.79, 0.01, 0.34, 0.34, 0.57, 0.84, 0.68, 0.79, 0.68, 0.09, 0.68, 0.9, 0.84, 0.68, 0.23, 0.01, 0.08233333333333333, 0.3323333333333333, 0.1101111111111111, 0.93, 0.68, 0.34]",[18522374.0],0.5530166953802109
113,"[0.08233333333333333, 0.3323333333333333, 0.1101111111111111, 0.08233333333333333, 0.3323333333333333, 0.1101111111111111, 0.3323333333333333, 0.08233333333333333, 0.3323333333333333, 0.1101111111111111, 0.08233333333333333, 0.3323333333333333, 0.1101111111111111, 0.499, 0.08233333333333333, 0.3323333333333333, 0.1101111111111111, 0.08233333333333333, 0.3323333333333333, 0.1101111111111111, 0.3323333333333333, 0.08233333333333333, 0.3323333333333333, 0.1101111111111111, 0.08233333333333333, 0.3323333333333333, 0.1101111111111111, 0.499, 0.34, 0.34, 0.01, 0.34, 0.34, 0.9, 0.68, 0.26, 0.34, 0.68, 0.76, 0.01, 0.57, 0.51, 0.08233333333333333, 0.3323333333333333, 0.1101111111111111, 0.84, 0.68, 0.45, 0.68, 0.08233333333333333, 0.3323333333333333, 0.1101111111111111, 0.43, 0.34, 0.34, 0.51, 0.08233333333333333, 0.3323333333333333, 0.1101111111111111, 0.51, 0.34, 0.57]",[333629.0],0.8766746953129768
114,"[0.59, 0.34, 0.9, 0.68, 0.01, 0.68, 0.34, 0.08233333333333333, 0.3323333333333333, 0.1101111111111111, 0.43, 0.01, 0.34, 0.01, 0.93, 0.68, 0.01, 0.34, 0.68, 0.01, 0.34, 0.08233333333333333, 0.3323333333333333, 0.1101111111111111, 0.93, 0.34, 0.57, 0.01, 0.68, 0.34, 0.01, 0.93, 0.01, 0.9, 0.34, 0.08233333333333333, 0.3323333333333333, 0.1101111111111111, 0.59, 0.68, 0.79, 0.01, 0.08233333333333333, 0.3323333333333333, 0.1101111111111111, 0.84, 0.68, 0.68, 0.68, 0.34, 0.68, 0.45, 0.09, 0.01, 0.68, 0.01, 0.93, 0.01, 0.01, 0.26, 0.68, 0.57]",[22201265.0],0.9231360534826916
115,"[0.08233333333333333, 0.3323333333333333, 0.1101111111111111, 0.08233333333333333, 0.3323333333333333, 0.1101111111111111, 0.3323333333333333, 0.08233333333333333, 0.3323333333333333, 0.1101111111111111, 0.08233333333333333, 0.3323333333333333, 0.1101111111111111, 0.499, 0.08233333333333333, 0.3323333333333333, 0.1101111111111111, 0.08233333333333333, 0.3323333333333333, 0.1101111111111111, 0.3323333333333333, 0.08233333333333333, 0.3323333333333333, 0.1101111111111111, 0.08233333333333333, 0.3323333333333333, 0.1101111111111111, 0.499, 0.18, 0.34, 0.34, 0.18, 0.68, 0.01, 0.68, 0.43, 0.68, 0.01, 0.18, 0.68, 0.23, 0.01, 0.59, 0.68, 0.23, 0.93, 0.34, 0.68, 0.68, 0.08233333333333333, 0.3323333333333333, 0.1101111111111111, 0.59, 0.01, 0.45, 0.51, 0.08233333333333333, 0.3323333333333333, 0.1101111111111111, 0.09, 0.68, 0.34]",[730759.0],0.886993366976579
116,"[0.08233333333333333, 0.3323333333333333, 0.1101111111111111, 0.08233333333333333, 0.3323333333333333, 0.1101111111111111, 0.3323333333333333, 0.08233333333333333, 0.3323333333333333, 0.1101111111111111, 0.08233333333333333, 0.3323333333333333, 0.1101111111111111, 0.499, 0.08233333333333333, 0.3323333333333333, 0.1101111111111111, 0.08233333333333333, 0.3323333333333333, 0.1101111111111111, 0.3323333333333333, 0.08233333333333333, 0.3323333333333333, 0.1101111111111111, 0.08233333333333333, 0.3323333333333333, 0.1101111111111111, 0.499, 0.08233333333333333, 0.3323333333333333, 0.1101111111111111, 0.68, 0.34, 0.01, 0.68, 0.18, 0.68, 0.01, 0.43, 0.34, 0.9, 0.01, 0.59, 0.34, 0.79, 0.26, 0.01, 0.12, 0.68, 0.09, 0.68, 0.01, 0.09, 0.34, 0.9, 0.51, 0.68, 0.01, 0.57, 0.43, 0.01, 0.23]",[82269.0],0.3214446395635605
117,"[0.08233333333333333, 0.3323333333333333, 0.1101111111111111, 0.08233333333333333, 0.3323333333333333, 0.1101111111111111, 0.3323333333333333, 0.08233333333333333, 0.3323333333333333, 0.1101111111111111, 0.08233333333333333, 0.3323333333333333, 0.1101111111111111, 0.499, 0.08233333333333333, 0.3323333333333333, 0.1101111111111111, 0.26, 0.34, 0.34, 0.68, 0.08233333333333333, 0.3323333333333333, 0.1101111111111111, 0.51, 0.01, 0.45, 0.51, 0.08233333333333333, 0.3323333333333333, 0.1101111111111111, 0.18, 0.01, 0.45, 0.34, 0.08233333333333333, 0.3323333333333333, 0.1101111111111111, 0.09, 0.68, 0.57, 0.51, 0.43, 0.34, 0.23, 0.51, 0.34, 0.9, 0.34, 0.26, 0.68, 0.45, 0.93, 0.34, 0.68, 0.51, 0.08233333333333333, 0.3323333333333333, 0.1101111111111111, 0.51, 0.34, 0.23]",[2172109.0],0.907573967675368
118,"[0.08233333333333333, 0.3323333333333333, 0.1101111111111111, 0.08233333333333333, 0.3323333333333333, 0.1101111111111111, 0.3323333333333333, 0.08233333333333333, 0.3323333333333333, 0.1101111111111111, 0.08233333333333333, 0.3323333333333333, 0.1101111111111111, 0.499, 0.08233333333333333, 0.3323333333333333, 0.1101111111111111, 0.18, 0.68, 0.57, 0.68, 0.34, 0.01, 0.9, 0.51, 0.34, 0.34, 0.51, 0.08233333333333333, 0.3323333333333333, 0.1101111111111111, 0.34, 0.68, 0.79, 0.34, 0.34, 0.68, 0.34, 0.68, 0.34, 0.23, 0.01, 0.08233333333333333, 0.3323333333333333, 0.1101111111111111, 0.68, 0.01, 0.79, 0.34, 0.43, 0.01, 0.9, 0.68, 0.01, 0.45, 0.01, 0.09, 0.68, 0.23, 0.34, 0.01, 0.9]",[144800.0],0.8805238157510757
119,"[0.76, 0.01, 0.57, 0.18, 0.34, 0.68, 0.68, 0.43, 0.34, 0.01, 0.26, 0.01, 0.79, 0.01, 0.08233333333333333, 0.3323333333333333, 0.1101111111111111, 0.26, 0.01, 0.45, 0.68, 0.59, 0.34, 0.9, 0.18, 0.68, 0.12, 0.51, 0.51, 0.34, 0.01, 0.09, 0.01, 0.12, 0.68, 0.76, 0.34, 0.01, 0.76, 0.01, 0.01, 0.51, 0.18, 0.01, 0.12, 0.68, 0.34, 0.57, 0.68, 0.08233333333333333, 0.3323333333333333, 0.1101111111111111, 0.51, 0.01, 0.68, 0.51, 0.08233333333333333, 0.3323333333333333, 0.1101111111111111, 0.09, 0.01, 0.9]",[333878.0],0.8775393371780713
120,"[0.08233333333333333, 0.3323333333333333, 0.1101111111111111, 0.34, 0.34, 0.45, 0.34, 0.59, 0.34, 0.34, 0.51, 0.01, 0.79, 0.51, 0.59, 0.68, 0.34, 0.09, 0.68, 0.12, 0.68, 0.08233333333333333, 0.3323333333333333, 0.1101111111111111, 0.09, 0.68, 0.9, 0.51, 0.08233333333333333, 0.3323333333333333, 0.1101111111111111, 0.51, 0.01, 0.12, 0.68, 0.08233333333333333, 0.3323333333333333, 0.1101111111111111, 0.09, 0.68, 0.34, 0.51, 0.08233333333333333, 0.3323333333333333, 0.1101111111111111, 0.84, 0.68, 0.9, 0.34, 0.08233333333333333, 0.3323333333333333, 0.1101111111111111, 0.26, 0.01, 0.12, 0.01, 0.51, 0.68, 0.79, 0.68, 0.34, 0.68]",[947734.0],0.700947750111421
121,"[0.08233333333333333, 0.3323333333333333, 0.1101111111111111, 0.08233333333333333, 0.3323333333333333, 0.1101111111111111, 0.3323333333333333, 0.08233333333333333, 0.3323333333333333, 0.1101111111111111, 0.08233333333333333, 0.3323333333333333, 0.1101111111111111, 0.499, 0.08233333333333333, 0.3323333333333333, 0.1101111111111111, 0.08233333333333333, 0.3323333333333333, 0.1101111111111111, 0.3323333333333333, 0.08233333333333333, 0.3323333333333333, 0.1101111111111111, 0.08233333333333333, 0.3323333333333333, 0.1101111111111111, 0.499, 0.18, 0.34, 0.45, 0.76, 0.01, 0.57, 0.68, 0.93, 0.68, 0.12, 0.09, 0.34, 0.12, 0.01, 0.68, 0.68, 0.34, 0.18, 0.34, 0.12, 0.34, 0.84, 0.01, 0.23, 0.76, 0.68, 0.68, 0.51, 0.76, 0.34, 0.12, 0.43, 0.01, 0.45]",[10945791.0],0.8821037357052167
122,"[0.08233333333333333, 0.3323333333333333, 0.1101111111111111, 0.08233333333333333, 0.3323333333333333, 0.1101111111111111, 0.3323333333333333, 0.08233333333333333, 0.3323333333333333, 0.1101111111111111, 0.08233333333333333, 0.3323333333333333, 0.1101111111111111, 0.499, 0.08233333333333333, 0.3323333333333333, 0.1101111111111111, 0.08233333333333333, 0.3323333333333333, 0.1101111111111111, 0.3323333333333333, 0.08233333333333333, 0.3323333333333333, 0.1101111111111111, 0.08233333333333333, 0.3323333333333333, 0.1101111111111111, 0.499, 0.08233333333333333, 0.3323333333333333, 0.1101111111111111, 0.43, 0.34, 0.01, 0.68, 0.08233333333333333, 0.3323333333333333, 0.1101111111111111, 0.68, 0.01, 0.79, 0.51, 0.08233333333333333, 0.3323333333333333, 0.1101111111111111, 0.09, 0.01, 0.68, 0.34, 0.08233333333333333, 0.3323333333333333, 0.1101111111111111, 0.68, 0.68, 0.9, 0.51, 0.08233333333333333, 0.3323333333333333, 0.1101111111111111, 0.76, 0.34, 0.79]",[591540.0],0.7574470048149426
123,"[0.08233333333333333, 0.3323333333333333, 0.1101111111111111, 0.08233333333333333, 0.3323333333333333, 0.1101111111111111, 0.3323333333333333, 0.08233333333333333, 0.3323333333333333, 0.1101111111111111, 0.08233333333333333, 0.3323333333333333, 0.1101111111111111, 0.499, 0.68, 0.01, 0.68, 0.76, 0.68, 0.9, 0.68, 0.08233333333333333, 0.3323333333333333, 0.1101111111111111, 0.76, 0.68, 0.01, 0.01, 0.08233333333333333, 0.3323333333333333, 0.1101111111111111, 0.18, 0.34, 0.57, 0.68, 0.59, 0.34, 0.12, 0.93, 0.68, 0.23, 0.51, 0.08233333333333333, 0.3323333333333333, 0.1101111111111111, 0.84, 0.34, 0.45, 0.68, 0.08233333333333333, 0.3323333333333333, 0.1101111111111111, 0.18, 0.68, 0.12, 0.51, 0.08233333333333333, 0.3323333333333333, 0.1101111111111111, 0.84, 0.34, 0.9]",[16153238.0],0.891563248137633
124,"[0.08233333333333333, 0.3323333333333333, 0.1101111111111111, 0.08233333333333333, 0.3323333333333333, 0.1101111111111111, 0.3323333333333333, 0.08233333333333333, 0.3323333333333333, 0.1101111111111111, 0.08233333333333333, 0.3323333333333333, 0.1101111111111111, 0.499, 0.08233333333333333, 0.3323333333333333, 0.1101111111111111, 0.08233333333333333, 0.3323333333333333, 0.1101111111111111, 0.3323333333333333, 0.08233333333333333, 0.3323333333333333, 0.1101111111111111, 0.08233333333333333, 0.3323333333333333, 0.1101111111111111, 0.499, 0.08233333333333333, 0.3323333333333333, 0.1101111111111111, 0.68, 0.01, 0.9, 0.34, 0.08233333333333333, 0.3323333333333333, 0.1101111111111111, 0.18, 0.34, 0.9, 0.01, 0.43, 0.68, 0.34, 0.18, 0.01, 0.68, 0.34, 0.34, 0.34, 0.45, 0.59, 0.34, 0.45, 0.01, 0.76, 0.34, 0.9, 0.43, 0.68, 0.12]",[184503.0],0.8998776997129122
125,"[0.08233333333333333, 0.3323333333333333, 0.1101111111111111, 0.26, 0.68, 0.23, 0.34, 0.08233333333333333, 0.3323333333333333, 0.1101111111111111, 0.51, 0.01, 0.01, 0.01, 0.76, 0.01, 0.34, 0.76, 0.34, 0.45, 0.34, 0.08233333333333333, 0.3323333333333333, 0.1101111111111111, 0.59, 0.34, 0.23, 0.51, 0.93, 0.34, 0.23, 0.51, 0.68, 0.57, 0.34, 0.34, 0.68, 0.12, 0.76, 0.68, 0.45, 0.51, 0.08233333333333333, 0.3323333333333333, 0.1101111111111111, 0.09, 0.34, 0.23, 0.34, 0.43, 0.68, 0.57, 0.59, 0.34, 0.12, 0.01, 0.08233333333333333, 0.3323333333333333, 0.1101111111111111, 0.34, 0.68, 0.79]",[4232012.0],0.9391478354732196
126,"[0.08233333333333333, 0.3323333333333333, 0.1101111111111111, 0.08233333333333333, 0.3323333333333333, 0.1101111111111111, 0.3323333333333333, 0.08233333333333333, 0.3323333333333333, 0.1101111111111111, 0.08233333333333333, 0.3323333333333333, 0.1101111111111111, 0.499, 0.08233333333333333, 0.3323333333333333, 0.1101111111111111, 0.93, 0.68, 0.01, 0.68, 0.08233333333333333, 0.3323333333333333, 0.1101111111111111, 0.51, 0.34, 0.68, 0.51, 0.08233333333333333, 0.3323333333333333, 0.1101111111111111, 0.84, 0.34, 0.9, 0.68, 0.08233333333333333, 0.3323333333333333, 0.1101111111111111, 0.26, 0.68, 0.9, 0.51, 0.76, 0.01, 0.68, 0.26, 0.34, 0.68, 0.68, 0.08233333333333333, 0.3323333333333333, 0.1101111111111111, 0.09, 0.34, 0.9, 0.01, 0.59, 0.01, 0.68, 0.34, 0.01, 0.9]",[5289359.0],0.7862889364361763
127,"[0.08233333333333333, 0.3323333333333333, 0.1101111111111111, 0.08233333333333333, 0.3323333333333333, 0.1101111111111111, 0.3323333333333333, 0.08233333333333333, 0.3323333333333333, 0.1101111111111111, 0.08233333333333333, 0.3323333333333333, 0.1101111111111111, 0.499, 0.18, 0.34, 0.34, 0.59, 0.34, 0.01, 0.34, 0.08233333333333333, 0.3323333333333333, 0.1101111111111111, 0.43, 0.01, 0.34, 0.01, 0.09, 0.01, 0.57, 0.51, 0.34, 0.34, 0.34, 0.84, 0.01, 0.45, 0.09, 0.34, 0.79, 0.01, 0.08233333333333333, 0.3323333333333333, 0.1101111111111111, 0.26, 0.34, 0.01, 0.34, 0.34, 0.68, 0.57, 0.18, 0.01, 0.57, 0.51, 0.08233333333333333, 0.3323333333333333, 0.1101111111111111, 0.76, 0.01, 0.45]",[169732.0],0.8454801047841708
128,"[0.08233333333333333, 0.3323333333333333, 0.1101111111111111, 0.84, 0.01, 0.34, 0.68, 0.84, 0.68, 0.79, 0.26, 0.01, 0.23, 0.51, 0.51, 0.68, 0.68, 0.84, 0.01, 0.12, 0.34, 0.68, 0.01, 0.57, 0.43, 0.68, 0.68, 0.51, 0.68, 0.34, 0.57, 0.18, 0.01, 0.12, 0.34, 0.43, 0.01, 0.9, 0.43, 0.34, 0.57, 0.01, 0.08233333333333333, 0.3323333333333333, 0.1101111111111111, 0.68, 0.01, 0.12, 0.68, 0.93, 0.01, 0.12, 0.43, 0.34, 0.12, 0.01, 0.08233333333333333, 0.3323333333333333, 0.1101111111111111, 0.76, 0.34, 0.45]",[8775127.0],0.9341142863035202
129,"[0.08233333333333333, 0.3323333333333333, 0.1101111111111111, 0.34, 0.68, 0.68, 0.34, 0.93, 0.01, 0.23, 0.76, 0.34, 0.45, 0.01, 0.08233333333333333, 0.3323333333333333, 0.1101111111111111, 0.34, 0.01, 0.57, 0.68, 0.09, 0.01, 0.34, 0.59, 0.68, 0.01, 0.51, 0.08233333333333333, 0.3323333333333333, 0.1101111111111111, 0.68, 0.34, 0.79, 0.68, 0.08233333333333333, 0.3323333333333333, 0.1101111111111111, 0.84, 0.68, 0.79, 0.01, 0.08233333333333333, 0.3323333333333333, 0.1101111111111111, 0.76, 0.68, 0.57, 0.68, 0.26, 0.01, 0.9, 0.76, 0.34, 0.57, 0.51, 0.08233333333333333, 0.3323333333333333, 0.1101111111111111, 0.09, 0.34, 0.68]",[7356332.0],0.9054215828577676
130,"[0.08233333333333333, 0.3323333333333333, 0.1101111111111111, 0.08233333333333333, 0.3323333333333333, 0.1101111111111111, 0.3323333333333333, 0.08233333333333333, 0.3323333333333333, 0.1101111111111111, 0.08233333333333333, 0.3323333333333333, 0.1101111111111111, 0.499, 0.08233333333333333, 0.3323333333333333, 0.1101111111111111, 0.93, 0.68, 0.01, 0.68, 0.08233333333333333, 0.3323333333333333, 0.1101111111111111, 0.51, 0.34, 0.68, 0.51, 0.08233333333333333, 0.3323333333333333, 0.1101111111111111, 0.84, 0.34, 0.9, 0.68, 0.08233333333333333, 0.3323333333333333, 0.1101111111111111, 0.26, 0.68, 0.9, 0.51, 0.76, 0.01, 0.68, 0.26, 0.34, 0.68, 0.68, 0.08233333333333333, 0.3323333333333333, 0.1101111111111111, 0.09, 0.34, 0.9, 0.01, 0.59, 0.01, 0.68, 0.34, 0.01, 0.9]",[5289359.0],0.7775172705451647
131,"[0.08233333333333333, 0.3323333333333333, 0.1101111111111111, 0.08233333333333333, 0.3323333333333333, 0.1101111111111111, 0.3323333333333333, 0.08233333333333333, 0.3323333333333333, 0.1101111111111111, 0.08233333333333333, 0.3323333333333333, 0.1101111111111111, 0.499, 0.18, 0.34, 0.34, 0.59, 0.34, 0.01, 0.34, 0.08233333333333333, 0.3323333333333333, 0.1101111111111111, 0.43, 0.01, 0.34, 0.01, 0.09, 0.01, 0.57, 0.51, 0.34, 0.34, 0.34, 0.84, 0.01, 0.45, 0.09, 0.34, 0.79, 0.01, 0.08233333333333333, 0.3323333333333333, 0.1101111111111111, 0.26, 0.34, 0.01, 0.34, 0.34, 0.68, 0.57, 0.18, 0.01, 0.57, 0.51, 0.08233333333333333, 0.3323333333333333, 0.1101111111111111, 0.76, 0.01, 0.45]",[169732.0],0.8461520373821259
132,"[0.08233333333333333, 0.3323333333333333, 0.1101111111111111, 0.84, 0.01, 0.34, 0.68, 0.84, 0.68, 0.79, 0.26, 0.01, 0.23, 0.51, 0.51, 0.68, 0.68, 0.84, 0.01, 0.12, 0.34, 0.68, 0.01, 0.57, 0.43, 0.68, 0.68, 0.51, 0.68, 0.34, 0.57, 0.18, 0.01, 0.12, 0.34, 0.43, 0.01, 0.9, 0.43, 0.34, 0.57, 0.01, 0.08233333333333333, 0.3323333333333333, 0.1101111111111111, 0.68, 0.01, 0.12, 0.68, 0.93, 0.01, 0.12, 0.43, 0.34, 0.12, 0.01, 0.08233333333333333, 0.3323333333333333, 0.1101111111111111, 0.76, 0.34, 0.45]",[8775127.0],0.9328883628050486
133,"[0.08233333333333333, 0.3323333333333333, 0.1101111111111111, 0.34, 0.68, 0.68, 0.34, 0.93, 0.01, 0.23, 0.76, 0.34, 0.45, 0.01, 0.08233333333333333, 0.3323333333333333, 0.1101111111111111, 0.34, 0.01, 0.57, 0.68, 0.09, 0.01, 0.34, 0.59, 0.68, 0.01, 0.51, 0.08233333333333333, 0.3323333333333333, 0.1101111111111111, 0.68, 0.34, 0.79, 0.68, 0.08233333333333333, 0.3323333333333333, 0.1101111111111111, 0.84, 0.68, 0.79, 0.01, 0.08233333333333333, 0.3323333333333333, 0.1101111111111111, 0.76, 0.68, 0.57, 0.68, 0.26, 0.01, 0.9, 0.76, 0.34, 0.57, 0.51, 0.08233333333333333, 0.3323333333333333, 0.1101111111111111, 0.09, 0.34, 0.68]",[7356332.0],0.904580281674862
134,"[0.08233333333333333, 0.3323333333333333, 0.1101111111111111, 0.43, 0.68, 0.9, 0.68, 0.08233333333333333, 0.3323333333333333, 0.1101111111111111, 0.93, 0.34, 0.01, 0.51, 0.84, 0.68, 0.45, 0.84, 0.01, 0.57, 0.34, 0.08233333333333333, 0.3323333333333333, 0.1101111111111111, 0.09, 0.34, 0.45, 0.01, 0.84, 0.34, 0.79, 0.43, 0.34, 0.01, 0.68, 0.08233333333333333, 0.3323333333333333, 0.1101111111111111, 0.18, 0.34, 0.79, 0.01, 0.08233333333333333, 0.3323333333333333, 0.1101111111111111, 0.68, 0.34, 0.12, 0.68, 0.68, 0.34, 0.57, 0.09, 0.34, 0.45, 0.01, 0.34, 0.01, 0.12, 0.76, 0.01, 0.9]",[3648245.0],0.931241044898828
135,"[0.08233333333333333, 0.3323333333333333, 0.1101111111111111, 0.08233333333333333, 0.3323333333333333, 0.1101111111111111, 0.3323333333333333, 0.08233333333333333, 0.3323333333333333, 0.1101111111111111, 0.08233333333333333, 0.3323333333333333, 0.1101111111111111, 0.499, 0.08233333333333333, 0.3323333333333333, 0.1101111111111111, 0.08233333333333333, 0.3323333333333333, 0.1101111111111111, 0.3323333333333333, 0.08233333333333333, 0.3323333333333333, 0.1101111111111111, 0.08233333333333333, 0.3323333333333333, 0.1101111111111111, 0.499, 0.08233333333333333, 0.3323333333333333, 0.1101111111111111, 0.59, 0.34, 0.34, 0.68, 0.08233333333333333, 0.3323333333333333, 0.1101111111111111, 0.84, 0.34, 0.68, 0.51, 0.93, 0.34, 0.12, 0.84, 0.01, 0.01, 0.68, 0.08233333333333333, 0.3323333333333333, 0.1101111111111111, 0.51, 0.34, 0.45, 0.01, 0.08233333333333333, 0.3323333333333333, 0.1101111111111111, 0.93, 0.68, 0.68]",[19094001.0],0.9237972527742386
136,"[0.08233333333333333, 0.3323333333333333, 0.1101111111111111, 0.08233333333333333, 0.3323333333333333, 0.1101111111111111, 0.3323333333333333, 0.08233333333333333, 0.3323333333333333, 0.1101111111111111, 0.08233333333333333, 0.3323333333333333, 0.1101111111111111, 0.499, 0.08233333333333333, 0.3323333333333333, 0.1101111111111111, 0.34, 0.01, 0.12, 0.68, 0.43, 0.01, 0.68, 0.26, 0.68, 0.12, 0.51, 0.51, 0.68, 0.12, 0.34, 0.34, 0.79, 0.68, 0.93, 0.01, 0.68, 0.59, 0.68, 0.12, 0.01, 0.26, 0.01, 0.79, 0.84, 0.34, 0.68, 0.34, 0.08233333333333333, 0.3323333333333333, 0.1101111111111111, 0.76, 0.34, 0.45, 0.01, 0.08233333333333333, 0.3323333333333333, 0.1101111111111111, 0.09, 0.34, 0.01]",[2213309.0],0.909983732799689
137,"[0.08233333333333333, 0.3323333333333333, 0.1101111111111111, 0.76, 0.01, 0.79, 0.34, 0.08233333333333333, 0.3323333333333333, 0.1101111111111111, 0.18, 0.01, 0.45, 0.01, 0.08233333333333333, 0.3323333333333333, 0.1101111111111111, 0.93, 0.01, 0.34, 0.68, 0.18, 0.34, 0.57, 0.34, 0.01, 0.45, 0.01, 0.43, 0.01, 0.9, 0.68, 0.68, 0.45, 0.34, 0.09, 0.34, 0.23, 0.09, 0.01, 0.12, 0.01, 0.51, 0.68, 0.9, 0.76, 0.34, 0.23, 0.34, 0.08233333333333333, 0.3323333333333333, 0.1101111111111111, 0.68, 0.01, 0.57, 0.01, 0.09, 0.34, 0.45, 0.76, 0.01, 0.9]",[877824.0],0.8975925217072169
138,"[0.08233333333333333, 0.3323333333333333, 0.1101111111111111, 0.08233333333333333, 0.3323333333333333, 0.1101111111111111, 0.3323333333333333, 0.08233333333333333, 0.3323333333333333, 0.1101111111111111, 0.08233333333333333, 0.3323333333333333, 0.1101111111111111, 0.499, 0.09, 0.68, 0.68, 0.76, 0.68, 0.79, 0.68, 0.08233333333333333, 0.3323333333333333, 0.1101111111111111, 0.43, 0.34, 0.57, 0.01, 0.59, 0.34, 0.01, 0.59, 0.34, 0.45, 0.68, 0.09, 0.68, 0.68, 0.43, 0.01, 0.12, 0.01, 0.34, 0.34, 0.23, 0.84, 0.34, 0.01, 0.34, 0.34, 0.68, 0.57, 0.93, 0.68, 0.12, 0.51, 0.08233333333333333, 0.3323333333333333, 0.1101111111111111, 0.51, 0.01, 0.12]",[4791426.0],0.9177062670389812
139,"[0.08233333333333333, 0.3323333333333333, 0.1101111111111111, 0.08233333333333333, 0.3323333333333333, 0.1101111111111111, 0.3323333333333333, 0.08233333333333333, 0.3323333333333333, 0.1101111111111111, 0.08233333333333333, 0.3323333333333333, 0.1101111111111111, 0.499, 0.08233333333333333, 0.3323333333333333, 0.1101111111111111, 0.34, 0.01, 0.12, 0.34, 0.08233333333333333, 0.3323333333333333, 0.1101111111111111, 0.43, 0.01, 0.01, 0.01, 0.26, 0.01, 0.57, 0.59, 0.34, 0.79, 0.68, 0.08233333333333333, 0.3323333333333333, 0.1101111111111111, 0.76, 0.01, 0.12, 0.51, 0.18, 0.34, 0.45, 0.18, 0.34, 0.12, 0.68, 0.08233333333333333, 0.3323333333333333, 0.1101111111111111, 0.76, 0.34, 0.34, 0.51, 0.18, 0.01, 0.01, 0.68, 0.01, 0.68]",[637783.0],0.865622940659523
140,"[0.68, 0.68, 0.57, 0.18, 0.34, 0.23, 0.68, 0.84, 0.01, 0.45, 0.51, 0.68, 0.57, 0.01, 0.08233333333333333, 0.3323333333333333, 0.1101111111111111, 0.34, 0.01, 0.9, 0.34, 0.08233333333333333, 0.3323333333333333, 0.1101111111111111, 0.59, 0.01, 0.01, 0.51, 0.08233333333333333, 0.3323333333333333, 0.1101111111111111, 0.34, 0.68, 0.12, 0.34, 0.43, 0.34, 0.57, 0.68, 0.01, 0.01, 0.01, 0.26, 0.68, 0.57, 0.59, 0.34, 0.68, 0.68, 0.76, 0.68, 0.23, 0.18, 0.01, 0.23, 0.51, 0.08233333333333333, 0.3323333333333333, 0.1101111111111111, 0.26, 0.68, 0.79]",[948297.0],0.9221621866027514
141,"[0.26, 0.01, 0.68, 0.09, 0.68, 0.23, 0.68, 0.76, 0.68, 0.01, 0.68, 0.68, 0.12, 0.51, 0.43, 0.01, 0.79, 0.68, 0.34, 0.12, 0.68, 0.08233333333333333, 0.3323333333333333, 0.1101111111111111, 0.93, 0.68, 0.9, 0.51, 0.08233333333333333, 0.3323333333333333, 0.1101111111111111, 0.43, 0.01, 0.68, 0.68, 0.51, 0.01, 0.34, 0.68, 0.34, 0.9, 0.51, 0.08233333333333333, 0.3323333333333333, 0.1101111111111111, 0.93, 0.34, 0.79, 0.34, 0.08233333333333333, 0.3323333333333333, 0.1101111111111111, 0.26, 0.34, 0.23, 0.01, 0.08233333333333333, 0.3323333333333333, 0.1101111111111111, 0.93, 0.01, 0.68]",[16645886.0],0.9279183452328046
142,"[0.08233333333333333, 0.3323333333333333, 0.1101111111111111, 0.08233333333333333, 0.3323333333333333, 0.1101111111111111, 0.3323333333333333, 0.08233333333333333, 0.3323333333333333, 0.1101111111111111, 0.08233333333333333, 0.3323333333333333, 0.1101111111111111, 0.499, 0.08233333333333333, 0.3323333333333333, 0.1101111111111111, 0.59, 0.68, 0.12, 0.34, 0.08233333333333333, 0.3323333333333333, 0.1101111111111111, 0.26, 0.01, 0.12, 0.01, 0.08233333333333333, 0.3323333333333333, 0.1101111111111111, 0.43, 0.34, 0.68, 0.34, 0.08233333333333333, 0.3323333333333333, 0.1101111111111111, 0.59, 0.34, 0.45, 0.01, 0.18, 0.01, 0.68, 0.09, 0.01, 0.9, 0.34, 0.08233333333333333, 0.3323333333333333, 0.1101111111111111, 0.34, 0.34, 0.12, 0.51, 0.84, 0.68, 0.45, 0.59, 0.68, 0.57]",[880436.0],0.3860643456379573
143,"[0.08233333333333333, 0.3323333333333333, 0.1101111111111111, 0.08233333333333333, 0.3323333333333333, 0.1101111111111111, 0.3323333333333333, 0.08233333333333333, 0.3323333333333333, 0.1101111111111111, 0.08233333333333333, 0.3323333333333333, 0.1101111111111111, 0.499, 0.08233333333333333, 0.3323333333333333, 0.1101111111111111, 0.08233333333333333, 0.3323333333333333, 0.1101111111111111, 0.3323333333333333, 0.08233333333333333, 0.3323333333333333, 0.1101111111111111, 0.08233333333333333, 0.3323333333333333, 0.1101111111111111, 0.499, 0.08233333333333333, 0.3323333333333333, 0.1101111111111111, 0.26, 0.34, 0.12, 0.68, 0.09, 0.34, 0.68, 0.09, 0.68, 0.45, 0.51, 0.08233333333333333, 0.3323333333333333, 0.1101111111111111, 0.76, 0.01, 0.9, 0.68, 0.08233333333333333, 0.3323333333333333, 0.1101111111111111, 0.18, 0.01, 0.34, 0.51, 0.09, 0.68, 0.68, 0.68, 0.68, 0.79]",[45464.0],0.8279021526376407
144,"[0.08233333333333333, 0.3323333333333333, 0.1101111111111111, 0.09, 0.34, 0.23, 0.68, 0.09, 0.34, 0.12, 0.34, 0.01, 0.57, 0.51, 0.08233333333333333, 0.3323333333333333, 0.1101111111111111, 0.76, 0.01, 0.34, 0.34, 0.08233333333333333, 0.3323333333333333, 0.1101111111111111, 0.59, 0.68, 0.68, 0.51, 0.09, 0.01, 0.79, 0.93, 0.34, 0.9, 0.34, 0.08233333333333333, 0.3323333333333333, 0.1101111111111111, 0.51, 0.01, 0.01, 0.01, 0.08233333333333333, 0.3323333333333333, 0.1101111111111111, 0.09, 0.01, 0.68, 0.34, 0.08233333333333333, 0.3323333333333333, 0.1101111111111111, 0.09, 0.68, 0.79, 0.51, 0.08233333333333333, 0.3323333333333333, 0.1101111111111111, 0.68, 0.34, 0.12]",[496778.0],0.8434796964128812
145,"[0.08233333333333333, 0.3323333333333333, 0.1101111111111111, 0.51, 0.68, 0.12, 0.34, 0.08233333333333333, 0.3323333333333333, 0.1101111111111111, 0.84, 0.68, 0.9, 0.51, 0.51, 0.68, 0.23, 0.93, 0.01, 0.23, 0.68, 0.08233333333333333, 0.3323333333333333, 0.1101111111111111, 0.76, 0.68, 0.34, 0.01, 0.08233333333333333, 0.3323333333333333, 0.1101111111111111, 0.84, 0.68, 0.12, 0.34, 0.08233333333333333, 0.3323333333333333, 0.1101111111111111, 0.26, 0.01, 0.57, 0.51, 0.08233333333333333, 0.3323333333333333, 0.1101111111111111, 0.84, 0.01, 0.01, 0.68, 0.09, 0.01, 0.01, 0.76, 0.34, 0.9, 0.01, 0.34, 0.68, 0.79, 0.09, 0.34, 0.34]",[15883485.0],0.319755175213019
146,"[0.08233333333333333, 0.3323333333333333, 0.1101111111111111, 0.08233333333333333, 0.3323333333333333, 0.1101111111111111, 0.3323333333333333, 0.08233333333333333, 0.3323333333333333, 0.1101111111111111, 0.08233333333333333, 0.3323333333333333, 0.1101111111111111, 0.499, 0.08233333333333333, 0.3323333333333333, 0.1101111111111111, 0.68, 0.68, 0.79, 0.34, 0.08233333333333333, 0.3323333333333333, 0.1101111111111111, 0.09, 0.01, 0.45, 0.01, 0.09, 0.68, 0.57, 0.59, 0.34, 0.34, 0.68, 0.08233333333333333, 0.3323333333333333, 0.1101111111111111, 0.09, 0.68, 0.68, 0.51, 0.51, 0.01, 0.23, 0.76, 0.01, 0.12, 0.34, 0.08233333333333333, 0.3323333333333333, 0.1101111111111111, 0.84, 0.68, 0.23, 0.51, 0.08233333333333333, 0.3323333333333333, 0.1101111111111111, 0.51, 0.34, 0.9]",[4116641.0],0.9049407506982484
147,"[0.59, 0.01, 0.79, 0.84, 0.34, 0.23, 0.68, 0.18, 0.01, 0.12, 0.51, 0.34, 0.34, 0.01, 0.08233333333333333, 0.3323333333333333, 0.1101111111111111, 0.76, 0.01, 0.45, 0.34, 0.08233333333333333, 0.3323333333333333, 0.1101111111111111, 0.26, 0.68, 0.34, 0.51, 0.08233333333333333, 0.3323333333333333, 0.1101111111111111, 0.18, 0.68, 0.34, 0.34, 0.18, 0.68, 0.23, 0.26, 0.68, 0.12, 0.01, 0.93, 0.34, 0.79, 0.68, 0.68, 0.45, 0.68, 0.08233333333333333, 0.3323333333333333, 0.1101111111111111, 0.43, 0.01, 0.01, 0.01, 0.08233333333333333, 0.3323333333333333, 0.1101111111111111, 0.76, 0.34, 0.01]",[4331081.0],0.9249425704280536
148,"[0.59, 0.68, 0.79, 0.18, 0.34, 0.12, 0.34, 0.08233333333333333, 0.3323333333333333, 0.1101111111111111, 0.51, 0.34, 0.45, 0.01, 0.08233333333333333, 0.3323333333333333, 0.1101111111111111, 0.59, 0.01, 0.12, 0.34, 0.09, 0.34, 0.57, 0.68, 0.01, 0.34, 0.51, 0.08233333333333333, 0.3323333333333333, 0.1101111111111111, 0.18, 0.34, 0.9, 0.34, 0.08233333333333333, 0.3323333333333333, 0.1101111111111111, 0.34, 0.68, 0.57, 0.01, 0.34, 0.68, 0.23, 0.84, 0.68, 0.57, 0.68, 0.09, 0.34, 0.01, 0.93, 0.01, 0.45, 0.01, 0.08233333333333333, 0.3323333333333333, 0.1101111111111111, 0.76, 0.01, 0.01]",[5016699.0],0.90431264291207
149,"[0.08233333333333333, 0.3323333333333333, 0.1101111111111111, 0.08233333333333333, 0.3323333333333333, 0.1101111111111111, 0.3323333333333333, 0.08233333333333333, 0.3323333333333333, 0.1101111111111111, 0.08233333333333333, 0.3323333333333333, 0.1101111111111111, 0.499, 0.08233333333333333, 0.3323333333333333, 0.1101111111111111, 0.08233333333333333, 0.3323333333333333, 0.1101111111111111, 0.3323333333333333, 0.08233333333333333, 0.3323333333333333, 0.1101111111111111, 0.08233333333333333, 0.3323333333333333, 0.1101111111111111, 0.499, 0.68, 0.01, 0.79, 0.51, 0.68, 0.79, 0.68, 0.08233333333333333, 0.3323333333333333, 0.1101111111111111, 0.34, 0.34, 0.23, 0.51, 0.59, 0.01, 0.9, 0.09, 0.68, 0.45, 0.34, 0.08233333333333333, 0.3323333333333333, 0.1101111111111111, 0.84, 0.68, 0.45, 0.51, 0.08233333333333333, 0.3323333333333333, 0.1101111111111111, 0.93, 0.68, 0.79]",[9346692.0],0.8989631126324336
150,"[0.08233333333333333, 0.3323333333333333, 0.1101111111111111, 0.08233333333333333, 0.3323333333333333, 0.1101111111111111, 0.3323333333333333, 0.08233333333333333, 0.3323333333333333, 0.1101111111111111, 0.08233333333333333, 0.3323333333333333, 0.1101111111111111, 0.499, 0.08233333333333333, 0.3323333333333333, 0.1101111111111111, 0.08233333333333333, 0.3323333333333333, 0.1101111111111111, 0.3323333333333333, 0.08233333333333333, 0.3323333333333333, 0.1101111111111111, 0.08233333333333333, 0.3323333333333333, 0.1101111111111111, 0.499, 0.51, 0.01, 0.79, 0.26, 0.68, 0.23, 0.68, 0.76, 0.68, 0.12, 0.51, 0.01, 0.9, 0.51, 0.08233333333333333, 0.3323333333333333, 0.1101111111111111, 0.18, 0.01, 0.01, 0.34, 0.08233333333333333, 0.3323333333333333, 0.1101111111111111, 0.34, 0.68, 0.12, 0.51, 0.08233333333333333, 0.3323333333333333, 0.1101111111111111, 0.93, 0.68, 0.79]",[2318599.0],0.8544203350941341
151,"[0.08233333333333333, 0.3323333333333333, 0.1101111111111111, 0.08233333333333333, 0.3323333333333333, 0.1101111111111111, 0.3323333333333333, 0.08233333333333333, 0.3323333333333333, 0.1101111111111111, 0.08233333333333333, 0.3323333333333333, 0.1101111111111111, 0.499, 0.09, 0.34, 0.79, 0.09, 0.68, 0.57, 0.34, 0.08233333333333333, 0.3323333333333333, 0.1101111111111111, 0.59, 0.01, 0.23, 0.51, 0.08233333333333333, 0.3323333333333333, 0.1101111111111111, 0.84, 0.68, 0.68, 0.34, 0.08233333333333333, 0.3323333333333333, 0.1101111111111111, 0.43, 0.01, 0.12, 0.51, 0.08233333333333333, 0.3323333333333333, 0.1101111111111111, 0.68, 0.01, 0.12, 0.68, 0.68, 0.68, 0.68, 0.09, 0.01, 0.57, 0.01, 0.93, 0.34, 0.68, 0.09, 0.34, 0.01]",[1285587.0],0.9042718037962914
152,"[0.08233333333333333, 0.3323333333333333, 0.1101111111111111, 0.08233333333333333, 0.3323333333333333, 0.1101111111111111, 0.3323333333333333, 0.08233333333333333, 0.3323333333333333, 0.1101111111111111, 0.08233333333333333, 0.3323333333333333, 0.1101111111111111, 0.499, 0.84, 0.68, 0.79, 0.76, 0.01, 0.01, 0.34, 0.76, 0.34, 0.12, 0.51, 0.68, 0.12, 0.51, 0.08233333333333333, 0.3323333333333333, 0.1101111111111111, 0.26, 0.34, 0.57, 0.34, 0.76, 0.34, 0.23, 0.34, 0.34, 0.79, 0.51, 0.93, 0.34, 0.01, 0.09, 0.01, 0.23, 0.68, 0.09, 0.01, 0.79, 0.59, 0.34, 0.34, 0.01, 0.34, 0.68, 0.9, 0.76, 0.01, 0.45]",[1403695.0],0.915290214618047
153,"[0.08233333333333333, 0.3323333333333333, 0.1101111111111111, 0.08233333333333333, 0.3323333333333333, 0.1101111111111111, 0.3323333333333333, 0.08233333333333333, 0.3323333333333333, 0.1101111111111111, 0.08233333333333333, 0.3323333333333333, 0.1101111111111111, 0.499, 0.26, 0.68, 0.12, 0.09, 0.68, 0.34, 0.68, 0.08233333333333333, 0.3323333333333333, 0.1101111111111111, 0.51, 0.34, 0.45, 0.51, 0.93, 0.68, 0.23, 0.93, 0.01, 0.68, 0.68, 0.08233333333333333, 0.3323333333333333, 0.1101111111111111, 0.68, 0.34, 0.34, 0.51, 0.08233333333333333, 0.3323333333333333, 0.1101111111111111, 0.59, 0.68, 0.79, 0.68, 0.84, 0.01, 0.34, 0.51, 0.34, 0.57, 0.01, 0.08233333333333333, 0.3323333333333333, 0.1101111111111111, 0.09, 0.01, 0.9]",[4121208.0],0.8022087633609771
154,"[0.08233333333333333, 0.3323333333333333, 0.1101111111111111, 0.08233333333333333, 0.3323333333333333, 0.1101111111111111, 0.3323333333333333, 0.08233333333333333, 0.3323333333333333, 0.1101111111111111, 0.08233333333333333, 0.3323333333333333, 0.1101111111111111, 0.499, 0.84, 0.68, 0.79, 0.34, 0.34, 0.79, 0.68, 0.08233333333333333, 0.3323333333333333, 0.1101111111111111, 0.43, 0.01, 0.79, 0.01, 0.08233333333333333, 0.3323333333333333, 0.1101111111111111, 0.43, 0.68, 0.12, 0.34, 0.51, 0.01, 0.9, 0.09, 0.01, 0.79, 0.01, 0.08233333333333333, 0.3323333333333333, 0.1101111111111111, 0.59, 0.01, 0.12, 0.68, 0.08233333333333333, 0.3323333333333333, 0.1101111111111111, 0.26, 0.68, 0.12, 0.01, 0.08233333333333333, 0.3323333333333333, 0.1101111111111111, 0.93, 0.68, 0.34]",[6020913.0],0.9206726809342702
155,"[0.08233333333333333, 0.3323333333333333, 0.1101111111111111, 0.93, 0.34, 0.9, 0.68, 0.08233333333333333, 0.3323333333333333, 0.1101111111111111, 0.34, 0.34, 0.45, 0.51, 0.09, 0.68, 0.12, 0.84, 0.34, 0.79, 0.34, 0.08233333333333333, 0.3323333333333333, 0.1101111111111111, 0.43, 0.01, 0.45, 0.51, 0.08233333333333333, 0.3323333333333333, 0.1101111111111111, 0.26, 0.34, 0.9, 0.34, 0.18, 0.68, 0.9, 0.34, 0.68, 0.45, 0.01, 0.34, 0.01, 0.01, 0.76, 0.01, 0.01, 0.34, 0.68, 0.34, 0.34, 0.76, 0.68, 0.23, 0.01, 0.08233333333333333, 0.3323333333333333, 0.1101111111111111, 0.26, 0.68, 0.68]",[1293346.0],0.9261166503032048
156,"[0.59, 0.01, 0.34, 0.18, 0.34, 0.12, 0.34, 0.08233333333333333, 0.3323333333333333, 0.1101111111111111, 0.43, 0.34, 0.57, 0.51, 0.08233333333333333, 0.3323333333333333, 0.1101111111111111, 0.34, 0.01, 0.68, 0.68, 0.43, 0.34, 0.79, 0.18, 0.68, 0.45, 0.01, 0.93, 0.68, 0.23, 0.34, 0.68, 0.45, 0.68, 0.26, 0.01, 0.68, 0.43, 0.34, 0.01, 0.51, 0.08233333333333333, 0.3323333333333333, 0.1101111111111111, 0.26, 0.68, 0.45, 0.34, 0.51, 0.34, 0.68, 0.93, 0.01, 0.34, 0.51, 0.34, 0.34, 0.68, 0.43, 0.34, 0.79]",[2561598.0],0.9256820445259412
157,"[0.08233333333333333, 0.3323333333333333, 0.1101111111111111, 0.08233333333333333, 0.3323333333333333, 0.1101111111111111, 0.3323333333333333, 0.08233333333333333, 0.3323333333333333, 0.1101111111111111, 0.08233333333333333, 0.3323333333333333, 0.1101111111111111, 0.499, 0.59, 0.68, 0.57, 0.34, 0.01, 0.9, 0.34, 0.68, 0.68, 0.23, 0.68, 0.01, 0.12, 0.01, 0.18, 0.34, 0.9, 0.09, 0.01, 0.68, 0.68, 0.08233333333333333, 0.3323333333333333, 0.1101111111111111, 0.59, 0.01, 0.57, 0.51, 0.08233333333333333, 0.3323333333333333, 0.1101111111111111, 0.51, 0.68, 0.79, 0.34, 0.08233333333333333, 0.3323333333333333, 0.1101111111111111, 0.84, 0.68, 0.23, 0.51, 0.59, 0.01, 0.01, 0.09, 0.34, 0.34]",[1213052.0],0.8907137865821521
158,"[0.08233333333333333, 0.3323333333333333, 0.1101111111111111, 0.08233333333333333, 0.3323333333333333, 0.1101111111111111, 0.3323333333333333, 0.08233333333333333, 0.3323333333333333, 0.1101111111111111, 0.08233333333333333, 0.3323333333333333, 0.1101111111111111, 0.499, 0.08233333333333333, 0.3323333333333333, 0.1101111111111111, 0.08233333333333333, 0.3323333333333333, 0.1101111111111111, 0.3323333333333333, 0.08233333333333333, 0.3323333333333333, 0.1101111111111111, 0.08233333333333333, 0.3323333333333333, 0.1101111111111111, 0.499, 0.93, 0.68, 0.01, 0.51, 0.68, 0.23, 0.68, 0.59, 0.34, 0.79, 0.26, 0.68, 0.79, 0.51, 0.08233333333333333, 0.3323333333333333, 0.1101111111111111, 0.76, 0.01, 0.57, 0.34, 0.34, 0.34, 0.9, 0.51, 0.34, 0.68, 0.01, 0.84, 0.68, 0.57, 0.76, 0.01, 0.68]",[4637881.0],0.9348746811350188
159,"[0.08233333333333333, 0.3323333333333333, 0.1101111111111111, 0.08233333333333333, 0.3323333333333333, 0.1101111111111111, 0.3323333333333333, 0.08233333333333333, 0.3323333333333333, 0.1101111111111111, 0.08233333333333333, 0.3323333333333333, 0.1101111111111111, 0.499, 0.59, 0.34, 0.68, 0.09, 0.34, 0.68, 0.68, 0.08233333333333333, 0.3323333333333333, 0.1101111111111111, 0.76, 0.01, 0.45, 0.51, 0.84, 0.01, 0.9, 0.43, 0.68, 0.23, 0.34, 0.09, 0.68, 0.79, 0.09, 0.68, 0.68, 0.01, 0.08233333333333333, 0.3323333333333333, 0.1101111111111111, 0.93, 0.34, 0.01, 0.68, 0.08233333333333333, 0.3323333333333333, 0.1101111111111111, 0.26, 0.34, 0.57, 0.51, 0.68, 0.01, 0.23, 0.76, 0.34, 0.45]",[961484.0],0.8863450606664022
160,"[0.08233333333333333, 0.3323333333333333, 0.1101111111111111, 0.08233333333333333, 0.3323333333333333, 0.1101111111111111, 0.3323333333333333, 0.08233333333333333, 0.3323333333333333, 0.1101111111111111, 0.08233333333333333, 0.3323333333333333, 0.1101111111111111, 0.499, 0.18, 0.34, 0.9, 0.76, 0.68, 0.34, 0.34, 0.08233333333333333, 0.3323333333333333, 0.1101111111111111, 0.84, 0.01, 0.79, 0.01, 0.84, 0.34, 0.23, 0.26, 0.01, 0.9, 0.34, 0.08233333333333333, 0.3323333333333333, 0.1101111111111111, 0.09, 0.34, 0.12, 0.01, 0.26, 0.34, 0.79, 0.93, 0.01, 0.12, 0.34, 0.08233333333333333, 0.3323333333333333, 0.1101111111111111, 0.93, 0.68, 0.12, 0.01, 0.43, 0.01, 0.23, 0.51, 0.68, 0.01]",[6267037.0],0.6236727590362231
161,"[0.08233333333333333, 0.3323333333333333, 0.1101111111111111, 0.26, 0.68, 0.68, 0.34, 0.08233333333333333, 0.3323333333333333, 0.1101111111111111, 0.26, 0.68, 0.34, 0.51, 0.34, 0.68, 0.45, 0.34, 0.01, 0.9, 0.34, 0.08233333333333333, 0.3323333333333333, 0.1101111111111111, 0.34, 0.68, 0.12, 0.01, 0.08233333333333333, 0.3323333333333333, 0.1101111111111111, 0.84, 0.34, 0.9, 0.68, 0.08233333333333333, 0.3323333333333333, 0.1101111111111111, 0.84, 0.01, 0.9, 0.51, 0.34, 0.34, 0.57, 0.59, 0.68, 0.01, 0.34, 0.68, 0.34, 0.34, 0.51, 0.01, 0.57, 0.51, 0.59, 0.34, 0.9, 0.51, 0.01, 0.9]",[1653901.0],0.9372857496142388
162,"[0.08233333333333333, 0.3323333333333333, 0.1101111111111111, 0.08233333333333333, 0.3323333333333333, 0.1101111111111111, 0.3323333333333333, 0.08233333333333333, 0.3323333333333333, 0.1101111111111111, 0.08233333333333333, 0.3323333333333333, 0.1101111111111111, 0.499, 0.08233333333333333, 0.3323333333333333, 0.1101111111111111, 0.08233333333333333, 0.3323333333333333, 0.1101111111111111, 0.3323333333333333, 0.08233333333333333, 0.3323333333333333, 0.1101111111111111, 0.08233333333333333, 0.3323333333333333, 0.1101111111111111, 0.499, 0.08233333333333333, 0.3323333333333333, 0.1101111111111111, 0.59, 0.68, 0.79, 0.68, 0.08233333333333333, 0.3323333333333333, 0.1101111111111111, 0.18, 0.01, 0.9, 0.01, 0.08233333333333333, 0.3323333333333333, 0.1101111111111111, 0.84, 0.34, 0.23, 0.34, 0.08233333333333333, 0.3323333333333333, 0.1101111111111111, 0.26, 0.01, 0.79, 0.51, 0.08233333333333333, 0.3323333333333333, 0.1101111111111111, 0.43, 0.01, 0.79]",[312377.0],0.8409677654504776
163,"[0.08233333333333333, 0.3323333333333333, 0.1101111111111111, 0.08233333333333333, 0.3323333333333333, 0.1101111111111111, 0.3323333333333333, 0.08233333333333333, 0.3323333333333333, 0.1101111111111111, 0.08233333333333333, 0.3323333333333333, 0.1101111111111111, 0.499, 0.08233333333333333, 0.3323333333333333, 0.1101111111111111, 0.08233333333333333, 0.3323333333333333, 0.1101111111111111, 0.3323333333333333, 0.08233333333333333, 0.3323333333333333, 0.1101111111111111, 0.08233333333333333, 0.3323333333333333, 0.1101111111111111, 0.499, 0.08233333333333333, 0.3323333333333333, 0.1101111111111111, 0.59, 0.68, 0.79, 0.68, 0.08233333333333333, 0.3323333333333333, 0.1101111111111111, 0.09, 0.68, 0.45, 0.01, 0.84, 0.01, 0.34, 0.09, 0.01, 0.45, 0.68, 0.93, 0.34, 0.68, 0.93, 0.34, 0.68, 0.01, 0.08233333333333333, 0.3323333333333333, 0.1101111111111111, 0.84, 0.01, 0.34]",[19473800.0],0.7825271412730217
164,"[0.08233333333333333, 0.3323333333333333, 0.1101111111111111, 0.08233333333333333, 0.3323333333333333, 0.1101111111111111, 0.3323333333333333, 0.08233333333333333, 0.3323333333333333, 0.1101111111111111, 0.08233333333333333, 0.3323333333333333, 0.1101111111111111, 0.499, 0.08233333333333333, 0.3323333333333333, 0.1101111111111111, 0.26, 0.01, 0.9, 0.34, 0.26, 0.68, 0.45, 0.59, 0.34, 0.68, 0.01, 0.08233333333333333, 0.3323333333333333, 0.1101111111111111, 0.93, 0.34, 0.68, 0.34, 0.08233333333333333, 0.3323333333333333, 0.1101111111111111, 0.18, 0.34, 0.34, 0.51, 0.08233333333333333, 0.3323333333333333, 0.1101111111111111, 0.26, 0.68, 0.79, 0.68, 0.18, 0.01, 0.9, 0.43, 0.34, 0.23, 0.01, 0.26, 0.34, 0.23, 0.51, 0.68, 0.45]",[172251.0],0.9132895226279896
165,"[0.08233333333333333, 0.3323333333333333, 0.1101111111111111, 0.08233333333333333, 0.3323333333333333, 0.1101111111111111, 0.3323333333333333, 0.08233333333333333, 0.3323333333333333, 0.1101111111111111, 0.08233333333333333, 0.3323333333333333, 0.1101111111111111, 0.499, 0.68, 0.34, 0.57, 0.51, 0.01, 0.01, 0.68, 0.08233333333333333, 0.3323333333333333, 0.1101111111111111, 0.59, 0.01, 0.23, 0.01, 0.76, 0.01, 0.01, 0.76, 0.34, 0.12, 0.68, 0.08233333333333333, 0.3323333333333333, 0.1101111111111111, 0.43, 0.34, 0.79, 0.51, 0.76, 0.01, 0.34, 0.93, 0.34, 0.45, 0.34, 0.68, 0.01, 0.45, 0.09, 0.01, 0.79, 0.51, 0.93, 0.68, 0.45, 0.09, 0.01, 0.79]",[29425857.0],0.9370841647187867
166,"[0.51, 0.68, 0.68, 0.43, 0.01, 0.79, 0.68, 0.09, 0.01, 0.9, 0.93, 0.34, 0.9, 0.01, 0.93, 0.68, 0.57, 0.26, 0.01, 0.45, 0.34, 0.08233333333333333, 0.3323333333333333, 0.1101111111111111, 0.26, 0.01, 0.57, 0.01, 0.08233333333333333, 0.3323333333333333, 0.1101111111111111, 0.43, 0.68, 0.01, 0.68, 0.34, 0.34, 0.23, 0.93, 0.01, 0.34, 0.51, 0.09, 0.68, 0.01, 0.34, 0.01, 0.57, 0.34, 0.08233333333333333, 0.3323333333333333, 0.1101111111111111, 0.76, 0.34, 0.68, 0.01, 0.08233333333333333, 0.3323333333333333, 0.1101111111111111, 0.93, 0.01, 0.68]",[11354255.0],0.3216944888234138
167,"[0.76, 0.01, 0.9, 0.26, 0.34, 0.34, 0.68, 0.08233333333333333, 0.3323333333333333, 0.1101111111111111, 0.51, 0.68, 0.12, 0.51, 0.08233333333333333, 0.3323333333333333, 0.1101111111111111, 0.93, 0.34, 0.34, 0.68, 0.08233333333333333, 0.3323333333333333, 0.1101111111111111, 0.09, 0.34, 0.01, 0.51, 0.08233333333333333, 0.3323333333333333, 0.1101111111111111, 0.43, 0.01, 0.12, 0.34, 0.08233333333333333, 0.3323333333333333, 0.1101111111111111, 0.76, 0.34, 0.68, 0.51, 0.08233333333333333, 0.3323333333333333, 0.1101111111111111, 0.51, 0.68, 0.45, 0.34, 0.08233333333333333, 0.3323333333333333, 0.1101111111111111, 0.51, 0.01, 0.79, 0.01, 0.34, 0.01, 0.9, 0.34, 0.01, 0.01]",[303277.0],0.9164361049731572
168,"[0.08233333333333333, 0.3323333333333333, 0.1101111111111111, 0.08233333333333333, 0.3323333333333333, 0.1101111111111111, 0.3323333333333333, 0.08233333333333333, 0.3323333333333333, 0.1101111111111111, 0.08233333333333333, 0.3323333333333333, 0.1101111111111111, 0.499, 0.51, 0.34, 0.9, 0.51, 0.01, 0.34, 0.34, 0.08233333333333333, 0.3323333333333333, 0.1101111111111111, 0.43, 0.68, 0.34, 0.51, 0.08233333333333333, 0.3323333333333333, 0.1101111111111111, 0.59, 0.34, 0.34, 0.34, 0.08233333333333333, 0.3323333333333333, 0.1101111111111111, 0.68, 0.68, 0.45, 0.01, 0.08233333333333333, 0.3323333333333333, 0.1101111111111111, 0.34, 0.34, 0.9, 0.68, 0.08233333333333333, 0.3323333333333333, 0.1101111111111111, 0.68, 0.68, 0.12, 0.01, 0.08233333333333333, 0.3323333333333333, 0.1101111111111111, 0.84, 0.34, 0.34]",[3298553.0],0.9437194883823394
169,"[0.08233333333333333, 0.3323333333333333, 0.1101111111111111, 0.08233333333333333, 0.3323333333333333, 0.1101111111111111, 0.3323333333333333, 0.08233333333333333, 0.3323333333333333, 0.1101111111111111, 0.08233333333333333, 0.3323333333333333, 0.1101111111111111, 0.499, 0.08233333333333333, 0.3323333333333333, 0.1101111111111111, 0.08233333333333333, 0.3323333333333333, 0.1101111111111111, 0.3323333333333333, 0.08233333333333333, 0.3323333333333333, 0.1101111111111111, 0.08233333333333333, 0.3323333333333333, 0.1101111111111111, 0.499, 0.08233333333333333, 0.3323333333333333, 0.1101111111111111, 0.68, 0.68, 0.34, 0.34, 0.59, 0.68, 0.01, 0.18, 0.01, 0.23, 0.51, 0.08233333333333333, 0.3323333333333333, 0.1101111111111111, 0.26, 0.01, 0.01, 0.68, 0.26, 0.34, 0.79, 0.26, 0.68, 0.9, 0.51, 0.76, 0.34, 0.01, 0.09, 0.68, 0.68]",[235867.0],0.8600311895211538
170,"[0.08233333333333333, 0.3323333333333333, 0.1101111111111111, 0.08233333333333333, 0.3323333333333333, 0.1101111111111111, 0.3323333333333333, 0.08233333333333333, 0.3323333333333333, 0.1101111111111111, 0.08233333333333333, 0.3323333333333333, 0.1101111111111111, 0.499, 0.08233333333333333, 0.3323333333333333, 0.1101111111111111, 0.08233333333333333, 0.3323333333333333, 0.1101111111111111, 0.3323333333333333, 0.08233333333333333, 0.3323333333333333, 0.1101111111111111, 0.08233333333333333, 0.3323333333333333, 0.1101111111111111, 0.499, 0.08233333333333333, 0.3323333333333333, 0.1101111111111111, 0.68, 0.34, 0.12, 0.34, 0.08233333333333333, 0.3323333333333333, 0.1101111111111111, 0.76, 0.34, 0.01, 0.01, 0.08233333333333333, 0.3323333333333333, 0.1101111111111111, 0.76, 0.01, 0.9, 0.68, 0.59, 0.01, 0.57, 0.51, 0.01, 0.9, 0.01, 0.68, 0.68, 0.34, 0.76, 0.68, 0.57]",[2036929.0],0.9344274153312048
171,"[0.09, 0.34, 0.12, 0.26, 0.68, 0.45, 0.68, 0.08233333333333333, 0.3323333333333333, 0.1101111111111111, 0.09, 0.68, 0.34, 0.01, 0.08233333333333333, 0.3323333333333333, 0.1101111111111111, 0.26, 0.34, 0.68, 0.68, 0.08233333333333333, 0.3323333333333333, 0.1101111111111111, 0.43, 0.68, 0.12, 0.01, 0.08233333333333333, 0.3323333333333333, 0.1101111111111111, 0.09, 0.68, 0.57, 0.34, 0.51, 0.68, 0.12, 0.43, 0.34, 0.68, 0.01, 0.08233333333333333, 0.3323333333333333, 0.1101111111111111, 0.18, 0.01, 0.79, 0.68, 0.26, 0.68, 0.23, 0.84, 0.68, 0.57, 0.51, 0.08233333333333333, 0.3323333333333333, 0.1101111111111111, 0.84, 0.01, 0.79]",[2078434.0],0.842073555290699
172,"[0.08233333333333333, 0.3323333333333333, 0.1101111111111111, 0.08233333333333333, 0.3323333333333333, 0.1101111111111111, 0.3323333333333333, 0.08233333333333333, 0.3323333333333333, 0.1101111111111111, 0.08233333333333333, 0.3323333333333333, 0.1101111111111111, 0.499, 0.08233333333333333, 0.3323333333333333, 0.1101111111111111, 0.08233333333333333, 0.3323333333333333, 0.1101111111111111, 0.3323333333333333, 0.08233333333333333, 0.3323333333333333, 0.1101111111111111, 0.08233333333333333, 0.3323333333333333, 0.1101111111111111, 0.499, 0.08233333333333333, 0.3323333333333333, 0.1101111111111111, 0.18, 0.68, 0.45, 0.34, 0.08233333333333333, 0.3323333333333333, 0.1101111111111111, 0.51, 0.34, 0.9, 0.01, 0.08233333333333333, 0.3323333333333333, 0.1101111111111111, 0.51, 0.34, 0.01, 0.68, 0.08233333333333333, 0.3323333333333333, 0.1101111111111111, 0.09, 0.34, 0.79, 0.01, 0.09, 0.01, 0.45, 0.51, 0.01, 0.68]",[5832.0],0.3176976606249809
173,"[0.08233333333333333, 0.3323333333333333, 0.1101111111111111, 0.08233333333333333, 0.3323333333333333, 0.1101111111111111, 0.3323333333333333, 0.08233333333333333, 0.3323333333333333, 0.1101111111111111, 0.08233333333333333, 0.3323333333333333, 0.1101111111111111, 0.499, 0.08233333333333333, 0.3323333333333333, 0.1101111111111111, 0.08233333333333333, 0.3323333333333333, 0.1101111111111111, 0.3323333333333333, 0.08233333333333333, 0.3323333333333333, 0.1101111111111111, 0.08233333333333333, 0.3323333333333333, 0.1101111111111111, 0.499, 0.18, 0.68, 0.45, 0.09, 0.68, 0.23, 0.68, 0.08233333333333333, 0.3323333333333333, 0.1101111111111111, 0.68, 0.68, 0.45, 0.51, 0.51, 0.68, 0.23, 0.93, 0.68, 0.79, 0.34, 0.08233333333333333, 0.3323333333333333, 0.1101111111111111, 0.09, 0.68, 0.57, 0.01, 0.08233333333333333, 0.3323333333333333, 0.1101111111111111, 0.59, 0.34, 0.23]",[1438362.0],0.90637918561697
174,"[0.08233333333333333, 0.3323333333333333, 0.1101111111111111, 0.08233333333333333, 0.3323333333333333, 0.1101111111111111, 0.3323333333333333, 0.08233333333333333, 0.3323333333333333, 0.1101111111111111, 0.08233333333333333, 0.3323333333333333, 0.1101111111111111, 0.499, 0.51, 0.68, 0.23, 0.51, 0.68, 0.9, 0.68, 0.18, 0.01, 0.68, 0.18, 0.34, 0.12, 0.51, 0.08233333333333333, 0.3323333333333333, 0.1101111111111111, 0.51, 0.34, 0.23, 0.68, 0.09, 0.34, 0.45, 0.09, 0.68, 0.23, 0.01, 0.08233333333333333, 0.3323333333333333, 0.1101111111111111, 0.26, 0.01, 0.79, 0.68, 0.08233333333333333, 0.3323333333333333, 0.1101111111111111, 0.93, 0.68, 0.34, 0.51, 0.08233333333333333, 0.3323333333333333, 0.1101111111111111, 0.93, 0.01, 0.34]",[19559845.0],0.9154401997725168
175,"[0.08233333333333333, 0.3323333333333333, 0.1101111111111111, 0.08233333333333333, 0.3323333333333333, 0.1101111111111111, 0.3323333333333333, 0.08233333333333333, 0.3323333333333333, 0.1101111111111111, 0.08233333333333333, 0.3323333333333333, 0.1101111111111111, 0.499, 0.18, 0.68, 0.79, 0.51, 0.34, 0.45, 0.68, 0.08233333333333333, 0.3323333333333333, 0.1101111111111111, 0.76, 0.34, 0.23, 0.01, 0.08233333333333333, 0.3323333333333333, 0.1101111111111111, 0.34, 0.34, 0.23, 0.34, 0.08233333333333333, 0.3323333333333333, 0.1101111111111111, 0.76, 0.68, 0.34, 0.51, 0.08233333333333333, 0.3323333333333333, 0.1101111111111111, 0.68, 0.34, 0.68, 0.68, 0.08233333333333333, 0.3323333333333333, 0.1101111111111111, 0.84, 0.01, 0.12, 0.01, 0.51, 0.34, 0.12, 0.68, 0.34, 0.68]",[3287861.0],0.9311596314112346
176,"[0.08233333333333333, 0.3323333333333333, 0.1101111111111111, 0.08233333333333333, 0.3323333333333333, 0.1101111111111111, 0.3323333333333333, 0.08233333333333333, 0.3323333333333333, 0.1101111111111111, 0.08233333333333333, 0.3323333333333333, 0.1101111111111111, 0.499, 0.08233333333333333, 0.3323333333333333, 0.1101111111111111, 0.08233333333333333, 0.3323333333333333, 0.1101111111111111, 0.3323333333333333, 0.08233333333333333, 0.3323333333333333, 0.1101111111111111, 0.08233333333333333, 0.3323333333333333, 0.1101111111111111, 0.499, 0.08233333333333333, 0.3323333333333333, 0.1101111111111111, 0.43, 0.68, 0.45, 0.34, 0.08233333333333333, 0.3323333333333333, 0.1101111111111111, 0.34, 0.01, 0.9, 0.01, 0.93, 0.34, 0.45, 0.26, 0.68, 0.68, 0.68, 0.34, 0.68, 0.23, 0.26, 0.68, 0.9, 0.51, 0.08233333333333333, 0.3323333333333333, 0.1101111111111111, 0.68, 0.68, 0.45]",[314773.0],0.8873267963528633
177,"[0.08233333333333333, 0.3323333333333333, 0.1101111111111111, 0.08233333333333333, 0.3323333333333333, 0.1101111111111111, 0.3323333333333333, 0.08233333333333333, 0.3323333333333333, 0.1101111111111111, 0.08233333333333333, 0.3323333333333333, 0.1101111111111111, 0.499, 0.08233333333333333, 0.3323333333333333, 0.1101111111111111, 0.08233333333333333, 0.3323333333333333, 0.1101111111111111, 0.3323333333333333, 0.08233333333333333, 0.3323333333333333, 0.1101111111111111, 0.08233333333333333, 0.3323333333333333, 0.1101111111111111, 0.499, 0.51, 0.34, 0.01, 0.34, 0.01, 0.45, 0.34, 0.08233333333333333, 0.3323333333333333, 0.1101111111111111, 0.84, 0.68, 0.34, 0.51, 0.68, 0.34, 0.01, 0.59, 0.34, 0.57, 0.68, 0.84, 0.68, 0.01, 0.51, 0.01, 0.23, 0.51, 0.84, 0.68, 0.9, 0.59, 0.34, 0.12]",[2766953.0],0.9459717517097792
178,"[0.08233333333333333, 0.3323333333333333, 0.1101111111111111, 0.08233333333333333, 0.3323333333333333, 0.1101111111111111, 0.3323333333333333, 0.08233333333333333, 0.3323333333333333, 0.1101111111111111, 0.08233333333333333, 0.3323333333333333, 0.1101111111111111, 0.499, 0.08233333333333333, 0.3323333333333333, 0.1101111111111111, 0.08233333333333333, 0.3323333333333333, 0.1101111111111111, 0.3323333333333333, 0.08233333333333333, 0.3323333333333333, 0.1101111111111111, 0.08233333333333333, 0.3323333333333333, 0.1101111111111111, 0.499, 0.76, 0.34, 0.57, 0.26, 0.34, 0.23, 0.68, 0.51, 0.34, 0.79, 0.84, 0.68, 0.68, 0.01, 0.08233333333333333, 0.3323333333333333, 0.1101111111111111, 0.84, 0.68, 0.01, 0.34, 0.34, 0.34, 0.34, 0.93, 0.34, 0.68, 0.51, 0.34, 0.34, 0.79, 0.18, 0.01, 0.34]",[5122308.0],0.9089568217595418
179,"[0.08233333333333333, 0.3323333333333333, 0.1101111111111111, 0.08233333333333333, 0.3323333333333333, 0.1101111111111111, 0.3323333333333333, 0.08233333333333333, 0.3323333333333333, 0.1101111111111111, 0.08233333333333333, 0.3323333333333333, 0.1101111111111111, 0.499, 0.08233333333333333, 0.3323333333333333, 0.1101111111111111, 0.34, 0.34, 0.45, 0.68, 0.09, 0.34, 0.23, 0.68, 0.34, 0.34, 0.51, 0.09, 0.01, 0.57, 0.34, 0.01, 0.68, 0.68, 0.08233333333333333, 0.3323333333333333, 0.1101111111111111, 0.09, 0.01, 0.68, 0.51, 0.26, 0.34, 0.79, 0.84, 0.34, 0.12, 0.68, 0.08233333333333333, 0.3323333333333333, 0.1101111111111111, 0.84, 0.34, 0.34, 0.01, 0.43, 0.68, 0.12, 0.68, 0.01, 0.9]",[1411420.0],0.8988381927212079
180,"[0.08233333333333333, 0.3323333333333333, 0.1101111111111111, 0.08233333333333333, 0.3323333333333333, 0.1101111111111111, 0.3323333333333333, 0.08233333333333333, 0.3323333333333333, 0.1101111111111111, 0.08233333333333333, 0.3323333333333333, 0.1101111111111111, 0.499, 0.08233333333333333, 0.3323333333333333, 0.1101111111111111, 0.08233333333333333, 0.3323333333333333, 0.1101111111111111, 0.3323333333333333, 0.08233333333333333, 0.3323333333333333, 0.1101111111111111, 0.08233333333333333, 0.3323333333333333, 0.1101111111111111, 0.499, 0.08233333333333333, 0.3323333333333333, 0.1101111111111111, 0.34, 0.68, 0.01, 0.68, 0.08233333333333333, 0.3323333333333333, 0.1101111111111111, 0.68, 0.68, 0.23, 0.51, 0.08233333333333333, 0.3323333333333333, 0.1101111111111111, 0.34, 0.01, 0.45, 0.68, 0.08233333333333333, 0.3323333333333333, 0.1101111111111111, 0.18, 0.01, 0.79, 0.01, 0.08233333333333333, 0.3323333333333333, 0.1101111111111111, 0.68, 0.68, 0.23]",[121944.0],0.8410683373610178
181,"[0.08233333333333333, 0.3323333333333333, 0.1101111111111111, 0.08233333333333333, 0.3323333333333333, 0.1101111111111111, 0.3323333333333333, 0.08233333333333333, 0.3323333333333333, 0.1101111111111111, 0.08233333333333333, 0.3323333333333333, 0.1101111111111111, 0.499, 0.43, 0.01, 0.79, 0.93, 0.68, 0.79, 0.68, 0.34, 0.34, 0.9, 0.34, 0.34, 0.57, 0.01, 0.76, 0.01, 0.68, 0.93, 0.01, 0.34, 0.34, 0.84, 0.68, 0.9, 0.51, 0.68, 0.12, 0.51, 0.43, 0.34, 0.01, 0.34, 0.68, 0.12, 0.34, 0.51, 0.01, 0.34, 0.59, 0.68, 0.23, 0.01, 0.84, 0.01, 0.12, 0.51, 0.01, 0.57]",[15113697.0],0.9457756265997886
182,"[0.08233333333333333, 0.3323333333333333, 0.1101111111111111, 0.08233333333333333, 0.3323333333333333, 0.1101111111111111, 0.3323333333333333, 0.08233333333333333, 0.3323333333333333, 0.1101111111111111, 0.08233333333333333, 0.3323333333333333, 0.1101111111111111, 0.499, 0.09, 0.34, 0.23, 0.26, 0.34, 0.12, 0.68, 0.84, 0.01, 0.34, 0.68, 0.01, 0.23, 0.51, 0.08233333333333333, 0.3323333333333333, 0.1101111111111111, 0.26, 0.68, 0.45, 0.68, 0.84, 0.01, 0.68, 0.26, 0.68, 0.9, 0.51, 0.08233333333333333, 0.3323333333333333, 0.1101111111111111, 0.09, 0.34, 0.79, 0.68, 0.76, 0.34, 0.68, 0.34, 0.01, 0.68, 0.01, 0.26, 0.01, 0.79, 0.84, 0.01, 0.34]",[2363372.0],0.8294784833987554
183,"[0.08233333333333333, 0.3323333333333333, 0.1101111111111111, 0.08233333333333333, 0.3323333333333333, 0.1101111111111111, 0.3323333333333333, 0.08233333333333333, 0.3323333333333333, 0.1101111111111111, 0.08233333333333333, 0.3323333333333333, 0.1101111111111111, 0.499, 0.08233333333333333, 0.3323333333333333, 0.1101111111111111, 0.08233333333333333, 0.3323333333333333, 0.1101111111111111, 0.3323333333333333, 0.08233333333333333, 0.3323333333333333, 0.1101111111111111, 0.08233333333333333, 0.3323333333333333, 0.1101111111111111, 0.499, 0.43, 0.01, 0.79, 0.68, 0.68, 0.34, 0.34, 0.08233333333333333, 0.3323333333333333, 0.1101111111111111, 0.76, 0.34, 0.9, 0.01, 0.09, 0.68, 0.23, 0.26, 0.01, 0.68, 0.34, 0.09, 0.34, 0.68, 0.76, 0.68, 0.23, 0.01, 0.08233333333333333, 0.3323333333333333, 0.1101111111111111, 0.93, 0.34, 0.9]",[5159799.0],0.3194756676753362
184,"[0.08233333333333333, 0.3323333333333333, 0.1101111111111111, 0.93, 0.34, 0.68, 0.68, 0.26, 0.01, 0.01, 0.34, 0.34, 0.9, 0.51, 0.93, 0.68, 0.79, 0.26, 0.68, 0.45, 0.68, 0.08233333333333333, 0.3323333333333333, 0.1101111111111111, 0.93, 0.34, 0.68, 0.51, 0.34, 0.34, 0.68, 0.68, 0.34, 0.34, 0.68, 0.26, 0.01, 0.45, 0.34, 0.68, 0.9, 0.51, 0.34, 0.34, 0.57, 0.43, 0.68, 0.34, 0.68, 0.08233333333333333, 0.3323333333333333, 0.1101111111111111, 0.93, 0.34, 0.9, 0.51, 0.26, 0.01, 0.9, 0.09, 0.68, 0.68]",[30815065.0],0.8957842528820038
185,"[0.08233333333333333, 0.3323333333333333, 0.1101111111111111, 0.26, 0.68, 0.45, 0.34, 0.93, 0.34, 0.68, 0.34, 0.68, 0.23, 0.01, 0.08233333333333333, 0.3323333333333333, 0.1101111111111111, 0.68, 0.34, 0.68, 0.34, 0.34, 0.34, 0.9, 0.51, 0.34, 0.34, 0.51, 0.08233333333333333, 0.3323333333333333, 0.1101111111111111, 0.34, 0.01, 0.79, 0.34, 0.08233333333333333, 0.3323333333333333, 0.1101111111111111, 0.18, 0.34, 0.34, 0.01, 0.34, 0.68, 0.01, 0.51, 0.34, 0.57, 0.68, 0.84, 0.01, 0.9, 0.34, 0.68, 0.57, 0.01, 0.08233333333333333, 0.3323333333333333, 0.1101111111111111, 0.34, 0.34, 0.34]",[640104.0],0.9351080308357874
186,"[0.08233333333333333, 0.3323333333333333, 0.1101111111111111, 0.08233333333333333, 0.3323333333333333, 0.1101111111111111, 0.3323333333333333, 0.08233333333333333, 0.3323333333333333, 0.1101111111111111, 0.08233333333333333, 0.3323333333333333, 0.1101111111111111, 0.499, 0.08233333333333333, 0.3323333333333333, 0.1101111111111111, 0.08233333333333333, 0.3323333333333333, 0.1101111111111111, 0.3323333333333333, 0.08233333333333333, 0.3323333333333333, 0.1101111111111111, 0.08233333333333333, 0.3323333333333333, 0.1101111111111111, 0.499, 0.51, 0.01, 0.79, 0.43, 0.68, 0.23, 0.34, 0.26, 0.01, 0.12, 0.51, 0.34, 0.23, 0.01, 0.08233333333333333, 0.3323333333333333, 0.1101111111111111, 0.93, 0.34, 0.9, 0.34, 0.26, 0.01, 0.68, 0.51, 0.68, 0.79, 0.51, 0.34, 0.34, 0.9, 0.84, 0.01, 0.01]",[781473.0],0.9187563846508662
187,"[0.59, 0.68, 0.79, 0.18, 0.34, 0.57, 0.68, 0.68, 0.01, 0.57, 0.68, 0.01, 0.23, 0.51, 0.08233333333333333, 0.3323333333333333, 0.1101111111111111, 0.18, 0.34, 0.9, 0.68, 0.34, 0.01, 0.01, 0.43, 0.01, 0.79, 0.01, 0.34, 0.68, 0.12, 0.68, 0.34, 0.9, 0.68, 0.08233333333333333, 0.3323333333333333, 0.1101111111111111, 0.93, 0.68, 0.79, 0.51, 0.93, 0.01, 0.79, 0.51, 0.68, 0.9, 0.68, 0.08233333333333333, 0.3323333333333333, 0.1101111111111111, 0.43, 0.01, 0.23, 0.01, 0.08233333333333333, 0.3323333333333333, 0.1101111111111111, 0.34, 0.01, 0.01]",[8678369.0],0.916619262099266
188,"[0.08233333333333333, 0.3323333333333333, 0.1101111111111111, 0.08233333333333333, 0.3323333333333333, 0.1101111111111111, 0.3323333333333333, 0.08233333333333333, 0.3323333333333333, 0.1101111111111111, 0.08233333333333333, 0.3323333333333333, 0.1101111111111111, 0.499, 0.08233333333333333, 0.3323333333333333, 0.1101111111111111, 0.51, 0.68, 0.12, 0.34, 0.08233333333333333, 0.3323333333333333, 0.1101111111111111, 0.59, 0.34, 0.68, 0.51, 0.08233333333333333, 0.3323333333333333, 0.1101111111111111, 0.51, 0.34, 0.12, 0.34, 0.08233333333333333, 0.3323333333333333, 0.1101111111111111, 0.34, 0.34, 0.9, 0.01, 0.08233333333333333, 0.3323333333333333, 0.1101111111111111, 0.09, 0.34, 0.01, 0.34, 0.08233333333333333, 0.3323333333333333, 0.1101111111111111, 0.09, 0.68, 0.68, 0.51, 0.08233333333333333, 0.3323333333333333, 0.1101111111111111, 0.84, 0.68, 0.79]",[578633.0],0.912893712023894
189,"[0.08233333333333333, 0.3323333333333333, 0.1101111111111111, 0.51, 0.34, 0.12, 0.34, 0.08233333333333333, 0.3323333333333333, 0.1101111111111111, 0.59, 0.68, 0.9, 0.01, 0.08233333333333333, 0.3323333333333333, 0.1101111111111111, 0.51, 0.34, 0.23, 0.34, 0.18, 0.01, 0.9, 0.51, 0.68, 0.79, 0.01, 0.26, 0.68, 0.79, 0.93, 0.34, 0.9, 0.68, 0.18, 0.01, 0.12, 0.51, 0.68, 0.9, 0.01, 0.43, 0.68, 0.57, 0.18, 0.68, 0.68, 0.34, 0.84, 0.34, 0.79, 0.43, 0.68, 0.57, 0.51, 0.18, 0.01, 0.12, 0.51, 0.34, 0.12]",[820201.0],0.8957608277599017
190,"[0.08233333333333333, 0.3323333333333333, 0.1101111111111111, 0.08233333333333333, 0.3323333333333333, 0.1101111111111111, 0.3323333333333333, 0.08233333333333333, 0.3323333333333333, 0.1101111111111111, 0.08233333333333333, 0.3323333333333333, 0.1101111111111111, 0.499, 0.68, 0.34, 0.01, 0.76, 0.34, 0.01, 0.68, 0.84, 0.34, 0.23, 0.68, 0.01, 0.79, 0.01, 0.51, 0.01, 0.68, 0.84, 0.34, 0.23, 0.34, 0.68, 0.68, 0.68, 0.26, 0.01, 0.9, 0.51, 0.08233333333333333, 0.3323333333333333, 0.1101111111111111, 0.76, 0.68, 0.45, 0.34, 0.08233333333333333, 0.3323333333333333, 0.1101111111111111, 0.09, 0.01, 0.9, 0.51, 0.08233333333333333, 0.3323333333333333, 0.1101111111111111, 0.18, 0.01, 0.57]",[5463753.0],0.887871864438057
191,"[0.08233333333333333, 0.3323333333333333, 0.1101111111111111, 0.08233333333333333, 0.3323333333333333, 0.1101111111111111, 0.3323333333333333, 0.08233333333333333, 0.3323333333333333, 0.1101111111111111, 0.08233333333333333, 0.3323333333333333, 0.1101111111111111, 0.499, 0.08233333333333333, 0.3323333333333333, 0.1101111111111111, 0.18, 0.34, 0.01, 0.34, 0.08233333333333333, 0.3323333333333333, 0.1101111111111111, 0.59, 0.68, 0.68, 0.51, 0.18, 0.34, 0.01, 0.84, 0.68, 0.68, 0.34, 0.08233333333333333, 0.3323333333333333, 0.1101111111111111, 0.93, 0.01, 0.23, 0.01, 0.08233333333333333, 0.3323333333333333, 0.1101111111111111, 0.26, 0.68, 0.01, 0.34, 0.18, 0.01, 0.34, 0.84, 0.01, 0.68, 0.01, 0.59, 0.34, 0.79, 0.09, 0.01, 0.57]",[4580355.0],0.8910156905651092
192,"[0.68, 0.68, 0.01, 0.26, 0.01, 0.01, 0.68, 0.18, 0.01, 0.12, 0.93, 0.68, 0.68, 0.51, 0.08233333333333333, 0.3323333333333333, 0.1101111111111111, 0.43, 0.01, 0.79, 0.68, 0.26, 0.68, 0.68, 0.34, 0.68, 0.45, 0.51, 0.26, 0.34, 0.12, 0.76, 0.34, 0.23, 0.34, 0.18, 0.68, 0.23, 0.18, 0.34, 0.9, 0.01, 0.51, 0.68, 0.23, 0.93, 0.68, 0.12, 0.34, 0.08233333333333333, 0.3323333333333333, 0.1101111111111111, 0.51, 0.68, 0.57, 0.51, 0.08233333333333333, 0.3323333333333333, 0.1101111111111111, 0.43, 0.01, 0.57]",[1954780.0],0.9429954156279564
193,"[0.93, 0.68, 0.12, 0.59, 0.68, 0.9, 0.68, 0.18, 0.68, 0.45, 0.34, 0.34, 0.45, 0.51, 0.08233333333333333, 0.3323333333333333, 0.1101111111111111, 0.26, 0.68, 0.34, 0.34, 0.18, 0.68, 0.57, 0.18, 0.34, 0.12, 0.01, 0.08233333333333333, 0.3323333333333333, 0.1101111111111111, 0.43, 0.01, 0.9, 0.34, 0.08233333333333333, 0.3323333333333333, 0.1101111111111111, 0.09, 0.34, 0.57, 0.51, 0.08233333333333333, 0.3323333333333333, 0.1101111111111111, 0.18, 0.01, 0.23, 0.68, 0.18, 0.34, 0.34, 0.84, 0.68, 0.01, 0.01, 0.09, 0.01, 0.68, 0.26, 0.68, 0.68]",[2282965.0],0.9295647611220678
194,"[0.08233333333333333, 0.3323333333333333, 0.1101111111111111, 0.08233333333333333, 0.3323333333333333, 0.1101111111111111, 0.3323333333333333, 0.08233333333333333, 0.3323333333333333, 0.1101111111111111, 0.08233333333333333, 0.3323333333333333, 0.1101111111111111, 0.499, 0.08233333333333333, 0.3323333333333333, 0.1101111111111111, 0.08233333333333333, 0.3323333333333333, 0.1101111111111111, 0.3323333333333333, 0.08233333333333333, 0.3323333333333333, 0.1101111111111111, 0.08233333333333333, 0.3323333333333333, 0.1101111111111111, 0.499, 0.26, 0.68, 0.57, 0.34, 0.68, 0.57, 0.34, 0.34, 0.68, 0.68, 0.93, 0.01, 0.12, 0.51, 0.08233333333333333, 0.3323333333333333, 0.1101111111111111, 0.34, 0.68, 0.79, 0.34, 0.08233333333333333, 0.3323333333333333, 0.1101111111111111, 0.93, 0.68, 0.34, 0.51, 0.08233333333333333, 0.3323333333333333, 0.1101111111111111, 0.18, 0.68, 0.45]",[2450624.0],0.9008634929855664
195,"[0.08233333333333333, 0.3323333333333333, 0.1101111111111111, 0.08233333333333333, 0.3323333333333333, 0.1101111111111111, 0.3323333333333333, 0.08233333333333333, 0.3323333333333333, 0.1101111111111111, 0.08233333333333333, 0.3323333333333333, 0.1101111111111111, 0.499, 0.18, 0.01, 0.9, 0.76, 0.34, 0.12, 0.34, 0.51, 0.68, 0.34, 0.18, 0.01, 0.79, 0.01, 0.08233333333333333, 0.3323333333333333, 0.1101111111111111, 0.34, 0.34, 0.23, 0.34, 0.18, 0.34, 0.57, 0.84, 0.01, 0.68, 0.01, 0.08233333333333333, 0.3323333333333333, 0.1101111111111111, 0.93, 0.01, 0.01, 0.34, 0.18, 0.68, 0.34, 0.68, 0.01, 0.45, 0.01, 0.68, 0.68, 0.12, 0.18, 0.01, 0.79]",[4842709.0],0.9032529309391976
196,"[0.08233333333333333, 0.3323333333333333, 0.1101111111111111, 0.08233333333333333, 0.3323333333333333, 0.1101111111111111, 0.3323333333333333, 0.08233333333333333, 0.3323333333333333, 0.1101111111111111, 0.08233333333333333, 0.3323333333333333, 0.1101111111111111, 0.499, 0.08233333333333333, 0.3323333333333333, 0.1101111111111111, 0.08233333333333333, 0.3323333333333333, 0.1101111111111111, 0.3323333333333333, 0.08233333333333333, 0.3323333333333333, 0.1101111111111111, 0.08233333333333333, 0.3323333333333333, 0.1101111111111111, 0.499, 0.08233333333333333, 0.3323333333333333, 0.1101111111111111, 0.68, 0.01, 0.12, 0.68, 0.84, 0.68, 0.68, 0.59, 0.68, 0.79, 0.01, 0.08233333333333333, 0.3323333333333333, 0.1101111111111111, 0.51, 0.34, 0.79, 0.68, 0.76, 0.68, 0.45, 0.43, 0.34, 0.57, 0.51, 0.08233333333333333, 0.3323333333333333, 0.1101111111111111, 0.26, 0.01, 0.9]",[1320015.0],0.8826305334766705
197,"[0.08233333333333333, 0.3323333333333333, 0.1101111111111111, 0.08233333333333333, 0.3323333333333333, 0.1101111111111111, 0.3323333333333333, 0.08233333333333333, 0.3323333333333333, 0.1101111111111111, 0.08233333333333333, 0.3323333333333333, 0.1101111111111111, 0.499, 0.51, 0.68, 0.79, 0.18, 0.34, 0.34, 0.68, 0.08233333333333333, 0.3323333333333333, 0.1101111111111111, 0.34, 0.01, 0.45, 0.51, 0.08233333333333333, 0.3323333333333333, 0.1101111111111111, 0.34, 0.34, 0.79, 0.34, 0.08233333333333333, 0.3323333333333333, 0.1101111111111111, 0.84, 0.34, 0.01, 0.01, 0.43, 0.01, 0.12, 0.18, 0.01, 0.12, 0.68, 0.43, 0.34, 0.34, 0.26, 0.01, 0.79, 0.01, 0.08233333333333333, 0.3323333333333333, 0.1101111111111111, 0.51, 0.01, 0.9]",[559157.0],0.842022123436133
198,"[0.08233333333333333, 0.3323333333333333, 0.1101111111111111, 0.08233333333333333, 0.3323333333333333, 0.1101111111111111, 0.3323333333333333, 0.08233333333333333, 0.3323333333333333, 0.1101111111111111, 0.08233333333333333, 0.3323333333333333, 0.1101111111111111, 0.499, 0.08233333333333333, 0.3323333333333333, 0.1101111111111111, 0.08233333333333333, 0.3323333333333333, 0.1101111111111111, 0.3323333333333333, 0.08233333333333333, 0.3323333333333333, 0.1101111111111111, 0.08233333333333333, 0.3323333333333333, 0.1101111111111111, 0.499, 0.51, 0.68, 0.01, 0.93, 0.68, 0.68, 0.34, 0.08233333333333333, 0.3323333333333333, 0.1101111111111111, 0.18, 0.01, 0.45, 0.01, 0.08233333333333333, 0.3323333333333333, 0.1101111111111111, 0.59, 0.68, 0.9, 0.34, 0.26, 0.68, 0.34, 0.93, 0.01, 0.23, 0.51, 0.51, 0.68, 0.9, 0.34, 0.68, 0.45]",[6732577.0],0.9461157833536464
199,"[0.59, 0.01, 0.57, 0.18, 0.01, 0.23, 0.68, 0.08233333333333333, 0.3323333333333333, 0.1101111111111111, 0.26, 0.34, 0.68, 0.51, 0.68, 0.34, 0.45, 0.76, 0.34, 0.9, 0.34, 0.09, 0.01, 0.45, 0.34, 0.34, 0.9, 0.51, 0.59, 0.01, 0.68, 0.76, 0.01, 0.45, 0.68, 0.08233333333333333, 0.3323333333333333, 0.1101111111111111, 0.68, 0.34, 0.23, 0.51, 0.43, 0.68, 0.9, 0.26, 0.68, 0.01, 0.68, 0.34, 0.34, 0.79, 0.09, 0.01, 0.79, 0.51, 0.08233333333333333, 0.3323333333333333, 0.1101111111111111, 0.93, 0.01, 0.68]",[2908762.0],0.9437735189994176
200,"[0.08233333333333333, 0.3323333333333333, 0.1101111111111111, 0.08233333333333333, 0.3323333333333333, 0.1101111111111111, 0.3323333333333333, 0.08233333333333333, 0.3323333333333333, 0.1101111111111111, 0.08233333333333333, 0.3323333333333333, 0.1101111111111111, 0.499, 0.08233333333333333, 0.3323333333333333, 0.1101111111111111, 0.08233333333333333, 0.3323333333333333, 0.1101111111111111, 0.3323333333333333, 0.08233333333333333, 0.3323333333333333, 0.1101111111111111, 0.08233333333333333, 0.3323333333333333, 0.1101111111111111, 0.499, 0.08233333333333333, 0.3323333333333333, 0.1101111111111111, 0.84, 0.01, 0.57, 0.68, 0.68, 0.34, 0.9, 0.76, 0.68, 0.01, 0.51, 0.26, 0.01, 0.79, 0.76, 0.34, 0.79, 0.68, 0.09, 0.01, 0.01, 0.26, 0.68, 0.23, 0.51, 0.08233333333333333, 0.3323333333333333, 0.1101111111111111, 0.26, 0.34, 0.23]",[1437522.0],0.8506620148817698
201,"[0.08233333333333333, 0.3323333333333333, 0.1101111111111111, 0.08233333333333333, 0.3323333333333333, 0.1101111111111111, 0.3323333333333333, 0.08233333333333333, 0.3323333333333333, 0.1101111111111111, 0.08233333333333333, 0.3323333333333333, 0.1101111111111111, 0.499, 0.08233333333333333, 0.3323333333333333, 0.1101111111111111, 0.09, 0.34, 0.9, 0.68, 0.51, 0.68, 0.01, 0.76, 0.01, 0.79, 0.51, 0.59, 0.68, 0.57, 0.34, 0.34, 0.68, 0.34, 0.08233333333333333, 0.3323333333333333, 0.1101111111111111, 0.18, 0.34, 0.12, 0.01, 0.08233333333333333, 0.3323333333333333, 0.1101111111111111, 0.26, 0.01, 0.45, 0.34, 0.59, 0.01, 0.34, 0.43, 0.68, 0.68, 0.01, 0.08233333333333333, 0.3323333333333333, 0.1101111111111111, 0.43, 0.01, 0.9]",[46770.0],0.3423173521955808
202,"[0.51, 0.01, 0.79, 0.51, 0.68, 0.68, 0.68, 0.08233333333333333, 0.3323333333333333, 0.1101111111111111, 0.26, 0.01, 0.68, 0.51, 0.08233333333333333, 0.3323333333333333, 0.1101111111111111, 0.93, 0.01, 0.12, 0.34, 0.08233333333333333, 0.3323333333333333, 0.1101111111111111, 0.18, 0.34, 0.45, 0.51, 0.09, 0.01, 0.12, 0.84, 0.01, 0.68, 0.68, 0.09, 0.68, 0.23, 0.09, 0.68, 0.79, 0.01, 0.93, 0.01, 0.68, 0.34, 0.68, 0.68, 0.68, 0.08233333333333333, 0.3323333333333333, 0.1101111111111111, 0.43, 0.01, 0.9, 0.51, 0.34, 0.34, 0.68, 0.26, 0.01, 0.01]",[817963.0],0.9101891155044238
205,"[0.51, 0.01, 0.79, 0.51, 0.68, 0.68, 0.68, 0.08233333333333333, 0.3323333333333333, 0.1101111111111111, 0.26, 0.01, 0.68, 0.51, 0.08233333333333333, 0.3323333333333333, 0.1101111111111111, 0.93, 0.01, 0.12, 0.34, 0.08233333333333333, 0.3323333333333333, 0.1101111111111111, 0.18, 0.34, 0.45, 0.51, 0.09, 0.01, 0.12, 0.84, 0.01, 0.68, 0.68, 0.09, 0.68, 0.23, 0.09, 0.68, 0.79, 0.01, 0.93, 0.01, 0.68, 0.34, 0.68, 0.68, 0.68, 0.08233333333333333, 0.3323333333333333, 0.1101111111111111, 0.43, 0.01, 0.9, 0.51, 0.34, 0.34, 0.68, 0.26, 0.01, 0.01]",[817963.0],0.9119883636633556
206,"[0.08233333333333333, 0.3323333333333333, 0.1101111111111111, 0.08233333333333333, 0.3323333333333333, 0.1101111111111111, 0.3323333333333333, 0.08233333333333333, 0.3323333333333333, 0.1101111111111111, 0.08233333333333333, 0.3323333333333333, 0.1101111111111111, 0.499, 0.76, 0.34, 0.34, 0.93, 0.68, 0.45, 0.34, 0.08233333333333333, 0.3323333333333333, 0.1101111111111111, 0.34, 0.68, 0.23, 0.51, 0.09, 0.68, 0.23, 0.43, 0.68, 0.57, 0.68, 0.34, 0.68, 0.79, 0.09, 0.01, 0.12, 0.51, 0.08233333333333333, 0.3323333333333333, 0.1101111111111111, 0.51, 0.01, 0.01, 0.34, 0.09, 0.01, 0.57, 0.26, 0.34, 0.12, 0.51, 0.59, 0.01, 0.01, 0.18, 0.34, 0.68]",[6803209.0],0.9057659938931464
207,"[0.68, 0.01, 0.01, 0.59, 0.34, 0.34, 0.34, 0.51, 0.68, 0.12, 0.93, 0.68, 0.9, 0.01, 0.08233333333333333, 0.3323333333333333, 0.1101111111111111, 0.76, 0.01, 0.9, 0.68, 0.08233333333333333, 0.3323333333333333, 0.1101111111111111, 0.51, 0.34, 0.79, 0.51, 0.93, 0.34, 0.23, 0.18, 0.01, 0.45, 0.68, 0.08233333333333333, 0.3323333333333333, 0.1101111111111111, 0.59, 0.34, 0.34, 0.51, 0.08233333333333333, 0.3323333333333333, 0.1101111111111111, 0.26, 0.01, 0.34, 0.34, 0.08233333333333333, 0.3323333333333333, 0.1101111111111111, 0.09, 0.34, 0.68, 0.51, 0.08233333333333333, 0.3323333333333333, 0.1101111111111111, 0.43, 0.01, 0.79]",[3403335.0],0.3146458769838015
208,"[0.08233333333333333, 0.3323333333333333, 0.1101111111111111, 0.08233333333333333, 0.3323333333333333, 0.1101111111111111, 0.3323333333333333, 0.08233333333333333, 0.3323333333333333, 0.1101111111111111, 0.08233333333333333, 0.3323333333333333, 0.1101111111111111, 0.499, 0.08233333333333333, 0.3323333333333333, 0.1101111111111111, 0.08233333333333333, 0.3323333333333333, 0.1101111111111111, 0.3323333333333333, 0.08233333333333333, 0.3323333333333333, 0.1101111111111111, 0.08233333333333333, 0.3323333333333333, 0.1101111111111111, 0.499, 0.08233333333333333, 0.3323333333333333, 0.1101111111111111, 0.34, 0.01, 0.45, 0.34, 0.26, 0.34, 0.79, 0.84, 0.01, 0.45, 0.01, 0.26, 0.34, 0.45, 0.09, 0.68, 0.68, 0.34, 0.09, 0.01, 0.34, 0.51, 0.01, 0.23, 0.51, 0.08233333333333333, 0.3323333333333333, 0.1101111111111111, 0.34, 0.68, 0.9]",[10332.0],0.8119560062885285
209,"[0.08233333333333333, 0.3323333333333333, 0.1101111111111111, 0.08233333333333333, 0.3323333333333333, 0.1101111111111111, 0.3323333333333333, 0.08233333333333333, 0.3323333333333333, 0.1101111111111111, 0.08233333333333333, 0.3323333333333333, 0.1101111111111111, 0.499, 0.08233333333333333, 0.3323333333333333, 0.1101111111111111, 0.08233333333333333, 0.3323333333333333, 0.1101111111111111, 0.3323333333333333, 0.08233333333333333, 0.3323333333333333, 0.1101111111111111, 0.08233333333333333, 0.3323333333333333, 0.1101111111111111, 0.499, 0.08233333333333333, 0.3323333333333333, 0.1101111111111111, 0.59, 0.68, 0.79, 0.34, 0.08233333333333333, 0.3323333333333333, 0.1101111111111111, 0.34, 0.68, 0.45, 0.01, 0.08233333333333333, 0.3323333333333333, 0.1101111111111111, 0.09, 0.34, 0.45, 0.34, 0.08233333333333333, 0.3323333333333333, 0.1101111111111111, 0.43, 0.34, 0.23, 0.51, 0.84, 0.34, 0.34, 0.43, 0.68, 0.79]",[222700.0],0.8533570324381192
210,"[0.08233333333333333, 0.3323333333333333, 0.1101111111111111, 0.08233333333333333, 0.3323333333333333, 0.1101111111111111, 0.3323333333333333, 0.08233333333333333, 0.3323333333333333, 0.1101111111111111, 0.08233333333333333, 0.3323333333333333, 0.1101111111111111, 0.499, 0.08233333333333333, 0.3323333333333333, 0.1101111111111111, 0.08233333333333333, 0.3323333333333333, 0.1101111111111111, 0.3323333333333333, 0.08233333333333333, 0.3323333333333333, 0.1101111111111111, 0.08233333333333333, 0.3323333333333333, 0.1101111111111111, 0.499, 0.93, 0.68, 0.45, 0.76, 0.01, 0.23, 0.34, 0.08233333333333333, 0.3323333333333333, 0.1101111111111111, 0.68, 0.68, 0.45, 0.01, 0.08233333333333333, 0.3323333333333333, 0.1101111111111111, 0.93, 0.34, 0.79, 0.68, 0.08233333333333333, 0.3323333333333333, 0.1101111111111111, 0.43, 0.68, 0.34, 0.01, 0.08233333333333333, 0.3323333333333333, 0.1101111111111111, 0.26, 0.68, 0.9]",[2862033.0],0.9208101575573284
211,"[0.08233333333333333, 0.3323333333333333, 0.1101111111111111, 0.08233333333333333, 0.3323333333333333, 0.1101111111111111, 0.3323333333333333, 0.08233333333333333, 0.3323333333333333, 0.1101111111111111, 0.08233333333333333, 0.3323333333333333, 0.1101111111111111, 0.499, 0.08233333333333333, 0.3323333333333333, 0.1101111111111111, 0.43, 0.68, 0.34, 0.68, 0.59, 0.68, 0.9, 0.09, 0.68, 0.01, 0.01, 0.43, 0.34, 0.34, 0.59, 0.01, 0.9, 0.68, 0.84, 0.01, 0.9, 0.43, 0.34, 0.45, 0.51, 0.08233333333333333, 0.3323333333333333, 0.1101111111111111, 0.68, 0.68, 0.9, 0.34, 0.76, 0.01, 0.79, 0.43, 0.68, 0.45, 0.01, 0.76, 0.01, 0.01, 0.26, 0.34, 0.45]",[498205.0],0.9470530514915784
212,"[0.43, 0.68, 0.79, 0.59, 0.34, 0.01, 0.68, 0.93, 0.01, 0.57, 0.18, 0.01, 0.79, 0.51, 0.08233333333333333, 0.3323333333333333, 0.1101111111111111, 0.26, 0.34, 0.34, 0.34, 0.08233333333333333, 0.3323333333333333, 0.1101111111111111, 0.26, 0.34, 0.23, 0.01, 0.68, 0.34, 0.12, 0.09, 0.68, 0.01, 0.34, 0.09, 0.34, 0.45, 0.26, 0.68, 0.79, 0.01, 0.08233333333333333, 0.3323333333333333, 0.1101111111111111, 0.26, 0.01, 0.23, 0.68, 0.43, 0.34, 0.34, 0.59, 0.01, 0.45, 0.01, 0.08233333333333333, 0.3323333333333333, 0.1101111111111111, 0.43, 0.01, 0.9]",[116013.0],0.8969518701235454
213,"[0.08233333333333333, 0.3323333333333333, 0.1101111111111111, 0.08233333333333333, 0.3323333333333333, 0.1101111111111111, 0.3323333333333333, 0.08233333333333333, 0.3323333333333333, 0.1101111111111111, 0.08233333333333333, 0.3323333333333333, 0.1101111111111111, 0.499, 0.08233333333333333, 0.3323333333333333, 0.1101111111111111, 0.08233333333333333, 0.3323333333333333, 0.1101111111111111, 0.3323333333333333, 0.08233333333333333, 0.3323333333333333, 0.1101111111111111, 0.08233333333333333, 0.3323333333333333, 0.1101111111111111, 0.499, 0.08233333333333333, 0.3323333333333333, 0.1101111111111111, 0.59, 0.34, 0.57, 0.68, 0.26, 0.34, 0.45, 0.59, 0.68, 0.68, 0.01, 0.08233333333333333, 0.3323333333333333, 0.1101111111111111, 0.76, 0.01, 0.12, 0.68, 0.08233333333333333, 0.3323333333333333, 0.1101111111111111, 0.09, 0.34, 0.34, 0.01, 0.59, 0.68, 0.45, 0.68, 0.68, 0.01]",[707577.0],0.9102993761499724
214,"[0.08233333333333333, 0.3323333333333333, 0.1101111111111111, 0.08233333333333333, 0.3323333333333333, 0.1101111111111111, 0.3323333333333333, 0.08233333333333333, 0.3323333333333333, 0.1101111111111111, 0.08233333333333333, 0.3323333333333333, 0.1101111111111111, 0.499, 0.08233333333333333, 0.3323333333333333, 0.1101111111111111, 0.08233333333333333, 0.3323333333333333, 0.1101111111111111, 0.3323333333333333, 0.08233333333333333, 0.3323333333333333, 0.1101111111111111, 0.08233333333333333, 0.3323333333333333, 0.1101111111111111, 0.499, 0.09, 0.01, 0.34, 0.34, 0.01, 0.34, 0.34, 0.09, 0.01, 0.45, 0.59, 0.01, 0.9, 0.01, 0.08233333333333333, 0.3323333333333333, 0.1101111111111111, 0.84, 0.68, 0.12, 0.34, 0.09, 0.34, 0.01, 0.34, 0.68, 0.9, 0.01, 0.08233333333333333, 0.3323333333333333, 0.1101111111111111, 0.18, 0.34, 0.68]",[114055.0],0.3240473970770836
215,"[0.08233333333333333, 0.3323333333333333, 0.1101111111111111, 0.34, 0.68, 0.45, 0.68, 0.08233333333333333, 0.3323333333333333, 0.1101111111111111, 0.43, 0.68, 0.9, 0.51, 0.59, 0.68, 0.34, 0.26, 0.68, 0.45, 0.34, 0.08233333333333333, 0.3323333333333333, 0.1101111111111111, 0.51, 0.01, 0.23, 0.51, 0.93, 0.01, 0.45, 0.93, 0.34, 0.45, 0.68, 0.18, 0.34, 0.01, 0.59, 0.01, 0.79, 0.51, 0.59, 0.01, 0.68, 0.43, 0.68, 0.79, 0.34, 0.08233333333333333, 0.3323333333333333, 0.1101111111111111, 0.68, 0.01, 0.79, 0.01, 0.51, 0.01, 0.23, 0.84, 0.01, 0.01]",[10766307.0],0.904126080373923
216,"[0.08233333333333333, 0.3323333333333333, 0.1101111111111111, 0.08233333333333333, 0.3323333333333333, 0.1101111111111111, 0.3323333333333333, 0.08233333333333333, 0.3323333333333333, 0.1101111111111111, 0.08233333333333333, 0.3323333333333333, 0.1101111111111111, 0.499, 0.18, 0.34, 0.79, 0.26, 0.34, 0.9, 0.68, 0.08233333333333333, 0.3323333333333333, 0.1101111111111111, 0.76, 0.34, 0.34, 0.51, 0.08233333333333333, 0.3323333333333333, 0.1101111111111111, 0.26, 0.68, 0.45, 0.68, 0.18, 0.68, 0.34, 0.84, 0.34, 0.57, 0.51, 0.09, 0.34, 0.12, 0.09, 0.68, 0.12, 0.34, 0.34, 0.01, 0.01, 0.68, 0.34, 0.01, 0.01, 0.08233333333333333, 0.3323333333333333, 0.1101111111111111, 0.84, 0.01, 0.9]",[2237078.0],0.8456810235977172
217,"[0.08233333333333333, 0.3323333333333333, 0.1101111111111111, 0.93, 0.34, 0.01, 0.68, 0.08233333333333333, 0.3323333333333333, 0.1101111111111111, 0.51, 0.01, 0.34, 0.51, 0.08233333333333333, 0.3323333333333333, 0.1101111111111111, 0.43, 0.68, 0.57, 0.34, 0.08233333333333333, 0.3323333333333333, 0.1101111111111111, 0.09, 0.34, 0.45, 0.01, 0.09, 0.34, 0.45, 0.51, 0.01, 0.12, 0.34, 0.08233333333333333, 0.3323333333333333, 0.1101111111111111, 0.59, 0.01, 0.34, 0.01, 0.26, 0.68, 0.45, 0.26, 0.34, 0.57, 0.34, 0.08233333333333333, 0.3323333333333333, 0.1101111111111111, 0.93, 0.01, 0.01, 0.01, 0.08233333333333333, 0.3323333333333333, 0.1101111111111111, 0.34, 0.34, 0.23]",[4766868.0],0.8883488193154335
218,"[0.08233333333333333, 0.3323333333333333, 0.1101111111111111, 0.93, 0.34, 0.79, 0.68, 0.08233333333333333, 0.3323333333333333, 0.1101111111111111, 0.34, 0.01, 0.01, 0.51, 0.08233333333333333, 0.3323333333333333, 0.1101111111111111, 0.26, 0.34, 0.68, 0.34, 0.84, 0.34, 0.23, 0.51, 0.01, 0.12, 0.01, 0.34, 0.68, 0.57, 0.34, 0.01, 0.45, 0.34, 0.59, 0.01, 0.12, 0.43, 0.34, 0.34, 0.01, 0.08233333333333333, 0.3323333333333333, 0.1101111111111111, 0.68, 0.68, 0.01, 0.68, 0.59, 0.01, 0.79, 0.43, 0.01, 0.23, 0.01, 0.08233333333333333, 0.3323333333333333, 0.1101111111111111, 0.68, 0.68, 0.23]",[694317.0],0.9286544382572174
219,"[0.08233333333333333, 0.3323333333333333, 0.1101111111111111, 0.08233333333333333, 0.3323333333333333, 0.1101111111111111, 0.3323333333333333, 0.08233333333333333, 0.3323333333333333, 0.1101111111111111, 0.08233333333333333, 0.3323333333333333, 0.1101111111111111, 0.499, 0.08233333333333333, 0.3323333333333333, 0.1101111111111111, 0.08233333333333333, 0.3323333333333333, 0.1101111111111111, 0.3323333333333333, 0.08233333333333333, 0.3323333333333333, 0.1101111111111111, 0.08233333333333333, 0.3323333333333333, 0.1101111111111111, 0.499, 0.18, 0.01, 0.01, 0.93, 0.68, 0.45, 0.68, 0.08233333333333333, 0.3323333333333333, 0.1101111111111111, 0.59, 0.01, 0.68, 0.01, 0.08233333333333333, 0.3323333333333333, 0.1101111111111111, 0.26, 0.01, 0.34, 0.34, 0.08233333333333333, 0.3323333333333333, 0.1101111111111111, 0.34, 0.68, 0.45, 0.01, 0.08233333333333333, 0.3323333333333333, 0.1101111111111111, 0.51, 0.34, 0.57]",[71225.0],0.8075047090649605
220,"[0.08233333333333333, 0.3323333333333333, 0.1101111111111111, 0.08233333333333333, 0.3323333333333333, 0.1101111111111111, 0.3323333333333333, 0.08233333333333333, 0.3323333333333333, 0.1101111111111111, 0.08233333333333333, 0.3323333333333333, 0.1101111111111111, 0.499, 0.51, 0.01, 0.57, 0.84, 0.68, 0.01, 0.34, 0.08233333333333333, 0.3323333333333333, 0.1101111111111111, 0.26, 0.68, 0.45, 0.51, 0.08233333333333333, 0.3323333333333333, 0.1101111111111111, 0.76, 0.01, 0.12, 0.68, 0.08233333333333333, 0.3323333333333333, 0.1101111111111111, 0.34, 0.68, 0.12, 0.51, 0.08233333333333333, 0.3323333333333333, 0.1101111111111111, 0.59, 0.34, 0.01, 0.34, 0.68, 0.01, 0.57, 0.34, 0.01, 0.12, 0.01, 0.08233333333333333, 0.3323333333333333, 0.1101111111111111, 0.34, 0.01, 0.45]",[797977.0],0.9149569635589916
221,"[0.08233333333333333, 0.3323333333333333, 0.1101111111111111, 0.08233333333333333, 0.3323333333333333, 0.1101111111111111, 0.3323333333333333, 0.08233333333333333, 0.3323333333333333, 0.1101111111111111, 0.08233333333333333, 0.3323333333333333, 0.1101111111111111, 0.499, 0.08233333333333333, 0.3323333333333333, 0.1101111111111111, 0.08233333333333333, 0.3323333333333333, 0.1101111111111111, 0.3323333333333333, 0.08233333333333333, 0.3323333333333333, 0.1101111111111111, 0.08233333333333333, 0.3323333333333333, 0.1101111111111111, 0.499, 0.08233333333333333, 0.3323333333333333, 0.1101111111111111, 0.51, 0.01, 0.34, 0.34, 0.08233333333333333, 0.3323333333333333, 0.1101111111111111, 0.68, 0.01, 0.79, 0.51, 0.08233333333333333, 0.3323333333333333, 0.1101111111111111, 0.34, 0.01, 0.23, 0.68, 0.34, 0.68, 0.79, 0.76, 0.68, 0.79, 0.51, 0.08233333333333333, 0.3323333333333333, 0.1101111111111111, 0.43, 0.01, 0.68]",[208553.0],0.8336303854982058
222,"[0.08233333333333333, 0.3323333333333333, 0.1101111111111111, 0.08233333333333333, 0.3323333333333333, 0.1101111111111111, 0.3323333333333333, 0.08233333333333333, 0.3323333333333333, 0.1101111111111111, 0.08233333333333333, 0.3323333333333333, 0.1101111111111111, 0.499, 0.08233333333333333, 0.3323333333333333, 0.1101111111111111, 0.59, 0.01, 0.34, 0.68, 0.08233333333333333, 0.3323333333333333, 0.1101111111111111, 0.76, 0.34, 0.79, 0.51, 0.43, 0.34, 0.68, 0.68, 0.34, 0.12, 0.34, 0.08233333333333333, 0.3323333333333333, 0.1101111111111111, 0.76, 0.34, 0.57, 0.51, 0.08233333333333333, 0.3323333333333333, 0.1101111111111111, 0.34, 0.01, 0.01, 0.68, 0.09, 0.34, 0.12, 0.09, 0.01, 0.79, 0.51, 0.08233333333333333, 0.3323333333333333, 0.1101111111111111, 0.18, 0.68, 0.57]",[902597.0],0.9261625309785207
223,"[0.08233333333333333, 0.3323333333333333, 0.1101111111111111, 0.68, 0.34, 0.68, 0.68, 0.08233333333333333, 0.3323333333333333, 0.1101111111111111, 0.84, 0.68, 0.45, 0.51, 0.34, 0.34, 0.23, 0.09, 0.68, 0.12, 0.68, 0.51, 0.68, 0.79, 0.68, 0.01, 0.79, 0.01, 0.76, 0.68, 0.57, 0.34, 0.01, 0.12, 0.34, 0.08233333333333333, 0.3323333333333333, 0.1101111111111111, 0.93, 0.34, 0.34, 0.01, 0.08233333333333333, 0.3323333333333333, 0.1101111111111111, 0.18, 0.01, 0.57, 0.68, 0.18, 0.34, 0.12, 0.34, 0.68, 0.57, 0.51, 0.08233333333333333, 0.3323333333333333, 0.1101111111111111, 0.84, 0.68, 0.45]",[8167948.0],0.91588737120231
224,"[0.08233333333333333, 0.3323333333333333, 0.1101111111111111, 0.08233333333333333, 0.3323333333333333, 0.1101111111111111, 0.3323333333333333, 0.08233333333333333, 0.3323333333333333, 0.1101111111111111, 0.08233333333333333, 0.3323333333333333, 0.1101111111111111, 0.499, 0.08233333333333333, 0.3323333333333333, 0.1101111111111111, 0.08233333333333333, 0.3323333333333333, 0.1101111111111111, 0.3323333333333333, 0.08233333333333333, 0.3323333333333333, 0.1101111111111111, 0.08233333333333333, 0.3323333333333333, 0.1101111111111111, 0.499, 0.08233333333333333, 0.3323333333333333, 0.1101111111111111, 0.76, 0.68, 0.68, 0.34, 0.08233333333333333, 0.3323333333333333, 0.1101111111111111, 0.34, 0.68, 0.45, 0.51, 0.08233333333333333, 0.3323333333333333, 0.1101111111111111, 0.84, 0.68, 0.57, 0.34, 0.08233333333333333, 0.3323333333333333, 0.1101111111111111, 0.34, 0.34, 0.57, 0.51, 0.09, 0.34, 0.23, 0.51, 0.34, 0.68]",[3395568.0],0.904359990855058
225,"[0.08233333333333333, 0.3323333333333333, 0.1101111111111111, 0.08233333333333333, 0.3323333333333333, 0.1101111111111111, 0.3323333333333333, 0.08233333333333333, 0.3323333333333333, 0.1101111111111111, 0.08233333333333333, 0.3323333333333333, 0.1101111111111111, 0.499, 0.08233333333333333, 0.3323333333333333, 0.1101111111111111, 0.68, 0.68, 0.57, 0.68, 0.08233333333333333, 0.3323333333333333, 0.1101111111111111, 0.59, 0.34, 0.12, 0.01, 0.26, 0.34, 0.79, 0.34, 0.34, 0.34, 0.34, 0.08233333333333333, 0.3323333333333333, 0.1101111111111111, 0.68, 0.68, 0.23, 0.51, 0.68, 0.01, 0.23, 0.26, 0.34, 0.12, 0.34, 0.93, 0.68, 0.79, 0.59, 0.68, 0.79, 0.51, 0.08233333333333333, 0.3323333333333333, 0.1101111111111111, 0.59, 0.01, 0.68]",[2869137.0],0.9227375939488413
226,"[0.08233333333333333, 0.3323333333333333, 0.1101111111111111, 0.08233333333333333, 0.3323333333333333, 0.1101111111111111, 0.3323333333333333, 0.08233333333333333, 0.3323333333333333, 0.1101111111111111, 0.08233333333333333, 0.3323333333333333, 0.1101111111111111, 0.499, 0.26, 0.34, 0.9, 0.68, 0.34, 0.34, 0.68, 0.59, 0.68, 0.68, 0.68, 0.01, 0.01, 0.51, 0.08233333333333333, 0.3323333333333333, 0.1101111111111111, 0.59, 0.68, 0.79, 0.68, 0.08233333333333333, 0.3323333333333333, 0.1101111111111111, 0.18, 0.01, 0.34, 0.51, 0.18, 0.34, 0.79, 0.51, 0.68, 0.34, 0.68, 0.34, 0.68, 0.12, 0.51, 0.01, 0.79, 0.01, 0.51, 0.34, 0.45, 0.18, 0.01, 0.01]",[440670.0],0.922403235733509
227,"[0.26, 0.01, 0.34, 0.43, 0.34, 0.23, 0.34, 0.26, 0.68, 0.9, 0.76, 0.01, 0.34, 0.51, 0.08233333333333333, 0.3323333333333333, 0.1101111111111111, 0.68, 0.68, 0.57, 0.34, 0.18, 0.34, 0.12, 0.59, 0.34, 0.12, 0.01, 0.08233333333333333, 0.3323333333333333, 0.1101111111111111, 0.93, 0.68, 0.01, 0.68, 0.43, 0.68, 0.57, 0.59, 0.68, 0.68, 0.51, 0.08233333333333333, 0.3323333333333333, 0.1101111111111111, 0.93, 0.01, 0.01, 0.68, 0.08233333333333333, 0.3323333333333333, 0.1101111111111111, 0.26, 0.34, 0.01, 0.01, 0.59, 0.01, 0.45, 0.26, 0.01, 0.01]",[4920281.0],0.937265390654405
228,"[0.08233333333333333, 0.3323333333333333, 0.1101111111111111, 0.26, 0.68, 0.45, 0.68, 0.08233333333333333, 0.3323333333333333, 0.1101111111111111, 0.76, 0.68, 0.79, 0.51, 0.59, 0.34, 0.34, 0.68, 0.01, 0.45, 0.68, 0.18, 0.68, 0.68, 0.43, 0.01, 0.23, 0.01, 0.08233333333333333, 0.3323333333333333, 0.1101111111111111, 0.26, 0.68, 0.9, 0.68, 0.84, 0.34, 0.34, 0.26, 0.68, 0.12, 0.01, 0.68, 0.01, 0.68, 0.76, 0.34, 0.57, 0.68, 0.08233333333333333, 0.3323333333333333, 0.1101111111111111, 0.34, 0.34, 0.9, 0.01, 0.34, 0.68, 0.45, 0.34, 0.34, 0.57]",[542035.0],0.9168996408581732
229,"[0.08233333333333333, 0.3323333333333333, 0.1101111111111111, 0.68, 0.01, 0.9, 0.34, 0.51, 0.01, 0.01, 0.43, 0.68, 0.23, 0.51, 0.26, 0.68, 0.68, 0.43, 0.68, 0.34, 0.68, 0.08233333333333333, 0.3323333333333333, 0.1101111111111111, 0.18, 0.34, 0.23, 0.01, 0.08233333333333333, 0.3323333333333333, 0.1101111111111111, 0.43, 0.01, 0.79, 0.68, 0.08233333333333333, 0.3323333333333333, 0.1101111111111111, 0.76, 0.01, 0.79, 0.01, 0.59, 0.01, 0.01, 0.59, 0.68, 0.01, 0.34, 0.93, 0.01, 0.79, 0.51, 0.34, 0.23, 0.01, 0.43, 0.68, 0.01, 0.26, 0.34, 0.23]",[745020.0],0.9292852173248928
230,"[0.08233333333333333, 0.3323333333333333, 0.1101111111111111, 0.84, 0.01, 0.12, 0.34, 0.08233333333333333, 0.3323333333333333, 0.1101111111111111, 0.51, 0.01, 0.34, 0.01, 0.08233333333333333, 0.3323333333333333, 0.1101111111111111, 0.18, 0.01, 0.23, 0.34, 0.08233333333333333, 0.3323333333333333, 0.1101111111111111, 0.68, 0.34, 0.34, 0.01, 0.34, 0.68, 0.45, 0.09, 0.34, 0.57, 0.68, 0.18, 0.01, 0.57, 0.34, 0.01, 0.68, 0.51, 0.68, 0.34, 0.34, 0.43, 0.34, 0.57, 0.34, 0.68, 0.01, 0.45, 0.51, 0.34, 0.34, 0.01, 0.68, 0.01, 0.9, 0.18, 0.34, 0.45]",[148874.0],0.8561057602365811
231,"[0.08233333333333333, 0.3323333333333333, 0.1101111111111111, 0.08233333333333333, 0.3323333333333333, 0.1101111111111111, 0.3323333333333333, 0.08233333333333333, 0.3323333333333333, 0.1101111111111111, 0.08233333333333333, 0.3323333333333333, 0.1101111111111111, 0.499, 0.08233333333333333, 0.3323333333333333, 0.1101111111111111, 0.08233333333333333, 0.3323333333333333, 0.1101111111111111, 0.3323333333333333, 0.08233333333333333, 0.3323333333333333, 0.1101111111111111, 0.08233333333333333, 0.3323333333333333, 0.1101111111111111, 0.499, 0.43, 0.01, 0.79, 0.59, 0.01, 0.12, 0.68, 0.51, 0.68, 0.23, 0.18, 0.34, 0.12, 0.01, 0.08233333333333333, 0.3323333333333333, 0.1101111111111111, 0.43, 0.01, 0.45, 0.68, 0.08233333333333333, 0.3323333333333333, 0.1101111111111111, 0.68, 0.01, 0.68, 0.51, 0.08233333333333333, 0.3323333333333333, 0.1101111111111111, 0.59, 0.68, 0.34]",[211673.0],0.8288282096385956
232,"[0.08233333333333333, 0.3323333333333333, 0.1101111111111111, 0.08233333333333333, 0.3323333333333333, 0.1101111111111111, 0.3323333333333333, 0.08233333333333333, 0.3323333333333333, 0.1101111111111111, 0.08233333333333333, 0.3323333333333333, 0.1101111111111111, 0.499, 0.08233333333333333, 0.3323333333333333, 0.1101111111111111, 0.08233333333333333, 0.3323333333333333, 0.1101111111111111, 0.3323333333333333, 0.08233333333333333, 0.3323333333333333, 0.1101111111111111, 0.08233333333333333, 0.3323333333333333, 0.1101111111111111, 0.499, 0.51, 0.68, 0.23, 0.26, 0.01, 0.79, 0.34, 0.08233333333333333, 0.3323333333333333, 0.1101111111111111, 0.18, 0.01, 0.23, 0.01, 0.08233333333333333, 0.3323333333333333, 0.1101111111111111, 0.09, 0.01, 0.23, 0.34, 0.08233333333333333, 0.3323333333333333, 0.1101111111111111, 0.34, 0.34, 0.45, 0.01, 0.34, 0.68, 0.68, 0.34, 0.68, 0.01]",[5644.0],0.8164118389288585
233,"[0.68, 0.34, 0.12, 0.68, 0.68, 0.79, 0.68, 0.34, 0.68, 0.57, 0.76, 0.34, 0.45, 0.51, 0.08233333333333333, 0.3323333333333333, 0.1101111111111111, 0.76, 0.34, 0.34, 0.34, 0.08233333333333333, 0.3323333333333333, 0.1101111111111111, 0.51, 0.68, 0.23, 0.01, 0.08233333333333333, 0.3323333333333333, 0.1101111111111111, 0.51, 0.01, 0.01, 0.34, 0.08233333333333333, 0.3323333333333333, 0.1101111111111111, 0.09, 0.01, 0.57, 0.51, 0.18, 0.01, 0.34, 0.43, 0.34, 0.45, 0.34, 0.59, 0.34, 0.23, 0.26, 0.68, 0.23, 0.51, 0.59, 0.01, 0.12, 0.18, 0.68, 0.79]",[790342.0],0.9403054972489676
234,"[0.08233333333333333, 0.3323333333333333, 0.1101111111111111, 0.08233333333333333, 0.3323333333333333, 0.1101111111111111, 0.3323333333333333, 0.08233333333333333, 0.3323333333333333, 0.1101111111111111, 0.08233333333333333, 0.3323333333333333, 0.1101111111111111, 0.499, 0.76, 0.34, 0.34, 0.59, 0.34, 0.34, 0.68, 0.08233333333333333, 0.3323333333333333, 0.1101111111111111, 0.68, 0.01, 0.9, 0.01, 0.08233333333333333, 0.3323333333333333, 0.1101111111111111, 0.59, 0.01, 0.9, 0.34, 0.34, 0.34, 0.12, 0.68, 0.01, 0.34, 0.01, 0.08233333333333333, 0.3323333333333333, 0.1101111111111111, 0.84, 0.01, 0.12, 0.68, 0.51, 0.01, 0.23, 0.51, 0.34, 0.23, 0.51, 0.43, 0.68, 0.45, 0.26, 0.68, 0.01]",[516695.0],0.3177976787090301
235,"[0.08233333333333333, 0.3323333333333333, 0.1101111111111111, 0.09, 0.34, 0.9, 0.68, 0.08233333333333333, 0.3323333333333333, 0.1101111111111111, 0.51, 0.68, 0.9, 0.01, 0.08233333333333333, 0.3323333333333333, 0.1101111111111111, 0.26, 0.01, 0.68, 0.34, 0.08233333333333333, 0.3323333333333333, 0.1101111111111111, 0.76, 0.68, 0.01, 0.01, 0.08233333333333333, 0.3323333333333333, 0.1101111111111111, 0.68, 0.34, 0.34, 0.68, 0.08233333333333333, 0.3323333333333333, 0.1101111111111111, 0.84, 0.34, 0.9, 0.01, 0.84, 0.34, 0.45, 0.51, 0.01, 0.01, 0.34, 0.09, 0.34, 0.68, 0.76, 0.68, 0.57, 0.01, 0.26, 0.34, 0.68, 0.68, 0.01, 0.57]",[6926494.0],0.3125986700256665
236,"[0.08233333333333333, 0.3323333333333333, 0.1101111111111111, 0.08233333333333333, 0.3323333333333333, 0.1101111111111111, 0.3323333333333333, 0.08233333333333333, 0.3323333333333333, 0.1101111111111111, 0.08233333333333333, 0.3323333333333333, 0.1101111111111111, 0.499, 0.08233333333333333, 0.3323333333333333, 0.1101111111111111, 0.08233333333333333, 0.3323333333333333, 0.1101111111111111, 0.3323333333333333, 0.08233333333333333, 0.3323333333333333, 0.1101111111111111, 0.08233333333333333, 0.3323333333333333, 0.1101111111111111, 0.499, 0.84, 0.34, 0.23, 0.09, 0.01, 0.9, 0.34, 0.08233333333333333, 0.3323333333333333, 0.1101111111111111, 0.09, 0.68, 0.12, 0.01, 0.08233333333333333, 0.3323333333333333, 0.1101111111111111, 0.76, 0.68, 0.68, 0.68, 0.08233333333333333, 0.3323333333333333, 0.1101111111111111, 0.68, 0.68, 0.34, 0.01, 0.84, 0.68, 0.23, 0.93, 0.68, 0.57]",[23953032.0],0.3583857869108518
237,"[0.51, 0.01, 0.68, 0.18, 0.34, 0.9, 0.68, 0.59, 0.34, 0.34, 0.51, 0.68, 0.34, 0.01, 0.09, 0.34, 0.68, 0.68, 0.68, 0.45, 0.34, 0.34, 0.34, 0.9, 0.43, 0.01, 0.45, 0.51, 0.08233333333333333, 0.3323333333333333, 0.1101111111111111, 0.93, 0.01, 0.23, 0.68, 0.08233333333333333, 0.3323333333333333, 0.1101111111111111, 0.09, 0.34, 0.23, 0.01, 0.09, 0.01, 0.34, 0.59, 0.34, 0.79, 0.68, 0.68, 0.01, 0.68, 0.51, 0.68, 0.9, 0.01, 0.08233333333333333, 0.3323333333333333, 0.1101111111111111, 0.09, 0.01, 0.23]",[319087.0],0.8855430002013842
238,"[0.08233333333333333, 0.3323333333333333, 0.1101111111111111, 0.08233333333333333, 0.3323333333333333, 0.1101111111111111, 0.3323333333333333, 0.08233333333333333, 0.3323333333333333, 0.1101111111111111, 0.08233333333333333, 0.3323333333333333, 0.1101111111111111, 0.499, 0.08233333333333333, 0.3323333333333333, 0.1101111111111111, 0.08233333333333333, 0.3323333333333333, 0.1101111111111111, 0.3323333333333333, 0.08233333333333333, 0.3323333333333333, 0.1101111111111111, 0.08233333333333333, 0.3323333333333333, 0.1101111111111111, 0.499, 0.59, 0.01, 0.57, 0.51, 0.34, 0.34, 0.34, 0.08233333333333333, 0.3323333333333333, 0.1101111111111111, 0.43, 0.34, 0.01, 0.01, 0.18, 0.01, 0.12, 0.26, 0.68, 0.45, 0.34, 0.84, 0.68, 0.9, 0.26, 0.34, 0.9, 0.01, 0.08233333333333333, 0.3323333333333333, 0.1101111111111111, 0.84, 0.68, 0.57]",[7695307.0],0.8982325990994772
239,"[0.08233333333333333, 0.3323333333333333, 0.1101111111111111, 0.08233333333333333, 0.3323333333333333, 0.1101111111111111, 0.3323333333333333, 0.08233333333333333, 0.3323333333333333, 0.1101111111111111, 0.08233333333333333, 0.3323333333333333, 0.1101111111111111, 0.499, 0.08233333333333333, 0.3323333333333333, 0.1101111111111111, 0.08233333333333333, 0.3323333333333333, 0.1101111111111111, 0.3323333333333333, 0.08233333333333333, 0.3323333333333333, 0.1101111111111111, 0.08233333333333333, 0.3323333333333333, 0.1101111111111111, 0.499, 0.08233333333333333, 0.3323333333333333, 0.1101111111111111, 0.68, 0.68, 0.68, 0.34, 0.08233333333333333, 0.3323333333333333, 0.1101111111111111, 0.93, 0.68, 0.01, 0.51, 0.93, 0.34, 0.57, 0.68, 0.34, 0.01, 0.68, 0.08233333333333333, 0.3323333333333333, 0.1101111111111111, 0.51, 0.01, 0.79, 0.01, 0.76, 0.34, 0.23, 0.18, 0.01, 0.79]",[6361673.0],0.8863891164461771
240,"[0.08233333333333333, 0.3323333333333333, 0.1101111111111111, 0.08233333333333333, 0.3323333333333333, 0.1101111111111111, 0.3323333333333333, 0.08233333333333333, 0.3323333333333333, 0.1101111111111111, 0.08233333333333333, 0.3323333333333333, 0.1101111111111111, 0.499, 0.08233333333333333, 0.3323333333333333, 0.1101111111111111, 0.08233333333333333, 0.3323333333333333, 0.1101111111111111, 0.3323333333333333, 0.08233333333333333, 0.3323333333333333, 0.1101111111111111, 0.08233333333333333, 0.3323333333333333, 0.1101111111111111, 0.499, 0.08233333333333333, 0.3323333333333333, 0.1101111111111111, 0.26, 0.68, 0.57, 0.68, 0.08233333333333333, 0.3323333333333333, 0.1101111111111111, 0.68, 0.68, 0.01, 0.51, 0.08233333333333333, 0.3323333333333333, 0.1101111111111111, 0.59, 0.01, 0.79, 0.34, 0.84, 0.34, 0.23, 0.93, 0.34, 0.57, 0.51, 0.08233333333333333, 0.3323333333333333, 0.1101111111111111, 0.34, 0.01, 0.68]",[8787349.0],0.8540352925658226
241,"[0.08233333333333333, 0.3323333333333333, 0.1101111111111111, 0.08233333333333333, 0.3323333333333333, 0.1101111111111111, 0.3323333333333333, 0.08233333333333333, 0.3323333333333333, 0.1101111111111111, 0.08233333333333333, 0.3323333333333333, 0.1101111111111111, 0.499, 0.08233333333333333, 0.3323333333333333, 0.1101111111111111, 0.08233333333333333, 0.3323333333333333, 0.1101111111111111, 0.3323333333333333, 0.08233333333333333, 0.3323333333333333, 0.1101111111111111, 0.08233333333333333, 0.3323333333333333, 0.1101111111111111, 0.499, 0.76, 0.34, 0.01, 0.76, 0.68, 0.57, 0.34, 0.68, 0.01, 0.57, 0.93, 0.34, 0.01, 0.51, 0.08233333333333333, 0.3323333333333333, 0.1101111111111111, 0.09, 0.01, 0.23, 0.68, 0.08233333333333333, 0.3323333333333333, 0.1101111111111111, 0.26, 0.68, 0.57, 0.01, 0.68, 0.01, 0.79, 0.26, 0.68, 0.9]",[2878098.0],0.8688909192879994
242,"[0.08233333333333333, 0.3323333333333333, 0.1101111111111111, 0.08233333333333333, 0.3323333333333333, 0.1101111111111111, 0.3323333333333333, 0.08233333333333333, 0.3323333333333333, 0.1101111111111111, 0.08233333333333333, 0.3323333333333333, 0.1101111111111111, 0.499, 0.08233333333333333, 0.3323333333333333, 0.1101111111111111, 0.08233333333333333, 0.3323333333333333, 0.1101111111111111, 0.3323333333333333, 0.08233333333333333, 0.3323333333333333, 0.1101111111111111, 0.08233333333333333, 0.3323333333333333, 0.1101111111111111, 0.499, 0.43, 0.34, 0.79, 0.34, 0.68, 0.01, 0.34, 0.68, 0.68, 0.68, 0.51, 0.68, 0.34, 0.01, 0.08233333333333333, 0.3323333333333333, 0.1101111111111111, 0.34, 0.68, 0.68, 0.34, 0.08233333333333333, 0.3323333333333333, 0.1101111111111111, 0.43, 0.01, 0.23, 0.51, 0.34, 0.68, 0.01, 0.43, 0.34, 0.68]",[164129.0],0.9192687556147576
243,"[0.08233333333333333, 0.3323333333333333, 0.1101111111111111, 0.08233333333333333, 0.3323333333333333, 0.1101111111111111, 0.3323333333333333, 0.08233333333333333, 0.3323333333333333, 0.1101111111111111, 0.08233333333333333, 0.3323333333333333, 0.1101111111111111, 0.499, 0.08233333333333333, 0.3323333333333333, 0.1101111111111111, 0.08233333333333333, 0.3323333333333333, 0.1101111111111111, 0.3323333333333333, 0.08233333333333333, 0.3323333333333333, 0.1101111111111111, 0.08233333333333333, 0.3323333333333333, 0.1101111111111111, 0.499, 0.08233333333333333, 0.3323333333333333, 0.1101111111111111, 0.68, 0.01, 0.9, 0.34, 0.08233333333333333, 0.3323333333333333, 0.1101111111111111, 0.84, 0.34, 0.79, 0.51, 0.08233333333333333, 0.3323333333333333, 0.1101111111111111, 0.84, 0.34, 0.01, 0.68, 0.08233333333333333, 0.3323333333333333, 0.1101111111111111, 0.18, 0.68, 0.57, 0.01, 0.51, 0.68, 0.9, 0.76, 0.01, 0.23]",[1882480.0],0.8736155023177464
244,"[0.08233333333333333, 0.3323333333333333, 0.1101111111111111, 0.08233333333333333, 0.3323333333333333, 0.1101111111111111, 0.3323333333333333, 0.08233333333333333, 0.3323333333333333, 0.1101111111111111, 0.08233333333333333, 0.3323333333333333, 0.1101111111111111, 0.499, 0.08233333333333333, 0.3323333333333333, 0.1101111111111111, 0.76, 0.68, 0.12, 0.68, 0.26, 0.34, 0.34, 0.76, 0.68, 0.45, 0.01, 0.26, 0.34, 0.45, 0.76, 0.01, 0.01, 0.68, 0.08233333333333333, 0.3323333333333333, 0.1101111111111111, 0.09, 0.01, 0.79, 0.01, 0.08233333333333333, 0.3323333333333333, 0.1101111111111111, 0.43, 0.01, 0.79, 0.68, 0.08233333333333333, 0.3323333333333333, 0.1101111111111111, 0.43, 0.34, 0.23, 0.01, 0.08233333333333333, 0.3323333333333333, 0.1101111111111111, 0.26, 0.01, 0.34]",[63637.0],0.8203971688946088
245,"[0.84, 0.01, 0.01, 0.09, 0.68, 0.45, 0.68, 0.08233333333333333, 0.3323333333333333, 0.1101111111111111, 0.43, 0.68, 0.79, 0.01, 0.08233333333333333, 0.3323333333333333, 0.1101111111111111, 0.51, 0.34, 0.12, 0.68, 0.08233333333333333, 0.3323333333333333, 0.1101111111111111, 0.43, 0.68, 0.12, 0.01, 0.09, 0.01, 0.45, 0.84, 0.34, 0.79, 0.68, 0.08233333333333333, 0.3323333333333333, 0.1101111111111111, 0.43, 0.68, 0.34, 0.01, 0.34, 0.34, 0.23, 0.34, 0.01, 0.57, 0.34, 0.51, 0.68, 0.12, 0.09, 0.34, 0.34, 0.51, 0.76, 0.68, 0.45, 0.34, 0.34, 0.23]",[155403.0],0.8937000224987666
246,"[0.08233333333333333, 0.3323333333333333, 0.1101111111111111, 0.08233333333333333, 0.3323333333333333, 0.1101111111111111, 0.3323333333333333, 0.08233333333333333, 0.3323333333333333, 0.1101111111111111, 0.08233333333333333, 0.3323333333333333, 0.1101111111111111, 0.499, 0.08233333333333333, 0.3323333333333333, 0.1101111111111111, 0.08233333333333333, 0.3323333333333333, 0.1101111111111111, 0.3323333333333333, 0.08233333333333333, 0.3323333333333333, 0.1101111111111111, 0.08233333333333333, 0.3323333333333333, 0.1101111111111111, 0.499, 0.08233333333333333, 0.3323333333333333, 0.1101111111111111, 0.84, 0.01, 0.12, 0.68, 0.08233333333333333, 0.3323333333333333, 0.1101111111111111, 0.68, 0.01, 0.9, 0.01, 0.68, 0.01, 0.23, 0.93, 0.01, 0.23, 0.34, 0.08233333333333333, 0.3323333333333333, 0.1101111111111111, 0.59, 0.34, 0.79, 0.01, 0.84, 0.01, 0.57, 0.84, 0.34, 0.34]",[4459137.0],0.3198619082570076
247,"[0.08233333333333333, 0.3323333333333333, 0.1101111111111111, 0.08233333333333333, 0.3323333333333333, 0.1101111111111111, 0.3323333333333333, 0.08233333333333333, 0.3323333333333333, 0.1101111111111111, 0.08233333333333333, 0.3323333333333333, 0.1101111111111111, 0.499, 0.08233333333333333, 0.3323333333333333, 0.1101111111111111, 0.08233333333333333, 0.3323333333333333, 0.1101111111111111, 0.3323333333333333, 0.08233333333333333, 0.3323333333333333, 0.1101111111111111, 0.08233333333333333, 0.3323333333333333, 0.1101111111111111, 0.499, 0.26, 0.34, 0.12, 0.76, 0.34, 0.68, 0.34, 0.08233333333333333, 0.3323333333333333, 0.1101111111111111, 0.43, 0.34, 0.23, 0.01, 0.08233333333333333, 0.3323333333333333, 0.1101111111111111, 0.51, 0.01, 0.45, 0.68, 0.76, 0.34, 0.79, 0.76, 0.34, 0.79, 0.51, 0.08233333333333333, 0.3323333333333333, 0.1101111111111111, 0.76, 0.34, 0.23]",[1483417.0],0.908265374104182
248,"[0.08233333333333333, 0.3323333333333333, 0.1101111111111111, 0.08233333333333333, 0.3323333333333333, 0.1101111111111111, 0.3323333333333333, 0.08233333333333333, 0.3323333333333333, 0.1101111111111111, 0.08233333333333333, 0.3323333333333333, 0.1101111111111111, 0.499, 0.18, 0.34, 0.9, 0.93, 0.68, 0.57, 0.68, 0.59, 0.34, 0.45, 0.51, 0.68, 0.68, 0.01, 0.08233333333333333, 0.3323333333333333, 0.1101111111111111, 0.51, 0.68, 0.23, 0.68, 0.93, 0.34, 0.12, 0.43, 0.01, 0.57, 0.01, 0.34, 0.68, 0.01, 0.43, 0.68, 0.12, 0.34, 0.68, 0.01, 0.12, 0.84, 0.34, 0.57, 0.01, 0.08233333333333333, 0.3323333333333333, 0.1101111111111111, 0.93, 0.34, 0.12]",[11800933.0],0.9257059827446936
249,"[0.08233333333333333, 0.3323333333333333, 0.1101111111111111, 0.08233333333333333, 0.3323333333333333, 0.1101111111111111, 0.3323333333333333, 0.08233333333333333, 0.3323333333333333, 0.1101111111111111, 0.08233333333333333, 0.3323333333333333, 0.1101111111111111, 0.499, 0.08233333333333333, 0.3323333333333333, 0.1101111111111111, 0.26, 0.34, 0.12, 0.68, 0.08233333333333333, 0.3323333333333333, 0.1101111111111111, 0.51, 0.68, 0.23, 0.51, 0.09, 0.68, 0.57, 0.26, 0.01, 0.57, 0.68, 0.08233333333333333, 0.3323333333333333, 0.1101111111111111, 0.51, 0.01, 0.45, 0.51, 0.08233333333333333, 0.3323333333333333, 0.1101111111111111, 0.93, 0.01, 0.45, 0.34, 0.68, 0.01, 0.01, 0.68, 0.68, 0.23, 0.51, 0.08233333333333333, 0.3323333333333333, 0.1101111111111111, 0.18, 0.68, 0.9]",[653487.0],0.8567604447404543
250,"[0.08233333333333333, 0.3323333333333333, 0.1101111111111111, 0.84, 0.68, 0.12, 0.34, 0.76, 0.68, 0.9, 0.68, 0.34, 0.23, 0.01, 0.08233333333333333, 0.3323333333333333, 0.1101111111111111, 0.59, 0.68, 0.12, 0.68, 0.43, 0.01, 0.23, 0.51, 0.34, 0.68, 0.51, 0.76, 0.68, 0.23, 0.68, 0.01, 0.57, 0.68, 0.08233333333333333, 0.3323333333333333, 0.1101111111111111, 0.68, 0.68, 0.57, 0.51, 0.08233333333333333, 0.3323333333333333, 0.1101111111111111, 0.93, 0.68, 0.34, 0.34, 0.68, 0.68, 0.01, 0.68, 0.01, 0.9, 0.51, 0.08233333333333333, 0.3323333333333333, 0.1101111111111111, 0.84, 0.68, 0.23]",[23521521.0],0.95113313049078
251,"[0.08233333333333333, 0.3323333333333333, 0.1101111111111111, 0.08233333333333333, 0.3323333333333333, 0.1101111111111111, 0.3323333333333333, 0.08233333333333333, 0.3323333333333333, 0.1101111111111111, 0.08233333333333333, 0.3323333333333333, 0.1101111111111111, 0.499, 0.43, 0.34, 0.34, 0.34, 0.34, 0.45, 0.34, 0.08233333333333333, 0.3323333333333333, 0.1101111111111111, 0.59, 0.01, 0.01, 0.51, 0.08233333333333333, 0.3323333333333333, 0.1101111111111111, 0.51, 0.34, 0.34, 0.68, 0.08233333333333333, 0.3323333333333333, 0.1101111111111111, 0.26, 0.68, 0.68, 0.51, 0.43, 0.68, 0.45, 0.51, 0.34, 0.79, 0.34, 0.08233333333333333, 0.3323333333333333, 0.1101111111111111, 0.68, 0.01, 0.68, 0.01, 0.08233333333333333, 0.3323333333333333, 0.1101111111111111, 0.59, 0.68, 0.34]",[141399.0],0.936252851287524
252,"[0.08233333333333333, 0.3323333333333333, 0.1101111111111111, 0.08233333333333333, 0.3323333333333333, 0.1101111111111111, 0.3323333333333333, 0.08233333333333333, 0.3323333333333333, 0.1101111111111111, 0.08233333333333333, 0.3323333333333333, 0.1101111111111111, 0.499, 0.08233333333333333, 0.3323333333333333, 0.1101111111111111, 0.34, 0.01, 0.79, 0.68, 0.18, 0.68, 0.34, 0.59, 0.01, 0.79, 0.01, 0.18, 0.01, 0.9, 0.84, 0.34, 0.12, 0.68, 0.34, 0.68, 0.68, 0.68, 0.01, 0.34, 0.51, 0.08233333333333333, 0.3323333333333333, 0.1101111111111111, 0.84, 0.68, 0.23, 0.68, 0.08233333333333333, 0.3323333333333333, 0.1101111111111111, 0.51, 0.68, 0.12, 0.01, 0.59, 0.01, 0.23, 0.26, 0.68, 0.12]",[6790245.0],0.9180224647124609
253,"[0.08233333333333333, 0.3323333333333333, 0.1101111111111111, 0.08233333333333333, 0.3323333333333333, 0.1101111111111111, 0.3323333333333333, 0.08233333333333333, 0.3323333333333333, 0.1101111111111111, 0.08233333333333333, 0.3323333333333333, 0.1101111111111111, 0.499, 0.43, 0.68, 0.68, 0.84, 0.34, 0.45, 0.34, 0.76, 0.68, 0.01, 0.68, 0.34, 0.01, 0.51, 0.76, 0.34, 0.34, 0.43, 0.68, 0.12, 0.68, 0.51, 0.68, 0.57, 0.59, 0.68, 0.9, 0.01, 0.08233333333333333, 0.3323333333333333, 0.1101111111111111, 0.59, 0.68, 0.12, 0.68, 0.08233333333333333, 0.3323333333333333, 0.1101111111111111, 0.76, 0.34, 0.01, 0.01, 0.59, 0.01, 0.79, 0.26, 0.34, 0.23]",[5706529.0],0.9371921092271804
254,"[0.08233333333333333, 0.3323333333333333, 0.1101111111111111, 0.08233333333333333, 0.3323333333333333, 0.1101111111111111, 0.3323333333333333, 0.08233333333333333, 0.3323333333333333, 0.1101111111111111, 0.08233333333333333, 0.3323333333333333, 0.1101111111111111, 0.499, 0.08233333333333333, 0.3323333333333333, 0.1101111111111111, 0.59, 0.68, 0.57, 0.34, 0.43, 0.01, 0.79, 0.26, 0.34, 0.79, 0.01, 0.51, 0.34, 0.01, 0.68, 0.68, 0.9, 0.68, 0.68, 0.01, 0.9, 0.59, 0.68, 0.9, 0.51, 0.08233333333333333, 0.3323333333333333, 0.1101111111111111, 0.26, 0.68, 0.45, 0.34, 0.51, 0.34, 0.12, 0.59, 0.01, 0.23, 0.01, 0.08233333333333333, 0.3323333333333333, 0.1101111111111111, 0.59, 0.68, 0.34]",[435117.0],0.9461748237411182
255,"[0.51, 0.68, 0.45, 0.51, 0.68, 0.45, 0.68, 0.59, 0.01, 0.68, 0.68, 0.01, 0.45, 0.51, 0.76, 0.34, 0.12, 0.76, 0.01, 0.45, 0.34, 0.93, 0.01, 0.12, 0.68, 0.68, 0.45, 0.01, 0.59, 0.01, 0.34, 0.84, 0.34, 0.45, 0.34, 0.08233333333333333, 0.3323333333333333, 0.1101111111111111, 0.51, 0.68, 0.23, 0.01, 0.08233333333333333, 0.3323333333333333, 0.1101111111111111, 0.93, 0.01, 0.12, 0.68, 0.08233333333333333, 0.3323333333333333, 0.1101111111111111, 0.76, 0.68, 0.34, 0.51, 0.59, 0.68, 0.01, 0.26, 0.34, 0.45]",[13049807.0],0.9556864202022552
256,"[0.08233333333333333, 0.3323333333333333, 0.1101111111111111, 0.08233333333333333, 0.3323333333333333, 0.1101111111111111, 0.3323333333333333, 0.08233333333333333, 0.3323333333333333, 0.1101111111111111, 0.08233333333333333, 0.3323333333333333, 0.1101111111111111, 0.499, 0.08233333333333333, 0.3323333333333333, 0.1101111111111111, 0.18, 0.68, 0.45, 0.34, 0.08233333333333333, 0.3323333333333333, 0.1101111111111111, 0.84, 0.01, 0.79, 0.01, 0.18, 0.01, 0.12, 0.26, 0.01, 0.45, 0.34, 0.76, 0.01, 0.12, 0.93, 0.34, 0.23, 0.51, 0.26, 0.68, 0.45, 0.84, 0.01, 0.68, 0.34, 0.18, 0.34, 0.57, 0.26, 0.68, 0.57, 0.51, 0.08233333333333333, 0.3323333333333333, 0.1101111111111111, 0.43, 0.34, 0.12]",[7174427.0],0.8733433191974957
257,"[0.08233333333333333, 0.3323333333333333, 0.1101111111111111, 0.08233333333333333, 0.3323333333333333, 0.1101111111111111, 0.3323333333333333, 0.08233333333333333, 0.3323333333333333, 0.1101111111111111, 0.08233333333333333, 0.3323333333333333, 0.1101111111111111, 0.499, 0.08233333333333333, 0.3323333333333333, 0.1101111111111111, 0.08233333333333333, 0.3323333333333333, 0.1101111111111111, 0.3323333333333333, 0.08233333333333333, 0.3323333333333333, 0.1101111111111111, 0.08233333333333333, 0.3323333333333333, 0.1101111111111111, 0.499, 0.08233333333333333, 0.3323333333333333, 0.1101111111111111, 0.59, 0.68, 0.12, 0.68, 0.59, 0.68, 0.12, 0.84, 0.34, 0.68, 0.01, 0.51, 0.01, 0.45, 0.09, 0.34, 0.68, 0.68, 0.08233333333333333, 0.3323333333333333, 0.1101111111111111, 0.26, 0.34, 0.68, 0.51, 0.68, 0.68, 0.9, 0.43, 0.34, 0.57]",[333968.0],0.86881898244222
258,"[0.08233333333333333, 0.3323333333333333, 0.1101111111111111, 0.08233333333333333, 0.3323333333333333, 0.1101111111111111, 0.3323333333333333, 0.08233333333333333, 0.3323333333333333, 0.1101111111111111, 0.08233333333333333, 0.3323333333333333, 0.1101111111111111, 0.499, 0.08233333333333333, 0.3323333333333333, 0.1101111111111111, 0.08233333333333333, 0.3323333333333333, 0.1101111111111111, 0.3323333333333333, 0.08233333333333333, 0.3323333333333333, 0.1101111111111111, 0.08233333333333333, 0.3323333333333333, 0.1101111111111111, 0.499, 0.08233333333333333, 0.3323333333333333, 0.1101111111111111, 0.18, 0.68, 0.12, 0.34, 0.08233333333333333, 0.3323333333333333, 0.1101111111111111, 0.09, 0.01, 0.45, 0.51, 0.08233333333333333, 0.3323333333333333, 0.1101111111111111, 0.43, 0.34, 0.68, 0.68, 0.26, 0.34, 0.34, 0.51, 0.68, 0.79, 0.01, 0.43, 0.68, 0.9, 0.76, 0.01, 0.01]",[288815.0],0.8568067153294882
259,"[0.08233333333333333, 0.3323333333333333, 0.1101111111111111, 0.08233333333333333, 0.3323333333333333, 0.1101111111111111, 0.3323333333333333, 0.08233333333333333, 0.3323333333333333, 0.1101111111111111, 0.08233333333333333, 0.3323333333333333, 0.1101111111111111, 0.499, 0.08233333333333333, 0.3323333333333333, 0.1101111111111111, 0.08233333333333333, 0.3323333333333333, 0.1101111111111111, 0.3323333333333333, 0.08233333333333333, 0.3323333333333333, 0.1101111111111111, 0.08233333333333333, 0.3323333333333333, 0.1101111111111111, 0.499, 0.08233333333333333, 0.3323333333333333, 0.1101111111111111, 0.84, 0.34, 0.57, 0.34, 0.08233333333333333, 0.3323333333333333, 0.1101111111111111, 0.26, 0.68, 0.9, 0.01, 0.08233333333333333, 0.3323333333333333, 0.1101111111111111, 0.59, 0.68, 0.9, 0.34, 0.93, 0.68, 0.57, 0.26, 0.34, 0.57, 0.51, 0.51, 0.01, 0.68, 0.76, 0.68, 0.01]",[6129297.0],0.9321897601087888
260,"[0.08233333333333333, 0.3323333333333333, 0.1101111111111111, 0.68, 0.34, 0.68, 0.68, 0.84, 0.34, 0.9, 0.76, 0.34, 0.34, 0.51, 0.93, 0.68, 0.68, 0.43, 0.34, 0.68, 0.34, 0.68, 0.34, 0.45, 0.84, 0.68, 0.23, 0.01, 0.18, 0.68, 0.12, 0.68, 0.01, 0.57, 0.68, 0.08233333333333333, 0.3323333333333333, 0.1101111111111111, 0.51, 0.68, 0.79, 0.01, 0.09, 0.01, 0.57, 0.93, 0.34, 0.79, 0.68, 0.51, 0.34, 0.34, 0.51, 0.68, 0.34, 0.51, 0.26, 0.01, 0.68, 0.34, 0.68, 0.45]",[8959362.0],0.9419524679581324
261,"[0.08233333333333333, 0.3323333333333333, 0.1101111111111111, 0.08233333333333333, 0.3323333333333333, 0.1101111111111111, 0.3323333333333333, 0.08233333333333333, 0.3323333333333333, 0.1101111111111111, 0.08233333333333333, 0.3323333333333333, 0.1101111111111111, 0.499, 0.08233333333333333, 0.3323333333333333, 0.1101111111111111, 0.08233333333333333, 0.3323333333333333, 0.1101111111111111, 0.3323333333333333, 0.08233333333333333, 0.3323333333333333, 0.1101111111111111, 0.08233333333333333, 0.3323333333333333, 0.1101111111111111, 0.499, 0.18, 0.01, 0.34, 0.43, 0.01, 0.9, 0.34, 0.08233333333333333, 0.3323333333333333, 0.1101111111111111, 0.59, 0.34, 0.23, 0.51, 0.09, 0.34, 0.12, 0.43, 0.34, 0.68, 0.68, 0.08233333333333333, 0.3323333333333333, 0.1101111111111111, 0.51, 0.01, 0.12, 0.51, 0.08233333333333333, 0.3323333333333333, 0.1101111111111111, 0.84, 0.34, 0.79]",[629792.0],0.8182561521728834
262,"[0.08233333333333333, 0.3323333333333333, 0.1101111111111111, 0.08233333333333333, 0.3323333333333333, 0.1101111111111111, 0.3323333333333333, 0.08233333333333333, 0.3323333333333333, 0.1101111111111111, 0.08233333333333333, 0.3323333333333333, 0.1101111111111111, 0.499, 0.08233333333333333, 0.3323333333333333, 0.1101111111111111, 0.08233333333333333, 0.3323333333333333, 0.1101111111111111, 0.3323333333333333, 0.08233333333333333, 0.3323333333333333, 0.1101111111111111, 0.08233333333333333, 0.3323333333333333, 0.1101111111111111, 0.499, 0.08233333333333333, 0.3323333333333333, 0.1101111111111111, 0.59, 0.68, 0.45, 0.34, 0.08233333333333333, 0.3323333333333333, 0.1101111111111111, 0.09, 0.01, 0.12, 0.01, 0.08233333333333333, 0.3323333333333333, 0.1101111111111111, 0.51, 0.34, 0.57, 0.34, 0.08233333333333333, 0.3323333333333333, 0.1101111111111111, 0.59, 0.68, 0.23, 0.01, 0.59, 0.68, 0.23, 0.34, 0.68, 0.57]",[117509.0],0.9179708485802016
263,"[0.08233333333333333, 0.3323333333333333, 0.1101111111111111, 0.08233333333333333, 0.3323333333333333, 0.1101111111111111, 0.3323333333333333, 0.08233333333333333, 0.3323333333333333, 0.1101111111111111, 0.08233333333333333, 0.3323333333333333, 0.1101111111111111, 0.499, 0.08233333333333333, 0.3323333333333333, 0.1101111111111111, 0.08233333333333333, 0.3323333333333333, 0.1101111111111111, 0.3323333333333333, 0.08233333333333333, 0.3323333333333333, 0.1101111111111111, 0.08233333333333333, 0.3323333333333333, 0.1101111111111111, 0.499, 0.84, 0.34, 0.45, 0.59, 0.01, 0.9, 0.34, 0.08233333333333333, 0.3323333333333333, 0.1101111111111111, 0.93, 0.01, 0.34, 0.01, 0.26, 0.01, 0.9, 0.93, 0.01, 0.68, 0.68, 0.08233333333333333, 0.3323333333333333, 0.1101111111111111, 0.34, 0.68, 0.68, 0.01, 0.09, 0.68, 0.34, 0.51, 0.68, 0.01]",[105360.0],0.889186322192351
264,"[0.08233333333333333, 0.3323333333333333, 0.1101111111111111, 0.08233333333333333, 0.3323333333333333, 0.1101111111111111, 0.3323333333333333, 0.08233333333333333, 0.3323333333333333, 0.1101111111111111, 0.08233333333333333, 0.3323333333333333, 0.1101111111111111, 0.499, 0.08233333333333333, 0.3323333333333333, 0.1101111111111111, 0.08233333333333333, 0.3323333333333333, 0.1101111111111111, 0.3323333333333333, 0.08233333333333333, 0.3323333333333333, 0.1101111111111111, 0.08233333333333333, 0.3323333333333333, 0.1101111111111111, 0.499, 0.34, 0.68, 0.12, 0.34, 0.68, 0.23, 0.34, 0.08233333333333333, 0.3323333333333333, 0.1101111111111111, 0.18, 0.01, 0.12, 0.51, 0.26, 0.68, 0.68, 0.68, 0.34, 0.23, 0.34, 0.51, 0.34, 0.34, 0.51, 0.34, 0.12, 0.51, 0.43, 0.01, 0.9, 0.26, 0.68, 0.9]",[60763.0],0.90711084852616
265,"[0.08233333333333333, 0.3323333333333333, 0.1101111111111111, 0.59, 0.34, 0.79, 0.34, 0.08233333333333333, 0.3323333333333333, 0.1101111111111111, 0.59, 0.68, 0.23, 0.51, 0.84, 0.34, 0.68, 0.09, 0.34, 0.9, 0.34, 0.08233333333333333, 0.3323333333333333, 0.1101111111111111, 0.59, 0.34, 0.01, 0.01, 0.08233333333333333, 0.3323333333333333, 0.1101111111111111, 0.68, 0.68, 0.68, 0.34, 0.68, 0.68, 0.57, 0.34, 0.68, 0.34, 0.51, 0.26, 0.01, 0.79, 0.09, 0.34, 0.9, 0.34, 0.08233333333333333, 0.3323333333333333, 0.1101111111111111, 0.84, 0.01, 0.45, 0.51, 0.08233333333333333, 0.3323333333333333, 0.1101111111111111, 0.76, 0.01, 0.23]",[2453431.0],0.7755969723065694
266,"[0.34, 0.68, 0.57, 0.84, 0.68, 0.45, 0.34, 0.43, 0.34, 0.57, 0.84, 0.68, 0.34, 0.51, 0.08233333333333333, 0.3323333333333333, 0.1101111111111111, 0.84, 0.01, 0.01, 0.68, 0.08233333333333333, 0.3323333333333333, 0.1101111111111111, 0.84, 0.68, 0.23, 0.01, 0.08233333333333333, 0.3323333333333333, 0.1101111111111111, 0.34, 0.34, 0.45, 0.34, 0.08233333333333333, 0.3323333333333333, 0.1101111111111111, 0.26, 0.01, 0.9, 0.01, 0.08233333333333333, 0.3323333333333333, 0.1101111111111111, 0.34, 0.68, 0.68, 0.34, 0.09, 0.34, 0.57, 0.93, 0.68, 0.12, 0.01, 0.08233333333333333, 0.3323333333333333, 0.1101111111111111, 0.51, 0.34, 0.45]",[5536516.0],0.9297983850042024
267,"[0.08233333333333333, 0.3323333333333333, 0.1101111111111111, 0.08233333333333333, 0.3323333333333333, 0.1101111111111111, 0.3323333333333333, 0.08233333333333333, 0.3323333333333333, 0.1101111111111111, 0.08233333333333333, 0.3323333333333333, 0.1101111111111111, 0.499, 0.08233333333333333, 0.3323333333333333, 0.1101111111111111, 0.08233333333333333, 0.3323333333333333, 0.1101111111111111, 0.3323333333333333, 0.08233333333333333, 0.3323333333333333, 0.1101111111111111, 0.08233333333333333, 0.3323333333333333, 0.1101111111111111, 0.499, 0.08233333333333333, 0.3323333333333333, 0.1101111111111111, 0.76, 0.01, 0.45, 0.34, 0.08233333333333333, 0.3323333333333333, 0.1101111111111111, 0.18, 0.68, 0.68, 0.51, 0.08233333333333333, 0.3323333333333333, 0.1101111111111111, 0.34, 0.34, 0.34, 0.68, 0.08233333333333333, 0.3323333333333333, 0.1101111111111111, 0.18, 0.01, 0.9, 0.01, 0.08233333333333333, 0.3323333333333333, 0.1101111111111111, 0.76, 0.68, 0.57]",[347746.0],0.8193990553418795
268,"[0.08233333333333333, 0.3323333333333333, 0.1101111111111111, 0.08233333333333333, 0.3323333333333333, 0.1101111111111111, 0.3323333333333333, 0.08233333333333333, 0.3323333333333333, 0.1101111111111111, 0.08233333333333333, 0.3323333333333333, 0.1101111111111111, 0.499, 0.08233333333333333, 0.3323333333333333, 0.1101111111111111, 0.08233333333333333, 0.3323333333333333, 0.1101111111111111, 0.3323333333333333, 0.08233333333333333, 0.3323333333333333, 0.1101111111111111, 0.08233333333333333, 0.3323333333333333, 0.1101111111111111, 0.499, 0.08233333333333333, 0.3323333333333333, 0.1101111111111111, 0.68, 0.01, 0.01, 0.34, 0.08233333333333333, 0.3323333333333333, 0.1101111111111111, 0.51, 0.01, 0.23, 0.01, 0.08233333333333333, 0.3323333333333333, 0.1101111111111111, 0.43, 0.01, 0.12, 0.68, 0.08233333333333333, 0.3323333333333333, 0.1101111111111111, 0.09, 0.01, 0.68, 0.51, 0.26, 0.01, 0.01, 0.43, 0.34, 0.68]",[4277.0],0.791155394911766
269,"[0.26, 0.34, 0.34, 0.76, 0.34, 0.68, 0.34, 0.08233333333333333, 0.3323333333333333, 0.1101111111111111, 0.09, 0.01, 0.12, 0.01, 0.84, 0.34, 0.23, 0.59, 0.34, 0.01, 0.34, 0.08233333333333333, 0.3323333333333333, 0.1101111111111111, 0.34, 0.68, 0.45, 0.51, 0.08233333333333333, 0.3323333333333333, 0.1101111111111111, 0.09, 0.01, 0.57, 0.34, 0.34, 0.68, 0.23, 0.93, 0.01, 0.12, 0.51, 0.76, 0.34, 0.23, 0.68, 0.01, 0.57, 0.68, 0.43, 0.01, 0.68, 0.34, 0.01, 0.45, 0.51, 0.09, 0.01, 0.57, 0.34, 0.34, 0.34]",[3750939.0],0.933611361682415
270,"[0.08233333333333333, 0.3323333333333333, 0.1101111111111111, 0.08233333333333333, 0.3323333333333333, 0.1101111111111111, 0.3323333333333333, 0.08233333333333333, 0.3323333333333333, 0.1101111111111111, 0.08233333333333333, 0.3323333333333333, 0.1101111111111111, 0.499, 0.08233333333333333, 0.3323333333333333, 0.1101111111111111, 0.08233333333333333, 0.3323333333333333, 0.1101111111111111, 0.3323333333333333, 0.08233333333333333, 0.3323333333333333, 0.1101111111111111, 0.08233333333333333, 0.3323333333333333, 0.1101111111111111, 0.499, 0.18, 0.01, 0.9, 0.59, 0.68, 0.68, 0.34, 0.93, 0.01, 0.12, 0.26, 0.34, 0.79, 0.01, 0.08233333333333333, 0.3323333333333333, 0.1101111111111111, 0.43, 0.01, 0.23, 0.34, 0.08233333333333333, 0.3323333333333333, 0.1101111111111111, 0.76, 0.01, 0.12, 0.01, 0.68, 0.01, 0.34, 0.51, 0.34, 0.57]",[621453.0],0.8268203124403953
271,"[0.08233333333333333, 0.3323333333333333, 0.1101111111111111, 0.08233333333333333, 0.3323333333333333, 0.1101111111111111, 0.3323333333333333, 0.08233333333333333, 0.3323333333333333, 0.1101111111111111, 0.08233333333333333, 0.3323333333333333, 0.1101111111111111, 0.499, 0.08233333333333333, 0.3323333333333333, 0.1101111111111111, 0.08233333333333333, 0.3323333333333333, 0.1101111111111111, 0.3323333333333333, 0.08233333333333333, 0.3323333333333333, 0.1101111111111111, 0.08233333333333333, 0.3323333333333333, 0.1101111111111111, 0.499, 0.09, 0.34, 0.34, 0.09, 0.68, 0.45, 0.68, 0.68, 0.68, 0.01, 0.09, 0.01, 0.01, 0.51, 0.84, 0.34, 0.45, 0.34, 0.34, 0.23, 0.34, 0.08233333333333333, 0.3323333333333333, 0.1101111111111111, 0.43, 0.34, 0.12, 0.01, 0.08233333333333333, 0.3323333333333333, 0.1101111111111111, 0.18, 0.68, 0.01]",[73687.0],0.8378359610835712
272,"[0.08233333333333333, 0.3323333333333333, 0.1101111111111111, 0.08233333333333333, 0.3323333333333333, 0.1101111111111111, 0.3323333333333333, 0.08233333333333333, 0.3323333333333333, 0.1101111111111111, 0.08233333333333333, 0.3323333333333333, 0.1101111111111111, 0.499, 0.08233333333333333, 0.3323333333333333, 0.1101111111111111, 0.09, 0.01, 0.12, 0.68, 0.84, 0.68, 0.9, 0.43, 0.01, 0.57, 0.51, 0.08233333333333333, 0.3323333333333333, 0.1101111111111111, 0.18, 0.68, 0.68, 0.68, 0.76, 0.68, 0.68, 0.68, 0.01, 0.34, 0.01, 0.08233333333333333, 0.3323333333333333, 0.1101111111111111, 0.68, 0.01, 0.79, 0.68, 0.93, 0.34, 0.01, 0.09, 0.68, 0.79, 0.01, 0.84, 0.01, 0.45, 0.34, 0.01, 0.34]",[1089511.0],0.8233817622065545
273,"[0.08233333333333333, 0.3323333333333333, 0.1101111111111111, 0.08233333333333333, 0.3323333333333333, 0.1101111111111111, 0.3323333333333333, 0.08233333333333333, 0.3323333333333333, 0.1101111111111111, 0.08233333333333333, 0.3323333333333333, 0.1101111111111111, 0.499, 0.34, 0.68, 0.01, 0.09, 0.34, 0.34, 0.68, 0.08233333333333333, 0.3323333333333333, 0.1101111111111111, 0.84, 0.01, 0.9, 0.01, 0.59, 0.01, 0.57, 0.09, 0.68, 0.01, 0.34, 0.76, 0.68, 0.57, 0.76, 0.01, 0.79, 0.01, 0.08233333333333333, 0.3323333333333333, 0.1101111111111111, 0.51, 0.34, 0.68, 0.68, 0.68, 0.01, 0.68, 0.43, 0.34, 0.12, 0.51, 0.59, 0.34, 0.57, 0.76, 0.01, 0.12]",[775295.0],0.3209606612722079
274,"[0.08233333333333333, 0.3323333333333333, 0.1101111111111111, 0.08233333333333333, 0.3323333333333333, 0.1101111111111111, 0.3323333333333333, 0.08233333333333333, 0.3323333333333333, 0.1101111111111111, 0.08233333333333333, 0.3323333333333333, 0.1101111111111111, 0.499, 0.08233333333333333, 0.3323333333333333, 0.1101111111111111, 0.08233333333333333, 0.3323333333333333, 0.1101111111111111, 0.3323333333333333, 0.08233333333333333, 0.3323333333333333, 0.1101111111111111, 0.08233333333333333, 0.3323333333333333, 0.1101111111111111, 0.499, 0.84, 0.68, 0.45, 0.93, 0.01, 0.45, 0.68, 0.08233333333333333, 0.3323333333333333, 0.1101111111111111, 0.84, 0.68, 0.01, 0.01, 0.84, 0.68, 0.45, 0.93, 0.68, 0.34, 0.34, 0.51, 0.68, 0.12, 0.68, 0.34, 0.45, 0.01, 0.84, 0.01, 0.57, 0.76, 0.34, 0.23]",[30703201.0],0.9346163163582484
275,"[0.08233333333333333, 0.3323333333333333, 0.1101111111111111, 0.08233333333333333, 0.3323333333333333, 0.1101111111111111, 0.3323333333333333, 0.08233333333333333, 0.3323333333333333, 0.1101111111111111, 0.08233333333333333, 0.3323333333333333, 0.1101111111111111, 0.499, 0.59, 0.68, 0.12, 0.34, 0.34, 0.01, 0.68, 0.08233333333333333, 0.3323333333333333, 0.1101111111111111, 0.84, 0.68, 0.34, 0.01, 0.08233333333333333, 0.3323333333333333, 0.1101111111111111, 0.26, 0.68, 0.34, 0.34, 0.09, 0.68, 0.9, 0.34, 0.01, 0.12, 0.51, 0.18, 0.01, 0.57, 0.68, 0.68, 0.34, 0.34, 0.18, 0.34, 0.9, 0.76, 0.34, 0.57, 0.01, 0.08233333333333333, 0.3323333333333333, 0.1101111111111111, 0.51, 0.34, 0.57]",[303528.0],0.3275427867968877
276,"[0.08233333333333333, 0.3323333333333333, 0.1101111111111111, 0.08233333333333333, 0.3323333333333333, 0.1101111111111111, 0.3323333333333333, 0.08233333333333333, 0.3323333333333333, 0.1101111111111111, 0.08233333333333333, 0.3323333333333333, 0.1101111111111111, 0.499, 0.08233333333333333, 0.3323333333333333, 0.1101111111111111, 0.08233333333333333, 0.3323333333333333, 0.1101111111111111, 0.3323333333333333, 0.08233333333333333, 0.3323333333333333, 0.1101111111111111, 0.08233333333333333, 0.3323333333333333, 0.1101111111111111, 0.499, 0.34, 0.01, 0.9, 0.34, 0.68, 0.79, 0.34, 0.84, 0.68, 0.34, 0.59, 0.01, 0.45, 0.51, 0.08233333333333333, 0.3323333333333333, 0.1101111111111111, 0.26, 0.68, 0.45, 0.34, 0.34, 0.34, 0.23, 0.51, 0.34, 0.34, 0.51, 0.84, 0.01, 0.45, 0.43, 0.01, 0.79]",[361941.0],0.8688687975207965
277,"[0.08233333333333333, 0.3323333333333333, 0.1101111111111111, 0.08233333333333333, 0.3323333333333333, 0.1101111111111111, 0.3323333333333333, 0.08233333333333333, 0.3323333333333333, 0.1101111111111111, 0.08233333333333333, 0.3323333333333333, 0.1101111111111111, 0.499, 0.08233333333333333, 0.3323333333333333, 0.1101111111111111, 0.08233333333333333, 0.3323333333333333, 0.1101111111111111, 0.3323333333333333, 0.08233333333333333, 0.3323333333333333, 0.1101111111111111, 0.08233333333333333, 0.3323333333333333, 0.1101111111111111, 0.499, 0.08233333333333333, 0.3323333333333333, 0.1101111111111111, 0.93, 0.68, 0.12, 0.68, 0.08233333333333333, 0.3323333333333333, 0.1101111111111111, 0.34, 0.68, 0.57, 0.51, 0.43, 0.34, 0.12, 0.93, 0.34, 0.01, 0.34, 0.93, 0.01, 0.01, 0.93, 0.01, 0.12, 0.01, 0.51, 0.68, 0.12, 0.51, 0.01, 0.57]",[4694833.0],0.9283196980754534
278,"[0.08233333333333333, 0.3323333333333333, 0.1101111111111111, 0.08233333333333333, 0.3323333333333333, 0.1101111111111111, 0.3323333333333333, 0.08233333333333333, 0.3323333333333333, 0.1101111111111111, 0.08233333333333333, 0.3323333333333333, 0.1101111111111111, 0.499, 0.08233333333333333, 0.3323333333333333, 0.1101111111111111, 0.76, 0.01, 0.23, 0.68, 0.08233333333333333, 0.3323333333333333, 0.1101111111111111, 0.68, 0.68, 0.45, 0.51, 0.76, 0.34, 0.79, 0.76, 0.01, 0.57, 0.34, 0.59, 0.68, 0.9, 0.93, 0.34, 0.34, 0.01, 0.84, 0.01, 0.01, 0.18, 0.01, 0.45, 0.34, 0.26, 0.68, 0.57, 0.84, 0.68, 0.23, 0.01, 0.26, 0.68, 0.79, 0.43, 0.01, 0.9]",[7864935.0],0.9081588804721832
279,"[0.08233333333333333, 0.3323333333333333, 0.1101111111111111, 0.08233333333333333, 0.3323333333333333, 0.1101111111111111, 0.3323333333333333, 0.08233333333333333, 0.3323333333333333, 0.1101111111111111, 0.08233333333333333, 0.3323333333333333, 0.1101111111111111, 0.499, 0.08233333333333333, 0.3323333333333333, 0.1101111111111111, 0.08233333333333333, 0.3323333333333333, 0.1101111111111111, 0.3323333333333333, 0.08233333333333333, 0.3323333333333333, 0.1101111111111111, 0.08233333333333333, 0.3323333333333333, 0.1101111111111111, 0.499, 0.34, 0.68, 0.68, 0.26, 0.34, 0.23, 0.34, 0.26, 0.68, 0.68, 0.59, 0.68, 0.23, 0.51, 0.08233333333333333, 0.3323333333333333, 0.1101111111111111, 0.18, 0.01, 0.79, 0.34, 0.43, 0.34, 0.12, 0.18, 0.34, 0.34, 0.01, 0.09, 0.68, 0.23, 0.26, 0.34, 0.68]",[9203.0],0.8478185748060544
280,"[0.68, 0.34, 0.23, 0.93, 0.68, 0.12, 0.68, 0.59, 0.01, 0.01, 0.68, 0.34, 0.23, 0.01, 0.08233333333333333, 0.3323333333333333, 0.1101111111111111, 0.68, 0.01, 0.9, 0.34, 0.08233333333333333, 0.3323333333333333, 0.1101111111111111, 0.18, 0.68, 0.23, 0.01, 0.93, 0.68, 0.9, 0.68, 0.34, 0.45, 0.68, 0.08233333333333333, 0.3323333333333333, 0.1101111111111111, 0.34, 0.68, 0.01, 0.01, 0.76, 0.01, 0.68, 0.84, 0.01, 0.57, 0.34, 0.43, 0.68, 0.34, 0.59, 0.68, 0.45, 0.51, 0.59, 0.68, 0.34, 0.34, 0.01, 0.01]",[9198037.0],0.9509125903248788
281,"[0.08233333333333333, 0.3323333333333333, 0.1101111111111111, 0.08233333333333333, 0.3323333333333333, 0.1101111111111111, 0.3323333333333333, 0.08233333333333333, 0.3323333333333333, 0.1101111111111111, 0.08233333333333333, 0.3323333333333333, 0.1101111111111111, 0.499, 0.08233333333333333, 0.3323333333333333, 0.1101111111111111, 0.08233333333333333, 0.3323333333333333, 0.1101111111111111, 0.3323333333333333, 0.08233333333333333, 0.3323333333333333, 0.1101111111111111, 0.08233333333333333, 0.3323333333333333, 0.1101111111111111, 0.499, 0.08233333333333333, 0.3323333333333333, 0.1101111111111111, 0.34, 0.01, 0.01, 0.68, 0.34, 0.34, 0.79, 0.93, 0.01, 0.57, 0.01, 0.09, 0.34, 0.23, 0.84, 0.68, 0.01, 0.68, 0.93, 0.34, 0.23, 0.76, 0.68, 0.12, 0.51, 0.08233333333333333, 0.3323333333333333, 0.1101111111111111, 0.34, 0.01, 0.57]",[11624752.0],0.3199220592776934
282,"[0.08233333333333333, 0.3323333333333333, 0.1101111111111111, 0.08233333333333333, 0.3323333333333333, 0.1101111111111111, 0.3323333333333333, 0.08233333333333333, 0.3323333333333333, 0.1101111111111111, 0.08233333333333333, 0.3323333333333333, 0.1101111111111111, 0.499, 0.08233333333333333, 0.3323333333333333, 0.1101111111111111, 0.08233333333333333, 0.3323333333333333, 0.1101111111111111, 0.3323333333333333, 0.08233333333333333, 0.3323333333333333, 0.1101111111111111, 0.08233333333333333, 0.3323333333333333, 0.1101111111111111, 0.499, 0.59, 0.68, 0.79, 0.26, 0.68, 0.79, 0.34, 0.09, 0.01, 0.34, 0.51, 0.01, 0.79, 0.01, 0.43, 0.34, 0.57, 0.68, 0.68, 0.79, 0.68, 0.08233333333333333, 0.3323333333333333, 0.1101111111111111, 0.34, 0.68, 0.9, 0.51, 0.08233333333333333, 0.3323333333333333, 0.1101111111111111, 0.18, 0.34, 0.23]",[92191.0],0.8954913169145584
283,"[0.08233333333333333, 0.3323333333333333, 0.1101111111111111, 0.08233333333333333, 0.3323333333333333, 0.1101111111111111, 0.3323333333333333, 0.08233333333333333, 0.3323333333333333, 0.1101111111111111, 0.08233333333333333, 0.3323333333333333, 0.1101111111111111, 0.499, 0.08233333333333333, 0.3323333333333333, 0.1101111111111111, 0.08233333333333333, 0.3323333333333333, 0.1101111111111111, 0.3323333333333333, 0.08233333333333333, 0.3323333333333333, 0.1101111111111111, 0.08233333333333333, 0.3323333333333333, 0.1101111111111111, 0.499, 0.08233333333333333, 0.3323333333333333, 0.1101111111111111, 0.76, 0.68, 0.57, 0.68, 0.68, 0.68, 0.57, 0.68, 0.68, 0.12, 0.01, 0.08233333333333333, 0.3323333333333333, 0.1101111111111111, 0.84, 0.34, 0.45, 0.34, 0.51, 0.68, 0.12, 0.59, 0.34, 0.57, 0.01, 0.51, 0.68, 0.79, 0.26, 0.34, 0.23]",[2265745.0],0.9203385641177496
284,"[0.08233333333333333, 0.3323333333333333, 0.1101111111111111, 0.08233333333333333, 0.3323333333333333, 0.1101111111111111, 0.3323333333333333, 0.08233333333333333, 0.3323333333333333, 0.1101111111111111, 0.08233333333333333, 0.3323333333333333, 0.1101111111111111, 0.499, 0.08233333333333333, 0.3323333333333333, 0.1101111111111111, 0.08233333333333333, 0.3323333333333333, 0.1101111111111111, 0.3323333333333333, 0.08233333333333333, 0.3323333333333333, 0.1101111111111111, 0.08233333333333333, 0.3323333333333333, 0.1101111111111111, 0.499, 0.84, 0.34, 0.9, 0.68, 0.01, 0.34, 0.34, 0.68, 0.68, 0.45, 0.59, 0.34, 0.9, 0.01, 0.08233333333333333, 0.3323333333333333, 0.1101111111111111, 0.93, 0.34, 0.68, 0.34, 0.08233333333333333, 0.3323333333333333, 0.1101111111111111, 0.34, 0.01, 0.79, 0.01, 0.43, 0.01, 0.68, 0.43, 0.68, 0.12]",[1388305.0],0.9138176103432972
285,"[0.08233333333333333, 0.3323333333333333, 0.1101111111111111, 0.08233333333333333, 0.3323333333333333, 0.1101111111111111, 0.3323333333333333, 0.08233333333333333, 0.3323333333333333, 0.1101111111111111, 0.08233333333333333, 0.3323333333333333, 0.1101111111111111, 0.499, 0.84, 0.01, 0.34, 0.18, 0.34, 0.34, 0.34, 0.93, 0.01, 0.68, 0.93, 0.01, 0.79, 0.01, 0.08233333333333333, 0.3323333333333333, 0.1101111111111111, 0.84, 0.34, 0.23, 0.68, 0.08233333333333333, 0.3323333333333333, 0.1101111111111111, 0.51, 0.34, 0.23, 0.51, 0.76, 0.34, 0.68, 0.93, 0.68, 0.01, 0.34, 0.08233333333333333, 0.3323333333333333, 0.1101111111111111, 0.59, 0.68, 0.01, 0.51, 0.51, 0.34, 0.12, 0.93, 0.68, 0.45]",[14690503.0],0.9362220784028372
286,"[0.08233333333333333, 0.3323333333333333, 0.1101111111111111, 0.08233333333333333, 0.3323333333333333, 0.1101111111111111, 0.3323333333333333, 0.08233333333333333, 0.3323333333333333, 0.1101111111111111, 0.08233333333333333, 0.3323333333333333, 0.1101111111111111, 0.499, 0.08233333333333333, 0.3323333333333333, 0.1101111111111111, 0.08233333333333333, 0.3323333333333333, 0.1101111111111111, 0.3323333333333333, 0.08233333333333333, 0.3323333333333333, 0.1101111111111111, 0.08233333333333333, 0.3323333333333333, 0.1101111111111111, 0.499, 0.26, 0.34, 0.34, 0.76, 0.01, 0.57, 0.68, 0.84, 0.01, 0.57, 0.51, 0.68, 0.01, 0.01, 0.08233333333333333, 0.3323333333333333, 0.1101111111111111, 0.59, 0.34, 0.23, 0.68, 0.34, 0.01, 0.23, 0.26, 0.01, 0.68, 0.51, 0.09, 0.68, 0.57, 0.76, 0.68, 0.12]",[704516.0],0.8689672440290451
287,"[0.26, 0.01, 0.79, 0.18, 0.68, 0.57, 0.34, 0.34, 0.01, 0.34, 0.43, 0.68, 0.12, 0.51, 0.08233333333333333, 0.3323333333333333, 0.1101111111111111, 0.84, 0.34, 0.79, 0.68, 0.59, 0.68, 0.57, 0.68, 0.01, 0.01, 0.01, 0.08233333333333333, 0.3323333333333333, 0.1101111111111111, 0.34, 0.34, 0.57, 0.34, 0.08233333333333333, 0.3323333333333333, 0.1101111111111111, 0.43, 0.01, 0.01, 0.51, 0.26, 0.68, 0.34, 0.26, 0.68, 0.9, 0.68, 0.68, 0.34, 0.23, 0.09, 0.34, 0.57, 0.01, 0.08233333333333333, 0.3323333333333333, 0.1101111111111111, 0.18, 0.68, 0.12]",[125415.0],0.9190156723062196
288,"[0.09, 0.68, 0.01, 0.93, 0.34, 0.34, 0.34, 0.34, 0.01, 0.9, 0.34, 0.34, 0.45, 0.01, 0.68, 0.01, 0.45, 0.93, 0.68, 0.68, 0.68, 0.68, 0.34, 0.68, 0.59, 0.68, 0.68, 0.51, 0.08233333333333333, 0.3323333333333333, 0.1101111111111111, 0.43, 0.68, 0.23, 0.68, 0.26, 0.34, 0.79, 0.34, 0.34, 0.79, 0.51, 0.09, 0.34, 0.01, 0.68, 0.34, 0.57, 0.68, 0.08233333333333333, 0.3323333333333333, 0.1101111111111111, 0.34, 0.01, 0.01, 0.01, 0.08233333333333333, 0.3323333333333333, 0.1101111111111111, 0.93, 0.34, 0.12]",[10629822.0],0.9350340738892556
289,"[0.08233333333333333, 0.3323333333333333, 0.1101111111111111, 0.08233333333333333, 0.3323333333333333, 0.1101111111111111, 0.3323333333333333, 0.08233333333333333, 0.3323333333333333, 0.1101111111111111, 0.08233333333333333, 0.3323333333333333, 0.1101111111111111, 0.499, 0.08233333333333333, 0.3323333333333333, 0.1101111111111111, 0.08233333333333333, 0.3323333333333333, 0.1101111111111111, 0.3323333333333333, 0.08233333333333333, 0.3323333333333333, 0.1101111111111111, 0.08233333333333333, 0.3323333333333333, 0.1101111111111111, 0.499, 0.59, 0.68, 0.45, 0.09, 0.34, 0.34, 0.34, 0.51, 0.68, 0.23, 0.34, 0.68, 0.68, 0.01, 0.08233333333333333, 0.3323333333333333, 0.1101111111111111, 0.34, 0.68, 0.23, 0.34, 0.43, 0.01, 0.23, 0.18, 0.68, 0.45, 0.01, 0.18, 0.68, 0.12, 0.18, 0.34, 0.79]",[15294.0],0.8426100174585979
290,"[0.59, 0.68, 0.79, 0.59, 0.01, 0.9, 0.34, 0.08233333333333333, 0.3323333333333333, 0.1101111111111111, 0.34, 0.34, 0.45, 0.51, 0.51, 0.01, 0.68, 0.26, 0.68, 0.01, 0.34, 0.08233333333333333, 0.3323333333333333, 0.1101111111111111, 0.84, 0.01, 0.34, 0.01, 0.43, 0.01, 0.79, 0.76, 0.01, 0.9, 0.68, 0.08233333333333333, 0.3323333333333333, 0.1101111111111111, 0.34, 0.01, 0.68, 0.01, 0.08233333333333333, 0.3323333333333333, 0.1101111111111111, 0.68, 0.68, 0.9, 0.34, 0.09, 0.68, 0.12, 0.59, 0.34, 0.01, 0.51, 0.08233333333333333, 0.3323333333333333, 0.1101111111111111, 0.43, 0.68, 0.79]",[1465632.0],0.9440980528791746
291,"[0.08233333333333333, 0.3323333333333333, 0.1101111111111111, 0.08233333333333333, 0.3323333333333333, 0.1101111111111111, 0.3323333333333333, 0.08233333333333333, 0.3323333333333333, 0.1101111111111111, 0.08233333333333333, 0.3323333333333333, 0.1101111111111111, 0.499, 0.08233333333333333, 0.3323333333333333, 0.1101111111111111, 0.09, 0.01, 0.34, 0.34, 0.08233333333333333, 0.3323333333333333, 0.1101111111111111, 0.51, 0.34, 0.9, 0.01, 0.08233333333333333, 0.3323333333333333, 0.1101111111111111, 0.18, 0.01, 0.9, 0.68, 0.43, 0.01, 0.34, 0.76, 0.68, 0.23, 0.01, 0.26, 0.01, 0.34, 0.76, 0.68, 0.12, 0.34, 0.08233333333333333, 0.3323333333333333, 0.1101111111111111, 0.84, 0.01, 0.34, 0.01, 0.08233333333333333, 0.3323333333333333, 0.1101111111111111, 0.34, 0.01, 0.45]",[1531123.0],0.7833270862698555
292,"[0.08233333333333333, 0.3323333333333333, 0.1101111111111111, 0.08233333333333333, 0.3323333333333333, 0.1101111111111111, 0.3323333333333333, 0.08233333333333333, 0.3323333333333333, 0.1101111111111111, 0.08233333333333333, 0.3323333333333333, 0.1101111111111111, 0.499, 0.51, 0.68, 0.23, 0.93, 0.01, 0.79, 0.68, 0.08233333333333333, 0.3323333333333333, 0.1101111111111111, 0.34, 0.34, 0.34, 0.01, 0.08233333333333333, 0.3323333333333333, 0.1101111111111111, 0.18, 0.01, 0.23, 0.68, 0.76, 0.68, 0.45, 0.18, 0.34, 0.57, 0.51, 0.08233333333333333, 0.3323333333333333, 0.1101111111111111, 0.51, 0.01, 0.34, 0.68, 0.08233333333333333, 0.3323333333333333, 0.1101111111111111, 0.26, 0.34, 0.34, 0.01, 0.08233333333333333, 0.3323333333333333, 0.1101111111111111, 0.43, 0.34, 0.9]",[78045.0],0.8755124097069105
293,"[0.84, 0.34, 0.9, 0.34, 0.01, 0.79, 0.34, 0.26, 0.34, 0.34, 0.34, 0.01, 0.79, 0.01, 0.51, 0.34, 0.23, 0.93, 0.01, 0.45, 0.34, 0.08233333333333333, 0.3323333333333333, 0.1101111111111111, 0.59, 0.68, 0.68, 0.51, 0.08233333333333333, 0.3323333333333333, 0.1101111111111111, 0.84, 0.34, 0.68, 0.68, 0.08233333333333333, 0.3323333333333333, 0.1101111111111111, 0.09, 0.01, 0.79, 0.51, 0.08233333333333333, 0.3323333333333333, 0.1101111111111111, 0.43, 0.01, 0.45, 0.34, 0.08233333333333333, 0.3323333333333333, 0.1101111111111111, 0.09, 0.34, 0.68, 0.51, 0.68, 0.68, 0.45, 0.43, 0.01, 0.68]",[6500054.0],0.9397667303681374
294,"[0.08233333333333333, 0.3323333333333333, 0.1101111111111111, 0.76, 0.68, 0.9, 0.34, 0.09, 0.01, 0.57, 0.93, 0.34, 0.9, 0.51, 0.08233333333333333, 0.3323333333333333, 0.1101111111111111, 0.43, 0.01, 0.45, 0.34, 0.08233333333333333, 0.3323333333333333, 0.1101111111111111, 0.93, 0.34, 0.45, 0.01, 0.18, 0.01, 0.12, 0.68, 0.68, 0.34, 0.68, 0.08233333333333333, 0.3323333333333333, 0.1101111111111111, 0.51, 0.68, 0.23, 0.01, 0.08233333333333333, 0.3323333333333333, 0.1101111111111111, 0.84, 0.68, 0.45, 0.68, 0.08233333333333333, 0.3323333333333333, 0.1101111111111111, 0.84, 0.01, 0.34, 0.51, 0.76, 0.68, 0.12, 0.34, 0.01, 0.01]",[9089014.0],0.3230881303548812
295,"[0.08233333333333333, 0.3323333333333333, 0.1101111111111111, 0.08233333333333333, 0.3323333333333333, 0.1101111111111111, 0.3323333333333333, 0.08233333333333333, 0.3323333333333333, 0.1101111111111111, 0.08233333333333333, 0.3323333333333333, 0.1101111111111111, 0.499, 0.08233333333333333, 0.3323333333333333, 0.1101111111111111, 0.93, 0.01, 0.23, 0.34, 0.08233333333333333, 0.3323333333333333, 0.1101111111111111, 0.68, 0.01, 0.79, 0.01, 0.08233333333333333, 0.3323333333333333, 0.1101111111111111, 0.59, 0.68, 0.68, 0.68, 0.08233333333333333, 0.3323333333333333, 0.1101111111111111, 0.34, 0.68, 0.12, 0.51, 0.43, 0.68, 0.45, 0.93, 0.01, 0.68, 0.68, 0.68, 0.68, 0.12, 0.09, 0.34, 0.68, 0.51, 0.59, 0.01, 0.34, 0.93, 0.68, 0.79]",[10426273.0],0.92545798321565
296,"[0.68, 0.68, 0.34, 0.68, 0.01, 0.57, 0.34, 0.08233333333333333, 0.3323333333333333, 0.1101111111111111, 0.76, 0.01, 0.45, 0.51, 0.08233333333333333, 0.3323333333333333, 0.1101111111111111, 0.09, 0.68, 0.12, 0.68, 0.08233333333333333, 0.3323333333333333, 0.1101111111111111, 0.68, 0.01, 0.57, 0.51, 0.08233333333333333, 0.3323333333333333, 0.1101111111111111, 0.09, 0.68, 0.12, 0.34, 0.08233333333333333, 0.3323333333333333, 0.1101111111111111, 0.26, 0.01, 0.68, 0.01, 0.08233333333333333, 0.3323333333333333, 0.1101111111111111, 0.09, 0.01, 0.45, 0.34, 0.08233333333333333, 0.3323333333333333, 0.1101111111111111, 0.18, 0.34, 0.57, 0.01, 0.08233333333333333, 0.3323333333333333, 0.1101111111111111, 0.18, 0.68, 0.57]",[113952.0],0.893331415951252
297,"[0.08233333333333333, 0.3323333333333333, 0.1101111111111111, 0.08233333333333333, 0.3323333333333333, 0.1101111111111111, 0.3323333333333333, 0.08233333333333333, 0.3323333333333333, 0.1101111111111111, 0.08233333333333333, 0.3323333333333333, 0.1101111111111111, 0.499, 0.26, 0.01, 0.68, 0.68, 0.68, 0.23, 0.34, 0.08233333333333333, 0.3323333333333333, 0.1101111111111111, 0.34, 0.01, 0.12, 0.01, 0.08233333333333333, 0.3323333333333333, 0.1101111111111111, 0.68, 0.68, 0.9, 0.34, 0.08233333333333333, 0.3323333333333333, 0.1101111111111111, 0.34, 0.68, 0.79, 0.51, 0.08233333333333333, 0.3323333333333333, 0.1101111111111111, 0.34, 0.68, 0.79, 0.68, 0.26, 0.68, 0.9, 0.68, 0.34, 0.45, 0.51, 0.08233333333333333, 0.3323333333333333, 0.1101111111111111, 0.76, 0.68, 0.79]",[722205.0],0.9463924422860146
298,"[0.08233333333333333, 0.3323333333333333, 0.1101111111111111, 0.08233333333333333, 0.3323333333333333, 0.1101111111111111, 0.3323333333333333, 0.08233333333333333, 0.3323333333333333, 0.1101111111111111, 0.08233333333333333, 0.3323333333333333, 0.1101111111111111, 0.499, 0.08233333333333333, 0.3323333333333333, 0.1101111111111111, 0.08233333333333333, 0.3323333333333333, 0.1101111111111111, 0.3323333333333333, 0.08233333333333333, 0.3323333333333333, 0.1101111111111111, 0.08233333333333333, 0.3323333333333333, 0.1101111111111111, 0.499, 0.08233333333333333, 0.3323333333333333, 0.1101111111111111, 0.51, 0.68, 0.34, 0.34, 0.18, 0.34, 0.57, 0.34, 0.01, 0.68, 0.51, 0.84, 0.01, 0.79, 0.76, 0.34, 0.34, 0.34, 0.08233333333333333, 0.3323333333333333, 0.1101111111111111, 0.34, 0.68, 0.01, 0.51, 0.84, 0.68, 0.01, 0.18, 0.34, 0.68]",[4540658.0],0.9242773870627086
299,"[0.08233333333333333, 0.3323333333333333, 0.1101111111111111, 0.08233333333333333, 0.3323333333333333, 0.1101111111111111, 0.3323333333333333, 0.08233333333333333, 0.3323333333333333, 0.1101111111111111, 0.08233333333333333, 0.3323333333333333, 0.1101111111111111, 0.499, 0.09, 0.01, 0.12, 0.51, 0.01, 0.57, 0.68, 0.08233333333333333, 0.3323333333333333, 0.1101111111111111, 0.59, 0.01, 0.45, 0.01, 0.08233333333333333, 0.3323333333333333, 0.1101111111111111, 0.59, 0.68, 0.45, 0.68, 0.08233333333333333, 0.3323333333333333, 0.1101111111111111, 0.93, 0.68, 0.68, 0.51, 0.34, 0.34, 0.34, 0.26, 0.01, 0.68, 0.68, 0.08233333333333333, 0.3323333333333333, 0.1101111111111111, 0.09, 0.34, 0.34, 0.01, 0.08233333333333333, 0.3323333333333333, 0.1101111111111111, 0.34, 0.01, 0.9]",[5984795.0],0.8337266524632772
300,"[0.08233333333333333, 0.3323333333333333, 0.1101111111111111, 0.08233333333333333, 0.3323333333333333, 0.1101111111111111, 0.3323333333333333, 0.08233333333333333, 0.3323333333333333, 0.1101111111111111, 0.08233333333333333, 0.3323333333333333, 0.1101111111111111, 0.499, 0.08233333333333333, 0.3323333333333333, 0.1101111111111111, 0.08233333333333333, 0.3323333333333333, 0.1101111111111111, 0.3323333333333333, 0.08233333333333333, 0.3323333333333333, 0.1101111111111111, 0.08233333333333333, 0.3323333333333333, 0.1101111111111111, 0.499, 0.93, 0.34, 0.9, 0.26, 0.34, 0.68, 0.68, 0.08233333333333333, 0.3323333333333333, 0.1101111111111111, 0.51, 0.68, 0.45, 0.01, 0.51, 0.34, 0.23, 0.68, 0.34, 0.57, 0.68, 0.09, 0.68, 0.01, 0.76, 0.68, 0.45, 0.51, 0.08233333333333333, 0.3323333333333333, 0.1101111111111111, 0.43, 0.34, 0.34]",[602992.0],0.8912923316160838
301,"[0.08233333333333333, 0.3323333333333333, 0.1101111111111111, 0.08233333333333333, 0.3323333333333333, 0.1101111111111111, 0.3323333333333333, 0.08233333333333333, 0.3323333333333333, 0.1101111111111111, 0.08233333333333333, 0.3323333333333333, 0.1101111111111111, 0.499, 0.08233333333333333, 0.3323333333333333, 0.1101111111111111, 0.08233333333333333, 0.3323333333333333, 0.1101111111111111, 0.3323333333333333, 0.08233333333333333, 0.3323333333333333, 0.1101111111111111, 0.08233333333333333, 0.3323333333333333, 0.1101111111111111, 0.499, 0.08233333333333333, 0.3323333333333333, 0.1101111111111111, 0.59, 0.34, 0.01, 0.68, 0.84, 0.01, 0.34, 0.59, 0.34, 0.12, 0.51, 0.76, 0.34, 0.68, 0.93, 0.01, 0.57, 0.68, 0.93, 0.34, 0.57, 0.09, 0.34, 0.79, 0.01, 0.76, 0.68, 0.34, 0.34, 0.34, 0.34]",[7404457.0],0.9025874142845473
302,"[0.08233333333333333, 0.3323333333333333, 0.1101111111111111, 0.08233333333333333, 0.3323333333333333, 0.1101111111111111, 0.3323333333333333, 0.08233333333333333, 0.3323333333333333, 0.1101111111111111, 0.08233333333333333, 0.3323333333333333, 0.1101111111111111, 0.499, 0.34, 0.68, 0.79, 0.51, 0.34, 0.23, 0.68, 0.08233333333333333, 0.3323333333333333, 0.1101111111111111, 0.09, 0.34, 0.9, 0.01, 0.59, 0.34, 0.9, 0.51, 0.01, 0.12, 0.68, 0.08233333333333333, 0.3323333333333333, 0.1101111111111111, 0.43, 0.01, 0.34, 0.01, 0.76, 0.68, 0.79, 0.68, 0.68, 0.01, 0.68, 0.93, 0.01, 0.68, 0.76, 0.01, 0.68, 0.01, 0.34, 0.01, 0.23, 0.68, 0.01, 0.12]",[1781853.0],0.3167945802211761
303,"[0.08233333333333333, 0.3323333333333333, 0.1101111111111111, 0.08233333333333333, 0.3323333333333333, 0.1101111111111111, 0.3323333333333333, 0.08233333333333333, 0.3323333333333333, 0.1101111111111111, 0.08233333333333333, 0.3323333333333333, 0.1101111111111111, 0.499, 0.08233333333333333, 0.3323333333333333, 0.1101111111111111, 0.08233333333333333, 0.3323333333333333, 0.1101111111111111, 0.3323333333333333, 0.08233333333333333, 0.3323333333333333, 0.1101111111111111, 0.08233333333333333, 0.3323333333333333, 0.1101111111111111, 0.499, 0.08233333333333333, 0.3323333333333333, 0.1101111111111111, 0.84, 0.01, 0.34, 0.34, 0.08233333333333333, 0.3323333333333333, 0.1101111111111111, 0.26, 0.68, 0.12, 0.01, 0.08233333333333333, 0.3323333333333333, 0.1101111111111111, 0.59, 0.34, 0.9, 0.68, 0.09, 0.34, 0.23, 0.93, 0.68, 0.79, 0.01, 0.08233333333333333, 0.3323333333333333, 0.1101111111111111, 0.18, 0.34, 0.68]",[4625790.0],0.863257689277331
304,"[0.08233333333333333, 0.3323333333333333, 0.1101111111111111, 0.08233333333333333, 0.3323333333333333, 0.1101111111111111, 0.3323333333333333, 0.08233333333333333, 0.3323333333333333, 0.1101111111111111, 0.08233333333333333, 0.3323333333333333, 0.1101111111111111, 0.499, 0.18, 0.68, 0.79, 0.68, 0.34, 0.68, 0.34, 0.43, 0.34, 0.34, 0.93, 0.34, 0.23, 0.01, 0.08233333333333333, 0.3323333333333333, 0.1101111111111111, 0.59, 0.34, 0.34, 0.34, 0.34, 0.01, 0.12, 0.18, 0.34, 0.12, 0.51, 0.08233333333333333, 0.3323333333333333, 0.1101111111111111, 0.09, 0.01, 0.12, 0.34, 0.08233333333333333, 0.3323333333333333, 0.1101111111111111, 0.26, 0.68, 0.57, 0.51, 0.59, 0.34, 0.01, 0.34, 0.01, 0.68]",[231422.0],0.318961485226949
305,"[0.08233333333333333, 0.3323333333333333, 0.1101111111111111, 0.08233333333333333, 0.3323333333333333, 0.1101111111111111, 0.3323333333333333, 0.08233333333333333, 0.3323333333333333, 0.1101111111111111, 0.08233333333333333, 0.3323333333333333, 0.1101111111111111, 0.499, 0.08233333333333333, 0.3323333333333333, 0.1101111111111111, 0.59, 0.34, 0.68, 0.34, 0.51, 0.01, 0.45, 0.93, 0.34, 0.23, 0.01, 0.93, 0.01, 0.9, 0.09, 0.68, 0.79, 0.34, 0.08233333333333333, 0.3323333333333333, 0.1101111111111111, 0.43, 0.01, 0.12, 0.51, 0.08233333333333333, 0.3323333333333333, 0.1101111111111111, 0.76, 0.34, 0.23, 0.68, 0.51, 0.34, 0.45, 0.09, 0.34, 0.23, 0.01, 0.08233333333333333, 0.3323333333333333, 0.1101111111111111, 0.68, 0.01, 0.57]",[536012.0],0.3196598986784617
306,"[0.08233333333333333, 0.3323333333333333, 0.1101111111111111, 0.08233333333333333, 0.3323333333333333, 0.1101111111111111, 0.3323333333333333, 0.08233333333333333, 0.3323333333333333, 0.1101111111111111, 0.08233333333333333, 0.3323333333333333, 0.1101111111111111, 0.499, 0.08233333333333333, 0.3323333333333333, 0.1101111111111111, 0.93, 0.34, 0.68, 0.34, 0.76, 0.34, 0.68, 0.84, 0.34, 0.23, 0.51, 0.26, 0.68, 0.23, 0.43, 0.34, 0.12, 0.34, 0.08233333333333333, 0.3323333333333333, 0.1101111111111111, 0.84, 0.34, 0.01, 0.51, 0.43, 0.68, 0.57, 0.76, 0.68, 0.12, 0.68, 0.08233333333333333, 0.3323333333333333, 0.1101111111111111, 0.84, 0.34, 0.45, 0.01, 0.93, 0.68, 0.34, 0.26, 0.34, 0.34]",[13292541.0],0.9457798322041828
307,"[0.08233333333333333, 0.3323333333333333, 0.1101111111111111, 0.08233333333333333, 0.3323333333333333, 0.1101111111111111, 0.3323333333333333, 0.08233333333333333, 0.3323333333333333, 0.1101111111111111, 0.08233333333333333, 0.3323333333333333, 0.1101111111111111, 0.499, 0.08233333333333333, 0.3323333333333333, 0.1101111111111111, 0.08233333333333333, 0.3323333333333333, 0.1101111111111111, 0.3323333333333333, 0.08233333333333333, 0.3323333333333333, 0.1101111111111111, 0.08233333333333333, 0.3323333333333333, 0.1101111111111111, 0.499, 0.09, 0.01, 0.45, 0.68, 0.01, 0.9, 0.34, 0.51, 0.34, 0.23, 0.18, 0.68, 0.45, 0.01, 0.08233333333333333, 0.3323333333333333, 0.1101111111111111, 0.68, 0.01, 0.34, 0.34, 0.68, 0.01, 0.79, 0.76, 0.34, 0.34, 0.01, 0.43, 0.01, 0.57, 0.76, 0.34, 0.9]",[986079.0],0.858260894815127
308,"[0.08233333333333333, 0.3323333333333333, 0.1101111111111111, 0.08233333333333333, 0.3323333333333333, 0.1101111111111111, 0.3323333333333333, 0.08233333333333333, 0.3323333333333333, 0.1101111111111111, 0.08233333333333333, 0.3323333333333333, 0.1101111111111111, 0.499, 0.08233333333333333, 0.3323333333333333, 0.1101111111111111, 0.08233333333333333, 0.3323333333333333, 0.1101111111111111, 0.3323333333333333, 0.08233333333333333, 0.3323333333333333, 0.1101111111111111, 0.08233333333333333, 0.3323333333333333, 0.1101111111111111, 0.499, 0.09, 0.68, 0.12, 0.93, 0.68, 0.12, 0.34, 0.26, 0.34, 0.12, 0.09, 0.68, 0.79, 0.01, 0.08233333333333333, 0.3323333333333333, 0.1101111111111111, 0.93, 0.68, 0.23, 0.68, 0.08233333333333333, 0.3323333333333333, 0.1101111111111111, 0.26, 0.68, 0.23, 0.51, 0.76, 0.01, 0.45, 0.51, 0.68, 0.34]",[26820435.0],0.912764052549998
309,"[0.08233333333333333, 0.3323333333333333, 0.1101111111111111, 0.08233333333333333, 0.3323333333333333, 0.1101111111111111, 0.3323333333333333, 0.08233333333333333, 0.3323333333333333, 0.1101111111111111, 0.08233333333333333, 0.3323333333333333, 0.1101111111111111, 0.499, 0.08233333333333333, 0.3323333333333333, 0.1101111111111111, 0.08233333333333333, 0.3323333333333333, 0.1101111111111111, 0.3323333333333333, 0.08233333333333333, 0.3323333333333333, 0.1101111111111111, 0.08233333333333333, 0.3323333333333333, 0.1101111111111111, 0.499, 0.08233333333333333, 0.3323333333333333, 0.1101111111111111, 0.68, 0.01, 0.9, 0.34, 0.08233333333333333, 0.3323333333333333, 0.1101111111111111, 0.93, 0.34, 0.45, 0.01, 0.09, 0.34, 0.9, 0.68, 0.68, 0.57, 0.34, 0.43, 0.01, 0.79, 0.84, 0.34, 0.68, 0.51, 0.08233333333333333, 0.3323333333333333, 0.1101111111111111, 0.34, 0.34, 0.12]",[5864080.0],0.3344683622320493
310,"[0.08233333333333333, 0.3323333333333333, 0.1101111111111111, 0.08233333333333333, 0.3323333333333333, 0.1101111111111111, 0.3323333333333333, 0.08233333333333333, 0.3323333333333333, 0.1101111111111111, 0.08233333333333333, 0.3323333333333333, 0.1101111111111111, 0.499, 0.59, 0.68, 0.45, 0.93, 0.01, 0.23, 0.34, 0.08233333333333333, 0.3323333333333333, 0.1101111111111111, 0.18, 0.01, 0.45, 0.01, 0.34, 0.68, 0.68, 0.59, 0.01, 0.23, 0.68, 0.08233333333333333, 0.3323333333333333, 0.1101111111111111, 0.34, 0.01, 0.12, 0.51, 0.34, 0.01, 0.01, 0.68, 0.34, 0.68, 0.34, 0.26, 0.34, 0.68, 0.34, 0.68, 0.57, 0.01, 0.08233333333333333, 0.3323333333333333, 0.1101111111111111, 0.59, 0.34, 0.45]",[383761.0],0.9270360305905342
311,"[0.08233333333333333, 0.3323333333333333, 0.1101111111111111, 0.43, 0.68, 0.68, 0.68, 0.84, 0.68, 0.79, 0.93, 0.68, 0.9, 0.01, 0.84, 0.34, 0.01, 0.76, 0.01, 0.79, 0.34, 0.08233333333333333, 0.3323333333333333, 0.1101111111111111, 0.68, 0.01, 0.68, 0.01, 0.08233333333333333, 0.3323333333333333, 0.1101111111111111, 0.43, 0.68, 0.34, 0.34, 0.26, 0.68, 0.57, 0.76, 0.01, 0.79, 0.51, 0.84, 0.34, 0.12, 0.26, 0.01, 0.23, 0.34, 0.08233333333333333, 0.3323333333333333, 0.1101111111111111, 0.84, 0.68, 0.57, 0.01, 0.08233333333333333, 0.3323333333333333, 0.1101111111111111, 0.51, 0.34, 0.9]",[16470633.0],0.3167507777611414
312,"[0.43, 0.68, 0.34, 0.84, 0.68, 0.12, 0.34, 0.76, 0.34, 0.12, 0.76, 0.34, 0.9, 0.51, 0.26, 0.68, 0.23, 0.09, 0.01, 0.23, 0.34, 0.08233333333333333, 0.3323333333333333, 0.1101111111111111, 0.18, 0.34, 0.01, 0.51, 0.59, 0.34, 0.12, 0.09, 0.01, 0.45, 0.68, 0.08233333333333333, 0.3323333333333333, 0.1101111111111111, 0.09, 0.68, 0.57, 0.51, 0.08233333333333333, 0.3323333333333333, 0.1101111111111111, 0.76, 0.01, 0.01, 0.68, 0.08233333333333333, 0.3323333333333333, 0.1101111111111111, 0.84, 0.01, 0.9, 0.01, 0.93, 0.68, 0.01, 0.51, 0.01, 0.12]",[9176843.0],0.3161692703763644
313,"[0.26, 0.68, 0.68, 0.93, 0.01, 0.68, 0.68, 0.08233333333333333, 0.3323333333333333, 0.1101111111111111, 0.76, 0.01, 0.9, 0.01, 0.08233333333333333, 0.3323333333333333, 0.1101111111111111, 0.43, 0.01, 0.9, 0.34, 0.08233333333333333, 0.3323333333333333, 0.1101111111111111, 0.26, 0.68, 0.79, 0.01, 0.08233333333333333, 0.3323333333333333, 0.1101111111111111, 0.51, 0.01, 0.23, 0.68, 0.09, 0.34, 0.68, 0.26, 0.68, 0.23, 0.51, 0.08233333333333333, 0.3323333333333333, 0.1101111111111111, 0.43, 0.34, 0.79, 0.34, 0.08233333333333333, 0.3323333333333333, 0.1101111111111111, 0.59, 0.01, 0.23, 0.01, 0.59, 0.01, 0.68, 0.59, 0.34, 0.57]",[99696.0],0.3120750695466995
314,"[0.08233333333333333, 0.3323333333333333, 0.1101111111111111, 0.08233333333333333, 0.3323333333333333, 0.1101111111111111, 0.3323333333333333, 0.08233333333333333, 0.3323333333333333, 0.1101111111111111, 0.08233333333333333, 0.3323333333333333, 0.1101111111111111, 0.499, 0.08233333333333333, 0.3323333333333333, 0.1101111111111111, 0.08233333333333333, 0.3323333333333333, 0.1101111111111111, 0.3323333333333333, 0.08233333333333333, 0.3323333333333333, 0.1101111111111111, 0.08233333333333333, 0.3323333333333333, 0.1101111111111111, 0.499, 0.09, 0.68, 0.57, 0.18, 0.34, 0.79, 0.68, 0.08233333333333333, 0.3323333333333333, 0.1101111111111111, 0.34, 0.01, 0.23, 0.01, 0.34, 0.34, 0.79, 0.18, 0.68, 0.23, 0.68, 0.34, 0.01, 0.68, 0.76, 0.01, 0.12, 0.51, 0.59, 0.01, 0.12, 0.43, 0.34, 0.79]",[278181.0],0.7861691107352574
315,"[0.08233333333333333, 0.3323333333333333, 0.1101111111111111, 0.08233333333333333, 0.3323333333333333, 0.1101111111111111, 0.3323333333333333, 0.08233333333333333, 0.3323333333333333, 0.1101111111111111, 0.08233333333333333, 0.3323333333333333, 0.1101111111111111, 0.499, 0.08233333333333333, 0.3323333333333333, 0.1101111111111111, 0.08233333333333333, 0.3323333333333333, 0.1101111111111111, 0.3323333333333333, 0.08233333333333333, 0.3323333333333333, 0.1101111111111111, 0.08233333333333333, 0.3323333333333333, 0.1101111111111111, 0.499, 0.08233333333333333, 0.3323333333333333, 0.1101111111111111, 0.51, 0.01, 0.34, 0.34, 0.08233333333333333, 0.3323333333333333, 0.1101111111111111, 0.68, 0.34, 0.34, 0.01, 0.08233333333333333, 0.3323333333333333, 0.1101111111111111, 0.18, 0.34, 0.9, 0.34, 0.51, 0.68, 0.01, 0.09, 0.01, 0.68, 0.01, 0.08233333333333333, 0.3323333333333333, 0.1101111111111111, 0.18, 0.01, 0.9]",[4203.0],0.7519786874453227
316,"[0.08233333333333333, 0.3323333333333333, 0.1101111111111111, 0.08233333333333333, 0.3323333333333333, 0.1101111111111111, 0.3323333333333333, 0.08233333333333333, 0.3323333333333333, 0.1101111111111111, 0.08233333333333333, 0.3323333333333333, 0.1101111111111111, 0.499, 0.08233333333333333, 0.3323333333333333, 0.1101111111111111, 0.18, 0.01, 0.12, 0.34, 0.34, 0.68, 0.34, 0.68, 0.34, 0.01, 0.01, 0.76, 0.34, 0.45, 0.43, 0.34, 0.9, 0.68, 0.68, 0.34, 0.79, 0.93, 0.68, 0.34, 0.01, 0.84, 0.68, 0.68, 0.09, 0.68, 0.45, 0.34, 0.08233333333333333, 0.3323333333333333, 0.1101111111111111, 0.93, 0.01, 0.68, 0.51, 0.08233333333333333, 0.3323333333333333, 0.1101111111111111, 0.93, 0.01, 0.9]",[15956696.0],0.8975364203254382
317,"[0.26, 0.01, 0.9, 0.43, 0.01, 0.9, 0.34, 0.08233333333333333, 0.3323333333333333, 0.1101111111111111, 0.43, 0.34, 0.45, 0.51, 0.43, 0.34, 0.12, 0.68, 0.01, 0.45, 0.68, 0.51, 0.01, 0.57, 0.51, 0.01, 0.79, 0.51, 0.43, 0.01, 0.79, 0.93, 0.01, 0.57, 0.34, 0.08233333333333333, 0.3323333333333333, 0.1101111111111111, 0.18, 0.34, 0.79, 0.01, 0.51, 0.01, 0.9, 0.76, 0.34, 0.23, 0.68, 0.09, 0.34, 0.45, 0.84, 0.68, 0.79, 0.01, 0.43, 0.34, 0.79, 0.43, 0.34, 0.34]",[1259019.0],0.93755920479695
318,"[0.08233333333333333, 0.3323333333333333, 0.1101111111111111, 0.08233333333333333, 0.3323333333333333, 0.1101111111111111, 0.3323333333333333, 0.08233333333333333, 0.3323333333333333, 0.1101111111111111, 0.08233333333333333, 0.3323333333333333, 0.1101111111111111, 0.499, 0.84, 0.68, 0.34, 0.84, 0.34, 0.45, 0.68, 0.08233333333333333, 0.3323333333333333, 0.1101111111111111, 0.43, 0.68, 0.23, 0.51, 0.08233333333333333, 0.3323333333333333, 0.1101111111111111, 0.43, 0.34, 0.23, 0.68, 0.08233333333333333, 0.3323333333333333, 0.1101111111111111, 0.84, 0.34, 0.01, 0.51, 0.08233333333333333, 0.3323333333333333, 0.1101111111111111, 0.93, 0.01, 0.45, 0.68, 0.08233333333333333, 0.3323333333333333, 0.1101111111111111, 0.26, 0.34, 0.68, 0.51, 0.08233333333333333, 0.3323333333333333, 0.1101111111111111, 0.43, 0.68, 0.23]",[3857655.0],0.912004462381204
319,"[0.08233333333333333, 0.3323333333333333, 0.1101111111111111, 0.08233333333333333, 0.3323333333333333, 0.1101111111111111, 0.3323333333333333, 0.08233333333333333, 0.3323333333333333, 0.1101111111111111, 0.08233333333333333, 0.3323333333333333, 0.1101111111111111, 0.499, 0.08233333333333333, 0.3323333333333333, 0.1101111111111111, 0.43, 0.01, 0.34, 0.68, 0.08233333333333333, 0.3323333333333333, 0.1101111111111111, 0.18, 0.68, 0.01, 0.01, 0.08233333333333333, 0.3323333333333333, 0.1101111111111111, 0.18, 0.68, 0.01, 0.68, 0.26, 0.01, 0.23, 0.43, 0.01, 0.68, 0.51, 0.08233333333333333, 0.3323333333333333, 0.1101111111111111, 0.59, 0.34, 0.68, 0.68, 0.08233333333333333, 0.3323333333333333, 0.1101111111111111, 0.51, 0.34, 0.79, 0.01, 0.08233333333333333, 0.3323333333333333, 0.1101111111111111, 0.43, 0.68, 0.01]",[37747.0],0.877991059422493
320,"[0.08233333333333333, 0.3323333333333333, 0.1101111111111111, 0.08233333333333333, 0.3323333333333333, 0.1101111111111111, 0.3323333333333333, 0.08233333333333333, 0.3323333333333333, 0.1101111111111111, 0.08233333333333333, 0.3323333333333333, 0.1101111111111111, 0.499, 0.08233333333333333, 0.3323333333333333, 0.1101111111111111, 0.76, 0.68, 0.45, 0.34, 0.68, 0.68, 0.01, 0.76, 0.34, 0.01, 0.51, 0.34, 0.34, 0.01, 0.43, 0.34, 0.12, 0.68, 0.08233333333333333, 0.3323333333333333, 0.1101111111111111, 0.51, 0.68, 0.01, 0.51, 0.08233333333333333, 0.3323333333333333, 0.1101111111111111, 0.68, 0.68, 0.34, 0.68, 0.08233333333333333, 0.3323333333333333, 0.1101111111111111, 0.26, 0.01, 0.34, 0.01, 0.08233333333333333, 0.3323333333333333, 0.1101111111111111, 0.93, 0.01, 0.12]",[5608103.0],0.9166197841366132
321,"[0.08233333333333333, 0.3323333333333333, 0.1101111111111111, 0.09, 0.68, 0.68, 0.34, 0.93, 0.01, 0.57, 0.09, 0.68, 0.79, 0.51, 0.08233333333333333, 0.3323333333333333, 0.1101111111111111, 0.09, 0.34, 0.68, 0.68, 0.08233333333333333, 0.3323333333333333, 0.1101111111111111, 0.43, 0.01, 0.57, 0.01, 0.59, 0.01, 0.79, 0.68, 0.01, 0.68, 0.68, 0.08233333333333333, 0.3323333333333333, 0.1101111111111111, 0.76, 0.34, 0.45, 0.01, 0.08233333333333333, 0.3323333333333333, 0.1101111111111111, 0.59, 0.68, 0.9, 0.34, 0.84, 0.34, 0.57, 0.26, 0.34, 0.45, 0.51, 0.08233333333333333, 0.3323333333333333, 0.1101111111111111, 0.18, 0.68, 0.01]",[851638.0],0.8824700991312663
322,"[0.08233333333333333, 0.3323333333333333, 0.1101111111111111, 0.08233333333333333, 0.3323333333333333, 0.1101111111111111, 0.3323333333333333, 0.08233333333333333, 0.3323333333333333, 0.1101111111111111, 0.08233333333333333, 0.3323333333333333, 0.1101111111111111, 0.499, 0.18, 0.34, 0.23, 0.43, 0.68, 0.9, 0.68, 0.08233333333333333, 0.3323333333333333, 0.1101111111111111, 0.43, 0.01, 0.23, 0.51, 0.84, 0.01, 0.45, 0.93, 0.34, 0.68, 0.68, 0.08233333333333333, 0.3323333333333333, 0.1101111111111111, 0.09, 0.34, 0.12, 0.51, 0.08233333333333333, 0.3323333333333333, 0.1101111111111111, 0.59, 0.68, 0.01, 0.34, 0.08233333333333333, 0.3323333333333333, 0.1101111111111111, 0.43, 0.01, 0.12, 0.51, 0.08233333333333333, 0.3323333333333333, 0.1101111111111111, 0.34, 0.01, 0.68]",[6382849.0],0.9025281012058258
323,"[0.08233333333333333, 0.3323333333333333, 0.1101111111111111, 0.26, 0.34, 0.57, 0.34, 0.08233333333333333, 0.3323333333333333, 0.1101111111111111, 0.09, 0.68, 0.9, 0.01, 0.43, 0.01, 0.01, 0.51, 0.01, 0.79, 0.34, 0.84, 0.34, 0.79, 0.18, 0.34, 0.57, 0.01, 0.08233333333333333, 0.3323333333333333, 0.1101111111111111, 0.43, 0.01, 0.79, 0.68, 0.84, 0.01, 0.01, 0.09, 0.68, 0.45, 0.51, 0.84, 0.68, 0.45, 0.51, 0.01, 0.34, 0.68, 0.18, 0.68, 0.34, 0.18, 0.34, 0.12, 0.01, 0.08233333333333333, 0.3323333333333333, 0.1101111111111111, 0.26, 0.68, 0.79]",[266240.0],0.3216204702854156
324,"[0.08233333333333333, 0.3323333333333333, 0.1101111111111111, 0.08233333333333333, 0.3323333333333333, 0.1101111111111111, 0.3323333333333333, 0.08233333333333333, 0.3323333333333333, 0.1101111111111111, 0.08233333333333333, 0.3323333333333333, 0.1101111111111111, 0.499, 0.08233333333333333, 0.3323333333333333, 0.1101111111111111, 0.08233333333333333, 0.3323333333333333, 0.1101111111111111, 0.3323333333333333, 0.08233333333333333, 0.3323333333333333, 0.1101111111111111, 0.08233333333333333, 0.3323333333333333, 0.1101111111111111, 0.499, 0.43, 0.34, 0.12, 0.93, 0.68, 0.12, 0.34, 0.08233333333333333, 0.3323333333333333, 0.1101111111111111, 0.76, 0.34, 0.79, 0.01, 0.59, 0.34, 0.12, 0.51, 0.34, 0.23, 0.68, 0.08233333333333333, 0.3323333333333333, 0.1101111111111111, 0.43, 0.34, 0.23, 0.01, 0.08233333333333333, 0.3323333333333333, 0.1101111111111111, 0.68, 0.01, 0.68]",[1149249.0],0.9327222004532814
325,"[0.68, 0.68, 0.79, 0.43, 0.34, 0.9, 0.68, 0.59, 0.68, 0.34, 0.59, 0.68, 0.12, 0.01, 0.68, 0.68, 0.23, 0.68, 0.68, 0.68, 0.34, 0.51, 0.34, 0.01, 0.09, 0.34, 0.68, 0.01, 0.08233333333333333, 0.3323333333333333, 0.1101111111111111, 0.76, 0.01, 0.12, 0.34, 0.08233333333333333, 0.3323333333333333, 0.1101111111111111, 0.43, 0.34, 0.68, 0.51, 0.34, 0.34, 0.57, 0.93, 0.01, 0.9, 0.34, 0.08233333333333333, 0.3323333333333333, 0.1101111111111111, 0.51, 0.34, 0.45, 0.01, 0.08233333333333333, 0.3323333333333333, 0.1101111111111111, 0.26, 0.01, 0.45]",[710481.0],0.9425013095140458
326,"[0.08233333333333333, 0.3323333333333333, 0.1101111111111111, 0.08233333333333333, 0.3323333333333333, 0.1101111111111111, 0.3323333333333333, 0.08233333333333333, 0.3323333333333333, 0.1101111111111111, 0.08233333333333333, 0.3323333333333333, 0.1101111111111111, 0.499, 0.08233333333333333, 0.3323333333333333, 0.1101111111111111, 0.76, 0.68, 0.9, 0.68, 0.34, 0.34, 0.9, 0.34, 0.68, 0.79, 0.01, 0.18, 0.68, 0.12, 0.51, 0.68, 0.12, 0.34, 0.18, 0.68, 0.79, 0.84, 0.01, 0.12, 0.01, 0.26, 0.01, 0.68, 0.59, 0.68, 0.45, 0.34, 0.08233333333333333, 0.3323333333333333, 0.1101111111111111, 0.26, 0.01, 0.57, 0.51, 0.08233333333333333, 0.3323333333333333, 0.1101111111111111, 0.51, 0.68, 0.23]",[1185337.0],0.9086653282245
327,"[0.93, 0.68, 0.23, 0.09, 0.68, 0.68, 0.34, 0.08233333333333333, 0.3323333333333333, 0.1101111111111111, 0.34, 0.01, 0.01, 0.51, 0.08233333333333333, 0.3323333333333333, 0.1101111111111111, 0.34, 0.01, 0.12, 0.68, 0.34, 0.68, 0.68, 0.43, 0.01, 0.79, 0.51, 0.34, 0.68, 0.9, 0.84, 0.34, 0.57, 0.34, 0.59, 0.68, 0.79, 0.84, 0.34, 0.57, 0.51, 0.08233333333333333, 0.3323333333333333, 0.1101111111111111, 0.43, 0.01, 0.01, 0.68, 0.26, 0.68, 0.01, 0.43, 0.68, 0.23, 0.51, 0.68, 0.34, 0.68, 0.18, 0.01, 0.01]",[1883547.0],0.9145348598559696
328,"[0.08233333333333333, 0.3323333333333333, 0.1101111111111111, 0.08233333333333333, 0.3323333333333333, 0.1101111111111111, 0.3323333333333333, 0.08233333333333333, 0.3323333333333333, 0.1101111111111111, 0.08233333333333333, 0.3323333333333333, 0.1101111111111111, 0.499, 0.08233333333333333, 0.3323333333333333, 0.1101111111111111, 0.26, 0.34, 0.01, 0.68, 0.08233333333333333, 0.3323333333333333, 0.1101111111111111, 0.84, 0.68, 0.34, 0.51, 0.08233333333333333, 0.3323333333333333, 0.1101111111111111, 0.34, 0.34, 0.9, 0.68, 0.18, 0.68, 0.01, 0.93, 0.01, 0.68, 0.01, 0.51, 0.34, 0.23, 0.93, 0.34, 0.57, 0.34, 0.18, 0.34, 0.68, 0.34, 0.68, 0.9, 0.51, 0.08233333333333333, 0.3323333333333333, 0.1101111111111111, 0.43, 0.68, 0.45]",[9440293.0],0.92477122147878
329,"[0.08233333333333333, 0.3323333333333333, 0.1101111111111111, 0.08233333333333333, 0.3323333333333333, 0.1101111111111111, 0.3323333333333333, 0.08233333333333333, 0.3323333333333333, 0.1101111111111111, 0.08233333333333333, 0.3323333333333333, 0.1101111111111111, 0.499, 0.08233333333333333, 0.3323333333333333, 0.1101111111111111, 0.08233333333333333, 0.3323333333333333, 0.1101111111111111, 0.3323333333333333, 0.08233333333333333, 0.3323333333333333, 0.1101111111111111, 0.08233333333333333, 0.3323333333333333, 0.1101111111111111, 0.499, 0.51, 0.01, 0.34, 0.18, 0.34, 0.79, 0.68, 0.09, 0.68, 0.68, 0.43, 0.34, 0.57, 0.51, 0.18, 0.68, 0.45, 0.34, 0.34, 0.79, 0.68, 0.09, 0.34, 0.79, 0.93, 0.01, 0.9, 0.51, 0.08233333333333333, 0.3323333333333333, 0.1101111111111111, 0.51, 0.01, 0.45]",[2118505.0],0.7985450252890587
330,"[0.08233333333333333, 0.3323333333333333, 0.1101111111111111, 0.08233333333333333, 0.3323333333333333, 0.1101111111111111, 0.3323333333333333, 0.08233333333333333, 0.3323333333333333, 0.1101111111111111, 0.08233333333333333, 0.3323333333333333, 0.1101111111111111, 0.499, 0.08233333333333333, 0.3323333333333333, 0.1101111111111111, 0.08233333333333333, 0.3323333333333333, 0.1101111111111111, 0.3323333333333333, 0.08233333333333333, 0.3323333333333333, 0.1101111111111111, 0.08233333333333333, 0.3323333333333333, 0.1101111111111111, 0.499, 0.51, 0.01, 0.23, 0.43, 0.01, 0.01, 0.34, 0.51, 0.34, 0.57, 0.59, 0.68, 0.57, 0.51, 0.08233333333333333, 0.3323333333333333, 0.1101111111111111, 0.59, 0.68, 0.23, 0.68, 0.84, 0.68, 0.23, 0.43, 0.34, 0.9, 0.01, 0.08233333333333333, 0.3323333333333333, 0.1101111111111111, 0.93, 0.68, 0.12]",[19104841.0],0.9322277550896008
331,"[0.08233333333333333, 0.3323333333333333, 0.1101111111111111, 0.08233333333333333, 0.3323333333333333, 0.1101111111111111, 0.3323333333333333, 0.08233333333333333, 0.3323333333333333, 0.1101111111111111, 0.08233333333333333, 0.3323333333333333, 0.1101111111111111, 0.499, 0.08233333333333333, 0.3323333333333333, 0.1101111111111111, 0.76, 0.34, 0.12, 0.68, 0.43, 0.68, 0.12, 0.43, 0.34, 0.12, 0.01, 0.08233333333333333, 0.3323333333333333, 0.1101111111111111, 0.26, 0.34, 0.68, 0.34, 0.93, 0.68, 0.45, 0.34, 0.01, 0.45, 0.01, 0.93, 0.34, 0.9, 0.93, 0.68, 0.12, 0.34, 0.76, 0.68, 0.79, 0.93, 0.01, 0.34, 0.01, 0.08233333333333333, 0.3323333333333333, 0.1101111111111111, 0.93, 0.34, 0.12]",[77156381.0],0.9442964270710944
332,"[0.08233333333333333, 0.3323333333333333, 0.1101111111111111, 0.09, 0.34, 0.01, 0.34, 0.08233333333333333, 0.3323333333333333, 0.1101111111111111, 0.68, 0.34, 0.23, 0.51, 0.18, 0.68, 0.79, 0.43, 0.01, 0.9, 0.68, 0.84, 0.34, 0.23, 0.09, 0.01, 0.12, 0.01, 0.93, 0.01, 0.34, 0.09, 0.01, 0.79, 0.68, 0.76, 0.34, 0.57, 0.68, 0.34, 0.23, 0.01, 0.08233333333333333, 0.3323333333333333, 0.1101111111111111, 0.93, 0.68, 0.9, 0.68, 0.08233333333333333, 0.3323333333333333, 0.1101111111111111, 0.68, 0.34, 0.34, 0.01, 0.51, 0.68, 0.34, 0.34, 0.01, 0.23]",[2195762.0],0.8947156980633736
333,"[0.08233333333333333, 0.3323333333333333, 0.1101111111111111, 0.08233333333333333, 0.3323333333333333, 0.1101111111111111, 0.3323333333333333, 0.08233333333333333, 0.3323333333333333, 0.1101111111111111, 0.08233333333333333, 0.3323333333333333, 0.1101111111111111, 0.499, 0.08233333333333333, 0.3323333333333333, 0.1101111111111111, 0.09, 0.01, 0.34, 0.68, 0.51, 0.34, 0.34, 0.18, 0.01, 0.68, 0.01, 0.08233333333333333, 0.3323333333333333, 0.1101111111111111, 0.18, 0.68, 0.57, 0.34, 0.08233333333333333, 0.3323333333333333, 0.1101111111111111, 0.59, 0.34, 0.34, 0.01, 0.84, 0.01, 0.23, 0.68, 0.68, 0.9, 0.68, 0.08233333333333333, 0.3323333333333333, 0.1101111111111111, 0.76, 0.34, 0.01, 0.51, 0.08233333333333333, 0.3323333333333333, 0.1101111111111111, 0.84, 0.34, 0.68]",[4087911.0],0.8920219386617343
334,"[0.08233333333333333, 0.3323333333333333, 0.1101111111111111, 0.08233333333333333, 0.3323333333333333, 0.1101111111111111, 0.3323333333333333, 0.08233333333333333, 0.3323333333333333, 0.1101111111111111, 0.08233333333333333, 0.3323333333333333, 0.1101111111111111, 0.499, 0.08233333333333333, 0.3323333333333333, 0.1101111111111111, 0.09, 0.01, 0.68, 0.68, 0.08233333333333333, 0.3323333333333333, 0.1101111111111111, 0.34, 0.68, 0.34, 0.01, 0.18, 0.34, 0.68, 0.18, 0.01, 0.23, 0.68, 0.18, 0.01, 0.9, 0.93, 0.01, 0.79, 0.01, 0.08233333333333333, 0.3323333333333333, 0.1101111111111111, 0.26, 0.34, 0.9, 0.34, 0.51, 0.34, 0.01, 0.59, 0.01, 0.9, 0.51, 0.08233333333333333, 0.3323333333333333, 0.1101111111111111, 0.93, 0.01, 0.9]",[6677763.0],0.7692242150505384
335,"[0.18, 0.34, 0.79, 0.26, 0.01, 0.9, 0.34, 0.08233333333333333, 0.3323333333333333, 0.1101111111111111, 0.93, 0.34, 0.9, 0.01, 0.08233333333333333, 0.3323333333333333, 0.1101111111111111, 0.51, 0.34, 0.79, 0.34, 0.08233333333333333, 0.3323333333333333, 0.1101111111111111, 0.34, 0.68, 0.79, 0.01, 0.18, 0.68, 0.9, 0.51, 0.68, 0.34, 0.68, 0.93, 0.01, 0.12, 0.51, 0.01, 0.57, 0.51, 0.08233333333333333, 0.3323333333333333, 0.1101111111111111, 0.43, 0.34, 0.9, 0.68, 0.84, 0.34, 0.68, 0.09, 0.01, 0.45, 0.01, 0.08233333333333333, 0.3323333333333333, 0.1101111111111111, 0.59, 0.34, 0.34]",[490479.0],0.3102660382787386
336,"[0.08233333333333333, 0.3323333333333333, 0.1101111111111111, 0.08233333333333333, 0.3323333333333333, 0.1101111111111111, 0.3323333333333333, 0.08233333333333333, 0.3323333333333333, 0.1101111111111111, 0.08233333333333333, 0.3323333333333333, 0.1101111111111111, 0.499, 0.08233333333333333, 0.3323333333333333, 0.1101111111111111, 0.08233333333333333, 0.3323333333333333, 0.1101111111111111, 0.3323333333333333, 0.08233333333333333, 0.3323333333333333, 0.1101111111111111, 0.08233333333333333, 0.3323333333333333, 0.1101111111111111, 0.499, 0.18, 0.01, 0.79, 0.84, 0.34, 0.45, 0.68, 0.08233333333333333, 0.3323333333333333, 0.1101111111111111, 0.76, 0.01, 0.34, 0.01, 0.09, 0.68, 0.01, 0.18, 0.01, 0.23, 0.34, 0.09, 0.68, 0.9, 0.76, 0.68, 0.12, 0.01, 0.26, 0.34, 0.68, 0.84, 0.68, 0.01]",[1474415.0],0.3252811744809151
337,"[0.08233333333333333, 0.3323333333333333, 0.1101111111111111, 0.08233333333333333, 0.3323333333333333, 0.1101111111111111, 0.3323333333333333, 0.08233333333333333, 0.3323333333333333, 0.1101111111111111, 0.08233333333333333, 0.3323333333333333, 0.1101111111111111, 0.499, 0.08233333333333333, 0.3323333333333333, 0.1101111111111111, 0.76, 0.01, 0.68, 0.68, 0.09, 0.01, 0.79, 0.59, 0.34, 0.23, 0.01, 0.08233333333333333, 0.3323333333333333, 0.1101111111111111, 0.51, 0.01, 0.12, 0.68, 0.08233333333333333, 0.3323333333333333, 0.1101111111111111, 0.18, 0.01, 0.9, 0.01, 0.43, 0.01, 0.45, 0.93, 0.68, 0.12, 0.68, 0.43, 0.68, 0.34, 0.76, 0.68, 0.01, 0.51, 0.93, 0.34, 0.79, 0.26, 0.34, 0.68]",[10677612.0],0.9237954671184222
338,"[0.08233333333333333, 0.3323333333333333, 0.1101111111111111, 0.08233333333333333, 0.3323333333333333, 0.1101111111111111, 0.3323333333333333, 0.08233333333333333, 0.3323333333333333, 0.1101111111111111, 0.08233333333333333, 0.3323333333333333, 0.1101111111111111, 0.499, 0.08233333333333333, 0.3323333333333333, 0.1101111111111111, 0.08233333333333333, 0.3323333333333333, 0.1101111111111111, 0.3323333333333333, 0.08233333333333333, 0.3323333333333333, 0.1101111111111111, 0.08233333333333333, 0.3323333333333333, 0.1101111111111111, 0.499, 0.43, 0.01, 0.79, 0.51, 0.68, 0.9, 0.34, 0.08233333333333333, 0.3323333333333333, 0.1101111111111111, 0.18, 0.68, 0.45, 0.01, 0.18, 0.68, 0.68, 0.34, 0.68, 0.9, 0.34, 0.68, 0.34, 0.01, 0.18, 0.01, 0.79, 0.51, 0.76, 0.01, 0.12, 0.43, 0.34, 0.12]",[74475.0],0.9085920731226604
339,"[0.08233333333333333, 0.3323333333333333, 0.1101111111111111, 0.08233333333333333, 0.3323333333333333, 0.1101111111111111, 0.3323333333333333, 0.08233333333333333, 0.3323333333333333, 0.1101111111111111, 0.08233333333333333, 0.3323333333333333, 0.1101111111111111, 0.499, 0.59, 0.01, 0.23, 0.51, 0.01, 0.9, 0.34, 0.08233333333333333, 0.3323333333333333, 0.1101111111111111, 0.51, 0.68, 0.12, 0.51, 0.08233333333333333, 0.3323333333333333, 0.1101111111111111, 0.09, 0.68, 0.01, 0.68, 0.68, 0.34, 0.9, 0.84, 0.01, 0.45, 0.51, 0.59, 0.01, 0.23, 0.43, 0.01, 0.68, 0.68, 0.08233333333333333, 0.3323333333333333, 0.1101111111111111, 0.84, 0.68, 0.12, 0.51, 0.43, 0.01, 0.68, 0.43, 0.34, 0.34]",[1959708.0],0.8861857185761134
340,"[0.18, 0.01, 0.23, 0.09, 0.68, 0.45, 0.68, 0.93, 0.68, 0.79, 0.84, 0.34, 0.45, 0.01, 0.43, 0.68, 0.01, 0.76, 0.01, 0.57, 0.34, 0.26, 0.01, 0.01, 0.09, 0.34, 0.9, 0.51, 0.26, 0.68, 0.79, 0.09, 0.68, 0.12, 0.34, 0.18, 0.68, 0.57, 0.68, 0.01, 0.23, 0.51, 0.08233333333333333, 0.3323333333333333, 0.1101111111111111, 0.43, 0.01, 0.23, 0.34, 0.08233333333333333, 0.3323333333333333, 0.1101111111111111, 0.34, 0.01, 0.45, 0.01, 0.09, 0.68, 0.79, 0.43, 0.01, 0.01]",[4817324.0],0.2945523455739021
341,"[0.08233333333333333, 0.3323333333333333, 0.1101111111111111, 0.08233333333333333, 0.3323333333333333, 0.1101111111111111, 0.3323333333333333, 0.08233333333333333, 0.3323333333333333, 0.1101111111111111, 0.08233333333333333, 0.3323333333333333, 0.1101111111111111, 0.499, 0.08233333333333333, 0.3323333333333333, 0.1101111111111111, 0.08233333333333333, 0.3323333333333333, 0.1101111111111111, 0.3323333333333333, 0.08233333333333333, 0.3323333333333333, 0.1101111111111111, 0.08233333333333333, 0.3323333333333333, 0.1101111111111111, 0.499, 0.08233333333333333, 0.3323333333333333, 0.1101111111111111, 0.43, 0.68, 0.68, 0.68, 0.08233333333333333, 0.3323333333333333, 0.1101111111111111, 0.09, 0.01, 0.68, 0.01, 0.08233333333333333, 0.3323333333333333, 0.1101111111111111, 0.09, 0.34, 0.23, 0.68, 0.08233333333333333, 0.3323333333333333, 0.1101111111111111, 0.68, 0.01, 0.12, 0.51, 0.08233333333333333, 0.3323333333333333, 0.1101111111111111, 0.43, 0.01, 0.12]",[69312.0],0.6837099234263102
342,"[0.08233333333333333, 0.3323333333333333, 0.1101111111111111, 0.08233333333333333, 0.3323333333333333, 0.1101111111111111, 0.3323333333333333, 0.08233333333333333, 0.3323333333333333, 0.1101111111111111, 0.08233333333333333, 0.3323333333333333, 0.1101111111111111, 0.499, 0.43, 0.34, 0.45, 0.76, 0.34, 0.45, 0.68, 0.68, 0.68, 0.45, 0.34, 0.34, 0.45, 0.01, 0.08233333333333333, 0.3323333333333333, 0.1101111111111111, 0.18, 0.68, 0.23, 0.68, 0.08233333333333333, 0.3323333333333333, 0.1101111111111111, 0.93, 0.34, 0.34, 0.01, 0.26, 0.34, 0.23, 0.93, 0.68, 0.45, 0.68, 0.93, 0.01, 0.9, 0.68, 0.01, 0.57, 0.01, 0.08233333333333333, 0.3323333333333333, 0.1101111111111111, 0.76, 0.34, 0.45]",[11905755.0],0.904132476945718
343,"[0.08233333333333333, 0.3323333333333333, 0.1101111111111111, 0.08233333333333333, 0.3323333333333333, 0.1101111111111111, 0.3323333333333333, 0.08233333333333333, 0.3323333333333333, 0.1101111111111111, 0.08233333333333333, 0.3323333333333333, 0.1101111111111111, 0.499, 0.08233333333333333, 0.3323333333333333, 0.1101111111111111, 0.08233333333333333, 0.3323333333333333, 0.1101111111111111, 0.3323333333333333, 0.08233333333333333, 0.3323333333333333, 0.1101111111111111, 0.08233333333333333, 0.3323333333333333, 0.1101111111111111, 0.499, 0.08233333333333333, 0.3323333333333333, 0.1101111111111111, 0.43, 0.34, 0.34, 0.34, 0.08233333333333333, 0.3323333333333333, 0.1101111111111111, 0.34, 0.01, 0.57, 0.51, 0.08233333333333333, 0.3323333333333333, 0.1101111111111111, 0.34, 0.68, 0.68, 0.34, 0.08233333333333333, 0.3323333333333333, 0.1101111111111111, 0.18, 0.34, 0.34, 0.51, 0.26, 0.34, 0.01, 0.76, 0.68, 0.57]",[164204.0],0.8742713198065758
344,"[0.08233333333333333, 0.3323333333333333, 0.1101111111111111, 0.08233333333333333, 0.3323333333333333, 0.1101111111111111, 0.3323333333333333, 0.08233333333333333, 0.3323333333333333, 0.1101111111111111, 0.08233333333333333, 0.3323333333333333, 0.1101111111111111, 0.499, 0.08233333333333333, 0.3323333333333333, 0.1101111111111111, 0.08233333333333333, 0.3323333333333333, 0.1101111111111111, 0.3323333333333333, 0.08233333333333333, 0.3323333333333333, 0.1101111111111111, 0.08233333333333333, 0.3323333333333333, 0.1101111111111111, 0.499, 0.84, 0.01, 0.79, 0.34, 0.34, 0.45, 0.68, 0.08233333333333333, 0.3323333333333333, 0.1101111111111111, 0.59, 0.34, 0.12, 0.01, 0.43, 0.01, 0.23, 0.34, 0.34, 0.9, 0.34, 0.08233333333333333, 0.3323333333333333, 0.1101111111111111, 0.26, 0.68, 0.45, 0.51, 0.08233333333333333, 0.3323333333333333, 0.1101111111111111, 0.34, 0.01, 0.01]",[45373.0],0.8464691117405891
345,"[0.08233333333333333, 0.3323333333333333, 0.1101111111111111, 0.08233333333333333, 0.3323333333333333, 0.1101111111111111, 0.3323333333333333, 0.08233333333333333, 0.3323333333333333, 0.1101111111111111, 0.08233333333333333, 0.3323333333333333, 0.1101111111111111, 0.499, 0.84, 0.34, 0.68, 0.59, 0.34, 0.68, 0.68, 0.08233333333333333, 0.3323333333333333, 0.1101111111111111, 0.84, 0.68, 0.34, 0.51, 0.08233333333333333, 0.3323333333333333, 0.1101111111111111, 0.34, 0.34, 0.34, 0.34, 0.08233333333333333, 0.3323333333333333, 0.1101111111111111, 0.68, 0.68, 0.68, 0.51, 0.26, 0.01, 0.45, 0.18, 0.34, 0.68, 0.34, 0.08233333333333333, 0.3323333333333333, 0.1101111111111111, 0.84, 0.34, 0.79, 0.01, 0.08233333333333333, 0.3323333333333333, 0.1101111111111111, 0.76, 0.01, 0.79]",[4803091.0],0.9198293074965476
346,"[0.08233333333333333, 0.3323333333333333, 0.1101111111111111, 0.08233333333333333, 0.3323333333333333, 0.1101111111111111, 0.3323333333333333, 0.08233333333333333, 0.3323333333333333, 0.1101111111111111, 0.08233333333333333, 0.3323333333333333, 0.1101111111111111, 0.499, 0.08233333333333333, 0.3323333333333333, 0.1101111111111111, 0.08233333333333333, 0.3323333333333333, 0.1101111111111111, 0.3323333333333333, 0.08233333333333333, 0.3323333333333333, 0.1101111111111111, 0.08233333333333333, 0.3323333333333333, 0.1101111111111111, 0.499, 0.08233333333333333, 0.3323333333333333, 0.1101111111111111, 0.93, 0.68, 0.45, 0.34, 0.43, 0.01, 0.45, 0.34, 0.01, 0.57, 0.51, 0.68, 0.68, 0.34, 0.18, 0.34, 0.79, 0.68, 0.34, 0.34, 0.01, 0.51, 0.68, 0.34, 0.51, 0.18, 0.68, 0.01, 0.76, 0.68, 0.45]",[3539033.0],0.8977598542968432
347,"[0.08233333333333333, 0.3323333333333333, 0.1101111111111111, 0.08233333333333333, 0.3323333333333333, 0.1101111111111111, 0.3323333333333333, 0.08233333333333333, 0.3323333333333333, 0.1101111111111111, 0.08233333333333333, 0.3323333333333333, 0.1101111111111111, 0.499, 0.09, 0.34, 0.79, 0.43, 0.34, 0.9, 0.68, 0.76, 0.34, 0.79, 0.18, 0.34, 0.34, 0.01, 0.08233333333333333, 0.3323333333333333, 0.1101111111111111, 0.09, 0.01, 0.01, 0.34, 0.93, 0.34, 0.9, 0.26, 0.34, 0.57, 0.01, 0.08233333333333333, 0.3323333333333333, 0.1101111111111111, 0.51, 0.34, 0.57, 0.68, 0.43, 0.68, 0.9, 0.93, 0.68, 0.79, 0.01, 0.84, 0.01, 0.23, 0.93, 0.34, 0.45]",[23444986.0],0.8959025795261065
348,"[0.34, 0.01, 0.68, 0.93, 0.34, 0.68, 0.68, 0.26, 0.34, 0.68, 0.43, 0.34, 0.57, 0.01, 0.08233333333333333, 0.3323333333333333, 0.1101111111111111, 0.43, 0.34, 0.57, 0.34, 0.84, 0.34, 0.68, 0.84, 0.34, 0.01, 0.01, 0.08233333333333333, 0.3323333333333333, 0.1101111111111111, 0.51, 0.01, 0.23, 0.34, 0.08233333333333333, 0.3323333333333333, 0.1101111111111111, 0.34, 0.34, 0.12, 0.51, 0.93, 0.34, 0.01, 0.43, 0.68, 0.34, 0.68, 0.09, 0.68, 0.57, 0.18, 0.68, 0.9, 0.01, 0.43, 0.68, 0.45, 0.34, 0.01, 0.57]",[4409793.0],0.9395670622587204
349,"[0.08233333333333333, 0.3323333333333333, 0.1101111111111111, 0.08233333333333333, 0.3323333333333333, 0.1101111111111111, 0.3323333333333333, 0.08233333333333333, 0.3323333333333333, 0.1101111111111111, 0.08233333333333333, 0.3323333333333333, 0.1101111111111111, 0.499, 0.08233333333333333, 0.3323333333333333, 0.1101111111111111, 0.26, 0.01, 0.68, 0.68, 0.08233333333333333, 0.3323333333333333, 0.1101111111111111, 0.59, 0.01, 0.34, 0.01, 0.08233333333333333, 0.3323333333333333, 0.1101111111111111, 0.26, 0.68, 0.12, 0.68, 0.43, 0.01, 0.34, 0.68, 0.34, 0.01, 0.51, 0.34, 0.34, 0.79, 0.34, 0.34, 0.57, 0.68, 0.08233333333333333, 0.3323333333333333, 0.1101111111111111, 0.34, 0.01, 0.68, 0.51, 0.08233333333333333, 0.3323333333333333, 0.1101111111111111, 0.51, 0.68, 0.57]",[103361.0],0.8789595524470012
350,"[0.08233333333333333, 0.3323333333333333, 0.1101111111111111, 0.08233333333333333, 0.3323333333333333, 0.1101111111111111, 0.3323333333333333, 0.08233333333333333, 0.3323333333333333, 0.1101111111111111, 0.08233333333333333, 0.3323333333333333, 0.1101111111111111, 0.499, 0.08233333333333333, 0.3323333333333333, 0.1101111111111111, 0.84, 0.34, 0.68, 0.68, 0.08233333333333333, 0.3323333333333333, 0.1101111111111111, 0.59, 0.34, 0.12, 0.01, 0.68, 0.68, 0.34, 0.09, 0.68, 0.23, 0.68, 0.34, 0.01, 0.57, 0.93, 0.01, 0.23, 0.01, 0.59, 0.01, 0.68, 0.68, 0.01, 0.68, 0.34, 0.08233333333333333, 0.3323333333333333, 0.1101111111111111, 0.59, 0.34, 0.34, 0.51, 0.08233333333333333, 0.3323333333333333, 0.1101111111111111, 0.18, 0.68, 0.12]",[6560747.0],0.8368139356374741
351,"[0.08233333333333333, 0.3323333333333333, 0.1101111111111111, 0.08233333333333333, 0.3323333333333333, 0.1101111111111111, 0.3323333333333333, 0.08233333333333333, 0.3323333333333333, 0.1101111111111111, 0.08233333333333333, 0.3323333333333333, 0.1101111111111111, 0.499, 0.08233333333333333, 0.3323333333333333, 0.1101111111111111, 0.18, 0.34, 0.23, 0.68, 0.08233333333333333, 0.3323333333333333, 0.1101111111111111, 0.84, 0.68, 0.57, 0.01, 0.08233333333333333, 0.3323333333333333, 0.1101111111111111, 0.76, 0.34, 0.57, 0.68, 0.51, 0.34, 0.45, 0.76, 0.01, 0.57, 0.51, 0.08233333333333333, 0.3323333333333333, 0.1101111111111111, 0.76, 0.68, 0.01, 0.34, 0.08233333333333333, 0.3323333333333333, 0.1101111111111111, 0.43, 0.34, 0.34, 0.01, 0.08233333333333333, 0.3323333333333333, 0.1101111111111111, 0.76, 0.01, 0.45]",[5637077.0],0.889376292626063
352,"[0.08233333333333333, 0.3323333333333333, 0.1101111111111111, 0.08233333333333333, 0.3323333333333333, 0.1101111111111111, 0.3323333333333333, 0.08233333333333333, 0.3323333333333333, 0.1101111111111111, 0.08233333333333333, 0.3323333333333333, 0.1101111111111111, 0.499, 0.08233333333333333, 0.3323333333333333, 0.1101111111111111, 0.08233333333333333, 0.3323333333333333, 0.1101111111111111, 0.3323333333333333, 0.08233333333333333, 0.3323333333333333, 0.1101111111111111, 0.08233333333333333, 0.3323333333333333, 0.1101111111111111, 0.499, 0.08233333333333333, 0.3323333333333333, 0.1101111111111111, 0.34, 0.68, 0.68, 0.68, 0.08233333333333333, 0.3323333333333333, 0.1101111111111111, 0.93, 0.68, 0.34, 0.01, 0.93, 0.34, 0.9, 0.18, 0.01, 0.68, 0.68, 0.08233333333333333, 0.3323333333333333, 0.1101111111111111, 0.51, 0.68, 0.68, 0.51, 0.43, 0.01, 0.45, 0.18, 0.34, 0.01]",[909782.0],0.8841245104869206
353,"[0.08233333333333333, 0.3323333333333333, 0.1101111111111111, 0.08233333333333333, 0.3323333333333333, 0.1101111111111111, 0.3323333333333333, 0.08233333333333333, 0.3323333333333333, 0.1101111111111111, 0.08233333333333333, 0.3323333333333333, 0.1101111111111111, 0.499, 0.08233333333333333, 0.3323333333333333, 0.1101111111111111, 0.08233333333333333, 0.3323333333333333, 0.1101111111111111, 0.3323333333333333, 0.08233333333333333, 0.3323333333333333, 0.1101111111111111, 0.08233333333333333, 0.3323333333333333, 0.1101111111111111, 0.499, 0.93, 0.01, 0.68, 0.09, 0.01, 0.79, 0.34, 0.08233333333333333, 0.3323333333333333, 0.1101111111111111, 0.09, 0.01, 0.79, 0.01, 0.26, 0.68, 0.45, 0.18, 0.01, 0.45, 0.34, 0.26, 0.01, 0.34, 0.84, 0.68, 0.79, 0.51, 0.08233333333333333, 0.3323333333333333, 0.1101111111111111, 0.09, 0.01, 0.12]",[1109672.0],0.7527822400132815
354,"[0.08233333333333333, 0.3323333333333333, 0.1101111111111111, 0.08233333333333333, 0.3323333333333333, 0.1101111111111111, 0.3323333333333333, 0.08233333333333333, 0.3323333333333333, 0.1101111111111111, 0.08233333333333333, 0.3323333333333333, 0.1101111111111111, 0.499, 0.08233333333333333, 0.3323333333333333, 0.1101111111111111, 0.08233333333333333, 0.3323333333333333, 0.1101111111111111, 0.3323333333333333, 0.08233333333333333, 0.3323333333333333, 0.1101111111111111, 0.08233333333333333, 0.3323333333333333, 0.1101111111111111, 0.499, 0.08233333333333333, 0.3323333333333333, 0.1101111111111111, 0.68, 0.68, 0.57, 0.68, 0.08233333333333333, 0.3323333333333333, 0.1101111111111111, 0.18, 0.01, 0.57, 0.01, 0.68, 0.01, 0.68, 0.34, 0.01, 0.68, 0.68, 0.93, 0.01, 0.34, 0.76, 0.68, 0.23, 0.01, 0.76, 0.68, 0.57, 0.68, 0.68, 0.23]",[7916449.0],0.9062789976596832
355,"[0.08233333333333333, 0.3323333333333333, 0.1101111111111111, 0.08233333333333333, 0.3323333333333333, 0.1101111111111111, 0.3323333333333333, 0.08233333333333333, 0.3323333333333333, 0.1101111111111111, 0.08233333333333333, 0.3323333333333333, 0.1101111111111111, 0.499, 0.93, 0.68, 0.45, 0.51, 0.01, 0.45, 0.68, 0.08233333333333333, 0.3323333333333333, 0.1101111111111111, 0.34, 0.68, 0.9, 0.01, 0.26, 0.34, 0.45, 0.59, 0.01, 0.68, 0.34, 0.51, 0.01, 0.45, 0.51, 0.68, 0.9, 0.51, 0.93, 0.34, 0.12, 0.18, 0.68, 0.01, 0.34, 0.08233333333333333, 0.3323333333333333, 0.1101111111111111, 0.51, 0.01, 0.23, 0.01, 0.59, 0.34, 0.68, 0.26, 0.68, 0.34]",[807475.0],0.9364293058713276
356,"[0.08233333333333333, 0.3323333333333333, 0.1101111111111111, 0.08233333333333333, 0.3323333333333333, 0.1101111111111111, 0.3323333333333333, 0.08233333333333333, 0.3323333333333333, 0.1101111111111111, 0.08233333333333333, 0.3323333333333333, 0.1101111111111111, 0.499, 0.08233333333333333, 0.3323333333333333, 0.1101111111111111, 0.08233333333333333, 0.3323333333333333, 0.1101111111111111, 0.3323333333333333, 0.08233333333333333, 0.3323333333333333, 0.1101111111111111, 0.08233333333333333, 0.3323333333333333, 0.1101111111111111, 0.499, 0.76, 0.34, 0.68, 0.76, 0.34, 0.34, 0.34, 0.09, 0.34, 0.79, 0.18, 0.34, 0.23, 0.01, 0.08233333333333333, 0.3323333333333333, 0.1101111111111111, 0.93, 0.68, 0.9, 0.68, 0.08233333333333333, 0.3323333333333333, 0.1101111111111111, 0.68, 0.01, 0.68, 0.51, 0.09, 0.34, 0.68, 0.93, 0.34, 0.23]",[9537953.0],0.9325160652399064
357,"[0.08233333333333333, 0.3323333333333333, 0.1101111111111111, 0.08233333333333333, 0.3323333333333333, 0.1101111111111111, 0.3323333333333333, 0.08233333333333333, 0.3323333333333333, 0.1101111111111111, 0.08233333333333333, 0.3323333333333333, 0.1101111111111111, 0.499, 0.43, 0.34, 0.9, 0.34, 0.68, 0.57, 0.34, 0.26, 0.34, 0.01, 0.93, 0.34, 0.57, 0.01, 0.08233333333333333, 0.3323333333333333, 0.1101111111111111, 0.26, 0.68, 0.34, 0.34, 0.08233333333333333, 0.3323333333333333, 0.1101111111111111, 0.93, 0.34, 0.34, 0.01, 0.93, 0.34, 0.01, 0.34, 0.34, 0.9, 0.34, 0.26, 0.34, 0.23, 0.84, 0.34, 0.34, 0.51, 0.08233333333333333, 0.3323333333333333, 0.1101111111111111, 0.43, 0.68, 0.01]",[10186445.0],0.3190375591317813
358,"[0.08233333333333333, 0.3323333333333333, 0.1101111111111111, 0.59, 0.68, 0.34, 0.34, 0.08233333333333333, 0.3323333333333333, 0.1101111111111111, 0.34, 0.01, 0.79, 0.01, 0.26, 0.34, 0.12, 0.68, 0.68, 0.79, 0.34, 0.08233333333333333, 0.3323333333333333, 0.1101111111111111, 0.76, 0.34, 0.45, 0.51, 0.93, 0.34, 0.9, 0.18, 0.01, 0.79, 0.68, 0.08233333333333333, 0.3323333333333333, 0.1101111111111111, 0.26, 0.68, 0.12, 0.01, 0.08233333333333333, 0.3323333333333333, 0.1101111111111111, 0.43, 0.34, 0.01, 0.34, 0.51, 0.68, 0.79, 0.84, 0.34, 0.45, 0.01, 0.08233333333333333, 0.3323333333333333, 0.1101111111111111, 0.59, 0.01, 0.12]",[3088657.0],0.9389090786377589
359,"[0.68, 0.34, 0.68, 0.93, 0.01, 0.9, 0.34, 0.08233333333333333, 0.3323333333333333, 0.1101111111111111, 0.51, 0.34, 0.12, 0.51, 0.09, 0.34, 0.23, 0.26, 0.01, 0.23, 0.68, 0.76, 0.68, 0.9, 0.93, 0.68, 0.9, 0.51, 0.08233333333333333, 0.3323333333333333, 0.1101111111111111, 0.84, 0.68, 0.01, 0.34, 0.43, 0.68, 0.68, 0.34, 0.34, 0.23, 0.51, 0.08233333333333333, 0.3323333333333333, 0.1101111111111111, 0.93, 0.68, 0.57, 0.34, 0.09, 0.34, 0.45, 0.26, 0.68, 0.68, 0.51, 0.76, 0.68, 0.79, 0.93, 0.01, 0.79]",[31597205.0],0.9429041847586632
360,"[0.08233333333333333, 0.3323333333333333, 0.1101111111111111, 0.08233333333333333, 0.3323333333333333, 0.1101111111111111, 0.3323333333333333, 0.08233333333333333, 0.3323333333333333, 0.1101111111111111, 0.08233333333333333, 0.3323333333333333, 0.1101111111111111, 0.499, 0.08233333333333333, 0.3323333333333333, 0.1101111111111111, 0.08233333333333333, 0.3323333333333333, 0.1101111111111111, 0.3323333333333333, 0.08233333333333333, 0.3323333333333333, 0.1101111111111111, 0.08233333333333333, 0.3323333333333333, 0.1101111111111111, 0.499, 0.76, 0.34, 0.79, 0.93, 0.34, 0.01, 0.34, 0.08233333333333333, 0.3323333333333333, 0.1101111111111111, 0.26, 0.68, 0.34, 0.01, 0.93, 0.34, 0.23, 0.59, 0.68, 0.79, 0.34, 0.08233333333333333, 0.3323333333333333, 0.1101111111111111, 0.18, 0.68, 0.57, 0.01, 0.08233333333333333, 0.3323333333333333, 0.1101111111111111, 0.84, 0.68, 0.45]",[15344561.0],0.9343932395180068
361,"[0.08233333333333333, 0.3323333333333333, 0.1101111111111111, 0.08233333333333333, 0.3323333333333333, 0.1101111111111111, 0.3323333333333333, 0.08233333333333333, 0.3323333333333333, 0.1101111111111111, 0.08233333333333333, 0.3323333333333333, 0.1101111111111111, 0.499, 0.08233333333333333, 0.3323333333333333, 0.1101111111111111, 0.08233333333333333, 0.3323333333333333, 0.1101111111111111, 0.3323333333333333, 0.08233333333333333, 0.3323333333333333, 0.1101111111111111, 0.08233333333333333, 0.3323333333333333, 0.1101111111111111, 0.499, 0.18, 0.01, 0.45, 0.76, 0.68, 0.79, 0.34, 0.76, 0.68, 0.01, 0.68, 0.34, 0.57, 0.01, 0.34, 0.34, 0.23, 0.93, 0.68, 0.45, 0.34, 0.08233333333333333, 0.3323333333333333, 0.1101111111111111, 0.34, 0.68, 0.57, 0.51, 0.08233333333333333, 0.3323333333333333, 0.1101111111111111, 0.93, 0.34, 0.34]",[12432709.0],0.915085592865944
362,"[0.08233333333333333, 0.3323333333333333, 0.1101111111111111, 0.59, 0.68, 0.01, 0.68, 0.08233333333333333, 0.3323333333333333, 0.1101111111111111, 0.68, 0.34, 0.57, 0.01, 0.34, 0.68, 0.79, 0.18, 0.01, 0.01, 0.34, 0.08233333333333333, 0.3323333333333333, 0.1101111111111111, 0.09, 0.01, 0.79, 0.51, 0.84, 0.68, 0.34, 0.76, 0.68, 0.57, 0.68, 0.08233333333333333, 0.3323333333333333, 0.1101111111111111, 0.34, 0.34, 0.9, 0.51, 0.08233333333333333, 0.3323333333333333, 0.1101111111111111, 0.76, 0.01, 0.9, 0.68, 0.08233333333333333, 0.3323333333333333, 0.1101111111111111, 0.59, 0.34, 0.12, 0.01, 0.43, 0.01, 0.9, 0.59, 0.01, 0.23]",[3478505.0],0.3204786131779353
363,"[0.08233333333333333, 0.3323333333333333, 0.1101111111111111, 0.08233333333333333, 0.3323333333333333, 0.1101111111111111, 0.3323333333333333, 0.08233333333333333, 0.3323333333333333, 0.1101111111111111, 0.08233333333333333, 0.3323333333333333, 0.1101111111111111, 0.499, 0.09, 0.34, 0.57, 0.09, 0.34, 0.9, 0.34, 0.68, 0.34, 0.01, 0.26, 0.01, 0.12, 0.01, 0.08233333333333333, 0.3323333333333333, 0.1101111111111111, 0.59, 0.34, 0.01, 0.68, 0.93, 0.01, 0.68, 0.26, 0.34, 0.45, 0.01, 0.08233333333333333, 0.3323333333333333, 0.1101111111111111, 0.93, 0.34, 0.79, 0.68, 0.51, 0.68, 0.79, 0.18, 0.34, 0.23, 0.51, 0.08233333333333333, 0.3323333333333333, 0.1101111111111111, 0.59, 0.68, 0.01]",[3133603.0],0.3849541679024696
364,"[0.18, 0.68, 0.9, 0.84, 0.34, 0.23, 0.34, 0.08233333333333333, 0.3323333333333333, 0.1101111111111111, 0.59, 0.34, 0.79, 0.01, 0.68, 0.34, 0.23, 0.18, 0.34, 0.57, 0.34, 0.08233333333333333, 0.3323333333333333, 0.1101111111111111, 0.09, 0.68, 0.68, 0.01, 0.43, 0.01, 0.9, 0.43, 0.01, 0.01, 0.68, 0.59, 0.68, 0.68, 0.18, 0.01, 0.23, 0.01, 0.08233333333333333, 0.3323333333333333, 0.1101111111111111, 0.68, 0.01, 0.9, 0.34, 0.08233333333333333, 0.3323333333333333, 0.1101111111111111, 0.26, 0.01, 0.9, 0.51, 0.76, 0.34, 0.9, 0.43, 0.68, 0.68]",[1013149.0],0.9125646496812504
365,"[0.08233333333333333, 0.3323333333333333, 0.1101111111111111, 0.59, 0.68, 0.23, 0.68, 0.08233333333333333, 0.3323333333333333, 0.1101111111111111, 0.18, 0.01, 0.45, 0.01, 0.09, 0.01, 0.23, 0.59, 0.34, 0.34, 0.68, 0.09, 0.68, 0.12, 0.34, 0.01, 0.01, 0.51, 0.51, 0.34, 0.68, 0.43, 0.01, 0.45, 0.34, 0.26, 0.01, 0.45, 0.09, 0.68, 0.45, 0.51, 0.34, 0.01, 0.45, 0.34, 0.34, 0.01, 0.68, 0.26, 0.34, 0.23, 0.26, 0.01, 0.12, 0.01, 0.84, 0.01, 0.79, 0.34, 0.68, 0.57]",[136490.0],0.9052649368842444
366,"[0.08233333333333333, 0.3323333333333333, 0.1101111111111111, 0.08233333333333333, 0.3323333333333333, 0.1101111111111111, 0.3323333333333333, 0.08233333333333333, 0.3323333333333333, 0.1101111111111111, 0.08233333333333333, 0.3323333333333333, 0.1101111111111111, 0.499, 0.08233333333333333, 0.3323333333333333, 0.1101111111111111, 0.08233333333333333, 0.3323333333333333, 0.1101111111111111, 0.3323333333333333, 0.08233333333333333, 0.3323333333333333, 0.1101111111111111, 0.08233333333333333, 0.3323333333333333, 0.1101111111111111, 0.499, 0.76, 0.01, 0.34, 0.76, 0.01, 0.23, 0.68, 0.93, 0.01, 0.34, 0.76, 0.68, 0.68, 0.01, 0.93, 0.01, 0.23, 0.34, 0.34, 0.01, 0.68, 0.84, 0.01, 0.79, 0.43, 0.68, 0.34, 0.51, 0.08233333333333333, 0.3323333333333333, 0.1101111111111111, 0.34, 0.68, 0.34]",[7196213.0],0.8650840272506078
367,"[0.08233333333333333, 0.3323333333333333, 0.1101111111111111, 0.08233333333333333, 0.3323333333333333, 0.1101111111111111, 0.3323333333333333, 0.08233333333333333, 0.3323333333333333, 0.1101111111111111, 0.08233333333333333, 0.3323333333333333, 0.1101111111111111, 0.499, 0.08233333333333333, 0.3323333333333333, 0.1101111111111111, 0.76, 0.68, 0.34, 0.68, 0.08233333333333333, 0.3323333333333333, 0.1101111111111111, 0.43, 0.68, 0.23, 0.01, 0.43, 0.68, 0.79, 0.76, 0.34, 0.01, 0.68, 0.93, 0.68, 0.23, 0.18, 0.68, 0.12, 0.01, 0.08233333333333333, 0.3323333333333333, 0.1101111111111111, 0.93, 0.01, 0.23, 0.34, 0.08233333333333333, 0.3323333333333333, 0.1101111111111111, 0.34, 0.34, 0.68, 0.51, 0.08233333333333333, 0.3323333333333333, 0.1101111111111111, 0.51, 0.01, 0.57]",[795321.0],0.8984197790424029
368,"[0.08233333333333333, 0.3323333333333333, 0.1101111111111111, 0.08233333333333333, 0.3323333333333333, 0.1101111111111111, 0.3323333333333333, 0.08233333333333333, 0.3323333333333333, 0.1101111111111111, 0.08233333333333333, 0.3323333333333333, 0.1101111111111111, 0.499, 0.08233333333333333, 0.3323333333333333, 0.1101111111111111, 0.08233333333333333, 0.3323333333333333, 0.1101111111111111, 0.3323333333333333, 0.08233333333333333, 0.3323333333333333, 0.1101111111111111, 0.08233333333333333, 0.3323333333333333, 0.1101111111111111, 0.499, 0.08233333333333333, 0.3323333333333333, 0.1101111111111111, 0.09, 0.68, 0.01, 0.68, 0.08233333333333333, 0.3323333333333333, 0.1101111111111111, 0.34, 0.68, 0.23, 0.01, 0.34, 0.34, 0.34, 0.34, 0.01, 0.9, 0.34, 0.59, 0.68, 0.57, 0.93, 0.01, 0.45, 0.51, 0.93, 0.68, 0.01, 0.68, 0.68, 0.79]",[8102311.0],0.911238308250904
369,"[0.08233333333333333, 0.3323333333333333, 0.1101111111111111, 0.08233333333333333, 0.3323333333333333, 0.1101111111111111, 0.3323333333333333, 0.08233333333333333, 0.3323333333333333, 0.1101111111111111, 0.08233333333333333, 0.3323333333333333, 0.1101111111111111, 0.499, 0.08233333333333333, 0.3323333333333333, 0.1101111111111111, 0.08233333333333333, 0.3323333333333333, 0.1101111111111111, 0.3323333333333333, 0.08233333333333333, 0.3323333333333333, 0.1101111111111111, 0.08233333333333333, 0.3323333333333333, 0.1101111111111111, 0.499, 0.08233333333333333, 0.3323333333333333, 0.1101111111111111, 0.43, 0.01, 0.23, 0.68, 0.08233333333333333, 0.3323333333333333, 0.1101111111111111, 0.34, 0.68, 0.79, 0.01, 0.68, 0.34, 0.12, 0.43, 0.34, 0.45, 0.34, 0.18, 0.34, 0.12, 0.84, 0.68, 0.23, 0.01, 0.08233333333333333, 0.3323333333333333, 0.1101111111111111, 0.43, 0.34, 0.79]",[1219735.0],0.905381985505422
370,"[0.08233333333333333, 0.3323333333333333, 0.1101111111111111, 0.08233333333333333, 0.3323333333333333, 0.1101111111111111, 0.3323333333333333, 0.08233333333333333, 0.3323333333333333, 0.1101111111111111, 0.08233333333333333, 0.3323333333333333, 0.1101111111111111, 0.499, 0.59, 0.01, 0.01, 0.59, 0.01, 0.9, 0.34, 0.43, 0.34, 0.12, 0.93, 0.01, 0.12, 0.51, 0.08233333333333333, 0.3323333333333333, 0.1101111111111111, 0.34, 0.34, 0.23, 0.34, 0.18, 0.34, 0.01, 0.51, 0.34, 0.9, 0.01, 0.68, 0.34, 0.57, 0.68, 0.68, 0.9, 0.34, 0.08233333333333333, 0.3323333333333333, 0.1101111111111111, 0.34, 0.68, 0.68, 0.01, 0.08233333333333333, 0.3323333333333333, 0.1101111111111111, 0.34, 0.68, 0.68]",[491599.0],0.9432338863611222
371,"[0.08233333333333333, 0.3323333333333333, 0.1101111111111111, 0.08233333333333333, 0.3323333333333333, 0.1101111111111111, 0.3323333333333333, 0.08233333333333333, 0.3323333333333333, 0.1101111111111111, 0.08233333333333333, 0.3323333333333333, 0.1101111111111111, 0.499, 0.08233333333333333, 0.3323333333333333, 0.1101111111111111, 0.08233333333333333, 0.3323333333333333, 0.1101111111111111, 0.3323333333333333, 0.08233333333333333, 0.3323333333333333, 0.1101111111111111, 0.08233333333333333, 0.3323333333333333, 0.1101111111111111, 0.499, 0.09, 0.68, 0.12, 0.26, 0.68, 0.68, 0.68, 0.08233333333333333, 0.3323333333333333, 0.1101111111111111, 0.76, 0.34, 0.68, 0.01, 0.26, 0.01, 0.12, 0.68, 0.01, 0.79, 0.34, 0.08233333333333333, 0.3323333333333333, 0.1101111111111111, 0.51, 0.34, 0.23, 0.01, 0.34, 0.68, 0.45, 0.18, 0.34, 0.34]",[106459.0],0.8391795456409454
372,"[0.08233333333333333, 0.3323333333333333, 0.1101111111111111, 0.08233333333333333, 0.3323333333333333, 0.1101111111111111, 0.3323333333333333, 0.08233333333333333, 0.3323333333333333, 0.1101111111111111, 0.08233333333333333, 0.3323333333333333, 0.1101111111111111, 0.499, 0.93, 0.34, 0.68, 0.93, 0.34, 0.01, 0.34, 0.08233333333333333, 0.3323333333333333, 0.1101111111111111, 0.43, 0.01, 0.34, 0.01, 0.08233333333333333, 0.3323333333333333, 0.1101111111111111, 0.09, 0.01, 0.57, 0.34, 0.93, 0.34, 0.68, 0.51, 0.34, 0.45, 0.51, 0.09, 0.34, 0.68, 0.84, 0.68, 0.01, 0.68, 0.68, 0.68, 0.01, 0.59, 0.01, 0.79, 0.51, 0.08233333333333333, 0.3323333333333333, 0.1101111111111111, 0.93, 0.68, 0.01]",[28594992.0],0.9022057379285494
373,"[0.08233333333333333, 0.3323333333333333, 0.1101111111111111, 0.08233333333333333, 0.3323333333333333, 0.1101111111111111, 0.3323333333333333, 0.08233333333333333, 0.3323333333333333, 0.1101111111111111, 0.08233333333333333, 0.3323333333333333, 0.1101111111111111, 0.499, 0.08233333333333333, 0.3323333333333333, 0.1101111111111111, 0.08233333333333333, 0.3323333333333333, 0.1101111111111111, 0.3323333333333333, 0.08233333333333333, 0.3323333333333333, 0.1101111111111111, 0.08233333333333333, 0.3323333333333333, 0.1101111111111111, 0.499, 0.26, 0.01, 0.9, 0.93, 0.68, 0.79, 0.68, 0.08233333333333333, 0.3323333333333333, 0.1101111111111111, 0.59, 0.34, 0.01, 0.01, 0.51, 0.01, 0.34, 0.34, 0.34, 0.9, 0.34, 0.08233333333333333, 0.3323333333333333, 0.1101111111111111, 0.84, 0.01, 0.79, 0.01, 0.08233333333333333, 0.3323333333333333, 0.1101111111111111, 0.09, 0.68, 0.23]",[1487201.0],0.8652732034524282
374,"[0.08233333333333333, 0.3323333333333333, 0.1101111111111111, 0.93, 0.34, 0.79, 0.68, 0.51, 0.01, 0.9, 0.51, 0.68, 0.12, 0.01, 0.84, 0.68, 0.68, 0.59, 0.34, 0.79, 0.34, 0.08233333333333333, 0.3323333333333333, 0.1101111111111111, 0.51, 0.01, 0.45, 0.51, 0.26, 0.34, 0.23, 0.26, 0.01, 0.79, 0.68, 0.18, 0.34, 0.57, 0.26, 0.01, 0.01, 0.01, 0.08233333333333333, 0.3323333333333333, 0.1101111111111111, 0.84, 0.01, 0.57, 0.34, 0.08233333333333333, 0.3323333333333333, 0.1101111111111111, 0.26, 0.34, 0.79, 0.51, 0.08233333333333333, 0.3323333333333333, 0.1101111111111111, 0.51, 0.68, 0.23]",[13904653.0],0.9269229034582774
375,"[0.08233333333333333, 0.3323333333333333, 0.1101111111111111, 0.08233333333333333, 0.3323333333333333, 0.1101111111111111, 0.3323333333333333, 0.08233333333333333, 0.3323333333333333, 0.1101111111111111, 0.08233333333333333, 0.3323333333333333, 0.1101111111111111, 0.499, 0.08233333333333333, 0.3323333333333333, 0.1101111111111111, 0.08233333333333333, 0.3323333333333333, 0.1101111111111111, 0.3323333333333333, 0.08233333333333333, 0.3323333333333333, 0.1101111111111111, 0.08233333333333333, 0.3323333333333333, 0.1101111111111111, 0.499, 0.08233333333333333, 0.3323333333333333, 0.1101111111111111, 0.93, 0.34, 0.01, 0.34, 0.08233333333333333, 0.3323333333333333, 0.1101111111111111, 0.18, 0.34, 0.45, 0.01, 0.08233333333333333, 0.3323333333333333, 0.1101111111111111, 0.43, 0.01, 0.12, 0.68, 0.34, 0.34, 0.9, 0.18, 0.34, 0.45, 0.01, 0.34, 0.01, 0.57, 0.18, 0.68, 0.45]",[48109.0],0.8826007907589276
376,"[0.08233333333333333, 0.3323333333333333, 0.1101111111111111, 0.08233333333333333, 0.3323333333333333, 0.1101111111111111, 0.3323333333333333, 0.08233333333333333, 0.3323333333333333, 0.1101111111111111, 0.08233333333333333, 0.3323333333333333, 0.1101111111111111, 0.499, 0.09, 0.01, 0.57, 0.18, 0.68, 0.45, 0.68, 0.26, 0.68, 0.79, 0.09, 0.01, 0.57, 0.51, 0.68, 0.68, 0.79, 0.93, 0.34, 0.45, 0.68, 0.08233333333333333, 0.3323333333333333, 0.1101111111111111, 0.18, 0.01, 0.23, 0.51, 0.08233333333333333, 0.3323333333333333, 0.1101111111111111, 0.43, 0.01, 0.34, 0.68, 0.08233333333333333, 0.3323333333333333, 0.1101111111111111, 0.84, 0.34, 0.34, 0.51, 0.09, 0.68, 0.57, 0.76, 0.68, 0.34]",[2537297.0],0.9023956721027692
377,"[0.08233333333333333, 0.3323333333333333, 0.1101111111111111, 0.08233333333333333, 0.3323333333333333, 0.1101111111111111, 0.3323333333333333, 0.08233333333333333, 0.3323333333333333, 0.1101111111111111, 0.08233333333333333, 0.3323333333333333, 0.1101111111111111, 0.499, 0.08233333333333333, 0.3323333333333333, 0.1101111111111111, 0.08233333333333333, 0.3323333333333333, 0.1101111111111111, 0.3323333333333333, 0.08233333333333333, 0.3323333333333333, 0.1101111111111111, 0.08233333333333333, 0.3323333333333333, 0.1101111111111111, 0.499, 0.08233333333333333, 0.3323333333333333, 0.1101111111111111, 0.59, 0.01, 0.45, 0.34, 0.51, 0.01, 0.23, 0.18, 0.34, 0.34, 0.01, 0.08233333333333333, 0.3323333333333333, 0.1101111111111111, 0.76, 0.01, 0.01, 0.34, 0.59, 0.34, 0.57, 0.26, 0.68, 0.79, 0.51, 0.84, 0.68, 0.34, 0.09, 0.68, 0.34]",[3464193.0],0.8835383971532186
378,"[0.08233333333333333, 0.3323333333333333, 0.1101111111111111, 0.08233333333333333, 0.3323333333333333, 0.1101111111111111, 0.3323333333333333, 0.08233333333333333, 0.3323333333333333, 0.1101111111111111, 0.08233333333333333, 0.3323333333333333, 0.1101111111111111, 0.499, 0.08233333333333333, 0.3323333333333333, 0.1101111111111111, 0.08233333333333333, 0.3323333333333333, 0.1101111111111111, 0.3323333333333333, 0.08233333333333333, 0.3323333333333333, 0.1101111111111111, 0.08233333333333333, 0.3323333333333333, 0.1101111111111111, 0.499, 0.08233333333333333, 0.3323333333333333, 0.1101111111111111, 0.93, 0.68, 0.79, 0.68, 0.18, 0.01, 0.57, 0.68, 0.01, 0.12, 0.01, 0.43, 0.68, 0.57, 0.09, 0.68, 0.23, 0.34, 0.08233333333333333, 0.3323333333333333, 0.1101111111111111, 0.76, 0.68, 0.68, 0.51, 0.93, 0.01, 0.23, 0.43, 0.34, 0.01]",[964098.0],0.8391824240485827
379,"[0.08233333333333333, 0.3323333333333333, 0.1101111111111111, 0.08233333333333333, 0.3323333333333333, 0.1101111111111111, 0.3323333333333333, 0.08233333333333333, 0.3323333333333333, 0.1101111111111111, 0.08233333333333333, 0.3323333333333333, 0.1101111111111111, 0.499, 0.51, 0.68, 0.57, 0.68, 0.34, 0.34, 0.34, 0.09, 0.68, 0.01, 0.26, 0.01, 0.68, 0.01, 0.09, 0.34, 0.57, 0.93, 0.34, 0.68, 0.68, 0.93, 0.34, 0.68, 0.51, 0.01, 0.45, 0.01, 0.08233333333333333, 0.3323333333333333, 0.1101111111111111, 0.26, 0.34, 0.01, 0.68, 0.51, 0.34, 0.01, 0.26, 0.68, 0.57, 0.01, 0.43, 0.34, 0.01, 0.84, 0.68, 0.01]",[1574695.0],0.8991680810848872
380,"[0.09, 0.34, 0.23, 0.76, 0.68, 0.68, 0.68, 0.08233333333333333, 0.3323333333333333, 0.1101111111111111, 0.09, 0.68, 0.23, 0.51, 0.18, 0.34, 0.34, 0.18, 0.01, 0.12, 0.34, 0.08233333333333333, 0.3323333333333333, 0.1101111111111111, 0.59, 0.68, 0.23, 0.51, 0.34, 0.68, 0.9, 0.43, 0.68, 0.23, 0.68, 0.08233333333333333, 0.3323333333333333, 0.1101111111111111, 0.34, 0.34, 0.23, 0.01, 0.76, 0.01, 0.45, 0.51, 0.34, 0.9, 0.68, 0.68, 0.34, 0.12, 0.51, 0.34, 0.01, 0.01, 0.68, 0.01, 0.01, 0.26, 0.34, 0.23]",[177111.0],0.9212421347697576
381,"[0.08233333333333333, 0.3323333333333333, 0.1101111111111111, 0.08233333333333333, 0.3323333333333333, 0.1101111111111111, 0.3323333333333333, 0.08233333333333333, 0.3323333333333333, 0.1101111111111111, 0.08233333333333333, 0.3323333333333333, 0.1101111111111111, 0.499, 0.08233333333333333, 0.3323333333333333, 0.1101111111111111, 0.18, 0.68, 0.01, 0.68, 0.59, 0.34, 0.12, 0.84, 0.68, 0.57, 0.51, 0.08233333333333333, 0.3323333333333333, 0.1101111111111111, 0.51, 0.34, 0.57, 0.68, 0.68, 0.68, 0.34, 0.84, 0.01, 0.9, 0.01, 0.18, 0.01, 0.45, 0.59, 0.34, 0.34, 0.34, 0.08233333333333333, 0.3323333333333333, 0.1101111111111111, 0.09, 0.01, 0.57, 0.51, 0.43, 0.34, 0.01, 0.84, 0.01, 0.01]",[2111355.0],0.8685549517472585
382,"[0.08233333333333333, 0.3323333333333333, 0.1101111111111111, 0.08233333333333333, 0.3323333333333333, 0.1101111111111111, 0.3323333333333333, 0.08233333333333333, 0.3323333333333333, 0.1101111111111111, 0.08233333333333333, 0.3323333333333333, 0.1101111111111111, 0.499, 0.43, 0.68, 0.68, 0.34, 0.01, 0.57, 0.34, 0.08233333333333333, 0.3323333333333333, 0.1101111111111111, 0.09, 0.01, 0.57, 0.51, 0.09, 0.01, 0.57, 0.68, 0.68, 0.45, 0.34, 0.26, 0.34, 0.12, 0.34, 0.34, 0.9, 0.51, 0.51, 0.34, 0.23, 0.76, 0.01, 0.01, 0.68, 0.08233333333333333, 0.3323333333333333, 0.1101111111111111, 0.68, 0.34, 0.23, 0.51, 0.26, 0.68, 0.9, 0.68, 0.34, 0.9]",[523592.0],0.8704701662063599
383,"[0.93, 0.34, 0.34, 0.93, 0.34, 0.57, 0.34, 0.26, 0.68, 0.57, 0.51, 0.34, 0.79, 0.51, 0.09, 0.34, 0.34, 0.26, 0.34, 0.01, 0.34, 0.26, 0.01, 0.68, 0.51, 0.34, 0.12, 0.01, 0.08233333333333333, 0.3323333333333333, 0.1101111111111111, 0.84, 0.01, 0.23, 0.68, 0.43, 0.01, 0.01, 0.34, 0.01, 0.57, 0.51, 0.08233333333333333, 0.3323333333333333, 0.1101111111111111, 0.59, 0.34, 0.12, 0.34, 0.76, 0.34, 0.23, 0.18, 0.01, 0.9, 0.51, 0.59, 0.68, 0.68, 0.51, 0.01, 0.45]",[10188667.0],0.9380583847562473
384,"[0.26, 0.68, 0.57, 0.26, 0.34, 0.01, 0.68, 0.76, 0.01, 0.34, 0.51, 0.01, 0.12, 0.01, 0.08233333333333333, 0.3323333333333333, 0.1101111111111111, 0.84, 0.01, 0.01, 0.34, 0.08233333333333333, 0.3323333333333333, 0.1101111111111111, 0.18, 0.68, 0.23, 0.01, 0.08233333333333333, 0.3323333333333333, 0.1101111111111111, 0.68, 0.01, 0.34, 0.34, 0.08233333333333333, 0.3323333333333333, 0.1101111111111111, 0.76, 0.01, 0.01, 0.01, 0.08233333333333333, 0.3323333333333333, 0.1101111111111111, 0.76, 0.34, 0.9, 0.34, 0.08233333333333333, 0.3323333333333333, 0.1101111111111111, 0.43, 0.34, 0.79, 0.01, 0.08233333333333333, 0.3323333333333333, 0.1101111111111111, 0.34, 0.34, 0.57]",[676301.0],0.9107594519853592
385,"[0.08233333333333333, 0.3323333333333333, 0.1101111111111111, 0.08233333333333333, 0.3323333333333333, 0.1101111111111111, 0.3323333333333333, 0.08233333333333333, 0.3323333333333333, 0.1101111111111111, 0.08233333333333333, 0.3323333333333333, 0.1101111111111111, 0.499, 0.08233333333333333, 0.3323333333333333, 0.1101111111111111, 0.08233333333333333, 0.3323333333333333, 0.1101111111111111, 0.3323333333333333, 0.08233333333333333, 0.3323333333333333, 0.1101111111111111, 0.08233333333333333, 0.3323333333333333, 0.1101111111111111, 0.499, 0.08233333333333333, 0.3323333333333333, 0.1101111111111111, 0.51, 0.68, 0.34, 0.34, 0.43, 0.01, 0.01, 0.09, 0.34, 0.12, 0.01, 0.59, 0.68, 0.01, 0.18, 0.68, 0.9, 0.68, 0.68, 0.68, 0.68, 0.68, 0.68, 0.45, 0.51, 0.26, 0.34, 0.57, 0.18, 0.34, 0.34]",[545142.0],0.8842506234844526
386,"[0.08233333333333333, 0.3323333333333333, 0.1101111111111111, 0.08233333333333333, 0.3323333333333333, 0.1101111111111111, 0.3323333333333333, 0.08233333333333333, 0.3323333333333333, 0.1101111111111111, 0.08233333333333333, 0.3323333333333333, 0.1101111111111111, 0.499, 0.09, 0.01, 0.01, 0.26, 0.01, 0.57, 0.34, 0.18, 0.34, 0.01, 0.34, 0.34, 0.45, 0.01, 0.08233333333333333, 0.3323333333333333, 0.1101111111111111, 0.59, 0.01, 0.01, 0.34, 0.43, 0.01, 0.23, 0.09, 0.01, 0.01, 0.51, 0.08233333333333333, 0.3323333333333333, 0.1101111111111111, 0.59, 0.34, 0.23, 0.34, 0.93, 0.01, 0.45, 0.93, 0.68, 0.79, 0.51, 0.08233333333333333, 0.3323333333333333, 0.1101111111111111, 0.68, 0.68, 0.45]",[28734311.0],0.9118459348877272
387,"[0.08233333333333333, 0.3323333333333333, 0.1101111111111111, 0.08233333333333333, 0.3323333333333333, 0.1101111111111111, 0.3323333333333333, 0.08233333333333333, 0.3323333333333333, 0.1101111111111111, 0.08233333333333333, 0.3323333333333333, 0.1101111111111111, 0.499, 0.08233333333333333, 0.3323333333333333, 0.1101111111111111, 0.08233333333333333, 0.3323333333333333, 0.1101111111111111, 0.3323333333333333, 0.08233333333333333, 0.3323333333333333, 0.1101111111111111, 0.08233333333333333, 0.3323333333333333, 0.1101111111111111, 0.499, 0.43, 0.34, 0.57, 0.68, 0.34, 0.9, 0.68, 0.09, 0.34, 0.68, 0.84, 0.68, 0.12, 0.51, 0.08233333333333333, 0.3323333333333333, 0.1101111111111111, 0.18, 0.01, 0.45, 0.34, 0.26, 0.01, 0.12, 0.59, 0.68, 0.45, 0.51, 0.43, 0.34, 0.34, 0.51, 0.01, 0.9]",[53758.0],0.9064810832341512
388,"[0.08233333333333333, 0.3323333333333333, 0.1101111111111111, 0.08233333333333333, 0.3323333333333333, 0.1101111111111111, 0.3323333333333333, 0.08233333333333333, 0.3323333333333333, 0.1101111111111111, 0.08233333333333333, 0.3323333333333333, 0.1101111111111111, 0.499, 0.59, 0.68, 0.68, 0.43, 0.01, 0.9, 0.68, 0.08233333333333333, 0.3323333333333333, 0.1101111111111111, 0.93, 0.34, 0.57, 0.01, 0.08233333333333333, 0.3323333333333333, 0.1101111111111111, 0.09, 0.68, 0.68, 0.34, 0.08233333333333333, 0.3323333333333333, 0.1101111111111111, 0.09, 0.68, 0.23, 0.01, 0.08233333333333333, 0.3323333333333333, 0.1101111111111111, 0.34, 0.68, 0.01, 0.34, 0.08233333333333333, 0.3323333333333333, 0.1101111111111111, 0.76, 0.68, 0.79, 0.51, 0.18, 0.01, 0.9, 0.09, 0.68, 0.23]",[347260.0],0.3082245752215385
389,"[0.08233333333333333, 0.3323333333333333, 0.1101111111111111, 0.08233333333333333, 0.3323333333333333, 0.1101111111111111, 0.3323333333333333, 0.08233333333333333, 0.3323333333333333, 0.1101111111111111, 0.08233333333333333, 0.3323333333333333, 0.1101111111111111, 0.499, 0.08233333333333333, 0.3323333333333333, 0.1101111111111111, 0.68, 0.68, 0.34, 0.34, 0.51, 0.68, 0.12, 0.51, 0.68, 0.34, 0.51, 0.08233333333333333, 0.3323333333333333, 0.1101111111111111, 0.93, 0.01, 0.23, 0.68, 0.08233333333333333, 0.3323333333333333, 0.1101111111111111, 0.93, 0.68, 0.68, 0.51, 0.51, 0.68, 0.57, 0.59, 0.68, 0.34, 0.68, 0.51, 0.68, 0.23, 0.09, 0.01, 0.01, 0.01, 0.93, 0.01, 0.01, 0.84, 0.68, 0.45]",[44529545.0],0.9420331651965778
390,"[0.68, 0.01, 0.12, 0.43, 0.34, 0.12, 0.68, 0.93, 0.34, 0.57, 0.18, 0.68, 0.68, 0.01, 0.26, 0.68, 0.23, 0.18, 0.01, 0.01, 0.68, 0.93, 0.34, 0.34, 0.93, 0.68, 0.9, 0.51, 0.34, 0.68, 0.01, 0.93, 0.34, 0.9, 0.68, 0.18, 0.01, 0.57, 0.51, 0.34, 0.12, 0.01, 0.68, 0.01, 0.79, 0.34, 0.01, 0.12, 0.34, 0.08233333333333333, 0.3323333333333333, 0.1101111111111111, 0.59, 0.68, 0.23, 0.01, 0.68, 0.34, 0.01, 0.09, 0.34, 0.9]",[40335697.0],0.8956965615351995
391,"[0.34, 0.01, 0.23, 0.18, 0.68, 0.45, 0.68, 0.59, 0.34, 0.01, 0.84, 0.34, 0.01, 0.01, 0.08233333333333333, 0.3323333333333333, 0.1101111111111111, 0.84, 0.34, 0.34, 0.68, 0.18, 0.01, 0.23, 0.26, 0.34, 0.68, 0.51, 0.84, 0.68, 0.9, 0.34, 0.68, 0.23, 0.68, 0.09, 0.01, 0.34, 0.51, 0.68, 0.45, 0.51, 0.51, 0.01, 0.34, 0.76, 0.01, 0.45, 0.34, 0.08233333333333333, 0.3323333333333333, 0.1101111111111111, 0.43, 0.68, 0.68, 0.51, 0.08233333333333333, 0.3323333333333333, 0.1101111111111111, 0.68, 0.01, 0.79]",[7176280.0],0.9303411722183228
392,"[0.59, 0.34, 0.12, 0.18, 0.01, 0.57, 0.68, 0.08233333333333333, 0.3323333333333333, 0.1101111111111111, 0.76, 0.01, 0.57, 0.51, 0.08233333333333333, 0.3323333333333333, 0.1101111111111111, 0.43, 0.34, 0.9, 0.68, 0.59, 0.01, 0.45, 0.18, 0.01, 0.12, 0.01, 0.08233333333333333, 0.3323333333333333, 0.1101111111111111, 0.68, 0.68, 0.23, 0.34, 0.51, 0.34, 0.01, 0.51, 0.01, 0.57, 0.51, 0.08233333333333333, 0.3323333333333333, 0.1101111111111111, 0.34, 0.01, 0.57, 0.34, 0.08233333333333333, 0.3323333333333333, 0.1101111111111111, 0.18, 0.34, 0.57, 0.51, 0.08233333333333333, 0.3323333333333333, 0.1101111111111111, 0.76, 0.01, 0.79]",[238173.0],0.9056735828518868
393,"[0.08233333333333333, 0.3323333333333333, 0.1101111111111111, 0.08233333333333333, 0.3323333333333333, 0.1101111111111111, 0.3323333333333333, 0.08233333333333333, 0.3323333333333333, 0.1101111111111111, 0.08233333333333333, 0.3323333333333333, 0.1101111111111111, 0.499, 0.08233333333333333, 0.3323333333333333, 0.1101111111111111, 0.08233333333333333, 0.3323333333333333, 0.1101111111111111, 0.3323333333333333, 0.08233333333333333, 0.3323333333333333, 0.1101111111111111, 0.08233333333333333, 0.3323333333333333, 0.1101111111111111, 0.499, 0.18, 0.01, 0.34, 0.68, 0.68, 0.34, 0.68, 0.84, 0.01, 0.23, 0.76, 0.68, 0.01, 0.01, 0.08233333333333333, 0.3323333333333333, 0.1101111111111111, 0.18, 0.68, 0.68, 0.34, 0.08233333333333333, 0.3323333333333333, 0.1101111111111111, 0.51, 0.01, 0.23, 0.01, 0.18, 0.68, 0.12, 0.18, 0.68, 0.45]",[3313465.0],0.8295143470168114
394,"[0.08233333333333333, 0.3323333333333333, 0.1101111111111111, 0.08233333333333333, 0.3323333333333333, 0.1101111111111111, 0.3323333333333333, 0.08233333333333333, 0.3323333333333333, 0.1101111111111111, 0.08233333333333333, 0.3323333333333333, 0.1101111111111111, 0.499, 0.08233333333333333, 0.3323333333333333, 0.1101111111111111, 0.08233333333333333, 0.3323333333333333, 0.1101111111111111, 0.3323333333333333, 0.08233333333333333, 0.3323333333333333, 0.1101111111111111, 0.08233333333333333, 0.3323333333333333, 0.1101111111111111, 0.499, 0.26, 0.34, 0.68, 0.51, 0.68, 0.68, 0.34, 0.08233333333333333, 0.3323333333333333, 0.1101111111111111, 0.34, 0.01, 0.34, 0.01, 0.76, 0.34, 0.12, 0.76, 0.34, 0.01, 0.34, 0.18, 0.68, 0.45, 0.09, 0.01, 0.12, 0.51, 0.08233333333333333, 0.3323333333333333, 0.1101111111111111, 0.68, 0.68, 0.79]",[1536977.0],0.932502746085326
395,"[0.08233333333333333, 0.3323333333333333, 0.1101111111111111, 0.08233333333333333, 0.3323333333333333, 0.1101111111111111, 0.3323333333333333, 0.08233333333333333, 0.3323333333333333, 0.1101111111111111, 0.08233333333333333, 0.3323333333333333, 0.1101111111111111, 0.499, 0.08233333333333333, 0.3323333333333333, 0.1101111111111111, 0.08233333333333333, 0.3323333333333333, 0.1101111111111111, 0.3323333333333333, 0.08233333333333333, 0.3323333333333333, 0.1101111111111111, 0.08233333333333333, 0.3323333333333333, 0.1101111111111111, 0.499, 0.08233333333333333, 0.3323333333333333, 0.1101111111111111, 0.26, 0.68, 0.23, 0.68, 0.84, 0.34, 0.57, 0.59, 0.01, 0.23, 0.51, 0.08233333333333333, 0.3323333333333333, 0.1101111111111111, 0.76, 0.01, 0.9, 0.34, 0.08233333333333333, 0.3323333333333333, 0.1101111111111111, 0.51, 0.68, 0.23, 0.01, 0.08233333333333333, 0.3323333333333333, 0.1101111111111111, 0.34, 0.01, 0.34]",[139721.0],0.836980457107226
396,"[0.08233333333333333, 0.3323333333333333, 0.1101111111111111, 0.08233333333333333, 0.3323333333333333, 0.1101111111111111, 0.3323333333333333, 0.08233333333333333, 0.3323333333333333, 0.1101111111111111, 0.08233333333333333, 0.3323333333333333, 0.1101111111111111, 0.499, 0.08233333333333333, 0.3323333333333333, 0.1101111111111111, 0.93, 0.68, 0.34, 0.68, 0.08233333333333333, 0.3323333333333333, 0.1101111111111111, 0.59, 0.34, 0.57, 0.51, 0.51, 0.34, 0.79, 0.43, 0.01, 0.12, 0.34, 0.08233333333333333, 0.3323333333333333, 0.1101111111111111, 0.51, 0.34, 0.68, 0.01, 0.76, 0.34, 0.9, 0.84, 0.01, 0.23, 0.68, 0.08233333333333333, 0.3323333333333333, 0.1101111111111111, 0.34, 0.34, 0.12, 0.51, 0.08233333333333333, 0.3323333333333333, 0.1101111111111111, 0.26, 0.01, 0.57]",[1188831.0],0.922867888212204
397,"[0.08233333333333333, 0.3323333333333333, 0.1101111111111111, 0.08233333333333333, 0.3323333333333333, 0.1101111111111111, 0.3323333333333333, 0.08233333333333333, 0.3323333333333333, 0.1101111111111111, 0.08233333333333333, 0.3323333333333333, 0.1101111111111111, 0.499, 0.08233333333333333, 0.3323333333333333, 0.1101111111111111, 0.08233333333333333, 0.3323333333333333, 0.1101111111111111, 0.3323333333333333, 0.08233333333333333, 0.3323333333333333, 0.1101111111111111, 0.08233333333333333, 0.3323333333333333, 0.1101111111111111, 0.499, 0.43, 0.01, 0.12, 0.09, 0.34, 0.45, 0.34, 0.08233333333333333, 0.3323333333333333, 0.1101111111111111, 0.09, 0.01, 0.79, 0.51, 0.68, 0.68, 0.12, 0.93, 0.34, 0.01, 0.68, 0.59, 0.01, 0.23, 0.34, 0.34, 0.23, 0.51, 0.93, 0.01, 0.12, 0.76, 0.01, 0.01]",[2711001.0],0.8384915143251419
398,"[0.08233333333333333, 0.3323333333333333, 0.1101111111111111, 0.76, 0.68, 0.9, 0.68, 0.08233333333333333, 0.3323333333333333, 0.1101111111111111, 0.26, 0.34, 0.01, 0.01, 0.08233333333333333, 0.3323333333333333, 0.1101111111111111, 0.76, 0.68, 0.9, 0.34, 0.43, 0.68, 0.45, 0.68, 0.01, 0.79, 0.01, 0.84, 0.01, 0.79, 0.43, 0.01, 0.34, 0.68, 0.09, 0.68, 0.68, 0.59, 0.01, 0.45, 0.51, 0.43, 0.34, 0.79, 0.43, 0.01, 0.79, 0.68, 0.43, 0.01, 0.12, 0.59, 0.68, 0.9, 0.01, 0.08233333333333333, 0.3323333333333333, 0.1101111111111111, 0.18, 0.34, 0.68]",[1953324.0],0.9344647392630576
399,"[0.08233333333333333, 0.3323333333333333, 0.1101111111111111, 0.08233333333333333, 0.3323333333333333, 0.1101111111111111, 0.3323333333333333, 0.08233333333333333, 0.3323333333333333, 0.1101111111111111, 0.08233333333333333, 0.3323333333333333, 0.1101111111111111, 0.499, 0.34, 0.34, 0.23, 0.68, 0.34, 0.9, 0.34, 0.08233333333333333, 0.3323333333333333, 0.1101111111111111, 0.84, 0.01, 0.01, 0.51, 0.51, 0.01, 0.9, 0.93, 0.34, 0.01, 0.68, 0.34, 0.01, 0.34, 0.93, 0.68, 0.68, 0.51, 0.93, 0.01, 0.79, 0.34, 0.68, 0.12, 0.34, 0.18, 0.34, 0.34, 0.26, 0.34, 0.34, 0.01, 0.76, 0.68, 0.23, 0.59, 0.01, 0.23]",[4298253.0],0.9507428760329882
400,"[0.08233333333333333, 0.3323333333333333, 0.1101111111111111, 0.08233333333333333, 0.3323333333333333, 0.1101111111111111, 0.3323333333333333, 0.08233333333333333, 0.3323333333333333, 0.1101111111111111, 0.08233333333333333, 0.3323333333333333, 0.1101111111111111, 0.499, 0.43, 0.68, 0.45, 0.76, 0.34, 0.34, 0.68, 0.09, 0.34, 0.12, 0.51, 0.01, 0.23, 0.01, 0.18, 0.34, 0.9, 0.26, 0.01, 0.79, 0.34, 0.08233333333333333, 0.3323333333333333, 0.1101111111111111, 0.84, 0.68, 0.57, 0.01, 0.51, 0.68, 0.23, 0.51, 0.01, 0.23, 0.68, 0.08233333333333333, 0.3323333333333333, 0.1101111111111111, 0.09, 0.34, 0.12, 0.01, 0.08233333333333333, 0.3323333333333333, 0.1101111111111111, 0.59, 0.68, 0.34]",[1184550.0],0.9023176496227582
401,"[0.09, 0.34, 0.34, 0.26, 0.34, 0.9, 0.34, 0.08233333333333333, 0.3323333333333333, 0.1101111111111111, 0.84, 0.01, 0.68, 0.01, 0.08233333333333333, 0.3323333333333333, 0.1101111111111111, 0.59, 0.34, 0.01, 0.34, 0.59, 0.01, 0.45, 0.93, 0.68, 0.12, 0.01, 0.08233333333333333, 0.3323333333333333, 0.1101111111111111, 0.59, 0.01, 0.57, 0.34, 0.43, 0.68, 0.57, 0.09, 0.34, 0.68, 0.51, 0.84, 0.68, 0.34, 0.59, 0.34, 0.12, 0.34, 0.43, 0.01, 0.68, 0.26, 0.68, 0.01, 0.01, 0.93, 0.01, 0.12, 0.68, 0.68, 0.79]",[10927893.0],0.9419403125842412
402,"[0.08233333333333333, 0.3323333333333333, 0.1101111111111111, 0.08233333333333333, 0.3323333333333333, 0.1101111111111111, 0.3323333333333333, 0.08233333333333333, 0.3323333333333333, 0.1101111111111111, 0.08233333333333333, 0.3323333333333333, 0.1101111111111111, 0.499, 0.08233333333333333, 0.3323333333333333, 0.1101111111111111, 0.08233333333333333, 0.3323333333333333, 0.1101111111111111, 0.3323333333333333, 0.08233333333333333, 0.3323333333333333, 0.1101111111111111, 0.08233333333333333, 0.3323333333333333, 0.1101111111111111, 0.499, 0.08233333333333333, 0.3323333333333333, 0.1101111111111111, 0.59, 0.34, 0.23, 0.34, 0.59, 0.34, 0.34, 0.34, 0.34, 0.68, 0.51, 0.08233333333333333, 0.3323333333333333, 0.1101111111111111, 0.51, 0.34, 0.9, 0.34, 0.08233333333333333, 0.3323333333333333, 0.1101111111111111, 0.09, 0.34, 0.34, 0.51, 0.26, 0.68, 0.12, 0.93, 0.68, 0.45]",[2273973.0],0.9232121537129084
403,"[0.08233333333333333, 0.3323333333333333, 0.1101111111111111, 0.08233333333333333, 0.3323333333333333, 0.1101111111111111, 0.3323333333333333, 0.08233333333333333, 0.3323333333333333, 0.1101111111111111, 0.08233333333333333, 0.3323333333333333, 0.1101111111111111, 0.499, 0.08233333333333333, 0.3323333333333333, 0.1101111111111111, 0.08233333333333333, 0.3323333333333333, 0.1101111111111111, 0.3323333333333333, 0.08233333333333333, 0.3323333333333333, 0.1101111111111111, 0.08233333333333333, 0.3323333333333333, 0.1101111111111111, 0.499, 0.08233333333333333, 0.3323333333333333, 0.1101111111111111, 0.43, 0.34, 0.68, 0.68, 0.08233333333333333, 0.3323333333333333, 0.1101111111111111, 0.51, 0.34, 0.12, 0.51, 0.76, 0.01, 0.01, 0.59, 0.68, 0.23, 0.68, 0.93, 0.01, 0.12, 0.59, 0.34, 0.45, 0.01, 0.08233333333333333, 0.3323333333333333, 0.1101111111111111, 0.18, 0.68, 0.57]",[1035673.0],0.8922090907891591
404,"[0.08233333333333333, 0.3323333333333333, 0.1101111111111111, 0.08233333333333333, 0.3323333333333333, 0.1101111111111111, 0.3323333333333333, 0.08233333333333333, 0.3323333333333333, 0.1101111111111111, 0.08233333333333333, 0.3323333333333333, 0.1101111111111111, 0.499, 0.08233333333333333, 0.3323333333333333, 0.1101111111111111, 0.08233333333333333, 0.3323333333333333, 0.1101111111111111, 0.3323333333333333, 0.08233333333333333, 0.3323333333333333, 0.1101111111111111, 0.08233333333333333, 0.3323333333333333, 0.1101111111111111, 0.499, 0.08233333333333333, 0.3323333333333333, 0.1101111111111111, 0.59, 0.68, 0.01, 0.34, 0.08233333333333333, 0.3323333333333333, 0.1101111111111111, 0.18, 0.68, 0.9, 0.01, 0.08233333333333333, 0.3323333333333333, 0.1101111111111111, 0.93, 0.68, 0.79, 0.68, 0.43, 0.01, 0.68, 0.68, 0.01, 0.01, 0.51, 0.08233333333333333, 0.3323333333333333, 0.1101111111111111, 0.84, 0.34, 0.79]",[6986169.0],0.8991576358675957
405,"[0.76, 0.34, 0.23, 0.68, 0.01, 0.9, 0.68, 0.08233333333333333, 0.3323333333333333, 0.1101111111111111, 0.59, 0.68, 0.68, 0.51, 0.84, 0.34, 0.9, 0.93, 0.34, 0.34, 0.34, 0.93, 0.34, 0.01, 0.26, 0.34, 0.45, 0.01, 0.08233333333333333, 0.3323333333333333, 0.1101111111111111, 0.34, 0.34, 0.01, 0.68, 0.18, 0.01, 0.01, 0.09, 0.68, 0.23, 0.51, 0.08233333333333333, 0.3323333333333333, 0.1101111111111111, 0.84, 0.34, 0.45, 0.34, 0.68, 0.01, 0.79, 0.34, 0.01, 0.57, 0.51, 0.76, 0.34, 0.12, 0.51, 0.34, 0.45]",[7049003.0],0.949649968246619
406,"[0.08233333333333333, 0.3323333333333333, 0.1101111111111111, 0.08233333333333333, 0.3323333333333333, 0.1101111111111111, 0.3323333333333333, 0.08233333333333333, 0.3323333333333333, 0.1101111111111111, 0.08233333333333333, 0.3323333333333333, 0.1101111111111111, 0.499, 0.08233333333333333, 0.3323333333333333, 0.1101111111111111, 0.08233333333333333, 0.3323333333333333, 0.1101111111111111, 0.3323333333333333, 0.08233333333333333, 0.3323333333333333, 0.1101111111111111, 0.08233333333333333, 0.3323333333333333, 0.1101111111111111, 0.499, 0.08233333333333333, 0.3323333333333333, 0.1101111111111111, 0.84, 0.34, 0.79, 0.34, 0.18, 0.68, 0.45, 0.34, 0.01, 0.12, 0.01, 0.08233333333333333, 0.3323333333333333, 0.1101111111111111, 0.51, 0.68, 0.01, 0.34, 0.43, 0.34, 0.23, 0.59, 0.34, 0.9, 0.51, 0.84, 0.68, 0.9, 0.76, 0.01, 0.12]",[1151431.0],0.9319169908761978
407,"[0.08233333333333333, 0.3323333333333333, 0.1101111111111111, 0.68, 0.01, 0.23, 0.68, 0.08233333333333333, 0.3323333333333333, 0.1101111111111111, 0.26, 0.68, 0.45, 0.01, 0.08233333333333333, 0.3323333333333333, 0.1101111111111111, 0.34, 0.34, 0.34, 0.34, 0.93, 0.01, 0.9, 0.43, 0.01, 0.01, 0.01, 0.08233333333333333, 0.3323333333333333, 0.1101111111111111, 0.59, 0.34, 0.12, 0.68, 0.84, 0.01, 0.23, 0.76, 0.34, 0.45, 0.01, 0.26, 0.34, 0.45, 0.68, 0.01, 0.68, 0.68, 0.08233333333333333, 0.3323333333333333, 0.1101111111111111, 0.51, 0.01, 0.12, 0.51, 0.08233333333333333, 0.3323333333333333, 0.1101111111111111, 0.34, 0.68, 0.57]",[1797265.0],0.917398161192735
408,"[0.08233333333333333, 0.3323333333333333, 0.1101111111111111, 0.08233333333333333, 0.3323333333333333, 0.1101111111111111, 0.3323333333333333, 0.08233333333333333, 0.3323333333333333, 0.1101111111111111, 0.08233333333333333, 0.3323333333333333, 0.1101111111111111, 0.499, 0.08233333333333333, 0.3323333333333333, 0.1101111111111111, 0.08233333333333333, 0.3323333333333333, 0.1101111111111111, 0.3323333333333333, 0.08233333333333333, 0.3323333333333333, 0.1101111111111111, 0.08233333333333333, 0.3323333333333333, 0.1101111111111111, 0.499, 0.08233333333333333, 0.3323333333333333, 0.1101111111111111, 0.26, 0.01, 0.45, 0.68, 0.59, 0.34, 0.9, 0.09, 0.68, 0.23, 0.01, 0.18, 0.34, 0.9, 0.93, 0.34, 0.01, 0.68, 0.59, 0.01, 0.23, 0.68, 0.68, 0.45, 0.51, 0.08233333333333333, 0.3323333333333333, 0.1101111111111111, 0.68, 0.34, 0.34]",[1650667.0],0.8465601786971092
409,"[0.08233333333333333, 0.3323333333333333, 0.1101111111111111, 0.08233333333333333, 0.3323333333333333, 0.1101111111111111, 0.3323333333333333, 0.08233333333333333, 0.3323333333333333, 0.1101111111111111, 0.08233333333333333, 0.3323333333333333, 0.1101111111111111, 0.499, 0.93, 0.68, 0.23, 0.51, 0.01, 0.45, 0.68, 0.08233333333333333, 0.3323333333333333, 0.1101111111111111, 0.09, 0.68, 0.23, 0.51, 0.18, 0.34, 0.23, 0.59, 0.68, 0.01, 0.68, 0.26, 0.68, 0.79, 0.93, 0.01, 0.68, 0.51, 0.08233333333333333, 0.3323333333333333, 0.1101111111111111, 0.34, 0.34, 0.34, 0.34, 0.09, 0.34, 0.34, 0.59, 0.01, 0.01, 0.51, 0.93, 0.68, 0.9, 0.68, 0.01, 0.45]",[2630682.0],0.9282774781187376
410,"[0.08233333333333333, 0.3323333333333333, 0.1101111111111111, 0.08233333333333333, 0.3323333333333333, 0.1101111111111111, 0.3323333333333333, 0.08233333333333333, 0.3323333333333333, 0.1101111111111111, 0.08233333333333333, 0.3323333333333333, 0.1101111111111111, 0.499, 0.08233333333333333, 0.3323333333333333, 0.1101111111111111, 0.08233333333333333, 0.3323333333333333, 0.1101111111111111, 0.3323333333333333, 0.08233333333333333, 0.3323333333333333, 0.1101111111111111, 0.08233333333333333, 0.3323333333333333, 0.1101111111111111, 0.499, 0.18, 0.34, 0.79, 0.84, 0.01, 0.34, 0.34, 0.08233333333333333, 0.3323333333333333, 0.1101111111111111, 0.84, 0.34, 0.34, 0.01, 0.08233333333333333, 0.3323333333333333, 0.1101111111111111, 0.51, 0.68, 0.01, 0.68, 0.18, 0.68, 0.45, 0.34, 0.01, 0.68, 0.01, 0.43, 0.01, 0.79, 0.09, 0.01, 0.68]",[452173.0],0.785509883860747
411,"[0.08233333333333333, 0.3323333333333333, 0.1101111111111111, 0.34, 0.68, 0.79, 0.68, 0.08233333333333333, 0.3323333333333333, 0.1101111111111111, 0.59, 0.01, 0.68, 0.01, 0.08233333333333333, 0.3323333333333333, 0.1101111111111111, 0.84, 0.34, 0.23, 0.34, 0.59, 0.34, 0.9, 0.51, 0.34, 0.34, 0.51, 0.08233333333333333, 0.3323333333333333, 0.1101111111111111, 0.26, 0.34, 0.79, 0.68, 0.08233333333333333, 0.3323333333333333, 0.1101111111111111, 0.51, 0.34, 0.23, 0.01, 0.08233333333333333, 0.3323333333333333, 0.1101111111111111, 0.18, 0.01, 0.01, 0.68, 0.76, 0.68, 0.23, 0.26, 0.68, 0.79, 0.51, 0.08233333333333333, 0.3323333333333333, 0.1101111111111111, 0.09, 0.34, 0.45]",[435749.0],0.9325876951217652
412,"[0.08233333333333333, 0.3323333333333333, 0.1101111111111111, 0.08233333333333333, 0.3323333333333333, 0.1101111111111111, 0.3323333333333333, 0.08233333333333333, 0.3323333333333333, 0.1101111111111111, 0.08233333333333333, 0.3323333333333333, 0.1101111111111111, 0.499, 0.08233333333333333, 0.3323333333333333, 0.1101111111111111, 0.76, 0.01, 0.79, 0.34, 0.08233333333333333, 0.3323333333333333, 0.1101111111111111, 0.76, 0.34, 0.68, 0.01, 0.08233333333333333, 0.3323333333333333, 0.1101111111111111, 0.93, 0.68, 0.9, 0.68, 0.43, 0.68, 0.57, 0.09, 0.01, 0.01, 0.01, 0.08233333333333333, 0.3323333333333333, 0.1101111111111111, 0.59, 0.01, 0.01, 0.34, 0.43, 0.01, 0.01, 0.43, 0.34, 0.01, 0.51, 0.08233333333333333, 0.3323333333333333, 0.1101111111111111, 0.84, 0.68, 0.34]",[7987577.0],0.9295253743728
413,"[0.08233333333333333, 0.3323333333333333, 0.1101111111111111, 0.68, 0.68, 0.57, 0.68, 0.76, 0.68, 0.12, 0.09, 0.34, 0.12, 0.01, 0.08233333333333333, 0.3323333333333333, 0.1101111111111111, 0.84, 0.01, 0.12, 0.34, 0.08233333333333333, 0.3323333333333333, 0.1101111111111111, 0.34, 0.68, 0.9, 0.01, 0.08233333333333333, 0.3323333333333333, 0.1101111111111111, 0.59, 0.34, 0.79, 0.68, 0.26, 0.68, 0.45, 0.34, 0.01, 0.45, 0.51, 0.08233333333333333, 0.3323333333333333, 0.1101111111111111, 0.51, 0.68, 0.12, 0.34, 0.43, 0.68, 0.34, 0.84, 0.01, 0.79, 0.01, 0.84, 0.68, 0.34, 0.59, 0.01, 0.45]",[1532417.0],0.9431530992190044
414,"[0.08233333333333333, 0.3323333333333333, 0.1101111111111111, 0.08233333333333333, 0.3323333333333333, 0.1101111111111111, 0.3323333333333333, 0.08233333333333333, 0.3323333333333333, 0.1101111111111111, 0.08233333333333333, 0.3323333333333333, 0.1101111111111111, 0.499, 0.08233333333333333, 0.3323333333333333, 0.1101111111111111, 0.08233333333333333, 0.3323333333333333, 0.1101111111111111, 0.3323333333333333, 0.08233333333333333, 0.3323333333333333, 0.1101111111111111, 0.08233333333333333, 0.3323333333333333, 0.1101111111111111, 0.499, 0.08233333333333333, 0.3323333333333333, 0.1101111111111111, 0.18, 0.34, 0.57, 0.34, 0.08233333333333333, 0.3323333333333333, 0.1101111111111111, 0.93, 0.68, 0.12, 0.51, 0.26, 0.34, 0.57, 0.26, 0.68, 0.34, 0.68, 0.68, 0.01, 0.45, 0.84, 0.68, 0.9, 0.01, 0.08233333333333333, 0.3323333333333333, 0.1101111111111111, 0.09, 0.01, 0.45]",[8774457.0],0.831869504849116
415,"[0.08233333333333333, 0.3323333333333333, 0.1101111111111111, 0.08233333333333333, 0.3323333333333333, 0.1101111111111111, 0.3323333333333333, 0.08233333333333333, 0.3323333333333333, 0.1101111111111111, 0.08233333333333333, 0.3323333333333333, 0.1101111111111111, 0.499, 0.08233333333333333, 0.3323333333333333, 0.1101111111111111, 0.51, 0.34, 0.68, 0.34, 0.08233333333333333, 0.3323333333333333, 0.1101111111111111, 0.68, 0.34, 0.45, 0.51, 0.08233333333333333, 0.3323333333333333, 0.1101111111111111, 0.84, 0.01, 0.57, 0.34, 0.08233333333333333, 0.3323333333333333, 0.1101111111111111, 0.43, 0.68, 0.12, 0.01, 0.18, 0.01, 0.23, 0.09, 0.68, 0.34, 0.68, 0.84, 0.68, 0.12, 0.09, 0.68, 0.01, 0.01, 0.08233333333333333, 0.3323333333333333, 0.1101111111111111, 0.34, 0.34, 0.9]",[184628.0],0.9060166294376056
416,"[0.08233333333333333, 0.3323333333333333, 0.1101111111111111, 0.08233333333333333, 0.3323333333333333, 0.1101111111111111, 0.3323333333333333, 0.08233333333333333, 0.3323333333333333, 0.1101111111111111, 0.08233333333333333, 0.3323333333333333, 0.1101111111111111, 0.499, 0.08233333333333333, 0.3323333333333333, 0.1101111111111111, 0.68, 0.68, 0.23, 0.68, 0.51, 0.34, 0.01, 0.26, 0.01, 0.23, 0.51, 0.08233333333333333, 0.3323333333333333, 0.1101111111111111, 0.26, 0.34, 0.45, 0.68, 0.08233333333333333, 0.3323333333333333, 0.1101111111111111, 0.59, 0.01, 0.12, 0.01, 0.08233333333333333, 0.3323333333333333, 0.1101111111111111, 0.51, 0.01, 0.57, 0.68, 0.08233333333333333, 0.3323333333333333, 0.1101111111111111, 0.18, 0.34, 0.9, 0.01, 0.08233333333333333, 0.3323333333333333, 0.1101111111111111, 0.59, 0.68, 0.23]",[138709.0],0.8871841758489609
417,"[0.08233333333333333, 0.3323333333333333, 0.1101111111111111, 0.08233333333333333, 0.3323333333333333, 0.1101111111111111, 0.3323333333333333, 0.08233333333333333, 0.3323333333333333, 0.1101111111111111, 0.08233333333333333, 0.3323333333333333, 0.1101111111111111, 0.499, 0.08233333333333333, 0.3323333333333333, 0.1101111111111111, 0.08233333333333333, 0.3323333333333333, 0.1101111111111111, 0.3323333333333333, 0.08233333333333333, 0.3323333333333333, 0.1101111111111111, 0.08233333333333333, 0.3323333333333333, 0.1101111111111111, 0.499, 0.59, 0.68, 0.68, 0.26, 0.01, 0.34, 0.68, 0.08233333333333333, 0.3323333333333333, 0.1101111111111111, 0.26, 0.34, 0.9, 0.01, 0.34, 0.01, 0.79, 0.09, 0.68, 0.9, 0.68, 0.34, 0.68, 0.23, 0.43, 0.34, 0.34, 0.01, 0.76, 0.34, 0.57, 0.26, 0.01, 0.79]",[13352.0],0.3220442329843839
418,"[0.08233333333333333, 0.3323333333333333, 0.1101111111111111, 0.93, 0.68, 0.9, 0.68, 0.08233333333333333, 0.3323333333333333, 0.1101111111111111, 0.76, 0.34, 0.68, 0.51, 0.08233333333333333, 0.3323333333333333, 0.1101111111111111, 0.68, 0.34, 0.68, 0.34, 0.08233333333333333, 0.3323333333333333, 0.1101111111111111, 0.18, 0.34, 0.68, 0.01, 0.08233333333333333, 0.3323333333333333, 0.1101111111111111, 0.93, 0.34, 0.57, 0.68, 0.68, 0.01, 0.01, 0.18, 0.34, 0.12, 0.01, 0.34, 0.01, 0.57, 0.93, 0.01, 0.01, 0.68, 0.08233333333333333, 0.3323333333333333, 0.1101111111111111, 0.68, 0.68, 0.23, 0.01, 0.68, 0.01, 0.01, 0.84, 0.01, 0.12]",[7795940.0],0.9295172040661176
419,"[0.34, 0.01, 0.01, 0.68, 0.68, 0.68, 0.34, 0.08233333333333333, 0.3323333333333333, 0.1101111111111111, 0.76, 0.34, 0.57, 0.51, 0.68, 0.34, 0.12, 0.18, 0.34, 0.34, 0.68, 0.08233333333333333, 0.3323333333333333, 0.1101111111111111, 0.26, 0.68, 0.45, 0.01, 0.08233333333333333, 0.3323333333333333, 0.1101111111111111, 0.59, 0.68, 0.79, 0.68, 0.34, 0.01, 0.57, 0.26, 0.68, 0.34, 0.01, 0.26, 0.01, 0.68, 0.59, 0.01, 0.57, 0.34, 0.34, 0.68, 0.23, 0.18, 0.68, 0.01, 0.01, 0.93, 0.68, 0.34, 0.93, 0.68, 0.34]",[32741721.0],0.9378109897176424
420,"[0.08233333333333333, 0.3323333333333333, 0.1101111111111111, 0.08233333333333333, 0.3323333333333333, 0.1101111111111111, 0.3323333333333333, 0.08233333333333333, 0.3323333333333333, 0.1101111111111111, 0.08233333333333333, 0.3323333333333333, 0.1101111111111111, 0.499, 0.09, 0.34, 0.01, 0.26, 0.34, 0.57, 0.68, 0.08233333333333333, 0.3323333333333333, 0.1101111111111111, 0.26, 0.68, 0.23, 0.01, 0.59, 0.34, 0.23, 0.84, 0.34, 0.79, 0.34, 0.68, 0.34, 0.79, 0.68, 0.01, 0.45, 0.01, 0.08233333333333333, 0.3323333333333333, 0.1101111111111111, 0.43, 0.34, 0.45, 0.68, 0.59, 0.01, 0.23, 0.18, 0.01, 0.57, 0.51, 0.18, 0.01, 0.34, 0.51, 0.34, 0.68]",[475901.0],0.9215835069616636
421,"[0.08233333333333333, 0.3323333333333333, 0.1101111111111111, 0.08233333333333333, 0.3323333333333333, 0.1101111111111111, 0.3323333333333333, 0.08233333333333333, 0.3323333333333333, 0.1101111111111111, 0.08233333333333333, 0.3323333333333333, 0.1101111111111111, 0.499, 0.08233333333333333, 0.3323333333333333, 0.1101111111111111, 0.76, 0.68, 0.01, 0.34, 0.08233333333333333, 0.3323333333333333, 0.1101111111111111, 0.51, 0.01, 0.12, 0.01, 0.76, 0.01, 0.68, 0.84, 0.68, 0.01, 0.34, 0.08233333333333333, 0.3323333333333333, 0.1101111111111111, 0.59, 0.01, 0.01, 0.01, 0.08233333333333333, 0.3323333333333333, 0.1101111111111111, 0.68, 0.68, 0.68, 0.68, 0.08233333333333333, 0.3323333333333333, 0.1101111111111111, 0.51, 0.34, 0.9, 0.01, 0.84, 0.34, 0.57, 0.26, 0.68, 0.34]",[5672273.0],0.9240986078977584
422,"[0.09, 0.34, 0.57, 0.84, 0.34, 0.68, 0.34, 0.08233333333333333, 0.3323333333333333, 0.1101111111111111, 0.43, 0.34, 0.9, 0.51, 0.08233333333333333, 0.3323333333333333, 0.1101111111111111, 0.34, 0.34, 0.9, 0.34, 0.08233333333333333, 0.3323333333333333, 0.1101111111111111, 0.26, 0.68, 0.68, 0.51, 0.09, 0.01, 0.57, 0.18, 0.34, 0.12, 0.68, 0.18, 0.01, 0.57, 0.51, 0.01, 0.34, 0.01, 0.34, 0.68, 0.57, 0.59, 0.68, 0.45, 0.68, 0.84, 0.34, 0.23, 0.93, 0.01, 0.68, 0.01, 0.68, 0.34, 0.01, 0.51, 0.34, 0.34]",[5124198.0],0.9200845216711362
423,"[0.08233333333333333, 0.3323333333333333, 0.1101111111111111, 0.08233333333333333, 0.3323333333333333, 0.1101111111111111, 0.3323333333333333, 0.08233333333333333, 0.3323333333333333, 0.1101111111111111, 0.08233333333333333, 0.3323333333333333, 0.1101111111111111, 0.499, 0.08233333333333333, 0.3323333333333333, 0.1101111111111111, 0.68, 0.34, 0.23, 0.68, 0.08233333333333333, 0.3323333333333333, 0.1101111111111111, 0.76, 0.34, 0.57, 0.01, 0.08233333333333333, 0.3323333333333333, 0.1101111111111111, 0.84, 0.68, 0.23, 0.34, 0.09, 0.34, 0.12, 0.43, 0.68, 0.68, 0.51, 0.26, 0.34, 0.12, 0.68, 0.68, 0.23, 0.34, 0.43, 0.68, 0.57, 0.43, 0.34, 0.34, 0.51, 0.08233333333333333, 0.3323333333333333, 0.1101111111111111, 0.26, 0.68, 0.9]",[1787230.0],0.9265034839510916
424,"[0.08233333333333333, 0.3323333333333333, 0.1101111111111111, 0.08233333333333333, 0.3323333333333333, 0.1101111111111111, 0.3323333333333333, 0.08233333333333333, 0.3323333333333333, 0.1101111111111111, 0.08233333333333333, 0.3323333333333333, 0.1101111111111111, 0.499, 0.08233333333333333, 0.3323333333333333, 0.1101111111111111, 0.26, 0.34, 0.34, 0.34, 0.08233333333333333, 0.3323333333333333, 0.1101111111111111, 0.68, 0.68, 0.57, 0.51, 0.08233333333333333, 0.3323333333333333, 0.1101111111111111, 0.09, 0.68, 0.23, 0.68, 0.08233333333333333, 0.3323333333333333, 0.1101111111111111, 0.26, 0.01, 0.01, 0.51, 0.68, 0.34, 0.68, 0.76, 0.34, 0.12, 0.68, 0.08233333333333333, 0.3323333333333333, 0.1101111111111111, 0.93, 0.34, 0.01, 0.51, 0.34, 0.01, 0.45, 0.26, 0.01, 0.34]",[4799864.0],0.8625598023335139
425,"[0.08233333333333333, 0.3323333333333333, 0.1101111111111111, 0.18, 0.34, 0.23, 0.68, 0.18, 0.68, 0.12, 0.76, 0.34, 0.9, 0.51, 0.93, 0.68, 0.57, 0.18, 0.01, 0.45, 0.68, 0.08233333333333333, 0.3323333333333333, 0.1101111111111111, 0.93, 0.68, 0.79, 0.01, 0.84, 0.34, 0.68, 0.26, 0.68, 0.34, 0.34, 0.08233333333333333, 0.3323333333333333, 0.1101111111111111, 0.68, 0.01, 0.23, 0.01, 0.34, 0.68, 0.12, 0.18, 0.01, 0.9, 0.34, 0.08233333333333333, 0.3323333333333333, 0.1101111111111111, 0.18, 0.68, 0.57, 0.01, 0.43, 0.68, 0.12, 0.34, 0.34, 0.79]",[5597087.0],0.3221229384342829
426,"[0.18, 0.34, 0.9, 0.43, 0.68, 0.12, 0.34, 0.08233333333333333, 0.3323333333333333, 0.1101111111111111, 0.59, 0.34, 0.79, 0.51, 0.34, 0.68, 0.9, 0.18, 0.68, 0.01, 0.68, 0.08233333333333333, 0.3323333333333333, 0.1101111111111111, 0.43, 0.34, 0.12, 0.01, 0.59, 0.01, 0.9, 0.26, 0.34, 0.57, 0.68, 0.18, 0.68, 0.57, 0.84, 0.34, 0.57, 0.01, 0.08233333333333333, 0.3323333333333333, 0.1101111111111111, 0.76, 0.68, 0.23, 0.68, 0.18, 0.01, 0.23, 0.93, 0.34, 0.57, 0.51, 0.08233333333333333, 0.3323333333333333, 0.1101111111111111, 0.51, 0.34, 0.68]",[5526235.0],0.9194827531774838
427,"[0.08233333333333333, 0.3323333333333333, 0.1101111111111111, 0.08233333333333333, 0.3323333333333333, 0.1101111111111111, 0.3323333333333333, 0.08233333333333333, 0.3323333333333333, 0.1101111111111111, 0.08233333333333333, 0.3323333333333333, 0.1101111111111111, 0.499, 0.08233333333333333, 0.3323333333333333, 0.1101111111111111, 0.08233333333333333, 0.3323333333333333, 0.1101111111111111, 0.3323333333333333, 0.08233333333333333, 0.3323333333333333, 0.1101111111111111, 0.08233333333333333, 0.3323333333333333, 0.1101111111111111, 0.499, 0.08233333333333333, 0.3323333333333333, 0.1101111111111111, 0.34, 0.34, 0.12, 0.68, 0.51, 0.34, 0.9, 0.18, 0.01, 0.34, 0.01, 0.68, 0.68, 0.12, 0.26, 0.34, 0.12, 0.34, 0.59, 0.01, 0.45, 0.09, 0.01, 0.23, 0.01, 0.68, 0.01, 0.12, 0.34, 0.34, 0.23]",[42477.0],0.8816561376055082
428,"[0.08233333333333333, 0.3323333333333333, 0.1101111111111111, 0.08233333333333333, 0.3323333333333333, 0.1101111111111111, 0.3323333333333333, 0.08233333333333333, 0.3323333333333333, 0.1101111111111111, 0.08233333333333333, 0.3323333333333333, 0.1101111111111111, 0.499, 0.08233333333333333, 0.3323333333333333, 0.1101111111111111, 0.08233333333333333, 0.3323333333333333, 0.1101111111111111, 0.3323333333333333, 0.08233333333333333, 0.3323333333333333, 0.1101111111111111, 0.08233333333333333, 0.3323333333333333, 0.1101111111111111, 0.499, 0.59, 0.34, 0.01, 0.51, 0.34, 0.23, 0.34, 0.26, 0.01, 0.57, 0.76, 0.34, 0.01, 0.01, 0.26, 0.68, 0.45, 0.76, 0.01, 0.01, 0.68, 0.84, 0.01, 0.12, 0.43, 0.01, 0.57, 0.51, 0.18, 0.68, 0.57, 0.84, 0.68, 0.79]",[873215.0],0.9044602781534196
429,"[0.08233333333333333, 0.3323333333333333, 0.1101111111111111, 0.08233333333333333, 0.3323333333333333, 0.1101111111111111, 0.3323333333333333, 0.08233333333333333, 0.3323333333333333, 0.1101111111111111, 0.08233333333333333, 0.3323333333333333, 0.1101111111111111, 0.499, 0.08233333333333333, 0.3323333333333333, 0.1101111111111111, 0.08233333333333333, 0.3323333333333333, 0.1101111111111111, 0.3323333333333333, 0.08233333333333333, 0.3323333333333333, 0.1101111111111111, 0.08233333333333333, 0.3323333333333333, 0.1101111111111111, 0.499, 0.08233333333333333, 0.3323333333333333, 0.1101111111111111, 0.43, 0.34, 0.79, 0.34, 0.08233333333333333, 0.3323333333333333, 0.1101111111111111, 0.59, 0.34, 0.9, 0.51, 0.18, 0.34, 0.01, 0.43, 0.01, 0.45, 0.68, 0.08233333333333333, 0.3323333333333333, 0.1101111111111111, 0.43, 0.68, 0.79, 0.01, 0.08233333333333333, 0.3323333333333333, 0.1101111111111111, 0.43, 0.68, 0.12]",[29391.0],0.322445339957873
430,"[0.08233333333333333, 0.3323333333333333, 0.1101111111111111, 0.08233333333333333, 0.3323333333333333, 0.1101111111111111, 0.3323333333333333, 0.08233333333333333, 0.3323333333333333, 0.1101111111111111, 0.08233333333333333, 0.3323333333333333, 0.1101111111111111, 0.499, 0.08233333333333333, 0.3323333333333333, 0.1101111111111111, 0.08233333333333333, 0.3323333333333333, 0.1101111111111111, 0.3323333333333333, 0.08233333333333333, 0.3323333333333333, 0.1101111111111111, 0.08233333333333333, 0.3323333333333333, 0.1101111111111111, 0.499, 0.08233333333333333, 0.3323333333333333, 0.1101111111111111, 0.76, 0.01, 0.12, 0.34, 0.76, 0.68, 0.23, 0.68, 0.68, 0.45, 0.01, 0.08233333333333333, 0.3323333333333333, 0.1101111111111111, 0.59, 0.01, 0.57, 0.68, 0.08233333333333333, 0.3323333333333333, 0.1101111111111111, 0.76, 0.01, 0.68, 0.01, 0.59, 0.01, 0.12, 0.59, 0.34, 0.57]",[2814337.0],0.8769291132688523
431,"[0.08233333333333333, 0.3323333333333333, 0.1101111111111111, 0.68, 0.01, 0.9, 0.34, 0.26, 0.34, 0.68, 0.18, 0.34, 0.57, 0.01, 0.08233333333333333, 0.3323333333333333, 0.1101111111111111, 0.34, 0.01, 0.9, 0.68, 0.08233333333333333, 0.3323333333333333, 0.1101111111111111, 0.18, 0.34, 0.34, 0.01, 0.68, 0.34, 0.79, 0.51, 0.01, 0.9, 0.68, 0.08233333333333333, 0.3323333333333333, 0.1101111111111111, 0.76, 0.01, 0.01, 0.51, 0.76, 0.68, 0.12, 0.93, 0.68, 0.79, 0.68, 0.09, 0.01, 0.23, 0.09, 0.34, 0.01, 0.51, 0.08233333333333333, 0.3323333333333333, 0.1101111111111111, 0.34, 0.68, 0.79]",[7260265.0],0.9417201995849608
432,"[0.08233333333333333, 0.3323333333333333, 0.1101111111111111, 0.08233333333333333, 0.3323333333333333, 0.1101111111111111, 0.3323333333333333, 0.08233333333333333, 0.3323333333333333, 0.1101111111111111, 0.08233333333333333, 0.3323333333333333, 0.1101111111111111, 0.499, 0.34, 0.68, 0.57, 0.09, 0.01, 0.12, 0.34, 0.84, 0.68, 0.12, 0.18, 0.68, 0.01, 0.01, 0.08233333333333333, 0.3323333333333333, 0.1101111111111111, 0.68, 0.68, 0.45, 0.34, 0.08233333333333333, 0.3323333333333333, 0.1101111111111111, 0.18, 0.34, 0.57, 0.01, 0.09, 0.01, 0.68, 0.59, 0.34, 0.12, 0.68, 0.09, 0.34, 0.9, 0.93, 0.68, 0.79, 0.51, 0.08233333333333333, 0.3323333333333333, 0.1101111111111111, 0.68, 0.01, 0.9]",[4342882.0],0.3333717241883278
433,"[0.08233333333333333, 0.3323333333333333, 0.1101111111111111, 0.09, 0.01, 0.34, 0.68, 0.59, 0.34, 0.9, 0.09, 0.01, 0.45, 0.01, 0.09, 0.34, 0.9, 0.26, 0.01, 0.9, 0.68, 0.43, 0.34, 0.68, 0.76, 0.68, 0.79, 0.01, 0.08233333333333333, 0.3323333333333333, 0.1101111111111111, 0.59, 0.34, 0.57, 0.68, 0.08233333333333333, 0.3323333333333333, 0.1101111111111111, 0.76, 0.34, 0.12, 0.01, 0.08233333333333333, 0.3323333333333333, 0.1101111111111111, 0.76, 0.01, 0.01, 0.68, 0.84, 0.01, 0.45, 0.26, 0.01, 0.68, 0.01, 0.93, 0.34, 0.01, 0.93, 0.68, 0.23]",[34145383.0],0.5826125135024388
434,"[0.08233333333333333, 0.3323333333333333, 0.1101111111111111, 0.08233333333333333, 0.3323333333333333, 0.1101111111111111, 0.3323333333333333, 0.08233333333333333, 0.3323333333333333, 0.1101111111111111, 0.08233333333333333, 0.3323333333333333, 0.1101111111111111, 0.499, 0.08233333333333333, 0.3323333333333333, 0.1101111111111111, 0.08233333333333333, 0.3323333333333333, 0.1101111111111111, 0.3323333333333333, 0.08233333333333333, 0.3323333333333333, 0.1101111111111111, 0.08233333333333333, 0.3323333333333333, 0.1101111111111111, 0.499, 0.08233333333333333, 0.3323333333333333, 0.1101111111111111, 0.93, 0.68, 0.68, 0.68, 0.08233333333333333, 0.3323333333333333, 0.1101111111111111, 0.34, 0.68, 0.68, 0.01, 0.08233333333333333, 0.3323333333333333, 0.1101111111111111, 0.76, 0.01, 0.57, 0.34, 0.51, 0.01, 0.12, 0.18, 0.34, 0.01, 0.51, 0.18, 0.01, 0.9, 0.59, 0.01, 0.79]",[362191.0],0.8554169639945031
435,"[0.08233333333333333, 0.3323333333333333, 0.1101111111111111, 0.08233333333333333, 0.3323333333333333, 0.1101111111111111, 0.3323333333333333, 0.08233333333333333, 0.3323333333333333, 0.1101111111111111, 0.08233333333333333, 0.3323333333333333, 0.1101111111111111, 0.499, 0.08233333333333333, 0.3323333333333333, 0.1101111111111111, 0.68, 0.01, 0.79, 0.68, 0.08233333333333333, 0.3323333333333333, 0.1101111111111111, 0.59, 0.34, 0.9, 0.01, 0.08233333333333333, 0.3323333333333333, 0.1101111111111111, 0.68, 0.68, 0.01, 0.34, 0.26, 0.68, 0.9, 0.59, 0.01, 0.57, 0.51, 0.26, 0.01, 0.01, 0.34, 0.01, 0.34, 0.34, 0.76, 0.68, 0.01, 0.09, 0.34, 0.34, 0.51, 0.43, 0.34, 0.9, 0.59, 0.34, 0.01]",[756173.0],0.8305208836992581
436,"[0.26, 0.34, 0.34, 0.59, 0.68, 0.23, 0.68, 0.08233333333333333, 0.3323333333333333, 0.1101111111111111, 0.43, 0.68, 0.45, 0.01, 0.08233333333333333, 0.3323333333333333, 0.1101111111111111, 0.09, 0.34, 0.01, 0.34, 0.08233333333333333, 0.3323333333333333, 0.1101111111111111, 0.84, 0.34, 0.12, 0.01, 0.26, 0.68, 0.45, 0.43, 0.34, 0.12, 0.34, 0.08233333333333333, 0.3323333333333333, 0.1101111111111111, 0.84, 0.68, 0.34, 0.51, 0.84, 0.68, 0.79, 0.93, 0.34, 0.01, 0.68, 0.68, 0.34, 0.34, 0.51, 0.01, 0.12, 0.51, 0.09, 0.34, 0.79, 0.76, 0.34, 0.79]",[11488271.0],0.9257931600014369
437,"[0.08233333333333333, 0.3323333333333333, 0.1101111111111111, 0.08233333333333333, 0.3323333333333333, 0.1101111111111111, 0.3323333333333333, 0.08233333333333333, 0.3323333333333333, 0.1101111111111111, 0.08233333333333333, 0.3323333333333333, 0.1101111111111111, 0.499, 0.08233333333333333, 0.3323333333333333, 0.1101111111111111, 0.08233333333333333, 0.3323333333333333, 0.1101111111111111, 0.3323333333333333, 0.08233333333333333, 0.3323333333333333, 0.1101111111111111, 0.08233333333333333, 0.3323333333333333, 0.1101111111111111, 0.499, 0.26, 0.01, 0.9, 0.18, 0.01, 0.45, 0.34, 0.34, 0.68, 0.45, 0.84, 0.34, 0.01, 0.01, 0.68, 0.01, 0.12, 0.93, 0.01, 0.12, 0.34, 0.84, 0.68, 0.68, 0.84, 0.34, 0.57, 0.01, 0.08233333333333333, 0.3323333333333333, 0.1101111111111111, 0.76, 0.68, 0.34]",[13781183.0],0.8706771497925122
438,"[0.34, 0.68, 0.79, 0.76, 0.68, 0.45, 0.34, 0.08233333333333333, 0.3323333333333333, 0.1101111111111111, 0.09, 0.34, 0.34, 0.01, 0.08233333333333333, 0.3323333333333333, 0.1101111111111111, 0.43, 0.01, 0.12, 0.34, 0.08233333333333333, 0.3323333333333333, 0.1101111111111111, 0.26, 0.34, 0.23, 0.51, 0.68, 0.68, 0.12, 0.93, 0.01, 0.68, 0.68, 0.68, 0.34, 0.79, 0.84, 0.68, 0.12, 0.51, 0.08233333333333333, 0.3323333333333333, 0.1101111111111111, 0.59, 0.34, 0.34, 0.68, 0.08233333333333333, 0.3323333333333333, 0.1101111111111111, 0.43, 0.01, 0.34, 0.51, 0.34, 0.68, 0.57, 0.68, 0.34, 0.9]",[4253993.0],0.9489279150962828
439,"[0.08233333333333333, 0.3323333333333333, 0.1101111111111111, 0.08233333333333333, 0.3323333333333333, 0.1101111111111111, 0.3323333333333333, 0.08233333333333333, 0.3323333333333333, 0.1101111111111111, 0.08233333333333333, 0.3323333333333333, 0.1101111111111111, 0.499, 0.08233333333333333, 0.3323333333333333, 0.1101111111111111, 0.08233333333333333, 0.3323333333333333, 0.1101111111111111, 0.3323333333333333, 0.08233333333333333, 0.3323333333333333, 0.1101111111111111, 0.08233333333333333, 0.3323333333333333, 0.1101111111111111, 0.499, 0.08233333333333333, 0.3323333333333333, 0.1101111111111111, 0.93, 0.68, 0.9, 0.68, 0.59, 0.68, 0.34, 0.84, 0.68, 0.23, 0.01, 0.08233333333333333, 0.3323333333333333, 0.1101111111111111, 0.26, 0.34, 0.23, 0.68, 0.08233333333333333, 0.3323333333333333, 0.1101111111111111, 0.68, 0.34, 0.01, 0.01, 0.08233333333333333, 0.3323333333333333, 0.1101111111111111, 0.18, 0.34, 0.45]",[1211437.0],0.7890680541594823
440,"[0.08233333333333333, 0.3323333333333333, 0.1101111111111111, 0.08233333333333333, 0.3323333333333333, 0.1101111111111111, 0.3323333333333333, 0.08233333333333333, 0.3323333333333333, 0.1101111111111111, 0.08233333333333333, 0.3323333333333333, 0.1101111111111111, 0.499, 0.76, 0.01, 0.9, 0.09, 0.01, 0.79, 0.34, 0.08233333333333333, 0.3323333333333333, 0.1101111111111111, 0.84, 0.01, 0.23, 0.01, 0.08233333333333333, 0.3323333333333333, 0.1101111111111111, 0.34, 0.68, 0.45, 0.34, 0.09, 0.34, 0.79, 0.68, 0.34, 0.79, 0.01, 0.08233333333333333, 0.3323333333333333, 0.1101111111111111, 0.43, 0.68, 0.12, 0.34, 0.08233333333333333, 0.3323333333333333, 0.1101111111111111, 0.09, 0.01, 0.01, 0.51, 0.43, 0.34, 0.34, 0.09, 0.01, 0.01]",[142465.0],0.3219163263837496
441,"[0.08233333333333333, 0.3323333333333333, 0.1101111111111111, 0.08233333333333333, 0.3323333333333333, 0.1101111111111111, 0.3323333333333333, 0.08233333333333333, 0.3323333333333333, 0.1101111111111111, 0.08233333333333333, 0.3323333333333333, 0.1101111111111111, 0.499, 0.08233333333333333, 0.3323333333333333, 0.1101111111111111, 0.08233333333333333, 0.3323333333333333, 0.1101111111111111, 0.3323333333333333, 0.08233333333333333, 0.3323333333333333, 0.1101111111111111, 0.08233333333333333, 0.3323333333333333, 0.1101111111111111, 0.499, 0.51, 0.34, 0.9, 0.26, 0.01, 0.9, 0.68, 0.68, 0.68, 0.57, 0.26, 0.01, 0.01, 0.51, 0.08233333333333333, 0.3323333333333333, 0.1101111111111111, 0.68, 0.68, 0.9, 0.34, 0.08233333333333333, 0.3323333333333333, 0.1101111111111111, 0.51, 0.34, 0.57, 0.51, 0.08233333333333333, 0.3323333333333333, 0.1101111111111111, 0.43, 0.01, 0.68]",[123141.0],0.8786910891532898
442,"[0.08233333333333333, 0.3323333333333333, 0.1101111111111111, 0.68, 0.68, 0.79, 0.34, 0.08233333333333333, 0.3323333333333333, 0.1101111111111111, 0.84, 0.34, 0.57, 0.01, 0.08233333333333333, 0.3323333333333333, 0.1101111111111111, 0.59, 0.01, 0.68, 0.68, 0.08233333333333333, 0.3323333333333333, 0.1101111111111111, 0.26, 0.34, 0.23, 0.51, 0.08233333333333333, 0.3323333333333333, 0.1101111111111111, 0.18, 0.34, 0.23, 0.68, 0.68, 0.01, 0.12, 0.26, 0.34, 0.23, 0.51, 0.08233333333333333, 0.3323333333333333, 0.1101111111111111, 0.84, 0.34, 0.45, 0.68, 0.08233333333333333, 0.3323333333333333, 0.1101111111111111, 0.18, 0.01, 0.34, 0.01, 0.08233333333333333, 0.3323333333333333, 0.1101111111111111, 0.09, 0.68, 0.9]",[71462.0],0.8617378398776054
443,"[0.08233333333333333, 0.3323333333333333, 0.1101111111111111, 0.26, 0.68, 0.45, 0.68, 0.08233333333333333, 0.3323333333333333, 0.1101111111111111, 0.34, 0.01, 0.57, 0.01, 0.76, 0.01, 0.12, 0.84, 0.68, 0.9, 0.68, 0.08233333333333333, 0.3323333333333333, 0.1101111111111111, 0.68, 0.01, 0.9, 0.01, 0.08233333333333333, 0.3323333333333333, 0.1101111111111111, 0.34, 0.68, 0.45, 0.34, 0.08233333333333333, 0.3323333333333333, 0.1101111111111111, 0.93, 0.01, 0.23, 0.51, 0.08233333333333333, 0.3323333333333333, 0.1101111111111111, 0.76, 0.34, 0.23, 0.34, 0.08233333333333333, 0.3323333333333333, 0.1101111111111111, 0.59, 0.68, 0.34, 0.51, 0.08233333333333333, 0.3323333333333333, 0.1101111111111111, 0.76, 0.68, 0.12]",[10232785.0],0.944548440972964
444,"[0.18, 0.01, 0.34, 0.18, 0.68, 0.68, 0.34, 0.08233333333333333, 0.3323333333333333, 0.1101111111111111, 0.51, 0.34, 0.79, 0.51, 0.59, 0.68, 0.01, 0.59, 0.68, 0.45, 0.34, 0.08233333333333333, 0.3323333333333333, 0.1101111111111111, 0.59, 0.68, 0.9, 0.01, 0.08233333333333333, 0.3323333333333333, 0.1101111111111111, 0.34, 0.01, 0.12, 0.34, 0.26, 0.34, 0.23, 0.84, 0.01, 0.57, 0.01, 0.68, 0.34, 0.01, 0.26, 0.01, 0.01, 0.34, 0.09, 0.68, 0.57, 0.18, 0.68, 0.12, 0.51, 0.59, 0.68, 0.79, 0.34, 0.01, 0.12]",[2014592.0],0.91643238812685
445,"[0.93, 0.01, 0.23, 0.18, 0.34, 0.57, 0.68, 0.08233333333333333, 0.3323333333333333, 0.1101111111111111, 0.68, 0.01, 0.57, 0.01, 0.08233333333333333, 0.3323333333333333, 0.1101111111111111, 0.18, 0.68, 0.79, 0.34, 0.68, 0.68, 0.79, 0.93, 0.34, 0.34, 0.01, 0.51, 0.01, 0.23, 0.09, 0.68, 0.79, 0.68, 0.08233333333333333, 0.3323333333333333, 0.1101111111111111, 0.84, 0.34, 0.68, 0.01, 0.08233333333333333, 0.3323333333333333, 0.1101111111111111, 0.34, 0.34, 0.01, 0.68, 0.08233333333333333, 0.3323333333333333, 0.1101111111111111, 0.59, 0.34, 0.68, 0.01, 0.08233333333333333, 0.3323333333333333, 0.1101111111111111, 0.18, 0.34, 0.34]",[8537660.0],0.8525505140423775
446,"[0.08233333333333333, 0.3323333333333333, 0.1101111111111111, 0.08233333333333333, 0.3323333333333333, 0.1101111111111111, 0.3323333333333333, 0.08233333333333333, 0.3323333333333333, 0.1101111111111111, 0.08233333333333333, 0.3323333333333333, 0.1101111111111111, 0.499, 0.08233333333333333, 0.3323333333333333, 0.1101111111111111, 0.51, 0.01, 0.45, 0.68, 0.51, 0.34, 0.23, 0.26, 0.01, 0.23, 0.01, 0.09, 0.01, 0.23, 0.84, 0.34, 0.9, 0.34, 0.68, 0.68, 0.57, 0.43, 0.68, 0.12, 0.01, 0.76, 0.01, 0.34, 0.09, 0.01, 0.01, 0.68, 0.18, 0.68, 0.01, 0.68, 0.68, 0.79, 0.01, 0.18, 0.34, 0.45, 0.43, 0.68, 0.23]",[680757.0],0.8528366754452388
447,"[0.51, 0.34, 0.68, 0.59, 0.34, 0.23, 0.68, 0.08233333333333333, 0.3323333333333333, 0.1101111111111111, 0.51, 0.68, 0.9, 0.51, 0.34, 0.68, 0.23, 0.26, 0.34, 0.9, 0.68, 0.18, 0.34, 0.45, 0.84, 0.34, 0.45, 0.01, 0.08233333333333333, 0.3323333333333333, 0.1101111111111111, 0.26, 0.01, 0.23, 0.34, 0.08233333333333333, 0.3323333333333333, 0.1101111111111111, 0.51, 0.01, 0.79, 0.01, 0.08233333333333333, 0.3323333333333333, 0.1101111111111111, 0.76, 0.34, 0.45, 0.34, 0.08233333333333333, 0.3323333333333333, 0.1101111111111111, 0.43, 0.68, 0.34, 0.01, 0.08233333333333333, 0.3323333333333333, 0.1101111111111111, 0.34, 0.01, 0.23]",[846087.0],0.922983993589878
448,"[0.08233333333333333, 0.3323333333333333, 0.1101111111111111, 0.08233333333333333, 0.3323333333333333, 0.1101111111111111, 0.3323333333333333, 0.08233333333333333, 0.3323333333333333, 0.1101111111111111, 0.08233333333333333, 0.3323333333333333, 0.1101111111111111, 0.499, 0.26, 0.34, 0.12, 0.59, 0.01, 0.9, 0.68, 0.51, 0.01, 0.12, 0.51, 0.01, 0.12, 0.51, 0.08233333333333333, 0.3323333333333333, 0.1101111111111111, 0.26, 0.01, 0.34, 0.34, 0.59, 0.68, 0.57, 0.68, 0.68, 0.9, 0.01, 0.18, 0.01, 0.57, 0.84, 0.01, 0.68, 0.34, 0.26, 0.01, 0.12, 0.93, 0.34, 0.23, 0.01, 0.08233333333333333, 0.3323333333333333, 0.1101111111111111, 0.34, 0.01, 0.57]",[6125055.0],0.8832742517193158
449,"[0.08233333333333333, 0.3323333333333333, 0.1101111111111111, 0.08233333333333333, 0.3323333333333333, 0.1101111111111111, 0.3323333333333333, 0.08233333333333333, 0.3323333333333333, 0.1101111111111111, 0.08233333333333333, 0.3323333333333333, 0.1101111111111111, 0.499, 0.08233333333333333, 0.3323333333333333, 0.1101111111111111, 0.08233333333333333, 0.3323333333333333, 0.1101111111111111, 0.3323333333333333, 0.08233333333333333, 0.3323333333333333, 0.1101111111111111, 0.08233333333333333, 0.3323333333333333, 0.1101111111111111, 0.499, 0.68, 0.01, 0.45, 0.68, 0.34, 0.01, 0.34, 0.08233333333333333, 0.3323333333333333, 0.1101111111111111, 0.51, 0.34, 0.01, 0.51, 0.34, 0.01, 0.68, 0.76, 0.01, 0.57, 0.34, 0.68, 0.68, 0.12, 0.34, 0.68, 0.79, 0.01, 0.59, 0.68, 0.12, 0.34, 0.68, 0.12]",[665237.0],0.9338651756445568
450,"[0.08233333333333333, 0.3323333333333333, 0.1101111111111111, 0.08233333333333333, 0.3323333333333333, 0.1101111111111111, 0.3323333333333333, 0.08233333333333333, 0.3323333333333333, 0.1101111111111111, 0.08233333333333333, 0.3323333333333333, 0.1101111111111111, 0.499, 0.08233333333333333, 0.3323333333333333, 0.1101111111111111, 0.08233333333333333, 0.3323333333333333, 0.1101111111111111, 0.3323333333333333, 0.08233333333333333, 0.3323333333333333, 0.1101111111111111, 0.08233333333333333, 0.3323333333333333, 0.1101111111111111, 0.499, 0.08233333333333333, 0.3323333333333333, 0.1101111111111111, 0.76, 0.34, 0.45, 0.68, 0.34, 0.68, 0.12, 0.68, 0.34, 0.68, 0.51, 0.08233333333333333, 0.3323333333333333, 0.1101111111111111, 0.59, 0.01, 0.01, 0.34, 0.26, 0.01, 0.79, 0.26, 0.01, 0.57, 0.51, 0.08233333333333333, 0.3323333333333333, 0.1101111111111111, 0.09, 0.01, 0.9]",[86015.0],0.7808829178412755
451,"[0.08233333333333333, 0.3323333333333333, 0.1101111111111111, 0.51, 0.01, 0.57, 0.68, 0.93, 0.34, 0.12, 0.93, 0.34, 0.12, 0.01, 0.43, 0.01, 0.45, 0.26, 0.68, 0.79, 0.68, 0.08233333333333333, 0.3323333333333333, 0.1101111111111111, 0.68, 0.01, 0.57, 0.01, 0.34, 0.68, 0.12, 0.76, 0.34, 0.68, 0.34, 0.76, 0.01, 0.23, 0.18, 0.68, 0.12, 0.51, 0.08233333333333333, 0.3323333333333333, 0.1101111111111111, 0.84, 0.34, 0.01, 0.34, 0.84, 0.68, 0.12, 0.59, 0.01, 0.57, 0.51, 0.93, 0.68, 0.12, 0.18, 0.01, 0.68]",[31702652.0],0.9342917238672576
452,"[0.08233333333333333, 0.3323333333333333, 0.1101111111111111, 0.08233333333333333, 0.3323333333333333, 0.1101111111111111, 0.3323333333333333, 0.08233333333333333, 0.3323333333333333, 0.1101111111111111, 0.08233333333333333, 0.3323333333333333, 0.1101111111111111, 0.499, 0.08233333333333333, 0.3323333333333333, 0.1101111111111111, 0.08233333333333333, 0.3323333333333333, 0.1101111111111111, 0.3323333333333333, 0.08233333333333333, 0.3323333333333333, 0.1101111111111111, 0.08233333333333333, 0.3323333333333333, 0.1101111111111111, 0.499, 0.08233333333333333, 0.3323333333333333, 0.1101111111111111, 0.09, 0.34, 0.01, 0.34, 0.08233333333333333, 0.3323333333333333, 0.1101111111111111, 0.43, 0.34, 0.9, 0.01, 0.51, 0.01, 0.68, 0.18, 0.34, 0.45, 0.34, 0.08233333333333333, 0.3323333333333333, 0.1101111111111111, 0.68, 0.34, 0.9, 0.51, 0.08233333333333333, 0.3323333333333333, 0.1101111111111111, 0.43, 0.68, 0.01]",[98173.0],0.7720795830090841
453,"[0.08233333333333333, 0.3323333333333333, 0.1101111111111111, 0.08233333333333333, 0.3323333333333333, 0.1101111111111111, 0.3323333333333333, 0.08233333333333333, 0.3323333333333333, 0.1101111111111111, 0.08233333333333333, 0.3323333333333333, 0.1101111111111111, 0.499, 0.08233333333333333, 0.3323333333333333, 0.1101111111111111, 0.08233333333333333, 0.3323333333333333, 0.1101111111111111, 0.3323333333333333, 0.08233333333333333, 0.3323333333333333, 0.1101111111111111, 0.08233333333333333, 0.3323333333333333, 0.1101111111111111, 0.499, 0.18, 0.68, 0.68, 0.09, 0.68, 0.23, 0.34, 0.08233333333333333, 0.3323333333333333, 0.1101111111111111, 0.84, 0.01, 0.9, 0.01, 0.76, 0.01, 0.45, 0.51, 0.68, 0.12, 0.34, 0.84, 0.01, 0.79, 0.43, 0.34, 0.01, 0.51, 0.09, 0.01, 0.45, 0.84, 0.34, 0.45]",[970901.0],0.3224214980999628
454,"[0.08233333333333333, 0.3323333333333333, 0.1101111111111111, 0.08233333333333333, 0.3323333333333333, 0.1101111111111111, 0.3323333333333333, 0.08233333333333333, 0.3323333333333333, 0.1101111111111111, 0.08233333333333333, 0.3323333333333333, 0.1101111111111111, 0.499, 0.08233333333333333, 0.3323333333333333, 0.1101111111111111, 0.08233333333333333, 0.3323333333333333, 0.1101111111111111, 0.3323333333333333, 0.08233333333333333, 0.3323333333333333, 0.1101111111111111, 0.08233333333333333, 0.3323333333333333, 0.1101111111111111, 0.499, 0.43, 0.34, 0.45, 0.84, 0.34, 0.12, 0.34, 0.08233333333333333, 0.3323333333333333, 0.1101111111111111, 0.34, 0.01, 0.23, 0.51, 0.68, 0.34, 0.34, 0.84, 0.68, 0.9, 0.68, 0.08233333333333333, 0.3323333333333333, 0.1101111111111111, 0.09, 0.34, 0.34, 0.01, 0.08233333333333333, 0.3323333333333333, 0.1101111111111111, 0.76, 0.01, 0.79]",[2706577.0],0.93968575100104
455,"[0.34, 0.01, 0.68, 0.76, 0.68, 0.79, 0.68, 0.08233333333333333, 0.3323333333333333, 0.1101111111111111, 0.84, 0.68, 0.12, 0.51, 0.59, 0.34, 0.57, 0.84, 0.68, 0.79, 0.68, 0.51, 0.68, 0.9, 0.68, 0.01, 0.79, 0.51, 0.08233333333333333, 0.3323333333333333, 0.1101111111111111, 0.84, 0.01, 0.01, 0.34, 0.93, 0.34, 0.79, 0.51, 0.34, 0.57, 0.51, 0.08233333333333333, 0.3323333333333333, 0.1101111111111111, 0.93, 0.01, 0.57, 0.68, 0.08233333333333333, 0.3323333333333333, 0.1101111111111111, 0.18, 0.34, 0.68, 0.51, 0.26, 0.68, 0.23, 0.26, 0.34, 0.9]",[11518334.0],0.9448380559682846
456,"[0.08233333333333333, 0.3323333333333333, 0.1101111111111111, 0.08233333333333333, 0.3323333333333333, 0.1101111111111111, 0.3323333333333333, 0.08233333333333333, 0.3323333333333333, 0.1101111111111111, 0.08233333333333333, 0.3323333333333333, 0.1101111111111111, 0.499, 0.08233333333333333, 0.3323333333333333, 0.1101111111111111, 0.43, 0.01, 0.68, 0.68, 0.59, 0.68, 0.68, 0.09, 0.68, 0.34, 0.01, 0.59, 0.01, 0.45, 0.59, 0.34, 0.12, 0.34, 0.08233333333333333, 0.3323333333333333, 0.1101111111111111, 0.26, 0.01, 0.01, 0.01, 0.93, 0.01, 0.23, 0.84, 0.34, 0.9, 0.68, 0.51, 0.68, 0.12, 0.34, 0.68, 0.12, 0.51, 0.08233333333333333, 0.3323333333333333, 0.1101111111111111, 0.93, 0.34, 0.68]",[12480725.0],0.944893518090248
457,"[0.08233333333333333, 0.3323333333333333, 0.1101111111111111, 0.08233333333333333, 0.3323333333333333, 0.1101111111111111, 0.3323333333333333, 0.08233333333333333, 0.3323333333333333, 0.1101111111111111, 0.08233333333333333, 0.3323333333333333, 0.1101111111111111, 0.499, 0.08233333333333333, 0.3323333333333333, 0.1101111111111111, 0.59, 0.01, 0.68, 0.34, 0.59, 0.68, 0.57, 0.18, 0.34, 0.79, 0.51, 0.84, 0.01, 0.68, 0.34, 0.01, 0.34, 0.68, 0.59, 0.34, 0.34, 0.68, 0.68, 0.23, 0.01, 0.08233333333333333, 0.3323333333333333, 0.1101111111111111, 0.26, 0.34, 0.12, 0.34, 0.08233333333333333, 0.3323333333333333, 0.1101111111111111, 0.18, 0.01, 0.57, 0.51, 0.93, 0.01, 0.12, 0.51, 0.01, 0.57]",[526781.0],0.8678134570519129
458,"[0.34, 0.01, 0.57, 0.59, 0.68, 0.12, 0.68, 0.08233333333333333, 0.3323333333333333, 0.1101111111111111, 0.43, 0.68, 0.79, 0.01, 0.08233333333333333, 0.3323333333333333, 0.1101111111111111, 0.51, 0.68, 0.45, 0.34, 0.08233333333333333, 0.3323333333333333, 0.1101111111111111, 0.51, 0.68, 0.68, 0.01, 0.68, 0.34, 0.45, 0.18, 0.01, 0.68, 0.68, 0.93, 0.68, 0.68, 0.43, 0.34, 0.12, 0.51, 0.84, 0.01, 0.45, 0.59, 0.34, 0.34, 0.34, 0.08233333333333333, 0.3323333333333333, 0.1101111111111111, 0.26, 0.68, 0.57, 0.51, 0.68, 0.34, 0.9, 0.93, 0.01, 0.12]",[3046981.0],0.9413238391280174
459,"[0.08233333333333333, 0.3323333333333333, 0.1101111111111111, 0.08233333333333333, 0.3323333333333333, 0.1101111111111111, 0.3323333333333333, 0.08233333333333333, 0.3323333333333333, 0.1101111111111111, 0.08233333333333333, 0.3323333333333333, 0.1101111111111111, 0.499, 0.18, 0.34, 0.79, 0.59, 0.01, 0.9, 0.34, 0.43, 0.01, 0.68, 0.34, 0.01, 0.01, 0.51, 0.84, 0.68, 0.34, 0.93, 0.01, 0.34, 0.34, 0.43, 0.01, 0.57, 0.43, 0.68, 0.9, 0.51, 0.08233333333333333, 0.3323333333333333, 0.1101111111111111, 0.76, 0.34, 0.68, 0.34, 0.43, 0.68, 0.68, 0.26, 0.34, 0.68, 0.01, 0.08233333333333333, 0.3323333333333333, 0.1101111111111111, 0.84, 0.68, 0.9]",[8266227.0],0.951812313993772
460,"[0.08233333333333333, 0.3323333333333333, 0.1101111111111111, 0.08233333333333333, 0.3323333333333333, 0.1101111111111111, 0.3323333333333333, 0.08233333333333333, 0.3323333333333333, 0.1101111111111111, 0.08233333333333333, 0.3323333333333333, 0.1101111111111111, 0.499, 0.08233333333333333, 0.3323333333333333, 0.1101111111111111, 0.93, 0.68, 0.68, 0.68, 0.84, 0.34, 0.12, 0.93, 0.01, 0.57, 0.01, 0.93, 0.01, 0.57, 0.93, 0.01, 0.45, 0.34, 0.08233333333333333, 0.3323333333333333, 0.1101111111111111, 0.59, 0.34, 0.9, 0.01, 0.09, 0.01, 0.34, 0.68, 0.68, 0.9, 0.68, 0.08233333333333333, 0.3323333333333333, 0.1101111111111111, 0.43, 0.68, 0.79, 0.51, 0.08233333333333333, 0.3323333333333333, 0.1101111111111111, 0.93, 0.68, 0.12]",[8673092.0],0.3181611130634943
461,"[0.08233333333333333, 0.3323333333333333, 0.1101111111111111, 0.08233333333333333, 0.3323333333333333, 0.1101111111111111, 0.3323333333333333, 0.08233333333333333, 0.3323333333333333, 0.1101111111111111, 0.08233333333333333, 0.3323333333333333, 0.1101111111111111, 0.499, 0.68, 0.68, 0.23, 0.93, 0.34, 0.01, 0.68, 0.09, 0.01, 0.68, 0.18, 0.68, 0.45, 0.51, 0.08233333333333333, 0.3323333333333333, 0.1101111111111111, 0.59, 0.34, 0.57, 0.68, 0.08233333333333333, 0.3323333333333333, 0.1101111111111111, 0.43, 0.01, 0.9, 0.51, 0.59, 0.34, 0.79, 0.51, 0.68, 0.79, 0.68, 0.08233333333333333, 0.3323333333333333, 0.1101111111111111, 0.84, 0.01, 0.45, 0.51, 0.09, 0.01, 0.12, 0.59, 0.34, 0.01]",[2445729.0],0.8856924012303352
462,"[0.18, 0.68, 0.45, 0.93, 0.01, 0.68, 0.68, 0.43, 0.01, 0.34, 0.43, 0.68, 0.45, 0.51, 0.26, 0.68, 0.68, 0.51, 0.34, 0.68, 0.68, 0.59, 0.01, 0.9, 0.18, 0.68, 0.23, 0.51, 0.43, 0.01, 0.79, 0.51, 0.68, 0.79, 0.34, 0.08233333333333333, 0.3323333333333333, 0.1101111111111111, 0.43, 0.68, 0.12, 0.51, 0.08233333333333333, 0.3323333333333333, 0.1101111111111111, 0.59, 0.01, 0.34, 0.68, 0.08233333333333333, 0.3323333333333333, 0.1101111111111111, 0.68, 0.34, 0.68, 0.51, 0.59, 0.68, 0.45, 0.51, 0.01, 0.68]",[424656.0],0.9283865988254548
463,"[0.08233333333333333, 0.3323333333333333, 0.1101111111111111, 0.26, 0.34, 0.45, 0.34, 0.09, 0.68, 0.68, 0.43, 0.34, 0.9, 0.51, 0.09, 0.34, 0.79, 0.43, 0.34, 0.23, 0.34, 0.08233333333333333, 0.3323333333333333, 0.1101111111111111, 0.68, 0.01, 0.23, 0.51, 0.08233333333333333, 0.3323333333333333, 0.1101111111111111, 0.51, 0.34, 0.23, 0.68, 0.08233333333333333, 0.3323333333333333, 0.1101111111111111, 0.93, 0.01, 0.34, 0.01, 0.08233333333333333, 0.3323333333333333, 0.1101111111111111, 0.34, 0.01, 0.45, 0.34, 0.76, 0.01, 0.45, 0.26, 0.68, 0.68, 0.01, 0.08233333333333333, 0.3323333333333333, 0.1101111111111111, 0.84, 0.34, 0.45]",[3457887.0],0.9228385766347248
464,"[0.08233333333333333, 0.3323333333333333, 0.1101111111111111, 0.08233333333333333, 0.3323333333333333, 0.1101111111111111, 0.3323333333333333, 0.08233333333333333, 0.3323333333333333, 0.1101111111111111, 0.08233333333333333, 0.3323333333333333, 0.1101111111111111, 0.499, 0.08233333333333333, 0.3323333333333333, 0.1101111111111111, 0.08233333333333333, 0.3323333333333333, 0.1101111111111111, 0.3323333333333333, 0.08233333333333333, 0.3323333333333333, 0.1101111111111111, 0.08233333333333333, 0.3323333333333333, 0.1101111111111111, 0.499, 0.08233333333333333, 0.3323333333333333, 0.1101111111111111, 0.34, 0.34, 0.23, 0.34, 0.09, 0.68, 0.9, 0.76, 0.01, 0.34, 0.01, 0.08233333333333333, 0.3323333333333333, 0.1101111111111111, 0.84, 0.68, 0.34, 0.34, 0.08233333333333333, 0.3323333333333333, 0.1101111111111111, 0.43, 0.01, 0.45, 0.01, 0.76, 0.68, 0.23, 0.26, 0.68, 0.01]",[3410260.0],0.3148120269179344
465,"[0.08233333333333333, 0.3323333333333333, 0.1101111111111111, 0.43, 0.68, 0.23, 0.34, 0.34, 0.68, 0.45, 0.68, 0.68, 0.45, 0.01, 0.08233333333333333, 0.3323333333333333, 0.1101111111111111, 0.84, 0.01, 0.12, 0.68, 0.08233333333333333, 0.3323333333333333, 0.1101111111111111, 0.26, 0.68, 0.68, 0.01, 0.93, 0.01, 0.79, 0.68, 0.68, 0.01, 0.68, 0.08233333333333333, 0.3323333333333333, 0.1101111111111111, 0.34, 0.34, 0.68, 0.01, 0.59, 0.01, 0.57, 0.84, 0.68, 0.34, 0.68, 0.84, 0.34, 0.79, 0.59, 0.34, 0.45, 0.51, 0.09, 0.01, 0.68, 0.84, 0.01, 0.68]",[9056492.0],0.932293323179086
466,"[0.26, 0.01, 0.79, 0.43, 0.68, 0.12, 0.34, 0.08233333333333333, 0.3323333333333333, 0.1101111111111111, 0.18, 0.01, 0.79, 0.51, 0.93, 0.68, 0.79, 0.93, 0.34, 0.9, 0.34, 0.08233333333333333, 0.3323333333333333, 0.1101111111111111, 0.68, 0.68, 0.68, 0.51, 0.09, 0.34, 0.57, 0.18, 0.68, 0.12, 0.34, 0.26, 0.01, 0.9, 0.68, 0.01, 0.9, 0.01, 0.08233333333333333, 0.3323333333333333, 0.1101111111111111, 0.68, 0.34, 0.23, 0.34, 0.08233333333333333, 0.3323333333333333, 0.1101111111111111, 0.84, 0.01, 0.79, 0.51, 0.08233333333333333, 0.3323333333333333, 0.1101111111111111, 0.43, 0.01, 0.45]",[14540208.0],0.9418587282299996
467,"[0.08233333333333333, 0.3323333333333333, 0.1101111111111111, 0.08233333333333333, 0.3323333333333333, 0.1101111111111111, 0.3323333333333333, 0.08233333333333333, 0.3323333333333333, 0.1101111111111111, 0.08233333333333333, 0.3323333333333333, 0.1101111111111111, 0.499, 0.08233333333333333, 0.3323333333333333, 0.1101111111111111, 0.08233333333333333, 0.3323333333333333, 0.1101111111111111, 0.3323333333333333, 0.08233333333333333, 0.3323333333333333, 0.1101111111111111, 0.08233333333333333, 0.3323333333333333, 0.1101111111111111, 0.499, 0.08233333333333333, 0.3323333333333333, 0.1101111111111111, 0.34, 0.34, 0.57, 0.68, 0.76, 0.34, 0.68, 0.34, 0.01, 0.45, 0.51, 0.08233333333333333, 0.3323333333333333, 0.1101111111111111, 0.18, 0.01, 0.79, 0.68, 0.18, 0.68, 0.01, 0.68, 0.68, 0.68, 0.51, 0.68, 0.01, 0.68, 0.34, 0.68, 0.79]",[235317.0],0.8280005236466725
468,"[0.18, 0.68, 0.57, 0.18, 0.68, 0.79, 0.68, 0.08233333333333333, 0.3323333333333333, 0.1101111111111111, 0.84, 0.01, 0.68, 0.01, 0.08233333333333333, 0.3323333333333333, 0.1101111111111111, 0.68, 0.34, 0.34, 0.68, 0.08233333333333333, 0.3323333333333333, 0.1101111111111111, 0.84, 0.68, 0.23, 0.01, 0.34, 0.01, 0.45, 0.59, 0.01, 0.23, 0.34, 0.26, 0.34, 0.01, 0.34, 0.34, 0.34, 0.01, 0.08233333333333333, 0.3323333333333333, 0.1101111111111111, 0.51, 0.34, 0.23, 0.34, 0.93, 0.68, 0.34, 0.68, 0.34, 0.45, 0.01, 0.51, 0.01, 0.01, 0.51, 0.68, 0.01]",[3544555.0],0.9101214190324148
469,"[0.09, 0.68, 0.9, 0.76, 0.34, 0.79, 0.34, 0.08233333333333333, 0.3323333333333333, 0.1101111111111111, 0.93, 0.68, 0.68, 0.01, 0.08233333333333333, 0.3323333333333333, 0.1101111111111111, 0.59, 0.34, 0.79, 0.68, 0.08233333333333333, 0.3323333333333333, 0.1101111111111111, 0.09, 0.01, 0.79, 0.51, 0.08233333333333333, 0.3323333333333333, 0.1101111111111111, 0.68, 0.01, 0.68, 0.34, 0.09, 0.34, 0.79, 0.51, 0.68, 0.57, 0.51, 0.26, 0.01, 0.68, 0.34, 0.01, 0.57, 0.68, 0.08233333333333333, 0.3323333333333333, 0.1101111111111111, 0.18, 0.68, 0.45, 0.51, 0.08233333333333333, 0.3323333333333333, 0.1101111111111111, 0.43, 0.01, 0.34]",[195374.0],0.4065540393193563
470,"[0.43, 0.01, 0.01, 0.51, 0.68, 0.12, 0.68, 0.76, 0.01, 0.68, 0.59, 0.01, 0.12, 0.01, 0.08233333333333333, 0.3323333333333333, 0.1101111111111111, 0.93, 0.01, 0.45, 0.68, 0.08233333333333333, 0.3323333333333333, 0.1101111111111111, 0.18, 0.34, 0.34, 0.01, 0.08233333333333333, 0.3323333333333333, 0.1101111111111111, 0.84, 0.01, 0.79, 0.68, 0.51, 0.01, 0.79, 0.18, 0.34, 0.68, 0.51, 0.08233333333333333, 0.3323333333333333, 0.1101111111111111, 0.59, 0.34, 0.79, 0.34, 0.43, 0.34, 0.12, 0.26, 0.01, 0.12, 0.01, 0.08233333333333333, 0.3323333333333333, 0.1101111111111111, 0.84, 0.68, 0.01]",[2848595.0],0.934006214638551
471,"[0.08233333333333333, 0.3323333333333333, 0.1101111111111111, 0.08233333333333333, 0.3323333333333333, 0.1101111111111111, 0.3323333333333333, 0.08233333333333333, 0.3323333333333333, 0.1101111111111111, 0.08233333333333333, 0.3323333333333333, 0.1101111111111111, 0.499, 0.08233333333333333, 0.3323333333333333, 0.1101111111111111, 0.08233333333333333, 0.3323333333333333, 0.1101111111111111, 0.3323333333333333, 0.08233333333333333, 0.3323333333333333, 0.1101111111111111, 0.08233333333333333, 0.3323333333333333, 0.1101111111111111, 0.499, 0.93, 0.01, 0.45, 0.93, 0.34, 0.34, 0.34, 0.08233333333333333, 0.3323333333333333, 0.1101111111111111, 0.68, 0.68, 0.12, 0.51, 0.08233333333333333, 0.3323333333333333, 0.1101111111111111, 0.59, 0.68, 0.79, 0.68, 0.08233333333333333, 0.3323333333333333, 0.1101111111111111, 0.18, 0.68, 0.12, 0.01, 0.08233333333333333, 0.3323333333333333, 0.1101111111111111, 0.59, 0.68, 0.9]",[14487760.0],0.9305970142285028
472,"[0.08233333333333333, 0.3323333333333333, 0.1101111111111111, 0.08233333333333333, 0.3323333333333333, 0.1101111111111111, 0.3323333333333333, 0.08233333333333333, 0.3323333333333333, 0.1101111111111111, 0.08233333333333333, 0.3323333333333333, 0.1101111111111111, 0.499, 0.08233333333333333, 0.3323333333333333, 0.1101111111111111, 0.08233333333333333, 0.3323333333333333, 0.1101111111111111, 0.3323333333333333, 0.08233333333333333, 0.3323333333333333, 0.1101111111111111, 0.08233333333333333, 0.3323333333333333, 0.1101111111111111, 0.499, 0.08233333333333333, 0.3323333333333333, 0.1101111111111111, 0.76, 0.34, 0.68, 0.34, 0.51, 0.01, 0.9, 0.68, 0.34, 0.68, 0.01, 0.08233333333333333, 0.3323333333333333, 0.1101111111111111, 0.34, 0.01, 0.12, 0.68, 0.08233333333333333, 0.3323333333333333, 0.1101111111111111, 0.59, 0.68, 0.12, 0.51, 0.08233333333333333, 0.3323333333333333, 0.1101111111111111, 0.26, 0.68, 0.01]",[82759.0],0.8957017014424006
473,"[0.76, 0.01, 0.79, 0.26, 0.01, 0.23, 0.68, 0.34, 0.01, 0.01, 0.84, 0.68, 0.45, 0.01, 0.08233333333333333, 0.3323333333333333, 0.1101111111111111, 0.26, 0.68, 0.01, 0.68, 0.08233333333333333, 0.3323333333333333, 0.1101111111111111, 0.51, 0.34, 0.23, 0.51, 0.08233333333333333, 0.3323333333333333, 0.1101111111111111, 0.84, 0.34, 0.23, 0.68, 0.08233333333333333, 0.3323333333333333, 0.1101111111111111, 0.18, 0.34, 0.12, 0.01, 0.76, 0.34, 0.79, 0.34, 0.34, 0.57, 0.34, 0.26, 0.68, 0.45, 0.68, 0.68, 0.9, 0.51, 0.76, 0.01, 0.34, 0.84, 0.34, 0.12]",[3148340.0],0.9343698779741924
474,"[0.08233333333333333, 0.3323333333333333, 0.1101111111111111, 0.08233333333333333, 0.3323333333333333, 0.1101111111111111, 0.3323333333333333, 0.08233333333333333, 0.3323333333333333, 0.1101111111111111, 0.08233333333333333, 0.3323333333333333, 0.1101111111111111, 0.499, 0.08233333333333333, 0.3323333333333333, 0.1101111111111111, 0.08233333333333333, 0.3323333333333333, 0.1101111111111111, 0.3323333333333333, 0.08233333333333333, 0.3323333333333333, 0.1101111111111111, 0.08233333333333333, 0.3323333333333333, 0.1101111111111111, 0.499, 0.76, 0.01, 0.12, 0.26, 0.68, 0.34, 0.68, 0.34, 0.01, 0.57, 0.51, 0.34, 0.34, 0.51, 0.18, 0.34, 0.57, 0.09, 0.01, 0.79, 0.34, 0.08233333333333333, 0.3323333333333333, 0.1101111111111111, 0.59, 0.68, 0.45, 0.51, 0.08233333333333333, 0.3323333333333333, 0.1101111111111111, 0.18, 0.68, 0.68]",[41657.0],0.8411467502514521
475,"[0.08233333333333333, 0.3323333333333333, 0.1101111111111111, 0.08233333333333333, 0.3323333333333333, 0.1101111111111111, 0.3323333333333333, 0.08233333333333333, 0.3323333333333333, 0.1101111111111111, 0.08233333333333333, 0.3323333333333333, 0.1101111111111111, 0.499, 0.51, 0.68, 0.12, 0.93, 0.34, 0.68, 0.34, 0.84, 0.01, 0.23, 0.26, 0.34, 0.45, 0.01, 0.08233333333333333, 0.3323333333333333, 0.1101111111111111, 0.18, 0.34, 0.12, 0.34, 0.08233333333333333, 0.3323333333333333, 0.1101111111111111, 0.09, 0.34, 0.9, 0.51, 0.09, 0.01, 0.01, 0.93, 0.01, 0.79, 0.34, 0.08233333333333333, 0.3323333333333333, 0.1101111111111111, 0.09, 0.34, 0.34, 0.01, 0.09, 0.34, 0.57, 0.68, 0.34, 0.23]",[421130.0],0.3156933883825938
476,"[0.08233333333333333, 0.3323333333333333, 0.1101111111111111, 0.08233333333333333, 0.3323333333333333, 0.1101111111111111, 0.3323333333333333, 0.08233333333333333, 0.3323333333333333, 0.1101111111111111, 0.08233333333333333, 0.3323333333333333, 0.1101111111111111, 0.499, 0.08233333333333333, 0.3323333333333333, 0.1101111111111111, 0.08233333333333333, 0.3323333333333333, 0.1101111111111111, 0.3323333333333333, 0.08233333333333333, 0.3323333333333333, 0.1101111111111111, 0.08233333333333333, 0.3323333333333333, 0.1101111111111111, 0.499, 0.93, 0.68, 0.34, 0.43, 0.01, 0.01, 0.34, 0.93, 0.01, 0.01, 0.09, 0.01, 0.9, 0.51, 0.08233333333333333, 0.3323333333333333, 0.1101111111111111, 0.09, 0.68, 0.57, 0.68, 0.08233333333333333, 0.3323333333333333, 0.1101111111111111, 0.68, 0.68, 0.68, 0.01, 0.08233333333333333, 0.3323333333333333, 0.1101111111111111, 0.68, 0.68, 0.9]",[694792.0],0.3217062965035439
477,"[0.08233333333333333, 0.3323333333333333, 0.1101111111111111, 0.08233333333333333, 0.3323333333333333, 0.1101111111111111, 0.3323333333333333, 0.08233333333333333, 0.3323333333333333, 0.1101111111111111, 0.08233333333333333, 0.3323333333333333, 0.1101111111111111, 0.499, 0.93, 0.68, 0.68, 0.09, 0.01, 0.9, 0.68, 0.59, 0.34, 0.23, 0.59, 0.68, 0.9, 0.51, 0.08233333333333333, 0.3323333333333333, 0.1101111111111111, 0.18, 0.68, 0.57, 0.34, 0.68, 0.68, 0.9, 0.26, 0.68, 0.68, 0.01, 0.08233333333333333, 0.3323333333333333, 0.1101111111111111, 0.51, 0.01, 0.34, 0.68, 0.93, 0.34, 0.79, 0.84, 0.34, 0.34, 0.51, 0.08233333333333333, 0.3323333333333333, 0.1101111111111111, 0.51, 0.01, 0.79]",[8055162.0],0.3157645622889201
478,"[0.08233333333333333, 0.3323333333333333, 0.1101111111111111, 0.08233333333333333, 0.3323333333333333, 0.1101111111111111, 0.3323333333333333, 0.08233333333333333, 0.3323333333333333, 0.1101111111111111, 0.08233333333333333, 0.3323333333333333, 0.1101111111111111, 0.499, 0.08233333333333333, 0.3323333333333333, 0.1101111111111111, 0.26, 0.01, 0.23, 0.34, 0.08233333333333333, 0.3323333333333333, 0.1101111111111111, 0.34, 0.34, 0.34, 0.01, 0.51, 0.34, 0.01, 0.68, 0.34, 0.12, 0.34, 0.08233333333333333, 0.3323333333333333, 0.1101111111111111, 0.84, 0.34, 0.79, 0.01, 0.08233333333333333, 0.3323333333333333, 0.1101111111111111, 0.43, 0.68, 0.57, 0.34, 0.09, 0.68, 0.57, 0.93, 0.34, 0.01, 0.51, 0.59, 0.01, 0.23, 0.68, 0.34, 0.68]",[10213660.0],0.9350049932797748
479,"[0.08233333333333333, 0.3323333333333333, 0.1101111111111111, 0.08233333333333333, 0.3323333333333333, 0.1101111111111111, 0.3323333333333333, 0.08233333333333333, 0.3323333333333333, 0.1101111111111111, 0.08233333333333333, 0.3323333333333333, 0.1101111111111111, 0.499, 0.08233333333333333, 0.3323333333333333, 0.1101111111111111, 0.08233333333333333, 0.3323333333333333, 0.1101111111111111, 0.3323333333333333, 0.08233333333333333, 0.3323333333333333, 0.1101111111111111, 0.08233333333333333, 0.3323333333333333, 0.1101111111111111, 0.499, 0.08233333333333333, 0.3323333333333333, 0.1101111111111111, 0.43, 0.34, 0.12, 0.68, 0.43, 0.68, 0.45, 0.59, 0.34, 0.68, 0.01, 0.09, 0.68, 0.57, 0.43, 0.68, 0.01, 0.68, 0.08233333333333333, 0.3323333333333333, 0.1101111111111111, 0.84, 0.01, 0.23, 0.51, 0.18, 0.68, 0.79, 0.26, 0.34, 0.12]",[1276416.0],0.8312745854258538
480,"[0.08233333333333333, 0.3323333333333333, 0.1101111111111111, 0.08233333333333333, 0.3323333333333333, 0.1101111111111111, 0.3323333333333333, 0.08233333333333333, 0.3323333333333333, 0.1101111111111111, 0.08233333333333333, 0.3323333333333333, 0.1101111111111111, 0.499, 0.08233333333333333, 0.3323333333333333, 0.1101111111111111, 0.08233333333333333, 0.3323333333333333, 0.1101111111111111, 0.3323333333333333, 0.08233333333333333, 0.3323333333333333, 0.1101111111111111, 0.08233333333333333, 0.3323333333333333, 0.1101111111111111, 0.499, 0.76, 0.68, 0.12, 0.68, 0.34, 0.57, 0.34, 0.09, 0.34, 0.79, 0.51, 0.68, 0.9, 0.01, 0.26, 0.34, 0.57, 0.26, 0.68, 0.12, 0.68, 0.08233333333333333, 0.3323333333333333, 0.1101111111111111, 0.59, 0.01, 0.12, 0.51, 0.18, 0.34, 0.23, 0.93, 0.01, 0.01]",[2474330.0],0.8797043427824974
481,"[0.08233333333333333, 0.3323333333333333, 0.1101111111111111, 0.51, 0.01, 0.68, 0.68, 0.08233333333333333, 0.3323333333333333, 0.1101111111111111, 0.93, 0.34, 0.23, 0.01, 0.08233333333333333, 0.3323333333333333, 0.1101111111111111, 0.26, 0.01, 0.45, 0.34, 0.08233333333333333, 0.3323333333333333, 0.1101111111111111, 0.84, 0.34, 0.12, 0.01, 0.26, 0.01, 0.57, 0.76, 0.34, 0.9, 0.68, 0.93, 0.34, 0.12, 0.93, 0.01, 0.12, 0.51, 0.08233333333333333, 0.3323333333333333, 0.1101111111111111, 0.84, 0.01, 0.79, 0.34, 0.08233333333333333, 0.3323333333333333, 0.1101111111111111, 0.43, 0.01, 0.12, 0.51, 0.18, 0.68, 0.68, 0.76, 0.01, 0.45]",[18486823.0],0.315402061243852
482,"[0.08233333333333333, 0.3323333333333333, 0.1101111111111111, 0.08233333333333333, 0.3323333333333333, 0.1101111111111111, 0.3323333333333333, 0.08233333333333333, 0.3323333333333333, 0.1101111111111111, 0.08233333333333333, 0.3323333333333333, 0.1101111111111111, 0.499, 0.93, 0.34, 0.23, 0.84, 0.01, 0.68, 0.68, 0.68, 0.34, 0.01, 0.18, 0.68, 0.01, 0.51, 0.18, 0.01, 0.01, 0.18, 0.01, 0.23, 0.34, 0.08233333333333333, 0.3323333333333333, 0.1101111111111111, 0.59, 0.68, 0.9, 0.51, 0.08233333333333333, 0.3323333333333333, 0.1101111111111111, 0.59, 0.68, 0.68, 0.68, 0.18, 0.68, 0.57, 0.18, 0.68, 0.01, 0.01, 0.08233333333333333, 0.3323333333333333, 0.1101111111111111, 0.68, 0.01, 0.12]",[1288434.0],0.91127410531044
483,"[0.08233333333333333, 0.3323333333333333, 0.1101111111111111, 0.08233333333333333, 0.3323333333333333, 0.1101111111111111, 0.3323333333333333, 0.08233333333333333, 0.3323333333333333, 0.1101111111111111, 0.08233333333333333, 0.3323333333333333, 0.1101111111111111, 0.499, 0.08233333333333333, 0.3323333333333333, 0.1101111111111111, 0.08233333333333333, 0.3323333333333333, 0.1101111111111111, 0.3323333333333333, 0.08233333333333333, 0.3323333333333333, 0.1101111111111111, 0.08233333333333333, 0.3323333333333333, 0.1101111111111111, 0.499, 0.08233333333333333, 0.3323333333333333, 0.1101111111111111, 0.18, 0.34, 0.68, 0.68, 0.09, 0.01, 0.57, 0.68, 0.68, 0.9, 0.01, 0.08233333333333333, 0.3323333333333333, 0.1101111111111111, 0.68, 0.34, 0.9, 0.68, 0.59, 0.68, 0.34, 0.34, 0.34, 0.01, 0.01, 0.08233333333333333, 0.3323333333333333, 0.1101111111111111, 0.09, 0.68, 0.12]",[16368.0],0.3187068750460942
484,"[0.08233333333333333, 0.3323333333333333, 0.1101111111111111, 0.08233333333333333, 0.3323333333333333, 0.1101111111111111, 0.3323333333333333, 0.08233333333333333, 0.3323333333333333, 0.1101111111111111, 0.08233333333333333, 0.3323333333333333, 0.1101111111111111, 0.499, 0.08233333333333333, 0.3323333333333333, 0.1101111111111111, 0.51, 0.68, 0.45, 0.68, 0.84, 0.34, 0.68, 0.18, 0.68, 0.01, 0.51, 0.34, 0.68, 0.57, 0.34, 0.68, 0.23, 0.68, 0.08233333333333333, 0.3323333333333333, 0.1101111111111111, 0.26, 0.68, 0.01, 0.01, 0.08233333333333333, 0.3323333333333333, 0.1101111111111111, 0.59, 0.68, 0.12, 0.68, 0.08233333333333333, 0.3323333333333333, 0.1101111111111111, 0.26, 0.01, 0.9, 0.51, 0.08233333333333333, 0.3323333333333333, 0.1101111111111111, 0.34, 0.01, 0.12]",[208819.0],0.9069594716032346
485,"[0.08233333333333333, 0.3323333333333333, 0.1101111111111111, 0.08233333333333333, 0.3323333333333333, 0.1101111111111111, 0.3323333333333333, 0.08233333333333333, 0.3323333333333333, 0.1101111111111111, 0.08233333333333333, 0.3323333333333333, 0.1101111111111111, 0.499, 0.08233333333333333, 0.3323333333333333, 0.1101111111111111, 0.08233333333333333, 0.3323333333333333, 0.1101111111111111, 0.3323333333333333, 0.08233333333333333, 0.3323333333333333, 0.1101111111111111, 0.08233333333333333, 0.3323333333333333, 0.1101111111111111, 0.499, 0.68, 0.01, 0.9, 0.09, 0.68, 0.12, 0.34, 0.09, 0.68, 0.79, 0.93, 0.01, 0.68, 0.51, 0.08233333333333333, 0.3323333333333333, 0.1101111111111111, 0.34, 0.01, 0.79, 0.34, 0.08233333333333333, 0.3323333333333333, 0.1101111111111111, 0.93, 0.68, 0.01, 0.01, 0.08233333333333333, 0.3323333333333333, 0.1101111111111111, 0.26, 0.34, 0.79]",[2225456.0],0.8057421604792278
486,"[0.08233333333333333, 0.3323333333333333, 0.1101111111111111, 0.08233333333333333, 0.3323333333333333, 0.1101111111111111, 0.3323333333333333, 0.08233333333333333, 0.3323333333333333, 0.1101111111111111, 0.08233333333333333, 0.3323333333333333, 0.1101111111111111, 0.499, 0.08233333333333333, 0.3323333333333333, 0.1101111111111111, 0.08233333333333333, 0.3323333333333333, 0.1101111111111111, 0.3323333333333333, 0.08233333333333333, 0.3323333333333333, 0.1101111111111111, 0.08233333333333333, 0.3323333333333333, 0.1101111111111111, 0.499, 0.08233333333333333, 0.3323333333333333, 0.1101111111111111, 0.59, 0.34, 0.57, 0.68, 0.68, 0.34, 0.9, 0.34, 0.01, 0.9, 0.51, 0.43, 0.68, 0.57, 0.93, 0.34, 0.01, 0.68, 0.08233333333333333, 0.3323333333333333, 0.1101111111111111, 0.68, 0.68, 0.34, 0.51, 0.51, 0.01, 0.79, 0.18, 0.68, 0.57]",[3674688.0],0.9020893389979998
487,"[0.08233333333333333, 0.3323333333333333, 0.1101111111111111, 0.08233333333333333, 0.3323333333333333, 0.1101111111111111, 0.3323333333333333, 0.08233333333333333, 0.3323333333333333, 0.1101111111111111, 0.08233333333333333, 0.3323333333333333, 0.1101111111111111, 0.499, 0.08233333333333333, 0.3323333333333333, 0.1101111111111111, 0.08233333333333333, 0.3323333333333333, 0.1101111111111111, 0.3323333333333333, 0.08233333333333333, 0.3323333333333333, 0.1101111111111111, 0.08233333333333333, 0.3323333333333333, 0.1101111111111111, 0.499, 0.76, 0.34, 0.12, 0.09, 0.34, 0.34, 0.34, 0.84, 0.01, 0.68, 0.18, 0.01, 0.79, 0.01, 0.68, 0.01, 0.57, 0.76, 0.34, 0.79, 0.68, 0.84, 0.01, 0.9, 0.26, 0.01, 0.01, 0.51, 0.08233333333333333, 0.3323333333333333, 0.1101111111111111, 0.34, 0.01, 0.34]",[449784.0],0.7805260946353276
488,"[0.08233333333333333, 0.3323333333333333, 0.1101111111111111, 0.51, 0.68, 0.68, 0.68, 0.26, 0.34, 0.79, 0.68, 0.01, 0.23, 0.01, 0.59, 0.34, 0.12, 0.59, 0.01, 0.68, 0.34, 0.08233333333333333, 0.3323333333333333, 0.1101111111111111, 0.68, 0.01, 0.9, 0.01, 0.08233333333333333, 0.3323333333333333, 0.1101111111111111, 0.93, 0.34, 0.68, 0.34, 0.26, 0.68, 0.68, 0.84, 0.01, 0.12, 0.51, 0.08233333333333333, 0.3323333333333333, 0.1101111111111111, 0.51, 0.34, 0.12, 0.68, 0.18, 0.01, 0.57, 0.43, 0.01, 0.57, 0.01, 0.34, 0.34, 0.12, 0.93, 0.34, 0.79]",[6483535.0],0.9412517229715984
489,"[0.08233333333333333, 0.3323333333333333, 0.1101111111111111, 0.18, 0.01, 0.57, 0.34, 0.08233333333333333, 0.3323333333333333, 0.1101111111111111, 0.26, 0.68, 0.34, 0.01, 0.08233333333333333, 0.3323333333333333, 0.1101111111111111, 0.68, 0.01, 0.79, 0.34, 0.43, 0.68, 0.12, 0.18, 0.34, 0.34, 0.51, 0.08233333333333333, 0.3323333333333333, 0.1101111111111111, 0.09, 0.68, 0.45, 0.34, 0.18, 0.01, 0.01, 0.26, 0.34, 0.01, 0.01, 0.76, 0.68, 0.23, 0.51, 0.68, 0.68, 0.68, 0.59, 0.68, 0.79, 0.43, 0.68, 0.68, 0.01, 0.08233333333333333, 0.3323333333333333, 0.1101111111111111, 0.43, 0.34, 0.45]",[326828.0],0.9138105928897856
490,"[0.08233333333333333, 0.3323333333333333, 0.1101111111111111, 0.08233333333333333, 0.3323333333333333, 0.1101111111111111, 0.3323333333333333, 0.08233333333333333, 0.3323333333333333, 0.1101111111111111, 0.08233333333333333, 0.3323333333333333, 0.1101111111111111, 0.499, 0.08233333333333333, 0.3323333333333333, 0.1101111111111111, 0.08233333333333333, 0.3323333333333333, 0.1101111111111111, 0.3323333333333333, 0.08233333333333333, 0.3323333333333333, 0.1101111111111111, 0.08233333333333333, 0.3323333333333333, 0.1101111111111111, 0.499, 0.08233333333333333, 0.3323333333333333, 0.1101111111111111, 0.68, 0.68, 0.79, 0.68, 0.93, 0.01, 0.57, 0.09, 0.68, 0.79, 0.01, 0.59, 0.34, 0.68, 0.84, 0.68, 0.23, 0.68, 0.43, 0.01, 0.68, 0.59, 0.01, 0.79, 0.51, 0.59, 0.68, 0.68, 0.76, 0.01, 0.57]",[1994549.0],0.9122404853502908
491,"[0.09, 0.01, 0.34, 0.34, 0.01, 0.45, 0.68, 0.08233333333333333, 0.3323333333333333, 0.1101111111111111, 0.09, 0.68, 0.57, 0.51, 0.68, 0.01, 0.23, 0.18, 0.34, 0.79, 0.68, 0.08233333333333333, 0.3323333333333333, 0.1101111111111111, 0.76, 0.68, 0.45, 0.51, 0.08233333333333333, 0.3323333333333333, 0.1101111111111111, 0.84, 0.34, 0.79, 0.68, 0.43, 0.01, 0.01, 0.43, 0.01, 0.57, 0.01, 0.08233333333333333, 0.3323333333333333, 0.1101111111111111, 0.68, 0.01, 0.45, 0.68, 0.84, 0.34, 0.45, 0.93, 0.68, 0.68, 0.01, 0.84, 0.68, 0.01, 0.59, 0.34, 0.01]",[19850593.0],0.9246392259995144
492,"[0.08233333333333333, 0.3323333333333333, 0.1101111111111111, 0.08233333333333333, 0.3323333333333333, 0.1101111111111111, 0.3323333333333333, 0.08233333333333333, 0.3323333333333333, 0.1101111111111111, 0.08233333333333333, 0.3323333333333333, 0.1101111111111111, 0.499, 0.43, 0.34, 0.57, 0.51, 0.01, 0.57, 0.68, 0.08233333333333333, 0.3323333333333333, 0.1101111111111111, 0.26, 0.01, 0.34, 0.51, 0.08233333333333333, 0.3323333333333333, 0.1101111111111111, 0.43, 0.01, 0.12, 0.68, 0.51, 0.01, 0.45, 0.09, 0.01, 0.68, 0.01, 0.51, 0.01, 0.01, 0.68, 0.68, 0.34, 0.34, 0.08233333333333333, 0.3323333333333333, 0.1101111111111111, 0.18, 0.68, 0.23, 0.01, 0.08233333333333333, 0.3323333333333333, 0.1101111111111111, 0.59, 0.34, 0.12]",[198981.0],0.9207497254014017
493,"[0.93, 0.01, 0.57, 0.76, 0.01, 0.79, 0.34, 0.08233333333333333, 0.3323333333333333, 0.1101111111111111, 0.68, 0.68, 0.9, 0.01, 0.08233333333333333, 0.3323333333333333, 0.1101111111111111, 0.18, 0.01, 0.12, 0.68, 0.08233333333333333, 0.3323333333333333, 0.1101111111111111, 0.09, 0.68, 0.68, 0.51, 0.08233333333333333, 0.3323333333333333, 0.1101111111111111, 0.09, 0.01, 0.34, 0.34, 0.08233333333333333, 0.3323333333333333, 0.1101111111111111, 0.34, 0.34, 0.12, 0.51, 0.84, 0.34, 0.23, 0.76, 0.01, 0.34, 0.68, 0.08233333333333333, 0.3323333333333333, 0.1101111111111111, 0.43, 0.68, 0.68, 0.01, 0.08233333333333333, 0.3323333333333333, 0.1101111111111111, 0.09, 0.68, 0.12]",[419614.0],0.3153400594989459
494,"[0.08233333333333333, 0.3323333333333333, 0.1101111111111111, 0.08233333333333333, 0.3323333333333333, 0.1101111111111111, 0.3323333333333333, 0.08233333333333333, 0.3323333333333333, 0.1101111111111111, 0.08233333333333333, 0.3323333333333333, 0.1101111111111111, 0.499, 0.08233333333333333, 0.3323333333333333, 0.1101111111111111, 0.08233333333333333, 0.3323333333333333, 0.1101111111111111, 0.3323333333333333, 0.08233333333333333, 0.3323333333333333, 0.1101111111111111, 0.08233333333333333, 0.3323333333333333, 0.1101111111111111, 0.499, 0.08233333333333333, 0.3323333333333333, 0.1101111111111111, 0.76, 0.68, 0.34, 0.34, 0.08233333333333333, 0.3323333333333333, 0.1101111111111111, 0.51, 0.34, 0.23, 0.01, 0.68, 0.01, 0.68, 0.68, 0.01, 0.12, 0.68, 0.08233333333333333, 0.3323333333333333, 0.1101111111111111, 0.76, 0.68, 0.34, 0.51, 0.93, 0.68, 0.9, 0.18, 0.34, 0.12]",[4530832.0],0.9458068867524464
495,"[0.08233333333333333, 0.3323333333333333, 0.1101111111111111, 0.08233333333333333, 0.3323333333333333, 0.1101111111111111, 0.3323333333333333, 0.08233333333333333, 0.3323333333333333, 0.1101111111111111, 0.08233333333333333, 0.3323333333333333, 0.1101111111111111, 0.499, 0.08233333333333333, 0.3323333333333333, 0.1101111111111111, 0.18, 0.68, 0.79, 0.68, 0.68, 0.01, 0.12, 0.84, 0.68, 0.9, 0.51, 0.18, 0.68, 0.68, 0.84, 0.68, 0.01, 0.34, 0.84, 0.68, 0.68, 0.76, 0.68, 0.57, 0.51, 0.76, 0.01, 0.68, 0.09, 0.68, 0.01, 0.68, 0.76, 0.68, 0.01, 0.51, 0.68, 0.45, 0.51, 0.08233333333333333, 0.3323333333333333, 0.1101111111111111, 0.34, 0.68, 0.12]",[12231902.0],0.3214905271927515
496,"[0.08233333333333333, 0.3323333333333333, 0.1101111111111111, 0.08233333333333333, 0.3323333333333333, 0.1101111111111111, 0.3323333333333333, 0.08233333333333333, 0.3323333333333333, 0.1101111111111111, 0.08233333333333333, 0.3323333333333333, 0.1101111111111111, 0.499, 0.08233333333333333, 0.3323333333333333, 0.1101111111111111, 0.84, 0.68, 0.34, 0.34, 0.08233333333333333, 0.3323333333333333, 0.1101111111111111, 0.84, 0.01, 0.12, 0.01, 0.08233333333333333, 0.3323333333333333, 0.1101111111111111, 0.84, 0.01, 0.68, 0.68, 0.26, 0.34, 0.9, 0.51, 0.34, 0.68, 0.51, 0.34, 0.01, 0.12, 0.76, 0.01, 0.57, 0.68, 0.43, 0.01, 0.68, 0.18, 0.34, 0.68, 0.51, 0.08233333333333333, 0.3323333333333333, 0.1101111111111111, 0.26, 0.01, 0.79]",[358390.0],0.8893852045138677
497,"[0.08233333333333333, 0.3323333333333333, 0.1101111111111111, 0.08233333333333333, 0.3323333333333333, 0.1101111111111111, 0.3323333333333333, 0.08233333333333333, 0.3323333333333333, 0.1101111111111111, 0.08233333333333333, 0.3323333333333333, 0.1101111111111111, 0.499, 0.08233333333333333, 0.3323333333333333, 0.1101111111111111, 0.08233333333333333, 0.3323333333333333, 0.1101111111111111, 0.3323333333333333, 0.08233333333333333, 0.3323333333333333, 0.1101111111111111, 0.08233333333333333, 0.3323333333333333, 0.1101111111111111, 0.499, 0.18, 0.68, 0.23, 0.26, 0.34, 0.57, 0.68, 0.09, 0.01, 0.9, 0.51, 0.01, 0.45, 0.01, 0.59, 0.01, 0.9, 0.43, 0.34, 0.34, 0.68, 0.59, 0.01, 0.79, 0.09, 0.01, 0.34, 0.01, 0.08233333333333333, 0.3323333333333333, 0.1101111111111111, 0.59, 0.68, 0.45]",[56717.0],0.3128910347819328
498,"[0.08233333333333333, 0.3323333333333333, 0.1101111111111111, 0.08233333333333333, 0.3323333333333333, 0.1101111111111111, 0.3323333333333333, 0.08233333333333333, 0.3323333333333333, 0.1101111111111111, 0.08233333333333333, 0.3323333333333333, 0.1101111111111111, 0.499, 0.08233333333333333, 0.3323333333333333, 0.1101111111111111, 0.08233333333333333, 0.3323333333333333, 0.1101111111111111, 0.3323333333333333, 0.08233333333333333, 0.3323333333333333, 0.1101111111111111, 0.08233333333333333, 0.3323333333333333, 0.1101111111111111, 0.499, 0.76, 0.68, 0.23, 0.51, 0.68, 0.23, 0.34, 0.08233333333333333, 0.3323333333333333, 0.1101111111111111, 0.34, 0.34, 0.9, 0.01, 0.08233333333333333, 0.3323333333333333, 0.1101111111111111, 0.51, 0.68, 0.34, 0.68, 0.08233333333333333, 0.3323333333333333, 0.1101111111111111, 0.84, 0.68, 0.45, 0.01, 0.84, 0.01, 0.12, 0.18, 0.01, 0.23]",[1382649.0],0.9050556913018226
499,"[0.68, 0.34, 0.57, 0.18, 0.68, 0.57, 0.68, 0.08233333333333333, 0.3323333333333333, 0.1101111111111111, 0.59, 0.34, 0.34, 0.01, 0.08233333333333333, 0.3323333333333333, 0.1101111111111111, 0.68, 0.68, 0.68, 0.34, 0.59, 0.01, 0.23, 0.51, 0.01, 0.12, 0.01, 0.08233333333333333, 0.3323333333333333, 0.1101111111111111, 0.43, 0.01, 0.45, 0.34, 0.08233333333333333, 0.3323333333333333, 0.1101111111111111, 0.18, 0.01, 0.12, 0.51, 0.34, 0.34, 0.01, 0.84, 0.01, 0.34, 0.68, 0.08233333333333333, 0.3323333333333333, 0.1101111111111111, 0.68, 0.34, 0.34, 0.51, 0.59, 0.68, 0.12, 0.26, 0.01, 0.79]",[1496437.0],0.9262873445947964
500,"[0.08233333333333333, 0.3323333333333333, 0.1101111111111111, 0.08233333333333333, 0.3323333333333333, 0.1101111111111111, 0.3323333333333333, 0.08233333333333333, 0.3323333333333333, 0.1101111111111111, 0.08233333333333333, 0.3323333333333333, 0.1101111111111111, 0.499, 0.08233333333333333, 0.3323333333333333, 0.1101111111111111, 0.68, 0.01, 0.57, 0.68, 0.08233333333333333, 0.3323333333333333, 0.1101111111111111, 0.18, 0.01, 0.23, 0.01, 0.43, 0.01, 0.23, 0.43, 0.68, 0.34, 0.68, 0.51, 0.01, 0.01, 0.68, 0.34, 0.79, 0.01, 0.08233333333333333, 0.3323333333333333, 0.1101111111111111, 0.26, 0.68, 0.34, 0.68, 0.68, 0.34, 0.23, 0.34, 0.68, 0.57, 0.51, 0.08233333333333333, 0.3323333333333333, 0.1101111111111111, 0.18, 0.34, 0.57]",[146572.0],0.8918292999267579
501,"[0.08233333333333333, 0.3323333333333333, 0.1101111111111111, 0.26, 0.34, 0.23, 0.34, 0.08233333333333333, 0.3323333333333333, 0.1101111111111111, 0.84, 0.01, 0.23, 0.01, 0.08233333333333333, 0.3323333333333333, 0.1101111111111111, 0.59, 0.01, 0.12, 0.68, 0.93, 0.34, 0.57, 0.93, 0.01, 0.57, 0.01, 0.68, 0.01, 0.23, 0.18, 0.01, 0.9, 0.68, 0.08233333333333333, 0.3323333333333333, 0.1101111111111111, 0.68, 0.68, 0.79, 0.51, 0.08233333333333333, 0.3323333333333333, 0.1101111111111111, 0.93, 0.01, 0.79, 0.34, 0.43, 0.01, 0.12, 0.84, 0.01, 0.12, 0.01, 0.34, 0.68, 0.12, 0.34, 0.68, 0.23]",[8603367.0],0.3213634371757507
502,"[0.08233333333333333, 0.3323333333333333, 0.1101111111111111, 0.08233333333333333, 0.3323333333333333, 0.1101111111111111, 0.3323333333333333, 0.08233333333333333, 0.3323333333333333, 0.1101111111111111, 0.08233333333333333, 0.3323333333333333, 0.1101111111111111, 0.499, 0.08233333333333333, 0.3323333333333333, 0.1101111111111111, 0.08233333333333333, 0.3323333333333333, 0.1101111111111111, 0.3323333333333333, 0.08233333333333333, 0.3323333333333333, 0.1101111111111111, 0.08233333333333333, 0.3323333333333333, 0.1101111111111111, 0.499, 0.76, 0.34, 0.12, 0.68, 0.01, 0.45, 0.34, 0.08233333333333333, 0.3323333333333333, 0.1101111111111111, 0.26, 0.01, 0.01, 0.51, 0.08233333333333333, 0.3323333333333333, 0.1101111111111111, 0.51, 0.01, 0.12, 0.34, 0.93, 0.01, 0.9, 0.26, 0.68, 0.79, 0.01, 0.68, 0.01, 0.79, 0.18, 0.01, 0.68]",[157887.0],0.8769551699360212
503,"[0.08233333333333333, 0.3323333333333333, 0.1101111111111111, 0.08233333333333333, 0.3323333333333333, 0.1101111111111111, 0.3323333333333333, 0.08233333333333333, 0.3323333333333333, 0.1101111111111111, 0.08233333333333333, 0.3323333333333333, 0.1101111111111111, 0.499, 0.51, 0.34, 0.9, 0.84, 0.68, 0.45, 0.68, 0.08233333333333333, 0.3323333333333333, 0.1101111111111111, 0.68, 0.34, 0.57, 0.51, 0.08233333333333333, 0.3323333333333333, 0.1101111111111111, 0.76, 0.01, 0.34, 0.68, 0.08233333333333333, 0.3323333333333333, 0.1101111111111111, 0.76, 0.01, 0.34, 0.01, 0.59, 0.68, 0.68, 0.18, 0.68, 0.12, 0.68, 0.93, 0.68, 0.9, 0.51, 0.01, 0.23, 0.51, 0.08233333333333333, 0.3323333333333333, 0.1101111111111111, 0.76, 0.01, 0.57]",[5335431.0],0.9166705494125684
504,"[0.08233333333333333, 0.3323333333333333, 0.1101111111111111, 0.08233333333333333, 0.3323333333333333, 0.1101111111111111, 0.3323333333333333, 0.08233333333333333, 0.3323333333333333, 0.1101111111111111, 0.08233333333333333, 0.3323333333333333, 0.1101111111111111, 0.499, 0.08233333333333333, 0.3323333333333333, 0.1101111111111111, 0.68, 0.68, 0.45, 0.68, 0.08233333333333333, 0.3323333333333333, 0.1101111111111111, 0.84, 0.34, 0.01, 0.51, 0.08233333333333333, 0.3323333333333333, 0.1101111111111111, 0.76, 0.68, 0.23, 0.34, 0.08233333333333333, 0.3323333333333333, 0.1101111111111111, 0.93, 0.01, 0.79, 0.01, 0.08233333333333333, 0.3323333333333333, 0.1101111111111111, 0.34, 0.01, 0.45, 0.68, 0.08233333333333333, 0.3323333333333333, 0.1101111111111111, 0.93, 0.68, 0.12, 0.01, 0.18, 0.34, 0.57, 0.84, 0.34, 0.45]",[25298095.0],0.9208463365832964
505,"[0.08233333333333333, 0.3323333333333333, 0.1101111111111111, 0.08233333333333333, 0.3323333333333333, 0.1101111111111111, 0.3323333333333333, 0.08233333333333333, 0.3323333333333333, 0.1101111111111111, 0.08233333333333333, 0.3323333333333333, 0.1101111111111111, 0.499, 0.08233333333333333, 0.3323333333333333, 0.1101111111111111, 0.08233333333333333, 0.3323333333333333, 0.1101111111111111, 0.3323333333333333, 0.08233333333333333, 0.3323333333333333, 0.1101111111111111, 0.08233333333333333, 0.3323333333333333, 0.1101111111111111, 0.499, 0.26, 0.01, 0.68, 0.84, 0.01, 0.01, 0.34, 0.08233333333333333, 0.3323333333333333, 0.1101111111111111, 0.93, 0.34, 0.45, 0.51, 0.08233333333333333, 0.3323333333333333, 0.1101111111111111, 0.09, 0.34, 0.68, 0.34, 0.93, 0.68, 0.9, 0.93, 0.34, 0.12, 0.01, 0.34, 0.68, 0.01, 0.09, 0.01, 0.45]",[21016332.0],0.8101799324154854
506,"[0.08233333333333333, 0.3323333333333333, 0.1101111111111111, 0.08233333333333333, 0.3323333333333333, 0.1101111111111111, 0.3323333333333333, 0.08233333333333333, 0.3323333333333333, 0.1101111111111111, 0.08233333333333333, 0.3323333333333333, 0.1101111111111111, 0.499, 0.08233333333333333, 0.3323333333333333, 0.1101111111111111, 0.08233333333333333, 0.3323333333333333, 0.1101111111111111, 0.3323333333333333, 0.08233333333333333, 0.3323333333333333, 0.1101111111111111, 0.08233333333333333, 0.3323333333333333, 0.1101111111111111, 0.499, 0.08233333333333333, 0.3323333333333333, 0.1101111111111111, 0.34, 0.01, 0.45, 0.68, 0.51, 0.34, 0.9, 0.84, 0.68, 0.01, 0.51, 0.93, 0.34, 0.45, 0.34, 0.68, 0.68, 0.68, 0.08233333333333333, 0.3323333333333333, 0.1101111111111111, 0.76, 0.68, 0.68, 0.01, 0.08233333333333333, 0.3323333333333333, 0.1101111111111111, 0.18, 0.01, 0.01]",[877393.0],0.8627895186344783
507,"[0.08233333333333333, 0.3323333333333333, 0.1101111111111111, 0.08233333333333333, 0.3323333333333333, 0.1101111111111111, 0.3323333333333333, 0.08233333333333333, 0.3323333333333333, 0.1101111111111111, 0.08233333333333333, 0.3323333333333333, 0.1101111111111111, 0.499, 0.84, 0.68, 0.12, 0.43, 0.34, 0.57, 0.68, 0.84, 0.01, 0.57, 0.18, 0.01, 0.12, 0.01, 0.08233333333333333, 0.3323333333333333, 0.1101111111111111, 0.34, 0.68, 0.23, 0.68, 0.84, 0.34, 0.79, 0.84, 0.01, 0.12, 0.51, 0.08233333333333333, 0.3323333333333333, 0.1101111111111111, 0.76, 0.68, 0.12, 0.34, 0.93, 0.34, 0.01, 0.93, 0.68, 0.45, 0.51, 0.34, 0.01, 0.79, 0.26, 0.01, 0.68]",[34842167.0],0.938017237186432
508,"[0.08233333333333333, 0.3323333333333333, 0.1101111111111111, 0.08233333333333333, 0.3323333333333333, 0.1101111111111111, 0.3323333333333333, 0.08233333333333333, 0.3323333333333333, 0.1101111111111111, 0.08233333333333333, 0.3323333333333333, 0.1101111111111111, 0.499, 0.08233333333333333, 0.3323333333333333, 0.1101111111111111, 0.34, 0.01, 0.23, 0.34, 0.76, 0.34, 0.34, 0.09, 0.68, 0.79, 0.51, 0.18, 0.01, 0.9, 0.93, 0.68, 0.12, 0.68, 0.08233333333333333, 0.3323333333333333, 0.1101111111111111, 0.18, 0.34, 0.79, 0.51, 0.43, 0.01, 0.23, 0.76, 0.01, 0.9, 0.68, 0.08233333333333333, 0.3323333333333333, 0.1101111111111111, 0.43, 0.34, 0.9, 0.51, 0.43, 0.68, 0.68, 0.84, 0.68, 0.45]",[1029762.0],0.9355266546209652
509,"[0.08233333333333333, 0.3323333333333333, 0.1101111111111111, 0.08233333333333333, 0.3323333333333333, 0.1101111111111111, 0.3323333333333333, 0.08233333333333333, 0.3323333333333333, 0.1101111111111111, 0.08233333333333333, 0.3323333333333333, 0.1101111111111111, 0.499, 0.08233333333333333, 0.3323333333333333, 0.1101111111111111, 0.26, 0.01, 0.01, 0.34, 0.08233333333333333, 0.3323333333333333, 0.1101111111111111, 0.18, 0.34, 0.23, 0.51, 0.08233333333333333, 0.3323333333333333, 0.1101111111111111, 0.51, 0.34, 0.23, 0.34, 0.08233333333333333, 0.3323333333333333, 0.1101111111111111, 0.43, 0.68, 0.45, 0.01, 0.84, 0.34, 0.79, 0.43, 0.34, 0.9, 0.68, 0.76, 0.01, 0.45, 0.34, 0.68, 0.45, 0.51, 0.08233333333333333, 0.3323333333333333, 0.1101111111111111, 0.68, 0.34, 0.01]",[352417.0],0.928516453007857
510,"[0.08233333333333333, 0.3323333333333333, 0.1101111111111111, 0.08233333333333333, 0.3323333333333333, 0.1101111111111111, 0.3323333333333333, 0.08233333333333333, 0.3323333333333333, 0.1101111111111111, 0.08233333333333333, 0.3323333333333333, 0.1101111111111111, 0.499, 0.08233333333333333, 0.3323333333333333, 0.1101111111111111, 0.76, 0.68, 0.12, 0.68, 0.26, 0.01, 0.9, 0.93, 0.34, 0.79, 0.51, 0.08233333333333333, 0.3323333333333333, 0.1101111111111111, 0.59, 0.34, 0.23, 0.34, 0.43, 0.34, 0.01, 0.34, 0.34, 0.57, 0.51, 0.34, 0.01, 0.01, 0.09, 0.34, 0.57, 0.34, 0.08233333333333333, 0.3323333333333333, 0.1101111111111111, 0.51, 0.34, 0.45, 0.51, 0.34, 0.34, 0.23, 0.34, 0.01, 0.23]",[227032.0],0.9089024022221566
511,"[0.08233333333333333, 0.3323333333333333, 0.1101111111111111, 0.08233333333333333, 0.3323333333333333, 0.1101111111111111, 0.3323333333333333, 0.08233333333333333, 0.3323333333333333, 0.1101111111111111, 0.08233333333333333, 0.3323333333333333, 0.1101111111111111, 0.499, 0.08233333333333333, 0.3323333333333333, 0.1101111111111111, 0.08233333333333333, 0.3323333333333333, 0.1101111111111111, 0.3323333333333333, 0.08233333333333333, 0.3323333333333333, 0.1101111111111111, 0.08233333333333333, 0.3323333333333333, 0.1101111111111111, 0.499, 0.68, 0.68, 0.01, 0.84, 0.34, 0.01, 0.34, 0.76, 0.34, 0.12, 0.51, 0.34, 0.68, 0.01, 0.08233333333333333, 0.3323333333333333, 0.1101111111111111, 0.18, 0.34, 0.57, 0.68, 0.08233333333333333, 0.3323333333333333, 0.1101111111111111, 0.51, 0.68, 0.45, 0.01, 0.08233333333333333, 0.3323333333333333, 0.1101111111111111, 0.09, 0.68, 0.34]",[764001.0],0.8154050479332606
512,"[0.08233333333333333, 0.3323333333333333, 0.1101111111111111, 0.08233333333333333, 0.3323333333333333, 0.1101111111111111, 0.3323333333333333, 0.08233333333333333, 0.3323333333333333, 0.1101111111111111, 0.08233333333333333, 0.3323333333333333, 0.1101111111111111, 0.499, 0.08233333333333333, 0.3323333333333333, 0.1101111111111111, 0.76, 0.01, 0.57, 0.68, 0.08233333333333333, 0.3323333333333333, 0.1101111111111111, 0.43, 0.68, 0.23, 0.51, 0.08233333333333333, 0.3323333333333333, 0.1101111111111111, 0.34, 0.01, 0.68, 0.34, 0.76, 0.68, 0.45, 0.26, 0.34, 0.01, 0.51, 0.08233333333333333, 0.3323333333333333, 0.1101111111111111, 0.76, 0.34, 0.45, 0.68, 0.08233333333333333, 0.3323333333333333, 0.1101111111111111, 0.26, 0.68, 0.23, 0.51, 0.93, 0.68, 0.12, 0.51, 0.34, 0.9]",[7081093.0],0.9277615621685982
513,"[0.08233333333333333, 0.3323333333333333, 0.1101111111111111, 0.08233333333333333, 0.3323333333333333, 0.1101111111111111, 0.3323333333333333, 0.08233333333333333, 0.3323333333333333, 0.1101111111111111, 0.08233333333333333, 0.3323333333333333, 0.1101111111111111, 0.499, 0.34, 0.01, 0.23, 0.84, 0.01, 0.9, 0.34, 0.26, 0.01, 0.57, 0.34, 0.68, 0.9, 0.01, 0.08233333333333333, 0.3323333333333333, 0.1101111111111111, 0.59, 0.68, 0.45, 0.34, 0.08233333333333333, 0.3323333333333333, 0.1101111111111111, 0.26, 0.01, 0.68, 0.01, 0.08233333333333333, 0.3323333333333333, 0.1101111111111111, 0.51, 0.68, 0.79, 0.68, 0.51, 0.01, 0.79, 0.59, 0.34, 0.9, 0.51, 0.08233333333333333, 0.3323333333333333, 0.1101111111111111, 0.76, 0.68, 0.57]",[1254621.0],0.9256591806809108
514,"[0.08233333333333333, 0.3323333333333333, 0.1101111111111111, 0.08233333333333333, 0.3323333333333333, 0.1101111111111111, 0.3323333333333333, 0.08233333333333333, 0.3323333333333333, 0.1101111111111111, 0.08233333333333333, 0.3323333333333333, 0.1101111111111111, 0.499, 0.08233333333333333, 0.3323333333333333, 0.1101111111111111, 0.76, 0.01, 0.01, 0.68, 0.84, 0.01, 0.34, 0.43, 0.34, 0.79, 0.01, 0.08233333333333333, 0.3323333333333333, 0.1101111111111111, 0.34, 0.01, 0.12, 0.34, 0.59, 0.34, 0.34, 0.84, 0.01, 0.12, 0.51, 0.08233333333333333, 0.3323333333333333, 0.1101111111111111, 0.26, 0.34, 0.68, 0.68, 0.76, 0.34, 0.79, 0.09, 0.01, 0.12, 0.51, 0.09, 0.01, 0.9, 0.76, 0.34, 0.9]",[1869588.0],0.8391611099243164
515,"[0.08233333333333333, 0.3323333333333333, 0.1101111111111111, 0.08233333333333333, 0.3323333333333333, 0.1101111111111111, 0.3323333333333333, 0.08233333333333333, 0.3323333333333333, 0.1101111111111111, 0.08233333333333333, 0.3323333333333333, 0.1101111111111111, 0.499, 0.08233333333333333, 0.3323333333333333, 0.1101111111111111, 0.08233333333333333, 0.3323333333333333, 0.1101111111111111, 0.3323333333333333, 0.08233333333333333, 0.3323333333333333, 0.1101111111111111, 0.08233333333333333, 0.3323333333333333, 0.1101111111111111, 0.499, 0.09, 0.34, 0.01, 0.18, 0.01, 0.57, 0.68, 0.08233333333333333, 0.3323333333333333, 0.1101111111111111, 0.26, 0.68, 0.9, 0.51, 0.08233333333333333, 0.3323333333333333, 0.1101111111111111, 0.43, 0.01, 0.79, 0.34, 0.08233333333333333, 0.3323333333333333, 0.1101111111111111, 0.84, 0.34, 0.01, 0.01, 0.08233333333333333, 0.3323333333333333, 0.1101111111111111, 0.93, 0.68, 0.23]",[9878607.0],0.8022658447424571
516,"[0.08233333333333333, 0.3323333333333333, 0.1101111111111111, 0.08233333333333333, 0.3323333333333333, 0.1101111111111111, 0.3323333333333333, 0.08233333333333333, 0.3323333333333333, 0.1101111111111111, 0.08233333333333333, 0.3323333333333333, 0.1101111111111111, 0.499, 0.08233333333333333, 0.3323333333333333, 0.1101111111111111, 0.08233333333333333, 0.3323333333333333, 0.1101111111111111, 0.3323333333333333, 0.08233333333333333, 0.3323333333333333, 0.1101111111111111, 0.08233333333333333, 0.3323333333333333, 0.1101111111111111, 0.499, 0.08233333333333333, 0.3323333333333333, 0.1101111111111111, 0.93, 0.68, 0.01, 0.68, 0.76, 0.68, 0.34, 0.76, 0.01, 0.23, 0.51, 0.08233333333333333, 0.3323333333333333, 0.1101111111111111, 0.59, 0.68, 0.45, 0.34, 0.08233333333333333, 0.3323333333333333, 0.1101111111111111, 0.34, 0.01, 0.57, 0.01, 0.76, 0.01, 0.01, 0.68, 0.34, 0.01]",[8744285.0],0.8744140808780988
517,"[0.08233333333333333, 0.3323333333333333, 0.1101111111111111, 0.08233333333333333, 0.3323333333333333, 0.1101111111111111, 0.3323333333333333, 0.08233333333333333, 0.3323333333333333, 0.1101111111111111, 0.08233333333333333, 0.3323333333333333, 0.1101111111111111, 0.499, 0.84, 0.34, 0.45, 0.68, 0.68, 0.12, 0.34, 0.08233333333333333, 0.3323333333333333, 0.1101111111111111, 0.84, 0.01, 0.34, 0.51, 0.59, 0.01, 0.45, 0.26, 0.01, 0.57, 0.68, 0.08233333333333333, 0.3323333333333333, 0.1101111111111111, 0.43, 0.34, 0.12, 0.01, 0.59, 0.68, 0.34, 0.76, 0.34, 0.34, 0.68, 0.76, 0.34, 0.9, 0.26, 0.01, 0.23, 0.51, 0.08233333333333333, 0.3323333333333333, 0.1101111111111111, 0.18, 0.34, 0.45]",[2489060.0],0.9454311177134512
518,"[0.08233333333333333, 0.3323333333333333, 0.1101111111111111, 0.08233333333333333, 0.3323333333333333, 0.1101111111111111, 0.3323333333333333, 0.08233333333333333, 0.3323333333333333, 0.1101111111111111, 0.08233333333333333, 0.3323333333333333, 0.1101111111111111, 0.499, 0.08233333333333333, 0.3323333333333333, 0.1101111111111111, 0.08233333333333333, 0.3323333333333333, 0.1101111111111111, 0.3323333333333333, 0.08233333333333333, 0.3323333333333333, 0.1101111111111111, 0.08233333333333333, 0.3323333333333333, 0.1101111111111111, 0.499, 0.08233333333333333, 0.3323333333333333, 0.1101111111111111, 0.26, 0.68, 0.9, 0.68, 0.59, 0.34, 0.57, 0.59, 0.68, 0.9, 0.01, 0.09, 0.68, 0.23, 0.34, 0.34, 0.12, 0.34, 0.08233333333333333, 0.3323333333333333, 0.1101111111111111, 0.51, 0.01, 0.01, 0.51, 0.08233333333333333, 0.3323333333333333, 0.1101111111111111, 0.51, 0.34, 0.01]",[131248.0],0.3112816497683525
519,"[0.08233333333333333, 0.3323333333333333, 0.1101111111111111, 0.08233333333333333, 0.3323333333333333, 0.1101111111111111, 0.3323333333333333, 0.08233333333333333, 0.3323333333333333, 0.1101111111111111, 0.08233333333333333, 0.3323333333333333, 0.1101111111111111, 0.499, 0.08233333333333333, 0.3323333333333333, 0.1101111111111111, 0.43, 0.01, 0.01, 0.34, 0.59, 0.68, 0.12, 0.26, 0.68, 0.23, 0.51, 0.59, 0.01, 0.57, 0.34, 0.01, 0.12, 0.34, 0.43, 0.01, 0.68, 0.09, 0.34, 0.45, 0.01, 0.08233333333333333, 0.3323333333333333, 0.1101111111111111, 0.43, 0.34, 0.57, 0.34, 0.08233333333333333, 0.3323333333333333, 0.1101111111111111, 0.76, 0.68, 0.01, 0.01, 0.18, 0.01, 0.12, 0.51, 0.34, 0.68]",[513959.0],0.9108508944511412
520,"[0.08233333333333333, 0.3323333333333333, 0.1101111111111111, 0.68, 0.68, 0.57, 0.68, 0.18, 0.68, 0.23, 0.51, 0.34, 0.01, 0.01, 0.68, 0.34, 0.45, 0.43, 0.34, 0.12, 0.68, 0.76, 0.68, 0.9, 0.34, 0.34, 0.23, 0.51, 0.08233333333333333, 0.3323333333333333, 0.1101111111111111, 0.18, 0.34, 0.57, 0.68, 0.08233333333333333, 0.3323333333333333, 0.1101111111111111, 0.34, 0.68, 0.34, 0.01, 0.08233333333333333, 0.3323333333333333, 0.1101111111111111, 0.76, 0.34, 0.34, 0.34, 0.09, 0.68, 0.57, 0.26, 0.01, 0.79, 0.51, 0.59, 0.34, 0.34, 0.26, 0.34, 0.12]",[488064.0],0.9412968774636586
521,"[0.93, 0.68, 0.23, 0.51, 0.01, 0.9, 0.34, 0.26, 0.01, 0.68, 0.26, 0.68, 0.9, 0.01, 0.08233333333333333, 0.3323333333333333, 0.1101111111111111, 0.34, 0.01, 0.68, 0.34, 0.76, 0.34, 0.57, 0.09, 0.01, 0.79, 0.51, 0.34, 0.01, 0.45, 0.84, 0.01, 0.45, 0.68, 0.08233333333333333, 0.3323333333333333, 0.1101111111111111, 0.51, 0.01, 0.34, 0.01, 0.08233333333333333, 0.3323333333333333, 0.1101111111111111, 0.76, 0.01, 0.68, 0.34, 0.59, 0.34, 0.12, 0.93, 0.01, 0.23, 0.51, 0.09, 0.01, 0.23, 0.76, 0.68, 0.45]",[4966204.0],0.9314993187785148
522,"[0.08233333333333333, 0.3323333333333333, 0.1101111111111111, 0.08233333333333333, 0.3323333333333333, 0.1101111111111111, 0.3323333333333333, 0.08233333333333333, 0.3323333333333333, 0.1101111111111111, 0.08233333333333333, 0.3323333333333333, 0.1101111111111111, 0.499, 0.08233333333333333, 0.3323333333333333, 0.1101111111111111, 0.08233333333333333, 0.3323333333333333, 0.1101111111111111, 0.3323333333333333, 0.08233333333333333, 0.3323333333333333, 0.1101111111111111, 0.08233333333333333, 0.3323333333333333, 0.1101111111111111, 0.499, 0.26, 0.01, 0.57, 0.34, 0.68, 0.34, 0.68, 0.68, 0.34, 0.68, 0.43, 0.34, 0.23, 0.51, 0.34, 0.01, 0.9, 0.51, 0.01, 0.01, 0.68, 0.34, 0.01, 0.12, 0.84, 0.34, 0.12, 0.01, 0.08233333333333333, 0.3323333333333333, 0.1101111111111111, 0.26, 0.68, 0.23]",[890577.0],0.8638366724054019
523,"[0.08233333333333333, 0.3323333333333333, 0.1101111111111111, 0.08233333333333333, 0.3323333333333333, 0.1101111111111111, 0.3323333333333333, 0.08233333333333333, 0.3323333333333333, 0.1101111111111111, 0.08233333333333333, 0.3323333333333333, 0.1101111111111111, 0.499, 0.08233333333333333, 0.3323333333333333, 0.1101111111111111, 0.84, 0.01, 0.68, 0.68, 0.76, 0.68, 0.68, 0.09, 0.34, 0.68, 0.51, 0.08233333333333333, 0.3323333333333333, 0.1101111111111111, 0.59, 0.34, 0.9, 0.34, 0.08233333333333333, 0.3323333333333333, 0.1101111111111111, 0.51, 0.34, 0.01, 0.01, 0.08233333333333333, 0.3323333333333333, 0.1101111111111111, 0.09, 0.01, 0.68, 0.34, 0.34, 0.68, 0.9, 0.68, 0.68, 0.12, 0.51, 0.08233333333333333, 0.3323333333333333, 0.1101111111111111, 0.18, 0.01, 0.9]",[3811633.0],0.8946366965770721
524,"[0.59, 0.68, 0.79, 0.18, 0.34, 0.68, 0.68, 0.76, 0.68, 0.57, 0.26, 0.34, 0.9, 0.01, 0.18, 0.68, 0.12, 0.34, 0.34, 0.79, 0.34, 0.08233333333333333, 0.3323333333333333, 0.1101111111111111, 0.59, 0.68, 0.9, 0.01, 0.68, 0.01, 0.23, 0.68, 0.34, 0.68, 0.34, 0.08233333333333333, 0.3323333333333333, 0.1101111111111111, 0.26, 0.68, 0.23, 0.51, 0.08233333333333333, 0.3323333333333333, 0.1101111111111111, 0.26, 0.34, 0.01, 0.34, 0.08233333333333333, 0.3323333333333333, 0.1101111111111111, 0.43, 0.34, 0.34, 0.01, 0.08233333333333333, 0.3323333333333333, 0.1101111111111111, 0.84, 0.68, 0.57]",[1792733.0],0.9208809430400532
525,"[0.76, 0.34, 0.9, 0.34, 0.01, 0.45, 0.34, 0.08233333333333333, 0.3323333333333333, 0.1101111111111111, 0.51, 0.01, 0.68, 0.51, 0.09, 0.34, 0.12, 0.59, 0.34, 0.23, 0.34, 0.34, 0.01, 0.23, 0.51, 0.01, 0.45, 0.01, 0.08233333333333333, 0.3323333333333333, 0.1101111111111111, 0.18, 0.01, 0.9, 0.68, 0.08233333333333333, 0.3323333333333333, 0.1101111111111111, 0.43, 0.01, 0.79, 0.01, 0.08233333333333333, 0.3323333333333333, 0.1101111111111111, 0.68, 0.34, 0.68, 0.34, 0.08233333333333333, 0.3323333333333333, 0.1101111111111111, 0.93, 0.01, 0.68, 0.51, 0.08233333333333333, 0.3323333333333333, 0.1101111111111111, 0.68, 0.01, 0.12]",[4478962.0],0.8791095708807309
526,"[0.08233333333333333, 0.3323333333333333, 0.1101111111111111, 0.08233333333333333, 0.3323333333333333, 0.1101111111111111, 0.3323333333333333, 0.08233333333333333, 0.3323333333333333, 0.1101111111111111, 0.08233333333333333, 0.3323333333333333, 0.1101111111111111, 0.499, 0.59, 0.01, 0.79, 0.84, 0.68, 0.9, 0.68, 0.08233333333333333, 0.3323333333333333, 0.1101111111111111, 0.34, 0.01, 0.57, 0.51, 0.18, 0.34, 0.23, 0.26, 0.68, 0.9, 0.34, 0.84, 0.01, 0.12, 0.43, 0.01, 0.34, 0.51, 0.09, 0.34, 0.01, 0.09, 0.68, 0.01, 0.68, 0.08233333333333333, 0.3323333333333333, 0.1101111111111111, 0.43, 0.01, 0.23, 0.01, 0.08233333333333333, 0.3323333333333333, 0.1101111111111111, 0.26, 0.34, 0.12]",[852002.0],0.8899357403318088
527,"[0.08233333333333333, 0.3323333333333333, 0.1101111111111111, 0.08233333333333333, 0.3323333333333333, 0.1101111111111111, 0.3323333333333333, 0.08233333333333333, 0.3323333333333333, 0.1101111111111111, 0.08233333333333333, 0.3323333333333333, 0.1101111111111111, 0.499, 0.08233333333333333, 0.3323333333333333, 0.1101111111111111, 0.08233333333333333, 0.3323333333333333, 0.1101111111111111, 0.3323333333333333, 0.08233333333333333, 0.3323333333333333, 0.1101111111111111, 0.08233333333333333, 0.3323333333333333, 0.1101111111111111, 0.499, 0.08233333333333333, 0.3323333333333333, 0.1101111111111111, 0.59, 0.01, 0.45, 0.68, 0.08233333333333333, 0.3323333333333333, 0.1101111111111111, 0.68, 0.01, 0.45, 0.01, 0.43, 0.34, 0.45, 0.18, 0.68, 0.57, 0.34, 0.08233333333333333, 0.3323333333333333, 0.1101111111111111, 0.76, 0.68, 0.12, 0.01, 0.93, 0.34, 0.79, 0.51, 0.01, 0.23]",[570199.0],0.8453754569093387
528,"[0.76, 0.68, 0.34, 0.76, 0.34, 0.57, 0.34, 0.26, 0.34, 0.9, 0.93, 0.34, 0.57, 0.51, 0.08233333333333333, 0.3323333333333333, 0.1101111111111111, 0.59, 0.68, 0.79, 0.34, 0.68, 0.34, 0.45, 0.18, 0.68, 0.57, 0.51, 0.51, 0.34, 0.01, 0.51, 0.34, 0.34, 0.68, 0.08233333333333333, 0.3323333333333333, 0.1101111111111111, 0.09, 0.34, 0.01, 0.01, 0.76, 0.68, 0.79, 0.09, 0.34, 0.9, 0.34, 0.51, 0.68, 0.57, 0.76, 0.34, 0.45, 0.01, 0.18, 0.68, 0.01, 0.84, 0.34, 0.01]",[3196771.0],0.8963775962591172
529,"[0.93, 0.01, 0.68, 0.59, 0.34, 0.12, 0.68, 0.68, 0.01, 0.45, 0.34, 0.01, 0.45, 0.01, 0.09, 0.34, 0.45, 0.09, 0.34, 0.12, 0.68, 0.08233333333333333, 0.3323333333333333, 0.1101111111111111, 0.68, 0.01, 0.45, 0.01, 0.18, 0.01, 0.34, 0.09, 0.01, 0.12, 0.34, 0.76, 0.68, 0.9, 0.26, 0.01, 0.79, 0.01, 0.08233333333333333, 0.3323333333333333, 0.1101111111111111, 0.26, 0.68, 0.45, 0.68, 0.84, 0.01, 0.57, 0.09, 0.68, 0.79, 0.01, 0.18, 0.01, 0.45, 0.09, 0.01, 0.12]",[704413.0],0.826082814236482
530,"[0.08233333333333333, 0.3323333333333333, 0.1101111111111111, 0.84, 0.34, 0.9, 0.68, 0.08233333333333333, 0.3323333333333333, 0.1101111111111111, 0.18, 0.34, 0.57, 0.51, 0.08233333333333333, 0.3323333333333333, 0.1101111111111111, 0.18, 0.34, 0.12, 0.68, 0.08233333333333333, 0.3323333333333333, 0.1101111111111111, 0.09, 0.34, 0.68, 0.01, 0.08233333333333333, 0.3323333333333333, 0.1101111111111111, 0.76, 0.34, 0.45, 0.68, 0.08233333333333333, 0.3323333333333333, 0.1101111111111111, 0.59, 0.34, 0.01, 0.51, 0.08233333333333333, 0.3323333333333333, 0.1101111111111111, 0.43, 0.01, 0.23, 0.68, 0.43, 0.01, 0.45, 0.18, 0.68, 0.79, 0.01, 0.08233333333333333, 0.3323333333333333, 0.1101111111111111, 0.18, 0.34, 0.12]",[209808.0],0.8970297932624817
531,"[0.08233333333333333, 0.3323333333333333, 0.1101111111111111, 0.08233333333333333, 0.3323333333333333, 0.1101111111111111, 0.3323333333333333, 0.08233333333333333, 0.3323333333333333, 0.1101111111111111, 0.08233333333333333, 0.3323333333333333, 0.1101111111111111, 0.499, 0.08233333333333333, 0.3323333333333333, 0.1101111111111111, 0.51, 0.34, 0.12, 0.68, 0.09, 0.34, 0.45, 0.59, 0.01, 0.45, 0.01, 0.43, 0.34, 0.57, 0.84, 0.34, 0.23, 0.34, 0.08233333333333333, 0.3323333333333333, 0.1101111111111111, 0.51, 0.01, 0.45, 0.01, 0.08233333333333333, 0.3323333333333333, 0.1101111111111111, 0.93, 0.68, 0.23, 0.34, 0.43, 0.34, 0.01, 0.09, 0.68, 0.9, 0.51, 0.93, 0.68, 0.9, 0.43, 0.68, 0.12]",[39972724.0],0.2939868142207463
532,"[0.08233333333333333, 0.3323333333333333, 0.1101111111111111, 0.08233333333333333, 0.3323333333333333, 0.1101111111111111, 0.3323333333333333, 0.08233333333333333, 0.3323333333333333, 0.1101111111111111, 0.08233333333333333, 0.3323333333333333, 0.1101111111111111, 0.499, 0.08233333333333333, 0.3323333333333333, 0.1101111111111111, 0.59, 0.34, 0.79, 0.68, 0.34, 0.01, 0.45, 0.76, 0.01, 0.79, 0.01, 0.08233333333333333, 0.3323333333333333, 0.1101111111111111, 0.84, 0.68, 0.01, 0.68, 0.09, 0.01, 0.34, 0.26, 0.34, 0.12, 0.01, 0.08233333333333333, 0.3323333333333333, 0.1101111111111111, 0.09, 0.01, 0.79, 0.68, 0.84, 0.01, 0.9, 0.68, 0.34, 0.68, 0.01, 0.08233333333333333, 0.3323333333333333, 0.1101111111111111, 0.18, 0.68, 0.57]",[1485053.0],0.813031763335069
533,"[0.08233333333333333, 0.3323333333333333, 0.1101111111111111, 0.08233333333333333, 0.3323333333333333, 0.1101111111111111, 0.3323333333333333, 0.08233333333333333, 0.3323333333333333, 0.1101111111111111, 0.08233333333333333, 0.3323333333333333, 0.1101111111111111, 0.499, 0.08233333333333333, 0.3323333333333333, 0.1101111111111111, 0.08233333333333333, 0.3323333333333333, 0.1101111111111111, 0.3323333333333333, 0.08233333333333333, 0.3323333333333333, 0.1101111111111111, 0.08233333333333333, 0.3323333333333333, 0.1101111111111111, 0.499, 0.08233333333333333, 0.3323333333333333, 0.1101111111111111, 0.09, 0.01, 0.34, 0.68, 0.08233333333333333, 0.3323333333333333, 0.1101111111111111, 0.34, 0.34, 0.34, 0.01, 0.08233333333333333, 0.3323333333333333, 0.1101111111111111, 0.09, 0.68, 0.23, 0.34, 0.08233333333333333, 0.3323333333333333, 0.1101111111111111, 0.76, 0.34, 0.57, 0.01, 0.26, 0.68, 0.01, 0.76, 0.34, 0.23]",[1143987.0],0.7455651824673016
534,"[0.08233333333333333, 0.3323333333333333, 0.1101111111111111, 0.08233333333333333, 0.3323333333333333, 0.1101111111111111, 0.3323333333333333, 0.08233333333333333, 0.3323333333333333, 0.1101111111111111, 0.08233333333333333, 0.3323333333333333, 0.1101111111111111, 0.499, 0.08233333333333333, 0.3323333333333333, 0.1101111111111111, 0.08233333333333333, 0.3323333333333333, 0.1101111111111111, 0.3323333333333333, 0.08233333333333333, 0.3323333333333333, 0.1101111111111111, 0.08233333333333333, 0.3323333333333333, 0.1101111111111111, 0.499, 0.51, 0.01, 0.12, 0.34, 0.01, 0.57, 0.34, 0.43, 0.68, 0.79, 0.09, 0.34, 0.45, 0.51, 0.09, 0.68, 0.12, 0.34, 0.01, 0.9, 0.34, 0.68, 0.68, 0.45, 0.34, 0.01, 0.79, 0.01, 0.08233333333333333, 0.3323333333333333, 0.1101111111111111, 0.93, 0.01, 0.45]",[7490660.0],0.8418819164236386
535,"[0.84, 0.01, 0.79, 0.43, 0.34, 0.68, 0.34, 0.93, 0.68, 0.68, 0.76, 0.01, 0.79, 0.01, 0.59, 0.01, 0.12, 0.76, 0.68, 0.34, 0.68, 0.18, 0.68, 0.45, 0.51, 0.68, 0.68, 0.51, 0.18, 0.01, 0.45, 0.09, 0.68, 0.12, 0.68, 0.08233333333333333, 0.3323333333333333, 0.1101111111111111, 0.76, 0.01, 0.34, 0.51, 0.34, 0.68, 0.34, 0.18, 0.01, 0.57, 0.34, 0.43, 0.68, 0.23, 0.59, 0.01, 0.9, 0.01, 0.51, 0.34, 0.23, 0.68, 0.68, 0.79]",[1969944.0],0.9456882710258168
536,"[0.93, 0.34, 0.12, 0.84, 0.34, 0.79, 0.34, 0.93, 0.01, 0.79, 0.43, 0.68, 0.45, 0.01, 0.26, 0.68, 0.45, 0.09, 0.68, 0.57, 0.34, 0.68, 0.34, 0.12, 0.59, 0.34, 0.68, 0.51, 0.43, 0.01, 0.23, 0.26, 0.34, 0.68, 0.68, 0.08233333333333333, 0.3323333333333333, 0.1101111111111111, 0.76, 0.68, 0.12, 0.01, 0.18, 0.01, 0.45, 0.09, 0.68, 0.79, 0.68, 0.09, 0.34, 0.57, 0.34, 0.34, 0.12, 0.01, 0.08233333333333333, 0.3323333333333333, 0.1101111111111111, 0.68, 0.34, 0.68]",[5772398.0],0.9295890395840009
537,"[0.08233333333333333, 0.3323333333333333, 0.1101111111111111, 0.08233333333333333, 0.3323333333333333, 0.1101111111111111, 0.3323333333333333, 0.08233333333333333, 0.3323333333333333, 0.1101111111111111, 0.08233333333333333, 0.3323333333333333, 0.1101111111111111, 0.499, 0.08233333333333333, 0.3323333333333333, 0.1101111111111111, 0.08233333333333333, 0.3323333333333333, 0.1101111111111111, 0.3323333333333333, 0.08233333333333333, 0.3323333333333333, 0.1101111111111111, 0.08233333333333333, 0.3323333333333333, 0.1101111111111111, 0.499, 0.08233333333333333, 0.3323333333333333, 0.1101111111111111, 0.43, 0.01, 0.01, 0.68, 0.08233333333333333, 0.3323333333333333, 0.1101111111111111, 0.68, 0.01, 0.9, 0.01, 0.08233333333333333, 0.3323333333333333, 0.1101111111111111, 0.18, 0.34, 0.9, 0.34, 0.76, 0.68, 0.9, 0.76, 0.68, 0.9, 0.51, 0.08233333333333333, 0.3323333333333333, 0.1101111111111111, 0.51, 0.34, 0.23]",[2053943.0],0.315773065884908
538,"[0.84, 0.01, 0.01, 0.76, 0.34, 0.12, 0.34, 0.08233333333333333, 0.3323333333333333, 0.1101111111111111, 0.34, 0.68, 0.9, 0.01, 0.08233333333333333, 0.3323333333333333, 0.1101111111111111, 0.26, 0.01, 0.01, 0.34, 0.08233333333333333, 0.3323333333333333, 0.1101111111111111, 0.43, 0.68, 0.12, 0.01, 0.59, 0.01, 0.68, 0.18, 0.68, 0.57, 0.68, 0.43, 0.34, 0.01, 0.43, 0.68, 0.12, 0.01, 0.76, 0.34, 0.23, 0.18, 0.01, 0.57, 0.34, 0.93, 0.01, 0.34, 0.84, 0.01, 0.57, 0.51, 0.08233333333333333, 0.3323333333333333, 0.1101111111111111, 0.09, 0.34, 0.9]",[2867139.0],0.8848142842451732
539,"[0.43, 0.34, 0.45, 0.93, 0.34, 0.68, 0.68, 0.08233333333333333, 0.3323333333333333, 0.1101111111111111, 0.68, 0.68, 0.79, 0.51, 0.08233333333333333, 0.3323333333333333, 0.1101111111111111, 0.09, 0.01, 0.45, 0.68, 0.08233333333333333, 0.3323333333333333, 0.1101111111111111, 0.09, 0.68, 0.01, 0.51, 0.84, 0.68, 0.68, 0.76, 0.01, 0.45, 0.68, 0.08233333333333333, 0.3323333333333333, 0.1101111111111111, 0.51, 0.34, 0.23, 0.51, 0.08233333333333333, 0.3323333333333333, 0.1101111111111111, 0.09, 0.01, 0.57, 0.68, 0.43, 0.68, 0.34, 0.34, 0.68, 0.12, 0.51, 0.08233333333333333, 0.3323333333333333, 0.1101111111111111, 0.34, 0.34, 0.12]",[3662088.0],0.9094635357459386
540,"[0.08233333333333333, 0.3323333333333333, 0.1101111111111111, 0.08233333333333333, 0.3323333333333333, 0.1101111111111111, 0.3323333333333333, 0.08233333333333333, 0.3323333333333333, 0.1101111111111111, 0.08233333333333333, 0.3323333333333333, 0.1101111111111111, 0.499, 0.08233333333333333, 0.3323333333333333, 0.1101111111111111, 0.08233333333333333, 0.3323333333333333, 0.1101111111111111, 0.3323333333333333, 0.08233333333333333, 0.3323333333333333, 0.1101111111111111, 0.08233333333333333, 0.3323333333333333, 0.1101111111111111, 0.499, 0.18, 0.68, 0.9, 0.59, 0.68, 0.01, 0.34, 0.68, 0.01, 0.23, 0.34, 0.01, 0.68, 0.51, 0.08233333333333333, 0.3323333333333333, 0.1101111111111111, 0.34, 0.01, 0.68, 0.68, 0.59, 0.68, 0.23, 0.76, 0.68, 0.9, 0.01, 0.08233333333333333, 0.3323333333333333, 0.1101111111111111, 0.84, 0.34, 0.45]",[2478549.0],0.9097579911351203
541,"[0.68, 0.01, 0.01, 0.26, 0.01, 0.45, 0.68, 0.51, 0.34, 0.45, 0.18, 0.68, 0.68, 0.51, 0.51, 0.01, 0.12, 0.76, 0.34, 0.23, 0.34, 0.08233333333333333, 0.3323333333333333, 0.1101111111111111, 0.34, 0.34, 0.12, 0.01, 0.34, 0.68, 0.68, 0.76, 0.68, 0.12, 0.34, 0.08233333333333333, 0.3323333333333333, 0.1101111111111111, 0.34, 0.34, 0.45, 0.01, 0.84, 0.68, 0.01, 0.84, 0.01, 0.45, 0.34, 0.68, 0.34, 0.01, 0.59, 0.34, 0.9, 0.01, 0.08233333333333333, 0.3323333333333333, 0.1101111111111111, 0.09, 0.01, 0.23]",[3823281.0],0.939102659622828
542,"[0.08233333333333333, 0.3323333333333333, 0.1101111111111111, 0.08233333333333333, 0.3323333333333333, 0.1101111111111111, 0.3323333333333333, 0.08233333333333333, 0.3323333333333333, 0.1101111111111111, 0.08233333333333333, 0.3323333333333333, 0.1101111111111111, 0.499, 0.08233333333333333, 0.3323333333333333, 0.1101111111111111, 0.08233333333333333, 0.3323333333333333, 0.1101111111111111, 0.3323333333333333, 0.08233333333333333, 0.3323333333333333, 0.1101111111111111, 0.08233333333333333, 0.3323333333333333, 0.1101111111111111, 0.499, 0.43, 0.01, 0.23, 0.26, 0.68, 0.12, 0.34, 0.59, 0.01, 0.79, 0.76, 0.68, 0.9, 0.01, 0.08233333333333333, 0.3323333333333333, 0.1101111111111111, 0.18, 0.34, 0.23, 0.68, 0.08233333333333333, 0.3323333333333333, 0.1101111111111111, 0.51, 0.68, 0.57, 0.51, 0.51, 0.01, 0.79, 0.26, 0.34, 0.45]",[423433.0],0.3188648611307144
543,"[0.08233333333333333, 0.3323333333333333, 0.1101111111111111, 0.08233333333333333, 0.3323333333333333, 0.1101111111111111, 0.3323333333333333, 0.08233333333333333, 0.3323333333333333, 0.1101111111111111, 0.08233333333333333, 0.3323333333333333, 0.1101111111111111, 0.499, 0.08233333333333333, 0.3323333333333333, 0.1101111111111111, 0.08233333333333333, 0.3323333333333333, 0.1101111111111111, 0.3323333333333333, 0.08233333333333333, 0.3323333333333333, 0.1101111111111111, 0.08233333333333333, 0.3323333333333333, 0.1101111111111111, 0.499, 0.43, 0.01, 0.9, 0.26, 0.34, 0.34, 0.68, 0.84, 0.01, 0.34, 0.84, 0.34, 0.9, 0.01, 0.26, 0.68, 0.79, 0.93, 0.01, 0.57, 0.34, 0.93, 0.34, 0.68, 0.43, 0.34, 0.68, 0.01, 0.08233333333333333, 0.3323333333333333, 0.1101111111111111, 0.18, 0.01, 0.01]",[2551457.0],0.3244250704844792
544,"[0.08233333333333333, 0.3323333333333333, 0.1101111111111111, 0.09, 0.01, 0.45, 0.68, 0.43, 0.34, 0.9, 0.93, 0.01, 0.9, 0.51, 0.08233333333333333, 0.3323333333333333, 0.1101111111111111, 0.68, 0.34, 0.57, 0.68, 0.18, 0.34, 0.9, 0.68, 0.68, 0.79, 0.01, 0.34, 0.01, 0.23, 0.59, 0.01, 0.34, 0.68, 0.18, 0.01, 0.12, 0.84, 0.01, 0.12, 0.01, 0.59, 0.68, 0.45, 0.68, 0.01, 0.9, 0.68, 0.26, 0.34, 0.01, 0.34, 0.01, 0.45, 0.01, 0.08233333333333333, 0.3323333333333333, 0.1101111111111111, 0.43, 0.34, 0.34]",[1265287.0],0.3202370787660281
545,"[0.08233333333333333, 0.3323333333333333, 0.1101111111111111, 0.68, 0.01, 0.9, 0.34, 0.18, 0.68, 0.9, 0.59, 0.68, 0.68, 0.51, 0.51, 0.68, 0.23, 0.26, 0.01, 0.01, 0.68, 0.08233333333333333, 0.3323333333333333, 0.1101111111111111, 0.43, 0.34, 0.12, 0.01, 0.51, 0.01, 0.12, 0.26, 0.68, 0.57, 0.34, 0.18, 0.34, 0.9, 0.76, 0.68, 0.34, 0.01, 0.84, 0.68, 0.12, 0.26, 0.68, 0.01, 0.34, 0.09, 0.68, 0.12, 0.51, 0.01, 0.01, 0.51, 0.68, 0.68, 0.68, 0.76, 0.01, 0.68]",[720512.0],0.9307334805528324
546,"[0.93, 0.68, 0.23, 0.59, 0.34, 0.23, 0.68, 0.09, 0.01, 0.57, 0.59, 0.68, 0.12, 0.51, 0.08233333333333333, 0.3323333333333333, 0.1101111111111111, 0.51, 0.68, 0.23, 0.68, 0.93, 0.68, 0.68, 0.34, 0.68, 0.34, 0.51, 0.43, 0.01, 0.68, 0.26, 0.68, 0.45, 0.34, 0.68, 0.01, 0.01, 0.18, 0.34, 0.68, 0.01, 0.93, 0.01, 0.45, 0.09, 0.68, 0.12, 0.68, 0.34, 0.01, 0.57, 0.93, 0.68, 0.23, 0.51, 0.26, 0.34, 0.34, 0.76, 0.01, 0.68]",[6481954.0],0.9336131980021796
547,"[0.08233333333333333, 0.3323333333333333, 0.1101111111111111, 0.76, 0.34, 0.57, 0.68, 0.08233333333333333, 0.3323333333333333, 0.1101111111111111, 0.68, 0.34, 0.12, 0.51, 0.08233333333333333, 0.3323333333333333, 0.1101111111111111, 0.34, 0.01, 0.23, 0.68, 0.68, 0.34, 0.79, 0.43, 0.01, 0.23, 0.01, 0.08233333333333333, 0.3323333333333333, 0.1101111111111111, 0.68, 0.68, 0.01, 0.68, 0.08233333333333333, 0.3323333333333333, 0.1101111111111111, 0.59, 0.68, 0.34, 0.01, 0.08233333333333333, 0.3323333333333333, 0.1101111111111111, 0.43, 0.01, 0.12, 0.68, 0.26, 0.01, 0.01, 0.93, 0.68, 0.68, 0.01, 0.09, 0.68, 0.34, 0.43, 0.01, 0.12]",[6376624.0],0.9125195930401484
548,"[0.08233333333333333, 0.3323333333333333, 0.1101111111111111, 0.08233333333333333, 0.3323333333333333, 0.1101111111111111, 0.3323333333333333, 0.08233333333333333, 0.3323333333333333, 0.1101111111111111, 0.08233333333333333, 0.3323333333333333, 0.1101111111111111, 0.499, 0.59, 0.34, 0.9, 0.09, 0.68, 0.9, 0.34, 0.18, 0.01, 0.23, 0.59, 0.68, 0.79, 0.01, 0.08233333333333333, 0.3323333333333333, 0.1101111111111111, 0.43, 0.01, 0.45, 0.68, 0.08233333333333333, 0.3323333333333333, 0.1101111111111111, 0.26, 0.34, 0.9, 0.51, 0.76, 0.01, 0.45, 0.34, 0.68, 0.01, 0.34, 0.08233333333333333, 0.3323333333333333, 0.1101111111111111, 0.93, 0.01, 0.9, 0.01, 0.08233333333333333, 0.3323333333333333, 0.1101111111111111, 0.26, 0.01, 0.57]",[2187178.0],0.0392254690329233
549,"[0.08233333333333333, 0.3323333333333333, 0.1101111111111111, 0.08233333333333333, 0.3323333333333333, 0.1101111111111111, 0.3323333333333333, 0.08233333333333333, 0.3323333333333333, 0.1101111111111111, 0.08233333333333333, 0.3323333333333333, 0.1101111111111111, 0.499, 0.08233333333333333, 0.3323333333333333, 0.1101111111111111, 0.08233333333333333, 0.3323333333333333, 0.1101111111111111, 0.3323333333333333, 0.08233333333333333, 0.3323333333333333, 0.1101111111111111, 0.08233333333333333, 0.3323333333333333, 0.1101111111111111, 0.499, 0.93, 0.34, 0.57, 0.43, 0.34, 0.23, 0.68, 0.08233333333333333, 0.3323333333333333, 0.1101111111111111, 0.68, 0.68, 0.79, 0.01, 0.08233333333333333, 0.3323333333333333, 0.1101111111111111, 0.93, 0.68, 0.79, 0.34, 0.09, 0.68, 0.23, 0.09, 0.68, 0.12, 0.51, 0.26, 0.68, 0.9, 0.76, 0.34, 0.01]",[867041.0],0.9279233848055204
550,"[0.08233333333333333, 0.3323333333333333, 0.1101111111111111, 0.08233333333333333, 0.3323333333333333, 0.1101111111111111, 0.3323333333333333, 0.08233333333333333, 0.3323333333333333, 0.1101111111111111, 0.08233333333333333, 0.3323333333333333, 0.1101111111111111, 0.499, 0.08233333333333333, 0.3323333333333333, 0.1101111111111111, 0.09, 0.34, 0.23, 0.34, 0.08233333333333333, 0.3323333333333333, 0.1101111111111111, 0.26, 0.68, 0.01, 0.51, 0.26, 0.34, 0.23, 0.93, 0.34, 0.12, 0.68, 0.08233333333333333, 0.3323333333333333, 0.1101111111111111, 0.93, 0.68, 0.9, 0.51, 0.18, 0.68, 0.68, 0.84, 0.68, 0.57, 0.68, 0.08233333333333333, 0.3323333333333333, 0.1101111111111111, 0.34, 0.68, 0.57, 0.51, 0.34, 0.34, 0.79, 0.68, 0.34, 0.57]",[28781885.0],0.9138844554622968
551,"[0.08233333333333333, 0.3323333333333333, 0.1101111111111111, 0.08233333333333333, 0.3323333333333333, 0.1101111111111111, 0.3323333333333333, 0.08233333333333333, 0.3323333333333333, 0.1101111111111111, 0.08233333333333333, 0.3323333333333333, 0.1101111111111111, 0.499, 0.93, 0.01, 0.45, 0.43, 0.34, 0.23, 0.68, 0.51, 0.34, 0.57, 0.26, 0.68, 0.68, 0.01, 0.26, 0.68, 0.45, 0.34, 0.01, 0.9, 0.34, 0.43, 0.34, 0.23, 0.76, 0.68, 0.68, 0.01, 0.08233333333333333, 0.3323333333333333, 0.1101111111111111, 0.51, 0.68, 0.68, 0.68, 0.68, 0.01, 0.45, 0.34, 0.34, 0.12, 0.01, 0.08233333333333333, 0.3323333333333333, 0.1101111111111111, 0.59, 0.34, 0.23]",[658773.0],0.9183806871374448
552,"[0.34, 0.34, 0.23, 0.59, 0.34, 0.45, 0.68, 0.59, 0.01, 0.01, 0.18, 0.01, 0.01, 0.51, 0.08233333333333333, 0.3323333333333333, 0.1101111111111111, 0.26, 0.34, 0.45, 0.68, 0.51, 0.34, 0.23, 0.09, 0.68, 0.68, 0.51, 0.84, 0.34, 0.01, 0.76, 0.34, 0.9, 0.68, 0.08233333333333333, 0.3323333333333333, 0.1101111111111111, 0.09, 0.68, 0.9, 0.01, 0.43, 0.34, 0.57, 0.51, 0.34, 0.12, 0.68, 0.59, 0.68, 0.01, 0.76, 0.34, 0.45, 0.51, 0.26, 0.01, 0.79, 0.18, 0.34, 0.9]",[1726440.0],0.8606305753191312
553,"[0.08233333333333333, 0.3323333333333333, 0.1101111111111111, 0.59, 0.68, 0.79, 0.68, 0.51, 0.01, 0.79, 0.09, 0.01, 0.01, 0.51, 0.93, 0.34, 0.45, 0.26, 0.01, 0.79, 0.68, 0.18, 0.68, 0.57, 0.09, 0.34, 0.9, 0.51, 0.51, 0.68, 0.23, 0.09, 0.68, 0.01, 0.68, 0.76, 0.01, 0.9, 0.18, 0.68, 0.9, 0.51, 0.68, 0.34, 0.23, 0.09, 0.68, 0.68, 0.34, 0.08233333333333333, 0.3323333333333333, 0.1101111111111111, 0.43, 0.68, 0.68, 0.51, 0.09, 0.34, 0.01, 0.76, 0.68, 0.45]",[819764.0],0.7143456081549326
554,"[0.08233333333333333, 0.3323333333333333, 0.1101111111111111, 0.08233333333333333, 0.3323333333333333, 0.1101111111111111, 0.3323333333333333, 0.08233333333333333, 0.3323333333333333, 0.1101111111111111, 0.08233333333333333, 0.3323333333333333, 0.1101111111111111, 0.499, 0.08233333333333333, 0.3323333333333333, 0.1101111111111111, 0.08233333333333333, 0.3323333333333333, 0.1101111111111111, 0.3323333333333333, 0.08233333333333333, 0.3323333333333333, 0.1101111111111111, 0.08233333333333333, 0.3323333333333333, 0.1101111111111111, 0.499, 0.08233333333333333, 0.3323333333333333, 0.1101111111111111, 0.34, 0.68, 0.23, 0.34, 0.18, 0.01, 0.01, 0.43, 0.01, 0.01, 0.51, 0.93, 0.01, 0.68, 0.51, 0.34, 0.34, 0.34, 0.08233333333333333, 0.3323333333333333, 0.1101111111111111, 0.43, 0.34, 0.57, 0.01, 0.76, 0.01, 0.45, 0.59, 0.68, 0.34]",[752015.0],0.9003081758817036
555,"[0.68, 0.34, 0.23, 0.09, 0.34, 0.57, 0.68, 0.34, 0.01, 0.23, 0.84, 0.01, 0.9, 0.51, 0.08233333333333333, 0.3323333333333333, 0.1101111111111111, 0.18, 0.01, 0.68, 0.34, 0.84, 0.68, 0.45, 0.09, 0.34, 0.01, 0.01, 0.08233333333333333, 0.3323333333333333, 0.1101111111111111, 0.34, 0.01, 0.01, 0.34, 0.08233333333333333, 0.3323333333333333, 0.1101111111111111, 0.18, 0.01, 0.45, 0.01, 0.08233333333333333, 0.3323333333333333, 0.1101111111111111, 0.68, 0.01, 0.57, 0.34, 0.08233333333333333, 0.3323333333333333, 0.1101111111111111, 0.84, 0.68, 0.01, 0.01, 0.08233333333333333, 0.3323333333333333, 0.1101111111111111, 0.09, 0.34, 0.01]",[1110020.0],0.315132104853789
556,"[0.08233333333333333, 0.3323333333333333, 0.1101111111111111, 0.08233333333333333, 0.3323333333333333, 0.1101111111111111, 0.3323333333333333, 0.08233333333333333, 0.3323333333333333, 0.1101111111111111, 0.08233333333333333, 0.3323333333333333, 0.1101111111111111, 0.499, 0.08233333333333333, 0.3323333333333333, 0.1101111111111111, 0.18, 0.01, 0.23, 0.68, 0.51, 0.01, 0.34, 0.59, 0.68, 0.34, 0.01, 0.34, 0.34, 0.45, 0.84, 0.34, 0.23, 0.68, 0.34, 0.68, 0.57, 0.59, 0.34, 0.23, 0.01, 0.08233333333333333, 0.3323333333333333, 0.1101111111111111, 0.18, 0.34, 0.68, 0.68, 0.08233333333333333, 0.3323333333333333, 0.1101111111111111, 0.34, 0.34, 0.12, 0.01, 0.08233333333333333, 0.3323333333333333, 0.1101111111111111, 0.59, 0.68, 0.23]",[149011.0],0.8735377103090286
557,"[0.08233333333333333, 0.3323333333333333, 0.1101111111111111, 0.08233333333333333, 0.3323333333333333, 0.1101111111111111, 0.3323333333333333, 0.08233333333333333, 0.3323333333333333, 0.1101111111111111, 0.08233333333333333, 0.3323333333333333, 0.1101111111111111, 0.499, 0.08233333333333333, 0.3323333333333333, 0.1101111111111111, 0.08233333333333333, 0.3323333333333333, 0.1101111111111111, 0.3323333333333333, 0.08233333333333333, 0.3323333333333333, 0.1101111111111111, 0.08233333333333333, 0.3323333333333333, 0.1101111111111111, 0.499, 0.59, 0.34, 0.79, 0.43, 0.34, 0.68, 0.34, 0.08233333333333333, 0.3323333333333333, 0.1101111111111111, 0.84, 0.68, 0.12, 0.01, 0.59, 0.68, 0.23, 0.93, 0.34, 0.9, 0.68, 0.84, 0.01, 0.57, 0.68, 0.34, 0.23, 0.51, 0.76, 0.01, 0.23, 0.59, 0.68, 0.45]",[4149329.0],0.9458831310272215
558,"[0.08233333333333333, 0.3323333333333333, 0.1101111111111111, 0.08233333333333333, 0.3323333333333333, 0.1101111111111111, 0.3323333333333333, 0.08233333333333333, 0.3323333333333333, 0.1101111111111111, 0.08233333333333333, 0.3323333333333333, 0.1101111111111111, 0.499, 0.08233333333333333, 0.3323333333333333, 0.1101111111111111, 0.08233333333333333, 0.3323333333333333, 0.1101111111111111, 0.3323333333333333, 0.08233333333333333, 0.3323333333333333, 0.1101111111111111, 0.08233333333333333, 0.3323333333333333, 0.1101111111111111, 0.499, 0.76, 0.68, 0.68, 0.51, 0.34, 0.45, 0.34, 0.51, 0.34, 0.79, 0.34, 0.01, 0.01, 0.51, 0.68, 0.34, 0.12, 0.51, 0.68, 0.45, 0.68, 0.84, 0.34, 0.57, 0.34, 0.68, 0.23, 0.51, 0.59, 0.68, 0.79, 0.59, 0.68, 0.68]",[805501.0],0.9410063157478968
559,"[0.08233333333333333, 0.3323333333333333, 0.1101111111111111, 0.93, 0.01, 0.23, 0.34, 0.84, 0.34, 0.12, 0.68, 0.68, 0.34, 0.51, 0.93, 0.34, 0.01, 0.18, 0.34, 0.68, 0.68, 0.08233333333333333, 0.3323333333333333, 0.1101111111111111, 0.84, 0.68, 0.68, 0.01, 0.59, 0.34, 0.57, 0.26, 0.01, 0.34, 0.68, 0.68, 0.68, 0.57, 0.59, 0.34, 0.45, 0.01, 0.08233333333333333, 0.3323333333333333, 0.1101111111111111, 0.93, 0.34, 0.9, 0.68, 0.08233333333333333, 0.3323333333333333, 0.1101111111111111, 0.34, 0.34, 0.79, 0.01, 0.34, 0.01, 0.23, 0.09, 0.34, 0.9]",[18515363.0],0.8069634810090065
560,"[0.08233333333333333, 0.3323333333333333, 0.1101111111111111, 0.08233333333333333, 0.3323333333333333, 0.1101111111111111, 0.3323333333333333, 0.08233333333333333, 0.3323333333333333, 0.1101111111111111, 0.08233333333333333, 0.3323333333333333, 0.1101111111111111, 0.499, 0.08233333333333333, 0.3323333333333333, 0.1101111111111111, 0.08233333333333333, 0.3323333333333333, 0.1101111111111111, 0.3323333333333333, 0.08233333333333333, 0.3323333333333333, 0.1101111111111111, 0.08233333333333333, 0.3323333333333333, 0.1101111111111111, 0.499, 0.09, 0.34, 0.01, 0.26, 0.34, 0.01, 0.68, 0.08233333333333333, 0.3323333333333333, 0.1101111111111111, 0.26, 0.68, 0.12, 0.01, 0.93, 0.01, 0.68, 0.84, 0.01, 0.45, 0.34, 0.08233333333333333, 0.3323333333333333, 0.1101111111111111, 0.09, 0.01, 0.12, 0.01, 0.18, 0.68, 0.68, 0.34, 0.34, 0.34]",[559241.0],0.8229069421688716
561,"[0.51, 0.01, 0.9, 0.18, 0.68, 0.57, 0.68, 0.08233333333333333, 0.3323333333333333, 0.1101111111111111, 0.76, 0.34, 0.57, 0.01, 0.08233333333333333, 0.3323333333333333, 0.1101111111111111, 0.09, 0.34, 0.57, 0.34, 0.59, 0.01, 0.68, 0.09, 0.34, 0.01, 0.01, 0.51, 0.34, 0.9, 0.09, 0.68, 0.9, 0.34, 0.34, 0.34, 0.9, 0.09, 0.01, 0.01, 0.01, 0.84, 0.34, 0.23, 0.68, 0.01, 0.45, 0.34, 0.68, 0.34, 0.34, 0.76, 0.68, 0.34, 0.51, 0.08233333333333333, 0.3323333333333333, 0.1101111111111111, 0.43, 0.68, 0.23]",[1388903.0],0.5952515169978142
562,"[0.84, 0.01, 0.9, 0.76, 0.34, 0.57, 0.68, 0.76, 0.34, 0.79, 0.26, 0.34, 0.79, 0.01, 0.43, 0.68, 0.9, 0.68, 0.68, 0.45, 0.68, 0.08233333333333333, 0.3323333333333333, 0.1101111111111111, 0.18, 0.68, 0.12, 0.51, 0.08233333333333333, 0.3323333333333333, 0.1101111111111111, 0.34, 0.68, 0.57, 0.68, 0.08233333333333333, 0.3323333333333333, 0.1101111111111111, 0.34, 0.34, 0.45, 0.01, 0.08233333333333333, 0.3323333333333333, 0.1101111111111111, 0.68, 0.34, 0.01, 0.34, 0.93, 0.68, 0.57, 0.51, 0.68, 0.01, 0.51, 0.93, 0.34, 0.45, 0.59, 0.34, 0.01]",[8099893.0],0.9380528226494788
563,"[0.08233333333333333, 0.3323333333333333, 0.1101111111111111, 0.08233333333333333, 0.3323333333333333, 0.1101111111111111, 0.3323333333333333, 0.08233333333333333, 0.3323333333333333, 0.1101111111111111, 0.08233333333333333, 0.3323333333333333, 0.1101111111111111, 0.499, 0.18, 0.34, 0.68, 0.09, 0.34, 0.57, 0.34, 0.08233333333333333, 0.3323333333333333, 0.1101111111111111, 0.18, 0.68, 0.23, 0.01, 0.84, 0.68, 0.34, 0.43, 0.01, 0.79, 0.68, 0.59, 0.01, 0.12, 0.09, 0.01, 0.01, 0.51, 0.08233333333333333, 0.3323333333333333, 0.1101111111111111, 0.26, 0.68, 0.01, 0.34, 0.08233333333333333, 0.3323333333333333, 0.1101111111111111, 0.93, 0.01, 0.01, 0.51, 0.84, 0.34, 0.34, 0.26, 0.34, 0.45]",[2203710.0],0.8806236902872722
564,"[0.08233333333333333, 0.3323333333333333, 0.1101111111111111, 0.34, 0.68, 0.01, 0.34, 0.93, 0.68, 0.79, 0.59, 0.34, 0.34, 0.51, 0.08233333333333333, 0.3323333333333333, 0.1101111111111111, 0.43, 0.68, 0.01, 0.34, 0.08233333333333333, 0.3323333333333333, 0.1101111111111111, 0.51, 0.01, 0.01, 0.51, 0.08233333333333333, 0.3323333333333333, 0.1101111111111111, 0.76, 0.34, 0.9, 0.34, 0.68, 0.68, 0.79, 0.59, 0.34, 0.45, 0.51, 0.09, 0.68, 0.79, 0.84, 0.01, 0.12, 0.68, 0.43, 0.34, 0.12, 0.34, 0.01, 0.12, 0.01, 0.08233333333333333, 0.3323333333333333, 0.1101111111111111, 0.43, 0.01, 0.79]",[2187648.0],0.9412289530038832
565,"[0.08233333333333333, 0.3323333333333333, 0.1101111111111111, 0.08233333333333333, 0.3323333333333333, 0.1101111111111111, 0.3323333333333333, 0.08233333333333333, 0.3323333333333333, 0.1101111111111111, 0.08233333333333333, 0.3323333333333333, 0.1101111111111111, 0.499, 0.08233333333333333, 0.3323333333333333, 0.1101111111111111, 0.43, 0.01, 0.23, 0.34, 0.08233333333333333, 0.3323333333333333, 0.1101111111111111, 0.76, 0.01, 0.23, 0.51, 0.51, 0.34, 0.01, 0.34, 0.01, 0.79, 0.34, 0.08233333333333333, 0.3323333333333333, 0.1101111111111111, 0.18, 0.34, 0.9, 0.51, 0.84, 0.68, 0.12, 0.18, 0.01, 0.9, 0.68, 0.08233333333333333, 0.3323333333333333, 0.1101111111111111, 0.76, 0.01, 0.68, 0.01, 0.51, 0.01, 0.9, 0.51, 0.68, 0.12]",[288030.0],0.9059497997164726
566,"[0.08233333333333333, 0.3323333333333333, 0.1101111111111111, 0.08233333333333333, 0.3323333333333333, 0.1101111111111111, 0.3323333333333333, 0.08233333333333333, 0.3323333333333333, 0.1101111111111111, 0.08233333333333333, 0.3323333333333333, 0.1101111111111111, 0.499, 0.76, 0.68, 0.79, 0.43, 0.68, 0.79, 0.68, 0.34, 0.68, 0.34, 0.43, 0.34, 0.23, 0.01, 0.18, 0.34, 0.01, 0.26, 0.34, 0.45, 0.34, 0.93, 0.01, 0.57, 0.34, 0.34, 0.01, 0.51, 0.84, 0.01, 0.45, 0.51, 0.68, 0.9, 0.68, 0.08233333333333333, 0.3323333333333333, 0.1101111111111111, 0.84, 0.68, 0.12, 0.51, 0.08233333333333333, 0.3323333333333333, 0.1101111111111111, 0.93, 0.34, 0.23]",[10767171.0],0.9316883300741512
567,"[0.08233333333333333, 0.3323333333333333, 0.1101111111111111, 0.08233333333333333, 0.3323333333333333, 0.1101111111111111, 0.3323333333333333, 0.08233333333333333, 0.3323333333333333, 0.1101111111111111, 0.08233333333333333, 0.3323333333333333, 0.1101111111111111, 0.499, 0.08233333333333333, 0.3323333333333333, 0.1101111111111111, 0.34, 0.01, 0.45, 0.34, 0.08233333333333333, 0.3323333333333333, 0.1101111111111111, 0.26, 0.01, 0.45, 0.01, 0.18, 0.34, 0.23, 0.68, 0.01, 0.57, 0.34, 0.08233333333333333, 0.3323333333333333, 0.1101111111111111, 0.43, 0.01, 0.23, 0.01, 0.26, 0.34, 0.68, 0.43, 0.68, 0.12, 0.34, 0.08233333333333333, 0.3323333333333333, 0.1101111111111111, 0.34, 0.01, 0.34, 0.51, 0.08233333333333333, 0.3323333333333333, 0.1101111111111111, 0.68, 0.34, 0.9]",[60979.0],0.8792882124582927
568,"[0.43, 0.68, 0.12, 0.59, 0.34, 0.79, 0.34, 0.93, 0.01, 0.9, 0.93, 0.68, 0.9, 0.01, 0.08233333333333333, 0.3323333333333333, 0.1101111111111111, 0.43, 0.68, 0.57, 0.68, 0.08233333333333333, 0.3323333333333333, 0.1101111111111111, 0.43, 0.34, 0.9, 0.01, 0.26, 0.34, 0.79, 0.93, 0.01, 0.01, 0.34, 0.08233333333333333, 0.3323333333333333, 0.1101111111111111, 0.09, 0.01, 0.57, 0.51, 0.43, 0.01, 0.57, 0.34, 0.68, 0.12, 0.34, 0.08233333333333333, 0.3323333333333333, 0.1101111111111111, 0.84, 0.68, 0.68, 0.51, 0.59, 0.68, 0.9, 0.18, 0.68, 0.34]",[26961676.0],0.3213699852426847
569,"[0.08233333333333333, 0.3323333333333333, 0.1101111111111111, 0.08233333333333333, 0.3323333333333333, 0.1101111111111111, 0.3323333333333333, 0.08233333333333333, 0.3323333333333333, 0.1101111111111111, 0.08233333333333333, 0.3323333333333333, 0.1101111111111111, 0.499, 0.08233333333333333, 0.3323333333333333, 0.1101111111111111, 0.84, 0.34, 0.01, 0.68, 0.08233333333333333, 0.3323333333333333, 0.1101111111111111, 0.76, 0.01, 0.01, 0.51, 0.18, 0.34, 0.12, 0.26, 0.34, 0.57, 0.34, 0.51, 0.34, 0.12, 0.59, 0.68, 0.68, 0.01, 0.08233333333333333, 0.3323333333333333, 0.1101111111111111, 0.93, 0.01, 0.12, 0.68, 0.08233333333333333, 0.3323333333333333, 0.1101111111111111, 0.09, 0.01, 0.45, 0.51, 0.59, 0.01, 0.45, 0.43, 0.34, 0.68]",[308675.0],0.8717750762899716
570,"[0.51, 0.34, 0.34, 0.76, 0.68, 0.23, 0.68, 0.34, 0.01, 0.01, 0.68, 0.01, 0.23, 0.51, 0.68, 0.34, 0.57, 0.76, 0.34, 0.45, 0.34, 0.08233333333333333, 0.3323333333333333, 0.1101111111111111, 0.18, 0.34, 0.9, 0.01, 0.08233333333333333, 0.3323333333333333, 0.1101111111111111, 0.34, 0.34, 0.57, 0.68, 0.08233333333333333, 0.3323333333333333, 0.1101111111111111, 0.59, 0.01, 0.79, 0.51, 0.08233333333333333, 0.3323333333333333, 0.1101111111111111, 0.84, 0.68, 0.68, 0.34, 0.08233333333333333, 0.3323333333333333, 0.1101111111111111, 0.68, 0.34, 0.45, 0.51, 0.34, 0.34, 0.23, 0.43, 0.68, 0.12]",[1618840.0],0.9473029717803
571,"[0.08233333333333333, 0.3323333333333333, 0.1101111111111111, 0.51, 0.01, 0.79, 0.68, 0.34, 0.01, 0.23, 0.59, 0.34, 0.12, 0.01, 0.68, 0.34, 0.01, 0.43, 0.34, 0.01, 0.34, 0.84, 0.01, 0.79, 0.59, 0.01, 0.9, 0.51, 0.08233333333333333, 0.3323333333333333, 0.1101111111111111, 0.68, 0.01, 0.79, 0.68, 0.08233333333333333, 0.3323333333333333, 0.1101111111111111, 0.51, 0.34, 0.01, 0.51, 0.08233333333333333, 0.3323333333333333, 0.1101111111111111, 0.84, 0.01, 0.12, 0.68, 0.59, 0.68, 0.12, 0.59, 0.34, 0.9, 0.01, 0.18, 0.01, 0.79, 0.43, 0.01, 0.68]",[319615.0],0.9283689101537068
572,"[0.08233333333333333, 0.3323333333333333, 0.1101111111111111, 0.08233333333333333, 0.3323333333333333, 0.1101111111111111, 0.3323333333333333, 0.08233333333333333, 0.3323333333333333, 0.1101111111111111, 0.08233333333333333, 0.3323333333333333, 0.1101111111111111, 0.499, 0.26, 0.34, 0.12, 0.26, 0.68, 0.45, 0.34, 0.08233333333333333, 0.3323333333333333, 0.1101111111111111, 0.84, 0.68, 0.79, 0.01, 0.18, 0.68, 0.68, 0.93, 0.34, 0.23, 0.34, 0.08233333333333333, 0.3323333333333333, 0.1101111111111111, 0.09, 0.01, 0.34, 0.51, 0.76, 0.34, 0.9, 0.34, 0.68, 0.57, 0.34, 0.59, 0.34, 0.79, 0.59, 0.01, 0.9, 0.01, 0.08233333333333333, 0.3323333333333333, 0.1101111111111111, 0.84, 0.34, 0.34]",[3844547.0],0.9191779697934788
573,"[0.08233333333333333, 0.3323333333333333, 0.1101111111111111, 0.26, 0.01, 0.79, 0.34, 0.51, 0.68, 0.34, 0.93, 0.34, 0.57, 0.51, 0.93, 0.34, 0.57, 0.26, 0.01, 0.23, 0.68, 0.08233333333333333, 0.3323333333333333, 0.1101111111111111, 0.34, 0.34, 0.12, 0.51, 0.26, 0.68, 0.23, 0.18, 0.68, 0.57, 0.34, 0.09, 0.34, 0.79, 0.43, 0.68, 0.12, 0.01, 0.26, 0.01, 0.12, 0.51, 0.68, 0.9, 0.68, 0.26, 0.01, 0.12, 0.09, 0.34, 0.34, 0.01, 0.59, 0.34, 0.57, 0.18, 0.01, 0.9]",[374347.0],0.8692751357952754
574,"[0.08233333333333333, 0.3323333333333333, 0.1101111111111111, 0.08233333333333333, 0.3323333333333333, 0.1101111111111111, 0.3323333333333333, 0.08233333333333333, 0.3323333333333333, 0.1101111111111111, 0.08233333333333333, 0.3323333333333333, 0.1101111111111111, 0.499, 0.08233333333333333, 0.3323333333333333, 0.1101111111111111, 0.08233333333333333, 0.3323333333333333, 0.1101111111111111, 0.3323333333333333, 0.08233333333333333, 0.3323333333333333, 0.1101111111111111, 0.08233333333333333, 0.3323333333333333, 0.1101111111111111, 0.499, 0.08233333333333333, 0.3323333333333333, 0.1101111111111111, 0.76, 0.34, 0.9, 0.34, 0.08233333333333333, 0.3323333333333333, 0.1101111111111111, 0.68, 0.01, 0.01, 0.01, 0.08233333333333333, 0.3323333333333333, 0.1101111111111111, 0.34, 0.68, 0.45, 0.68, 0.68, 0.34, 0.9, 0.59, 0.34, 0.12, 0.01, 0.93, 0.34, 0.45, 0.34, 0.68, 0.68]",[449465.0],0.9136191154519716
575,"[0.08233333333333333, 0.3323333333333333, 0.1101111111111111, 0.08233333333333333, 0.3323333333333333, 0.1101111111111111, 0.3323333333333333, 0.08233333333333333, 0.3323333333333333, 0.1101111111111111, 0.08233333333333333, 0.3323333333333333, 0.1101111111111111, 0.499, 0.08233333333333333, 0.3323333333333333, 0.1101111111111111, 0.84, 0.68, 0.57, 0.34, 0.08233333333333333, 0.3323333333333333, 0.1101111111111111, 0.51, 0.01, 0.34, 0.01, 0.08233333333333333, 0.3323333333333333, 0.1101111111111111, 0.68, 0.68, 0.45, 0.34, 0.34, 0.34, 0.68, 0.51, 0.34, 0.68, 0.51, 0.08233333333333333, 0.3323333333333333, 0.1101111111111111, 0.43, 0.34, 0.23, 0.34, 0.08233333333333333, 0.3323333333333333, 0.1101111111111111, 0.59, 0.01, 0.01, 0.51, 0.08233333333333333, 0.3323333333333333, 0.1101111111111111, 0.18, 0.34, 0.68]",[1726232.0],0.9190093527237574
576,"[0.43, 0.68, 0.12, 0.68, 0.34, 0.45, 0.68, 0.09, 0.68, 0.01, 0.43, 0.68, 0.57, 0.51, 0.09, 0.68, 0.12, 0.43, 0.01, 0.01, 0.68, 0.08233333333333333, 0.3323333333333333, 0.1101111111111111, 0.43, 0.68, 0.23, 0.51, 0.34, 0.01, 0.57, 0.18, 0.01, 0.45, 0.34, 0.08233333333333333, 0.3323333333333333, 0.1101111111111111, 0.68, 0.34, 0.9, 0.01, 0.08233333333333333, 0.3323333333333333, 0.1101111111111111, 0.34, 0.68, 0.23, 0.34, 0.08233333333333333, 0.3323333333333333, 0.1101111111111111, 0.34, 0.34, 0.57, 0.01, 0.18, 0.34, 0.01, 0.09, 0.68, 0.57]",[103365.0],0.9003462543090185
577,"[0.08233333333333333, 0.3323333333333333, 0.1101111111111111, 0.08233333333333333, 0.3323333333333333, 0.1101111111111111, 0.3323333333333333, 0.08233333333333333, 0.3323333333333333, 0.1101111111111111, 0.08233333333333333, 0.3323333333333333, 0.1101111111111111, 0.499, 0.08233333333333333, 0.3323333333333333, 0.1101111111111111, 0.76, 0.34, 0.9, 0.68, 0.43, 0.34, 0.23, 0.51, 0.01, 0.79, 0.01, 0.84, 0.01, 0.45, 0.09, 0.34, 0.23, 0.34, 0.84, 0.01, 0.57, 0.43, 0.34, 0.23, 0.01, 0.08233333333333333, 0.3323333333333333, 0.1101111111111111, 0.93, 0.34, 0.9, 0.68, 0.08233333333333333, 0.3323333333333333, 0.1101111111111111, 0.76, 0.34, 0.9, 0.01, 0.76, 0.34, 0.79, 0.43, 0.34, 0.12]",[3065652.0],0.8841870268185933
578,"[0.08233333333333333, 0.3323333333333333, 0.1101111111111111, 0.08233333333333333, 0.3323333333333333, 0.1101111111111111, 0.3323333333333333, 0.08233333333333333, 0.3323333333333333, 0.1101111111111111, 0.08233333333333333, 0.3323333333333333, 0.1101111111111111, 0.499, 0.08233333333333333, 0.3323333333333333, 0.1101111111111111, 0.08233333333333333, 0.3323333333333333, 0.1101111111111111, 0.3323333333333333, 0.08233333333333333, 0.3323333333333333, 0.1101111111111111, 0.08233333333333333, 0.3323333333333333, 0.1101111111111111, 0.499, 0.08233333333333333, 0.3323333333333333, 0.1101111111111111, 0.68, 0.68, 0.79, 0.68, 0.08233333333333333, 0.3323333333333333, 0.1101111111111111, 0.43, 0.34, 0.23, 0.51, 0.76, 0.01, 0.12, 0.18, 0.68, 0.68, 0.68, 0.08233333333333333, 0.3323333333333333, 0.1101111111111111, 0.09, 0.34, 0.12, 0.01, 0.08233333333333333, 0.3323333333333333, 0.1101111111111111, 0.18, 0.34, 0.68]",[75053.0],0.8779352843761444
579,"[0.08233333333333333, 0.3323333333333333, 0.1101111111111111, 0.08233333333333333, 0.3323333333333333, 0.1101111111111111, 0.3323333333333333, 0.08233333333333333, 0.3323333333333333, 0.1101111111111111, 0.08233333333333333, 0.3323333333333333, 0.1101111111111111, 0.499, 0.08233333333333333, 0.3323333333333333, 0.1101111111111111, 0.08233333333333333, 0.3323333333333333, 0.1101111111111111, 0.3323333333333333, 0.08233333333333333, 0.3323333333333333, 0.1101111111111111, 0.08233333333333333, 0.3323333333333333, 0.1101111111111111, 0.499, 0.08233333333333333, 0.3323333333333333, 0.1101111111111111, 0.43, 0.68, 0.12, 0.34, 0.68, 0.34, 0.23, 0.18, 0.34, 0.9, 0.51, 0.08233333333333333, 0.3323333333333333, 0.1101111111111111, 0.09, 0.34, 0.57, 0.68, 0.08233333333333333, 0.3323333333333333, 0.1101111111111111, 0.09, 0.34, 0.23, 0.51, 0.08233333333333333, 0.3323333333333333, 0.1101111111111111, 0.93, 0.01, 0.23]",[2130061.0],0.8116386065880458
580,"[0.08233333333333333, 0.3323333333333333, 0.1101111111111111, 0.08233333333333333, 0.3323333333333333, 0.1101111111111111, 0.3323333333333333, 0.08233333333333333, 0.3323333333333333, 0.1101111111111111, 0.08233333333333333, 0.3323333333333333, 0.1101111111111111, 0.499, 0.59, 0.34, 0.23, 0.76, 0.34, 0.23, 0.68, 0.76, 0.68, 0.23, 0.68, 0.68, 0.34, 0.01, 0.51, 0.68, 0.9, 0.26, 0.68, 0.79, 0.34, 0.08233333333333333, 0.3323333333333333, 0.1101111111111111, 0.51, 0.68, 0.45, 0.51, 0.08233333333333333, 0.3323333333333333, 0.1101111111111111, 0.18, 0.01, 0.68, 0.68, 0.84, 0.34, 0.57, 0.34, 0.34, 0.34, 0.01, 0.18, 0.01, 0.79, 0.84, 0.01, 0.23]",[4843681.0],0.9255371098717052
581,"[0.08233333333333333, 0.3323333333333333, 0.1101111111111111, 0.08233333333333333, 0.3323333333333333, 0.1101111111111111, 0.3323333333333333, 0.08233333333333333, 0.3323333333333333, 0.1101111111111111, 0.08233333333333333, 0.3323333333333333, 0.1101111111111111, 0.499, 0.08233333333333333, 0.3323333333333333, 0.1101111111111111, 0.93, 0.01, 0.9, 0.68, 0.08233333333333333, 0.3323333333333333, 0.1101111111111111, 0.26, 0.01, 0.01, 0.01, 0.08233333333333333, 0.3323333333333333, 0.1101111111111111, 0.93, 0.34, 0.23, 0.34, 0.08233333333333333, 0.3323333333333333, 0.1101111111111111, 0.76, 0.68, 0.01, 0.01, 0.68, 0.68, 0.01, 0.51, 0.34, 0.57, 0.68, 0.08233333333333333, 0.3323333333333333, 0.1101111111111111, 0.76, 0.68, 0.45, 0.51, 0.68, 0.34, 0.9, 0.43, 0.34, 0.9]",[15238569.0],0.9346795638402304
582,"[0.08233333333333333, 0.3323333333333333, 0.1101111111111111, 0.08233333333333333, 0.3323333333333333, 0.1101111111111111, 0.3323333333333333, 0.08233333333333333, 0.3323333333333333, 0.1101111111111111, 0.08233333333333333, 0.3323333333333333, 0.1101111111111111, 0.499, 0.08233333333333333, 0.3323333333333333, 0.1101111111111111, 0.08233333333333333, 0.3323333333333333, 0.1101111111111111, 0.3323333333333333, 0.08233333333333333, 0.3323333333333333, 0.1101111111111111, 0.08233333333333333, 0.3323333333333333, 0.1101111111111111, 0.499, 0.08233333333333333, 0.3323333333333333, 0.1101111111111111, 0.68, 0.68, 0.34, 0.34, 0.09, 0.68, 0.9, 0.18, 0.68, 0.23, 0.51, 0.26, 0.68, 0.45, 0.51, 0.68, 0.57, 0.68, 0.34, 0.01, 0.9, 0.18, 0.01, 0.57, 0.01, 0.09, 0.34, 0.12, 0.26, 0.68, 0.68]",[29937.0],0.3179312805334727
583,"[0.68, 0.01, 0.12, 0.76, 0.68, 0.34, 0.34, 0.08233333333333333, 0.3323333333333333, 0.1101111111111111, 0.68, 0.68, 0.9, 0.51, 0.08233333333333333, 0.3323333333333333, 0.1101111111111111, 0.84, 0.01, 0.23, 0.68, 0.09, 0.34, 0.68, 0.51, 0.34, 0.45, 0.01, 0.26, 0.68, 0.9, 0.76, 0.01, 0.9, 0.34, 0.68, 0.01, 0.68, 0.76, 0.01, 0.68, 0.01, 0.08233333333333333, 0.3323333333333333, 0.1101111111111111, 0.93, 0.68, 0.01, 0.34, 0.34, 0.68, 0.9, 0.59, 0.34, 0.12, 0.51, 0.08233333333333333, 0.3323333333333333, 0.1101111111111111, 0.59, 0.01, 0.12]",[9049624.0],0.3161284491419792
584,"[0.08233333333333333, 0.3323333333333333, 0.1101111111111111, 0.08233333333333333, 0.3323333333333333, 0.1101111111111111, 0.3323333333333333, 0.08233333333333333, 0.3323333333333333, 0.1101111111111111, 0.08233333333333333, 0.3323333333333333, 0.1101111111111111, 0.499, 0.08233333333333333, 0.3323333333333333, 0.1101111111111111, 0.08233333333333333, 0.3323333333333333, 0.1101111111111111, 0.3323333333333333, 0.08233333333333333, 0.3323333333333333, 0.1101111111111111, 0.08233333333333333, 0.3323333333333333, 0.1101111111111111, 0.499, 0.08233333333333333, 0.3323333333333333, 0.1101111111111111, 0.09, 0.34, 0.34, 0.34, 0.68, 0.68, 0.68, 0.18, 0.34, 0.34, 0.51, 0.08233333333333333, 0.3323333333333333, 0.1101111111111111, 0.93, 0.01, 0.68, 0.34, 0.59, 0.01, 0.12, 0.84, 0.68, 0.34, 0.01, 0.84, 0.34, 0.12, 0.68, 0.01, 0.9]",[7034599.0],0.8474814395109812
585,"[0.08233333333333333, 0.3323333333333333, 0.1101111111111111, 0.08233333333333333, 0.3323333333333333, 0.1101111111111111, 0.3323333333333333, 0.08233333333333333, 0.3323333333333333, 0.1101111111111111, 0.08233333333333333, 0.3323333333333333, 0.1101111111111111, 0.499, 0.08233333333333333, 0.3323333333333333, 0.1101111111111111, 0.08233333333333333, 0.3323333333333333, 0.1101111111111111, 0.3323333333333333, 0.08233333333333333, 0.3323333333333333, 0.1101111111111111, 0.08233333333333333, 0.3323333333333333, 0.1101111111111111, 0.499, 0.26, 0.34, 0.34, 0.59, 0.01, 0.57, 0.34, 0.08233333333333333, 0.3323333333333333, 0.1101111111111111, 0.09, 0.68, 0.68, 0.51, 0.26, 0.34, 0.45, 0.26, 0.68, 0.45, 0.34, 0.08233333333333333, 0.3323333333333333, 0.1101111111111111, 0.26, 0.01, 0.68, 0.01, 0.84, 0.01, 0.79, 0.09, 0.01, 0.9]",[9105.0],0.6633710737029711
586,"[0.84, 0.34, 0.68, 0.59, 0.01, 0.57, 0.34, 0.51, 0.01, 0.23, 0.51, 0.01, 0.12, 0.01, 0.51, 0.01, 0.34, 0.51, 0.34, 0.57, 0.68, 0.93, 0.68, 0.01, 0.84, 0.34, 0.57, 0.51, 0.08233333333333333, 0.3323333333333333, 0.1101111111111111, 0.43, 0.34, 0.45, 0.68, 0.08233333333333333, 0.3323333333333333, 0.1101111111111111, 0.84, 0.34, 0.01, 0.51, 0.34, 0.01, 0.68, 0.43, 0.68, 0.68, 0.34, 0.08233333333333333, 0.3323333333333333, 0.1101111111111111, 0.18, 0.01, 0.57, 0.01, 0.18, 0.01, 0.68, 0.59, 0.34, 0.12]",[13852942.0],0.932211049894492
587,"[0.08233333333333333, 0.3323333333333333, 0.1101111111111111, 0.08233333333333333, 0.3323333333333333, 0.1101111111111111, 0.3323333333333333, 0.08233333333333333, 0.3323333333333333, 0.1101111111111111, 0.08233333333333333, 0.3323333333333333, 0.1101111111111111, 0.499, 0.08233333333333333, 0.3323333333333333, 0.1101111111111111, 0.43, 0.34, 0.68, 0.34, 0.43, 0.01, 0.9, 0.09, 0.34, 0.12, 0.51, 0.51, 0.01, 0.9, 0.93, 0.34, 0.9, 0.68, 0.43, 0.34, 0.9, 0.51, 0.01, 0.68, 0.01, 0.34, 0.68, 0.9, 0.76, 0.01, 0.79, 0.34, 0.08233333333333333, 0.3323333333333333, 0.1101111111111111, 0.09, 0.34, 0.34, 0.01, 0.26, 0.34, 0.57, 0.43, 0.01, 0.23]",[520817.0],0.9386522913972536
588,"[0.08233333333333333, 0.3323333333333333, 0.1101111111111111, 0.08233333333333333, 0.3323333333333333, 0.1101111111111111, 0.3323333333333333, 0.08233333333333333, 0.3323333333333333, 0.1101111111111111, 0.08233333333333333, 0.3323333333333333, 0.1101111111111111, 0.499, 0.08233333333333333, 0.3323333333333333, 0.1101111111111111, 0.08233333333333333, 0.3323333333333333, 0.1101111111111111, 0.3323333333333333, 0.08233333333333333, 0.3323333333333333, 0.1101111111111111, 0.08233333333333333, 0.3323333333333333, 0.1101111111111111, 0.499, 0.76, 0.68, 0.9, 0.68, 0.68, 0.01, 0.68, 0.18, 0.34, 0.79, 0.09, 0.68, 0.12, 0.51, 0.08233333333333333, 0.3323333333333333, 0.1101111111111111, 0.84, 0.68, 0.45, 0.68, 0.43, 0.68, 0.79, 0.68, 0.01, 0.9, 0.51, 0.68, 0.34, 0.12, 0.59, 0.68, 0.79]",[3539341.0],0.9247109711170196
589,"[0.09, 0.01, 0.12, 0.26, 0.01, 0.79, 0.68, 0.09, 0.01, 0.68, 0.76, 0.68, 0.34, 0.01, 0.84, 0.01, 0.9, 0.51, 0.01, 0.01, 0.34, 0.68, 0.68, 0.12, 0.43, 0.68, 0.34, 0.51, 0.08233333333333333, 0.3323333333333333, 0.1101111111111111, 0.26, 0.68, 0.12, 0.34, 0.08233333333333333, 0.3323333333333333, 0.1101111111111111, 0.09, 0.01, 0.45, 0.51, 0.08233333333333333, 0.3323333333333333, 0.1101111111111111, 0.84, 0.34, 0.01, 0.68, 0.08233333333333333, 0.3323333333333333, 0.1101111111111111, 0.68, 0.68, 0.9, 0.01, 0.08233333333333333, 0.3323333333333333, 0.1101111111111111, 0.68, 0.01, 0.57]",[783458.0],0.898695906996727
590,"[0.59, 0.68, 0.68, 0.51, 0.01, 0.68, 0.68, 0.08233333333333333, 0.3323333333333333, 0.1101111111111111, 0.34, 0.34, 0.79, 0.01, 0.08233333333333333, 0.3323333333333333, 0.1101111111111111, 0.93, 0.01, 0.68, 0.34, 0.08233333333333333, 0.3323333333333333, 0.1101111111111111, 0.68, 0.34, 0.23, 0.01, 0.08233333333333333, 0.3323333333333333, 0.1101111111111111, 0.43, 0.01, 0.57, 0.68, 0.08233333333333333, 0.3323333333333333, 0.1101111111111111, 0.59, 0.34, 0.79, 0.01, 0.59, 0.01, 0.45, 0.43, 0.68, 0.79, 0.68, 0.08233333333333333, 0.3323333333333333, 0.1101111111111111, 0.34, 0.01, 0.23, 0.51, 0.09, 0.68, 0.79, 0.43, 0.01, 0.68]",[258012.0],0.920323344071706
591,"[0.08233333333333333, 0.3323333333333333, 0.1101111111111111, 0.08233333333333333, 0.3323333333333333, 0.1101111111111111, 0.3323333333333333, 0.08233333333333333, 0.3323333333333333, 0.1101111111111111, 0.08233333333333333, 0.3323333333333333, 0.1101111111111111, 0.499, 0.68, 0.01, 0.68, 0.34, 0.01, 0.45, 0.34, 0.43, 0.68, 0.34, 0.93, 0.68, 0.01, 0.51, 0.09, 0.34, 0.01, 0.51, 0.01, 0.79, 0.34, 0.34, 0.68, 0.01, 0.18, 0.01, 0.34, 0.51, 0.08233333333333333, 0.3323333333333333, 0.1101111111111111, 0.59, 0.01, 0.68, 0.68, 0.51, 0.68, 0.57, 0.51, 0.01, 0.57, 0.51, 0.43, 0.01, 0.45, 0.43, 0.34, 0.68]",[496083.0],0.8907702699303627
592,"[0.08233333333333333, 0.3323333333333333, 0.1101111111111111, 0.08233333333333333, 0.3323333333333333, 0.1101111111111111, 0.3323333333333333, 0.08233333333333333, 0.3323333333333333, 0.1101111111111111, 0.08233333333333333, 0.3323333333333333, 0.1101111111111111, 0.499, 0.08233333333333333, 0.3323333333333333, 0.1101111111111111, 0.08233333333333333, 0.3323333333333333, 0.1101111111111111, 0.3323333333333333, 0.08233333333333333, 0.3323333333333333, 0.1101111111111111, 0.08233333333333333, 0.3323333333333333, 0.1101111111111111, 0.499, 0.08233333333333333, 0.3323333333333333, 0.1101111111111111, 0.51, 0.01, 0.45, 0.68, 0.18, 0.68, 0.01, 0.34, 0.01, 0.23, 0.01, 0.08233333333333333, 0.3323333333333333, 0.1101111111111111, 0.09, 0.68, 0.12, 0.34, 0.08233333333333333, 0.3323333333333333, 0.1101111111111111, 0.51, 0.01, 0.68, 0.01, 0.08233333333333333, 0.3323333333333333, 0.1101111111111111, 0.76, 0.01, 0.79]",[278490.0],0.608792903025945
593,"[0.08233333333333333, 0.3323333333333333, 0.1101111111111111, 0.26, 0.01, 0.12, 0.68, 0.08233333333333333, 0.3323333333333333, 0.1101111111111111, 0.84, 0.01, 0.57, 0.51, 0.08233333333333333, 0.3323333333333333, 0.1101111111111111, 0.76, 0.34, 0.9, 0.34, 0.84, 0.01, 0.01, 0.84, 0.34, 0.57, 0.51, 0.09, 0.68, 0.79, 0.43, 0.01, 0.01, 0.34, 0.43, 0.34, 0.9, 0.51, 0.34, 0.23, 0.01, 0.08233333333333333, 0.3323333333333333, 0.1101111111111111, 0.09, 0.01, 0.23, 0.68, 0.08233333333333333, 0.3323333333333333, 0.1101111111111111, 0.09, 0.68, 0.9, 0.01, 0.08233333333333333, 0.3323333333333333, 0.1101111111111111, 0.18, 0.68, 0.9]",[3184931.0],0.7328561355670293
594,"[0.08233333333333333, 0.3323333333333333, 0.1101111111111111, 0.08233333333333333, 0.3323333333333333, 0.1101111111111111, 0.3323333333333333, 0.08233333333333333, 0.3323333333333333, 0.1101111111111111, 0.08233333333333333, 0.3323333333333333, 0.1101111111111111, 0.499, 0.08233333333333333, 0.3323333333333333, 0.1101111111111111, 0.68, 0.34, 0.23, 0.68, 0.59, 0.68, 0.9, 0.43, 0.34, 0.9, 0.51, 0.09, 0.01, 0.01, 0.51, 0.68, 0.12, 0.34, 0.93, 0.01, 0.01, 0.09, 0.34, 0.01, 0.51, 0.08233333333333333, 0.3323333333333333, 0.1101111111111111, 0.18, 0.01, 0.79, 0.34, 0.34, 0.68, 0.57, 0.59, 0.68, 0.45, 0.51, 0.76, 0.68, 0.79, 0.76, 0.01, 0.68]",[556954.0],0.91003493865331
595,"[0.08233333333333333, 0.3323333333333333, 0.1101111111111111, 0.09, 0.68, 0.34, 0.68, 0.68, 0.01, 0.79, 0.09, 0.68, 0.79, 0.51, 0.43, 0.34, 0.45, 0.68, 0.01, 0.57, 0.34, 0.68, 0.68, 0.79, 0.76, 0.34, 0.79, 0.01, 0.08233333333333333, 0.3323333333333333, 0.1101111111111111, 0.93, 0.34, 0.79, 0.68, 0.08233333333333333, 0.3323333333333333, 0.1101111111111111, 0.76, 0.68, 0.23, 0.51, 0.34, 0.34, 0.9, 0.43, 0.34, 0.01, 0.68, 0.08233333333333333, 0.3323333333333333, 0.1101111111111111, 0.34, 0.01, 0.34, 0.51, 0.51, 0.68, 0.9, 0.93, 0.01, 0.12]",[11520087.0],0.942696425318718
596,"[0.08233333333333333, 0.3323333333333333, 0.1101111111111111, 0.08233333333333333, 0.3323333333333333, 0.1101111111111111, 0.3323333333333333, 0.08233333333333333, 0.3323333333333333, 0.1101111111111111, 0.08233333333333333, 0.3323333333333333, 0.1101111111111111, 0.499, 0.08233333333333333, 0.3323333333333333, 0.1101111111111111, 0.08233333333333333, 0.3323333333333333, 0.1101111111111111, 0.3323333333333333, 0.08233333333333333, 0.3323333333333333, 0.1101111111111111, 0.08233333333333333, 0.3323333333333333, 0.1101111111111111, 0.499, 0.26, 0.68, 0.57, 0.68, 0.68, 0.68, 0.68, 0.26, 0.34, 0.34, 0.43, 0.01, 0.34, 0.51, 0.09, 0.34, 0.68, 0.76, 0.68, 0.57, 0.34, 0.08233333333333333, 0.3323333333333333, 0.1101111111111111, 0.26, 0.01, 0.45, 0.01, 0.08233333333333333, 0.3323333333333333, 0.1101111111111111, 0.93, 0.68, 0.34]",[10782782.0],0.905439261595408
597,"[0.08233333333333333, 0.3323333333333333, 0.1101111111111111, 0.26, 0.34, 0.9, 0.68, 0.43, 0.01, 0.45, 0.34, 0.68, 0.9, 0.01, 0.08233333333333333, 0.3323333333333333, 0.1101111111111111, 0.43, 0.34, 0.12, 0.68, 0.08233333333333333, 0.3323333333333333, 0.1101111111111111, 0.09, 0.01, 0.57, 0.51, 0.93, 0.01, 0.34, 0.09, 0.01, 0.34, 0.34, 0.08233333333333333, 0.3323333333333333, 0.1101111111111111, 0.76, 0.01, 0.57, 0.01, 0.09, 0.68, 0.68, 0.51, 0.01, 0.68, 0.68, 0.43, 0.68, 0.79, 0.34, 0.68, 0.12, 0.01, 0.43, 0.34, 0.23, 0.09, 0.34, 0.45]",[167592.0],0.8948201214273771
598,"[0.08233333333333333, 0.3323333333333333, 0.1101111111111111, 0.34, 0.34, 0.34, 0.68, 0.43, 0.68, 0.23, 0.68, 0.01, 0.79, 0.01, 0.34, 0.01, 0.57, 0.26, 0.68, 0.34, 0.68, 0.51, 0.34, 0.01, 0.68, 0.01, 0.12, 0.51, 0.93, 0.34, 0.01, 0.34, 0.01, 0.68, 0.34, 0.08233333333333333, 0.3323333333333333, 0.1101111111111111, 0.93, 0.68, 0.57, 0.01, 0.08233333333333333, 0.3323333333333333, 0.1101111111111111, 0.09, 0.34, 0.23, 0.34, 0.08233333333333333, 0.3323333333333333, 0.1101111111111111, 0.76, 0.01, 0.12, 0.01, 0.93, 0.34, 0.79, 0.84, 0.68, 0.01]",[23540712.0],0.9231219018499056
599,"[0.08233333333333333, 0.3323333333333333, 0.1101111111111111, 0.08233333333333333, 0.3323333333333333, 0.1101111111111111, 0.3323333333333333, 0.08233333333333333, 0.3323333333333333, 0.1101111111111111, 0.08233333333333333, 0.3323333333333333, 0.1101111111111111, 0.499, 0.08233333333333333, 0.3323333333333333, 0.1101111111111111, 0.08233333333333333, 0.3323333333333333, 0.1101111111111111, 0.3323333333333333, 0.08233333333333333, 0.3323333333333333, 0.1101111111111111, 0.08233333333333333, 0.3323333333333333, 0.1101111111111111, 0.499, 0.09, 0.01, 0.9, 0.76, 0.34, 0.9, 0.34, 0.08233333333333333, 0.3323333333333333, 0.1101111111111111, 0.93, 0.01, 0.57, 0.51, 0.18, 0.01, 0.01, 0.18, 0.68, 0.57, 0.68, 0.08233333333333333, 0.3323333333333333, 0.1101111111111111, 0.76, 0.34, 0.12, 0.01, 0.51, 0.34, 0.68, 0.59, 0.34, 0.57]",[716183.0],0.3190444345275561
600,"[0.08233333333333333, 0.3323333333333333, 0.1101111111111111, 0.08233333333333333, 0.3323333333333333, 0.1101111111111111, 0.3323333333333333, 0.08233333333333333, 0.3323333333333333, 0.1101111111111111, 0.08233333333333333, 0.3323333333333333, 0.1101111111111111, 0.499, 0.59, 0.01, 0.68, 0.93, 0.01, 0.12, 0.68, 0.09, 0.68, 0.9, 0.76, 0.01, 0.01, 0.01, 0.51, 0.68, 0.68, 0.68, 0.68, 0.68, 0.68, 0.08233333333333333, 0.3323333333333333, 0.1101111111111111, 0.18, 0.34, 0.79, 0.01, 0.08233333333333333, 0.3323333333333333, 0.1101111111111111, 0.76, 0.01, 0.79, 0.34, 0.08233333333333333, 0.3323333333333333, 0.1101111111111111, 0.84, 0.68, 0.12, 0.01, 0.08233333333333333, 0.3323333333333333, 0.1101111111111111, 0.34, 0.68, 0.01]",[2239694.0],0.3213228096564611
601,"[0.08233333333333333, 0.3323333333333333, 0.1101111111111111, 0.76, 0.01, 0.79, 0.68, 0.08233333333333333, 0.3323333333333333, 0.1101111111111111, 0.84, 0.68, 0.12, 0.51, 0.08233333333333333, 0.3323333333333333, 0.1101111111111111, 0.34, 0.01, 0.12, 0.34, 0.08233333333333333, 0.3323333333333333, 0.1101111111111111, 0.76, 0.01, 0.57, 0.01, 0.08233333333333333, 0.3323333333333333, 0.1101111111111111, 0.76, 0.34, 0.23, 0.34, 0.43, 0.68, 0.45, 0.68, 0.01, 0.23, 0.01, 0.93, 0.68, 0.01, 0.84, 0.01, 0.45, 0.68, 0.08233333333333333, 0.3323333333333333, 0.1101111111111111, 0.93, 0.68, 0.34, 0.01, 0.59, 0.68, 0.23, 0.34, 0.01, 0.01]",[17888425.0],0.9433222060402234
602,"[0.08233333333333333, 0.3323333333333333, 0.1101111111111111, 0.08233333333333333, 0.3323333333333333, 0.1101111111111111, 0.3323333333333333, 0.08233333333333333, 0.3323333333333333, 0.1101111111111111, 0.08233333333333333, 0.3323333333333333, 0.1101111111111111, 0.499, 0.08233333333333333, 0.3323333333333333, 0.1101111111111111, 0.84, 0.34, 0.9, 0.68, 0.26, 0.01, 0.45, 0.43, 0.68, 0.34, 0.01, 0.08233333333333333, 0.3323333333333333, 0.1101111111111111, 0.93, 0.34, 0.12, 0.34, 0.68, 0.01, 0.68, 0.68, 0.68, 0.45, 0.01, 0.93, 0.01, 0.68, 0.93, 0.01, 0.9, 0.68, 0.68, 0.01, 0.45, 0.34, 0.68, 0.01, 0.01, 0.43, 0.01, 0.34, 0.68, 0.68, 0.12]",[7495901.0],0.9440918768445652
603,"[0.08233333333333333, 0.3323333333333333, 0.1101111111111111, 0.76, 0.01, 0.01, 0.68, 0.68, 0.01, 0.9, 0.59, 0.68, 0.45, 0.51, 0.08233333333333333, 0.3323333333333333, 0.1101111111111111, 0.93, 0.34, 0.01, 0.68, 0.34, 0.34, 0.57, 0.68, 0.68, 0.68, 0.01, 0.43, 0.34, 0.79, 0.43, 0.01, 0.12, 0.34, 0.51, 0.01, 0.34, 0.34, 0.68, 0.45, 0.51, 0.26, 0.34, 0.45, 0.84, 0.01, 0.45, 0.34, 0.84, 0.34, 0.23, 0.43, 0.68, 0.45, 0.01, 0.59, 0.34, 0.34, 0.68, 0.68, 0.9]",[4191933.0],0.942096755405267
604,"[0.08233333333333333, 0.3323333333333333, 0.1101111111111111, 0.59, 0.68, 0.34, 0.34, 0.08233333333333333, 0.3323333333333333, 0.1101111111111111, 0.18, 0.68, 0.68, 0.01, 0.08233333333333333, 0.3323333333333333, 0.1101111111111111, 0.93, 0.34, 0.23, 0.68, 0.68, 0.01, 0.01, 0.68, 0.01, 0.23, 0.51, 0.51, 0.01, 0.68, 0.34, 0.34, 0.79, 0.68, 0.68, 0.01, 0.01, 0.68, 0.01, 0.68, 0.51, 0.68, 0.01, 0.12, 0.84, 0.68, 0.57, 0.68, 0.59, 0.34, 0.45, 0.34, 0.01, 0.23, 0.51, 0.08233333333333333, 0.3323333333333333, 0.1101111111111111, 0.59, 0.34, 0.79]",[3171965.0],0.9406862641374272
605,"[0.43, 0.68, 0.57, 0.76, 0.68, 0.23, 0.34, 0.08233333333333333, 0.3323333333333333, 0.1101111111111111, 0.76, 0.34, 0.12, 0.01, 0.08233333333333333, 0.3323333333333333, 0.1101111111111111, 0.76, 0.68, 0.79, 0.68, 0.93, 0.34, 0.79, 0.51, 0.01, 0.45, 0.51, 0.43, 0.34, 0.23, 0.51, 0.68, 0.68, 0.34, 0.84, 0.34, 0.01, 0.09, 0.34, 0.9, 0.01, 0.08233333333333333, 0.3323333333333333, 0.1101111111111111, 0.93, 0.68, 0.9, 0.68, 0.08233333333333333, 0.3323333333333333, 0.1101111111111111, 0.43, 0.34, 0.9, 0.51, 0.26, 0.68, 0.79, 0.51, 0.01, 0.79]",[5434421.0],0.909408241013686
606,"[0.08233333333333333, 0.3323333333333333, 0.1101111111111111, 0.08233333333333333, 0.3323333333333333, 0.1101111111111111, 0.3323333333333333, 0.08233333333333333, 0.3323333333333333, 0.1101111111111111, 0.08233333333333333, 0.3323333333333333, 0.1101111111111111, 0.499, 0.08233333333333333, 0.3323333333333333, 0.1101111111111111, 0.09, 0.68, 0.79, 0.34, 0.08233333333333333, 0.3323333333333333, 0.1101111111111111, 0.34, 0.01, 0.57, 0.01, 0.08233333333333333, 0.3323333333333333, 0.1101111111111111, 0.59, 0.01, 0.23, 0.34, 0.68, 0.34, 0.01, 0.26, 0.68, 0.34, 0.51, 0.08233333333333333, 0.3323333333333333, 0.1101111111111111, 0.51, 0.68, 0.12, 0.68, 0.51, 0.68, 0.68, 0.68, 0.01, 0.45, 0.01, 0.08233333333333333, 0.3323333333333333, 0.1101111111111111, 0.84, 0.01, 0.68]",[1726431.0],0.87526153276364
607,"[0.08233333333333333, 0.3323333333333333, 0.1101111111111111, 0.08233333333333333, 0.3323333333333333, 0.1101111111111111, 0.3323333333333333, 0.08233333333333333, 0.3323333333333333, 0.1101111111111111, 0.08233333333333333, 0.3323333333333333, 0.1101111111111111, 0.499, 0.08233333333333333, 0.3323333333333333, 0.1101111111111111, 0.18, 0.01, 0.79, 0.68, 0.08233333333333333, 0.3323333333333333, 0.1101111111111111, 0.59, 0.68, 0.12, 0.01, 0.51, 0.68, 0.01, 0.68, 0.01, 0.12, 0.34, 0.84, 0.01, 0.23, 0.68, 0.01, 0.34, 0.51, 0.93, 0.01, 0.57, 0.68, 0.68, 0.34, 0.68, 0.08233333333333333, 0.3323333333333333, 0.1101111111111111, 0.43, 0.01, 0.01, 0.01, 0.26, 0.68, 0.23, 0.43, 0.68, 0.12]",[3841649.0],0.9322711760799092
608,"[0.08233333333333333, 0.3323333333333333, 0.1101111111111111, 0.08233333333333333, 0.3323333333333333, 0.1101111111111111, 0.3323333333333333, 0.08233333333333333, 0.3323333333333333, 0.1101111111111111, 0.08233333333333333, 0.3323333333333333, 0.1101111111111111, 0.499, 0.08233333333333333, 0.3323333333333333, 0.1101111111111111, 0.08233333333333333, 0.3323333333333333, 0.1101111111111111, 0.3323333333333333, 0.08233333333333333, 0.3323333333333333, 0.1101111111111111, 0.08233333333333333, 0.3323333333333333, 0.1101111111111111, 0.499, 0.08233333333333333, 0.3323333333333333, 0.1101111111111111, 0.09, 0.01, 0.34, 0.68, 0.43, 0.68, 0.79, 0.18, 0.68, 0.12, 0.51, 0.08233333333333333, 0.3323333333333333, 0.1101111111111111, 0.84, 0.68, 0.34, 0.34, 0.84, 0.01, 0.23, 0.34, 0.01, 0.68, 0.51, 0.08233333333333333, 0.3323333333333333, 0.1101111111111111, 0.59, 0.68, 0.01]",[1129131.0],0.8509895528356234
609,"[0.08233333333333333, 0.3323333333333333, 0.1101111111111111, 0.08233333333333333, 0.3323333333333333, 0.1101111111111111, 0.3323333333333333, 0.08233333333333333, 0.3323333333333333, 0.1101111111111111, 0.08233333333333333, 0.3323333333333333, 0.1101111111111111, 0.499, 0.08233333333333333, 0.3323333333333333, 0.1101111111111111, 0.08233333333333333, 0.3323333333333333, 0.1101111111111111, 0.3323333333333333, 0.08233333333333333, 0.3323333333333333, 0.1101111111111111, 0.08233333333333333, 0.3323333333333333, 0.1101111111111111, 0.499, 0.08233333333333333, 0.3323333333333333, 0.1101111111111111, 0.43, 0.68, 0.23, 0.34, 0.08233333333333333, 0.3323333333333333, 0.1101111111111111, 0.93, 0.34, 0.57, 0.51, 0.08233333333333333, 0.3323333333333333, 0.1101111111111111, 0.26, 0.01, 0.57, 0.68, 0.08233333333333333, 0.3323333333333333, 0.1101111111111111, 0.43, 0.34, 0.12, 0.01, 0.76, 0.68, 0.23, 0.34, 0.01, 0.34]",[257029.0],0.8357564985752106
610,"[0.08233333333333333, 0.3323333333333333, 0.1101111111111111, 0.43, 0.01, 0.23, 0.68, 0.08233333333333333, 0.3323333333333333, 0.1101111111111111, 0.18, 0.01, 0.34, 0.01, 0.34, 0.01, 0.9, 0.26, 0.68, 0.45, 0.34, 0.93, 0.68, 0.9, 0.76, 0.01, 0.12, 0.01, 0.08233333333333333, 0.3323333333333333, 0.1101111111111111, 0.68, 0.68, 0.79, 0.68, 0.59, 0.68, 0.01, 0.43, 0.01, 0.57, 0.01, 0.18, 0.34, 0.68, 0.51, 0.68, 0.23, 0.68, 0.08233333333333333, 0.3323333333333333, 0.1101111111111111, 0.43, 0.34, 0.01, 0.01, 0.08233333333333333, 0.3323333333333333, 0.1101111111111111, 0.59, 0.68, 0.01]",[1062803.0],0.8811654056111972
611,"[0.08233333333333333, 0.3323333333333333, 0.1101111111111111, 0.08233333333333333, 0.3323333333333333, 0.1101111111111111, 0.3323333333333333, 0.08233333333333333, 0.3323333333333333, 0.1101111111111111, 0.08233333333333333, 0.3323333333333333, 0.1101111111111111, 0.499, 0.08233333333333333, 0.3323333333333333, 0.1101111111111111, 0.08233333333333333, 0.3323333333333333, 0.1101111111111111, 0.3323333333333333, 0.08233333333333333, 0.3323333333333333, 0.1101111111111111, 0.08233333333333333, 0.3323333333333333, 0.1101111111111111, 0.499, 0.08233333333333333, 0.3323333333333333, 0.1101111111111111, 0.59, 0.34, 0.57, 0.68, 0.08233333333333333, 0.3323333333333333, 0.1101111111111111, 0.18, 0.01, 0.45, 0.01, 0.34, 0.01, 0.79, 0.59, 0.01, 0.57, 0.68, 0.84, 0.34, 0.01, 0.76, 0.01, 0.45, 0.01, 0.26, 0.68, 0.68, 0.09, 0.34, 0.68]",[410521.0],0.8531880224744479
612,"[0.84, 0.01, 0.01, 0.59, 0.34, 0.57, 0.68, 0.08233333333333333, 0.3323333333333333, 0.1101111111111111, 0.43, 0.68, 0.45, 0.01, 0.08233333333333333, 0.3323333333333333, 0.1101111111111111, 0.43, 0.68, 0.9, 0.68, 0.08233333333333333, 0.3323333333333333, 0.1101111111111111, 0.43, 0.01, 0.79, 0.01, 0.08233333333333333, 0.3323333333333333, 0.1101111111111111, 0.93, 0.01, 0.68, 0.68, 0.93, 0.68, 0.57, 0.09, 0.68, 0.79, 0.01, 0.08233333333333333, 0.3323333333333333, 0.1101111111111111, 0.93, 0.68, 0.68, 0.68, 0.08233333333333333, 0.3323333333333333, 0.1101111111111111, 0.76, 0.68, 0.12, 0.01, 0.51, 0.68, 0.12, 0.09, 0.34, 0.01]",[34239761.0],0.8939844275514285
613,"[0.08233333333333333, 0.3323333333333333, 0.1101111111111111, 0.08233333333333333, 0.3323333333333333, 0.1101111111111111, 0.3323333333333333, 0.08233333333333333, 0.3323333333333333, 0.1101111111111111, 0.08233333333333333, 0.3323333333333333, 0.1101111111111111, 0.499, 0.76, 0.01, 0.01, 0.51, 0.34, 0.57, 0.68, 0.43, 0.01, 0.45, 0.43, 0.01, 0.23, 0.01, 0.43, 0.68, 0.79, 0.59, 0.68, 0.57, 0.34, 0.08233333333333333, 0.3323333333333333, 0.1101111111111111, 0.68, 0.34, 0.12, 0.01, 0.08233333333333333, 0.3323333333333333, 0.1101111111111111, 0.93, 0.34, 0.79, 0.68, 0.08233333333333333, 0.3323333333333333, 0.1101111111111111, 0.76, 0.34, 0.68, 0.01, 0.59, 0.68, 0.34, 0.68, 0.01, 0.68]",[3341185.0],0.932729099690914
614,"[0.08233333333333333, 0.3323333333333333, 0.1101111111111111, 0.08233333333333333, 0.3323333333333333, 0.1101111111111111, 0.3323333333333333, 0.08233333333333333, 0.3323333333333333, 0.1101111111111111, 0.08233333333333333, 0.3323333333333333, 0.1101111111111111, 0.499, 0.08233333333333333, 0.3323333333333333, 0.1101111111111111, 0.59, 0.34, 0.9, 0.68, 0.08233333333333333, 0.3323333333333333, 0.1101111111111111, 0.34, 0.01, 0.57, 0.01, 0.68, 0.68, 0.79, 0.84, 0.68, 0.01, 0.34, 0.08233333333333333, 0.3323333333333333, 0.1101111111111111, 0.76, 0.68, 0.57, 0.51, 0.43, 0.01, 0.79, 0.43, 0.34, 0.34, 0.68, 0.59, 0.01, 0.68, 0.93, 0.01, 0.23, 0.51, 0.34, 0.68, 0.79, 0.43, 0.68, 0.45]",[10851473.0],0.9409132714072864
615,"[0.08233333333333333, 0.3323333333333333, 0.1101111111111111, 0.08233333333333333, 0.3323333333333333, 0.1101111111111111, 0.3323333333333333, 0.08233333333333333, 0.3323333333333333, 0.1101111111111111, 0.08233333333333333, 0.3323333333333333, 0.1101111111111111, 0.499, 0.08233333333333333, 0.3323333333333333, 0.1101111111111111, 0.68, 0.34, 0.45, 0.34, 0.34, 0.68, 0.01, 0.18, 0.34, 0.68, 0.51, 0.43, 0.34, 0.12, 0.84, 0.34, 0.01, 0.68, 0.68, 0.68, 0.23, 0.59, 0.68, 0.01, 0.51, 0.08233333333333333, 0.3323333333333333, 0.1101111111111111, 0.09, 0.68, 0.9, 0.34, 0.26, 0.01, 0.79, 0.09, 0.68, 0.23, 0.51, 0.08233333333333333, 0.3323333333333333, 0.1101111111111111, 0.76, 0.01, 0.34]",[2130624.0],0.9121931915481886
616,"[0.08233333333333333, 0.3323333333333333, 0.1101111111111111, 0.08233333333333333, 0.3323333333333333, 0.1101111111111111, 0.3323333333333333, 0.08233333333333333, 0.3323333333333333, 0.1101111111111111, 0.08233333333333333, 0.3323333333333333, 0.1101111111111111, 0.499, 0.08233333333333333, 0.3323333333333333, 0.1101111111111111, 0.08233333333333333, 0.3323333333333333, 0.1101111111111111, 0.3323333333333333, 0.08233333333333333, 0.3323333333333333, 0.1101111111111111, 0.08233333333333333, 0.3323333333333333, 0.1101111111111111, 0.499, 0.08233333333333333, 0.3323333333333333, 0.1101111111111111, 0.51, 0.34, 0.68, 0.68, 0.08233333333333333, 0.3323333333333333, 0.1101111111111111, 0.51, 0.34, 0.57, 0.01, 0.93, 0.01, 0.01, 0.93, 0.01, 0.01, 0.34, 0.08233333333333333, 0.3323333333333333, 0.1101111111111111, 0.51, 0.68, 0.57, 0.51, 0.84, 0.68, 0.57, 0.34, 0.34, 0.12]",[15070173.0],0.9203635935982069
617,"[0.08233333333333333, 0.3323333333333333, 0.1101111111111111, 0.51, 0.34, 0.9, 0.34, 0.76, 0.01, 0.01, 0.93, 0.01, 0.34, 0.51, 0.09, 0.34, 0.9, 0.68, 0.34, 0.23, 0.34, 0.93, 0.01, 0.12, 0.26, 0.01, 0.79, 0.51, 0.08233333333333333, 0.3323333333333333, 0.1101111111111111, 0.26, 0.01, 0.68, 0.68, 0.34, 0.34, 0.45, 0.43, 0.34, 0.23, 0.51, 0.18, 0.01, 0.34, 0.26, 0.68, 0.68, 0.68, 0.08233333333333333, 0.3323333333333333, 0.1101111111111111, 0.51, 0.01, 0.79, 0.51, 0.09, 0.01, 0.9, 0.84, 0.34, 0.01]",[970087.0],0.724544794857502
618,"[0.08233333333333333, 0.3323333333333333, 0.1101111111111111, 0.51, 0.34, 0.12, 0.68, 0.26, 0.34, 0.68, 0.18, 0.34, 0.79, 0.01, 0.08233333333333333, 0.3323333333333333, 0.1101111111111111, 0.59, 0.68, 0.23, 0.68, 0.93, 0.68, 0.57, 0.09, 0.01, 0.68, 0.51, 0.08233333333333333, 0.3323333333333333, 0.1101111111111111, 0.76, 0.68, 0.79, 0.68, 0.08233333333333333, 0.3323333333333333, 0.1101111111111111, 0.18, 0.34, 0.45, 0.01, 0.08233333333333333, 0.3323333333333333, 0.1101111111111111, 0.18, 0.34, 0.45, 0.34, 0.68, 0.01, 0.68, 0.26, 0.68, 0.57, 0.01, 0.08233333333333333, 0.3323333333333333, 0.1101111111111111, 0.18, 0.34, 0.12]",[2149234.0],0.9251552999019624
619,"[0.08233333333333333, 0.3323333333333333, 0.1101111111111111, 0.08233333333333333, 0.3323333333333333, 0.1101111111111111, 0.3323333333333333, 0.08233333333333333, 0.3323333333333333, 0.1101111111111111, 0.08233333333333333, 0.3323333333333333, 0.1101111111111111, 0.499, 0.08233333333333333, 0.3323333333333333, 0.1101111111111111, 0.51, 0.68, 0.23, 0.68, 0.08233333333333333, 0.3323333333333333, 0.1101111111111111, 0.76, 0.68, 0.01, 0.51, 0.43, 0.68, 0.01, 0.09, 0.34, 0.23, 0.34, 0.09, 0.01, 0.79, 0.59, 0.34, 0.34, 0.01, 0.09, 0.01, 0.01, 0.68, 0.34, 0.57, 0.68, 0.08233333333333333, 0.3323333333333333, 0.1101111111111111, 0.84, 0.68, 0.23, 0.51, 0.08233333333333333, 0.3323333333333333, 0.1101111111111111, 0.09, 0.01, 0.9]",[3139123.0],0.8598072618246079
620,"[0.08233333333333333, 0.3323333333333333, 0.1101111111111111, 0.08233333333333333, 0.3323333333333333, 0.1101111111111111, 0.3323333333333333, 0.08233333333333333, 0.3323333333333333, 0.1101111111111111, 0.08233333333333333, 0.3323333333333333, 0.1101111111111111, 0.499, 0.08233333333333333, 0.3323333333333333, 0.1101111111111111, 0.08233333333333333, 0.3323333333333333, 0.1101111111111111, 0.3323333333333333, 0.08233333333333333, 0.3323333333333333, 0.1101111111111111, 0.08233333333333333, 0.3323333333333333, 0.1101111111111111, 0.499, 0.26, 0.68, 0.23, 0.18, 0.68, 0.12, 0.34, 0.08233333333333333, 0.3323333333333333, 0.1101111111111111, 0.34, 0.01, 0.9, 0.01, 0.18, 0.34, 0.01, 0.59, 0.01, 0.23, 0.68, 0.68, 0.01, 0.57, 0.93, 0.34, 0.45, 0.01, 0.08233333333333333, 0.3323333333333333, 0.1101111111111111, 0.76, 0.34, 0.34]",[5830929.0],0.8053891365726789
621,"[0.51, 0.34, 0.12, 0.43, 0.68, 0.57, 0.68, 0.08233333333333333, 0.3323333333333333, 0.1101111111111111, 0.51, 0.68, 0.01, 0.51, 0.43, 0.34, 0.45, 0.68, 0.68, 0.79, 0.68, 0.08233333333333333, 0.3323333333333333, 0.1101111111111111, 0.68, 0.68, 0.45, 0.01, 0.76, 0.01, 0.01, 0.09, 0.01, 0.45, 0.34, 0.08233333333333333, 0.3323333333333333, 0.1101111111111111, 0.51, 0.68, 0.9, 0.01, 0.08233333333333333, 0.3323333333333333, 0.1101111111111111, 0.18, 0.68, 0.57, 0.68, 0.26, 0.01, 0.34, 0.09, 0.01, 0.79, 0.01, 0.43, 0.01, 0.01, 0.51, 0.34, 0.57]",[315428.0],0.8970778619249662
622,"[0.08233333333333333, 0.3323333333333333, 0.1101111111111111, 0.08233333333333333, 0.3323333333333333, 0.1101111111111111, 0.3323333333333333, 0.08233333333333333, 0.3323333333333333, 0.1101111111111111, 0.08233333333333333, 0.3323333333333333, 0.1101111111111111, 0.499, 0.84, 0.68, 0.57, 0.18, 0.01, 0.34, 0.34, 0.08233333333333333, 0.3323333333333333, 0.1101111111111111, 0.51, 0.34, 0.34, 0.51, 0.08233333333333333, 0.3323333333333333, 0.1101111111111111, 0.68, 0.34, 0.9, 0.34, 0.51, 0.01, 0.9, 0.43, 0.34, 0.9, 0.51, 0.08233333333333333, 0.3323333333333333, 0.1101111111111111, 0.43, 0.01, 0.68, 0.34, 0.08233333333333333, 0.3323333333333333, 0.1101111111111111, 0.59, 0.68, 0.12, 0.01, 0.08233333333333333, 0.3323333333333333, 0.1101111111111111, 0.59, 0.01, 0.9]",[187631.0],0.91650683482488
623,"[0.08233333333333333, 0.3323333333333333, 0.1101111111111111, 0.08233333333333333, 0.3323333333333333, 0.1101111111111111, 0.3323333333333333, 0.08233333333333333, 0.3323333333333333, 0.1101111111111111, 0.08233333333333333, 0.3323333333333333, 0.1101111111111111, 0.499, 0.08233333333333333, 0.3323333333333333, 0.1101111111111111, 0.68, 0.01, 0.79, 0.34, 0.59, 0.01, 0.45, 0.43, 0.34, 0.9, 0.51, 0.08233333333333333, 0.3323333333333333, 0.1101111111111111, 0.93, 0.68, 0.34, 0.34, 0.93, 0.34, 0.79, 0.43, 0.34, 0.57, 0.01, 0.08233333333333333, 0.3323333333333333, 0.1101111111111111, 0.59, 0.68, 0.01, 0.68, 0.59, 0.68, 0.23, 0.84, 0.01, 0.79, 0.51, 0.08233333333333333, 0.3323333333333333, 0.1101111111111111, 0.59, 0.68, 0.23]",[11155097.0],0.929022823770841
624,"[0.08233333333333333, 0.3323333333333333, 0.1101111111111111, 0.08233333333333333, 0.3323333333333333, 0.1101111111111111, 0.3323333333333333, 0.08233333333333333, 0.3323333333333333, 0.1101111111111111, 0.08233333333333333, 0.3323333333333333, 0.1101111111111111, 0.499, 0.08233333333333333, 0.3323333333333333, 0.1101111111111111, 0.08233333333333333, 0.3323333333333333, 0.1101111111111111, 0.3323333333333333, 0.08233333333333333, 0.3323333333333333, 0.1101111111111111, 0.08233333333333333, 0.3323333333333333, 0.1101111111111111, 0.499, 0.08233333333333333, 0.3323333333333333, 0.1101111111111111, 0.51, 0.01, 0.79, 0.34, 0.08233333333333333, 0.3323333333333333, 0.1101111111111111, 0.68, 0.68, 0.01, 0.51, 0.08233333333333333, 0.3323333333333333, 0.1101111111111111, 0.09, 0.01, 0.01, 0.68, 0.76, 0.01, 0.9, 0.18, 0.01, 0.12, 0.01, 0.93, 0.01, 0.79, 0.09, 0.68, 0.23]",[137595.0],0.7841566239794096
625,"[0.08233333333333333, 0.3323333333333333, 0.1101111111111111, 0.08233333333333333, 0.3323333333333333, 0.1101111111111111, 0.3323333333333333, 0.08233333333333333, 0.3323333333333333, 0.1101111111111111, 0.08233333333333333, 0.3323333333333333, 0.1101111111111111, 0.499, 0.08233333333333333, 0.3323333333333333, 0.1101111111111111, 0.08233333333333333, 0.3323333333333333, 0.1101111111111111, 0.3323333333333333, 0.08233333333333333, 0.3323333333333333, 0.1101111111111111, 0.08233333333333333, 0.3323333333333333, 0.1101111111111111, 0.499, 0.08233333333333333, 0.3323333333333333, 0.1101111111111111, 0.51, 0.01, 0.34, 0.68, 0.08233333333333333, 0.3323333333333333, 0.1101111111111111, 0.59, 0.68, 0.57, 0.51, 0.08233333333333333, 0.3323333333333333, 0.1101111111111111, 0.51, 0.01, 0.9, 0.34, 0.08233333333333333, 0.3323333333333333, 0.1101111111111111, 0.09, 0.68, 0.45, 0.51, 0.08233333333333333, 0.3323333333333333, 0.1101111111111111, 0.76, 0.34, 0.34]",[264073.0],0.833146954079469
626,"[0.08233333333333333, 0.3323333333333333, 0.1101111111111111, 0.08233333333333333, 0.3323333333333333, 0.1101111111111111, 0.3323333333333333, 0.08233333333333333, 0.3323333333333333, 0.1101111111111111, 0.08233333333333333, 0.3323333333333333, 0.1101111111111111, 0.499, 0.08233333333333333, 0.3323333333333333, 0.1101111111111111, 0.08233333333333333, 0.3323333333333333, 0.1101111111111111, 0.3323333333333333, 0.08233333333333333, 0.3323333333333333, 0.1101111111111111, 0.08233333333333333, 0.3323333333333333, 0.1101111111111111, 0.499, 0.08233333333333333, 0.3323333333333333, 0.1101111111111111, 0.84, 0.34, 0.57, 0.34, 0.08233333333333333, 0.3323333333333333, 0.1101111111111111, 0.84, 0.34, 0.34, 0.01, 0.59, 0.01, 0.68, 0.84, 0.01, 0.45, 0.34, 0.08233333333333333, 0.3323333333333333, 0.1101111111111111, 0.34, 0.34, 0.9, 0.51, 0.51, 0.01, 0.45, 0.93, 0.01, 0.12]",[2345537.0],0.8855640769004822
627,"[0.26, 0.34, 0.34, 0.18, 0.34, 0.34, 0.34, 0.08233333333333333, 0.3323333333333333, 0.1101111111111111, 0.09, 0.01, 0.12, 0.01, 0.08233333333333333, 0.3323333333333333, 0.1101111111111111, 0.34, 0.68, 0.9, 0.68, 0.09, 0.34, 0.57, 0.43, 0.68, 0.12, 0.01, 0.08233333333333333, 0.3323333333333333, 0.1101111111111111, 0.68, 0.68, 0.12, 0.68, 0.84, 0.34, 0.01, 0.84, 0.68, 0.9, 0.01, 0.08233333333333333, 0.3323333333333333, 0.1101111111111111, 0.34, 0.68, 0.45, 0.34, 0.68, 0.68, 0.9, 0.76, 0.68, 0.34, 0.51, 0.18, 0.01, 0.12, 0.84, 0.68, 0.9]",[11323012.0],0.9344395905733108
628,"[0.08233333333333333, 0.3323333333333333, 0.1101111111111111, 0.68, 0.01, 0.01, 0.34, 0.08233333333333333, 0.3323333333333333, 0.1101111111111111, 0.51, 0.68, 0.23, 0.51, 0.68, 0.34, 0.12, 0.84, 0.34, 0.34, 0.34, 0.84, 0.34, 0.57, 0.59, 0.01, 0.68, 0.51, 0.76, 0.34, 0.9, 0.59, 0.01, 0.68, 0.68, 0.08233333333333333, 0.3323333333333333, 0.1101111111111111, 0.76, 0.01, 0.79, 0.01, 0.59, 0.34, 0.12, 0.26, 0.68, 0.12, 0.34, 0.08233333333333333, 0.3323333333333333, 0.1101111111111111, 0.43, 0.68, 0.79, 0.01, 0.08233333333333333, 0.3323333333333333, 0.1101111111111111, 0.93, 0.68, 0.23]",[9947949.0],0.9507018650571504
629,"[0.08233333333333333, 0.3323333333333333, 0.1101111111111111, 0.18, 0.34, 0.9, 0.68, 0.76, 0.01, 0.23, 0.43, 0.01, 0.23, 0.51, 0.18, 0.68, 0.57, 0.93, 0.01, 0.45, 0.68, 0.08233333333333333, 0.3323333333333333, 0.1101111111111111, 0.18, 0.01, 0.12, 0.01, 0.26, 0.68, 0.45, 0.26, 0.34, 0.68, 0.68, 0.08233333333333333, 0.3323333333333333, 0.1101111111111111, 0.18, 0.01, 0.01, 0.51, 0.68, 0.01, 0.79, 0.18, 0.01, 0.57, 0.34, 0.68, 0.68, 0.12, 0.68, 0.34, 0.9, 0.51, 0.08233333333333333, 0.3323333333333333, 0.1101111111111111, 0.84, 0.68, 0.23]",[1673224.0],0.8973504583040873
630,"[0.08233333333333333, 0.3323333333333333, 0.1101111111111111, 0.08233333333333333, 0.3323333333333333, 0.1101111111111111, 0.3323333333333333, 0.08233333333333333, 0.3323333333333333, 0.1101111111111111, 0.08233333333333333, 0.3323333333333333, 0.1101111111111111, 0.499, 0.08233333333333333, 0.3323333333333333, 0.1101111111111111, 0.08233333333333333, 0.3323333333333333, 0.1101111111111111, 0.3323333333333333, 0.08233333333333333, 0.3323333333333333, 0.1101111111111111, 0.08233333333333333, 0.3323333333333333, 0.1101111111111111, 0.499, 0.34, 0.34, 0.45, 0.26, 0.01, 0.12, 0.68, 0.08233333333333333, 0.3323333333333333, 0.1101111111111111, 0.84, 0.34, 0.01, 0.01, 0.26, 0.34, 0.68, 0.76, 0.68, 0.68, 0.34, 0.08233333333333333, 0.3323333333333333, 0.1101111111111111, 0.68, 0.34, 0.45, 0.51, 0.08233333333333333, 0.3323333333333333, 0.1101111111111111, 0.26, 0.01, 0.45]",[983015.0],0.8789097492893537
631,"[0.08233333333333333, 0.3323333333333333, 0.1101111111111111, 0.08233333333333333, 0.3323333333333333, 0.1101111111111111, 0.3323333333333333, 0.08233333333333333, 0.3323333333333333, 0.1101111111111111, 0.08233333333333333, 0.3323333333333333, 0.1101111111111111, 0.499, 0.08233333333333333, 0.3323333333333333, 0.1101111111111111, 0.51, 0.34, 0.57, 0.34, 0.08233333333333333, 0.3323333333333333, 0.1101111111111111, 0.43, 0.68, 0.9, 0.51, 0.84, 0.34, 0.45, 0.68, 0.68, 0.01, 0.68, 0.08233333333333333, 0.3323333333333333, 0.1101111111111111, 0.59, 0.01, 0.79, 0.01, 0.93, 0.01, 0.57, 0.43, 0.34, 0.68, 0.68, 0.09, 0.34, 0.79, 0.59, 0.68, 0.23, 0.51, 0.08233333333333333, 0.3323333333333333, 0.1101111111111111, 0.76, 0.01, 0.45]",[2264164.0],0.9082350641489028
632,"[0.08233333333333333, 0.3323333333333333, 0.1101111111111111, 0.18, 0.68, 0.79, 0.68, 0.08233333333333333, 0.3323333333333333, 0.1101111111111111, 0.68, 0.34, 0.23, 0.51, 0.51, 0.34, 0.9, 0.43, 0.01, 0.9, 0.34, 0.76, 0.01, 0.79, 0.59, 0.68, 0.68, 0.51, 0.08233333333333333, 0.3323333333333333, 0.1101111111111111, 0.93, 0.34, 0.01, 0.34, 0.08233333333333333, 0.3323333333333333, 0.1101111111111111, 0.59, 0.01, 0.79, 0.01, 0.09, 0.01, 0.79, 0.34, 0.01, 0.79, 0.34, 0.68, 0.34, 0.01, 0.76, 0.34, 0.57, 0.51, 0.93, 0.68, 0.45, 0.18, 0.34, 0.23]",[1443679.0],0.9191020131111144
633,"[0.08233333333333333, 0.3323333333333333, 0.1101111111111111, 0.08233333333333333, 0.3323333333333333, 0.1101111111111111, 0.3323333333333333, 0.08233333333333333, 0.3323333333333333, 0.1101111111111111, 0.08233333333333333, 0.3323333333333333, 0.1101111111111111, 0.499, 0.08233333333333333, 0.3323333333333333, 0.1101111111111111, 0.08233333333333333, 0.3323333333333333, 0.1101111111111111, 0.3323333333333333, 0.08233333333333333, 0.3323333333333333, 0.1101111111111111, 0.08233333333333333, 0.3323333333333333, 0.1101111111111111, 0.499, 0.68, 0.34, 0.34, 0.68, 0.01, 0.9, 0.34, 0.08233333333333333, 0.3323333333333333, 0.1101111111111111, 0.34, 0.01, 0.45, 0.01, 0.93, 0.01, 0.57, 0.84, 0.68, 0.45, 0.34, 0.08233333333333333, 0.3323333333333333, 0.1101111111111111, 0.76, 0.01, 0.12, 0.01, 0.08233333333333333, 0.3323333333333333, 0.1101111111111111, 0.34, 0.34, 0.23]",[13567937.0],0.9259171565373738
634,"[0.08233333333333333, 0.3323333333333333, 0.1101111111111111, 0.08233333333333333, 0.3323333333333333, 0.1101111111111111, 0.3323333333333333, 0.08233333333333333, 0.3323333333333333, 0.1101111111111111, 0.08233333333333333, 0.3323333333333333, 0.1101111111111111, 0.499, 0.08233333333333333, 0.3323333333333333, 0.1101111111111111, 0.68, 0.01, 0.01, 0.68, 0.09, 0.68, 0.9, 0.93, 0.68, 0.34, 0.51, 0.59, 0.68, 0.45, 0.26, 0.68, 0.9, 0.68, 0.08233333333333333, 0.3323333333333333, 0.1101111111111111, 0.09, 0.34, 0.23, 0.51, 0.08233333333333333, 0.3323333333333333, 0.1101111111111111, 0.76, 0.34, 0.34, 0.68, 0.09, 0.01, 0.68, 0.26, 0.68, 0.45, 0.51, 0.08233333333333333, 0.3323333333333333, 0.1101111111111111, 0.76, 0.34, 0.57]",[977468.0],0.3185437108079592
635,"[0.08233333333333333, 0.3323333333333333, 0.1101111111111111, 0.08233333333333333, 0.3323333333333333, 0.1101111111111111, 0.3323333333333333, 0.08233333333333333, 0.3323333333333333, 0.1101111111111111, 0.08233333333333333, 0.3323333333333333, 0.1101111111111111, 0.499, 0.08233333333333333, 0.3323333333333333, 0.1101111111111111, 0.26, 0.34, 0.68, 0.68, 0.08233333333333333, 0.3323333333333333, 0.1101111111111111, 0.43, 0.34, 0.23, 0.51, 0.08233333333333333, 0.3323333333333333, 0.1101111111111111, 0.09, 0.68, 0.01, 0.68, 0.08233333333333333, 0.3323333333333333, 0.1101111111111111, 0.68, 0.34, 0.9, 0.51, 0.08233333333333333, 0.3323333333333333, 0.1101111111111111, 0.59, 0.34, 0.34, 0.34, 0.26, 0.01, 0.34, 0.76, 0.34, 0.57, 0.51, 0.59, 0.34, 0.12, 0.51, 0.34, 0.12]",[391836.0],0.9077009469270706
636,"[0.08233333333333333, 0.3323333333333333, 0.1101111111111111, 0.08233333333333333, 0.3323333333333333, 0.1101111111111111, 0.3323333333333333, 0.08233333333333333, 0.3323333333333333, 0.1101111111111111, 0.08233333333333333, 0.3323333333333333, 0.1101111111111111, 0.499, 0.08233333333333333, 0.3323333333333333, 0.1101111111111111, 0.26, 0.68, 0.68, 0.34, 0.09, 0.01, 0.23, 0.51, 0.68, 0.9, 0.51, 0.08233333333333333, 0.3323333333333333, 0.1101111111111111, 0.43, 0.34, 0.45, 0.68, 0.34, 0.01, 0.45, 0.68, 0.34, 0.57, 0.01, 0.08233333333333333, 0.3323333333333333, 0.1101111111111111, 0.59, 0.68, 0.23, 0.68, 0.18, 0.01, 0.57, 0.93, 0.01, 0.34, 0.01, 0.76, 0.68, 0.01, 0.26, 0.34, 0.9]",[4698502.0],0.8941807011763255
637,"[0.08233333333333333, 0.3323333333333333, 0.1101111111111111, 0.08233333333333333, 0.3323333333333333, 0.1101111111111111, 0.3323333333333333, 0.08233333333333333, 0.3323333333333333, 0.1101111111111111, 0.08233333333333333, 0.3323333333333333, 0.1101111111111111, 0.499, 0.08233333333333333, 0.3323333333333333, 0.1101111111111111, 0.08233333333333333, 0.3323333333333333, 0.1101111111111111, 0.3323333333333333, 0.08233333333333333, 0.3323333333333333, 0.1101111111111111, 0.08233333333333333, 0.3323333333333333, 0.1101111111111111, 0.499, 0.26, 0.34, 0.34, 0.59, 0.68, 0.45, 0.34, 0.84, 0.01, 0.23, 0.51, 0.68, 0.9, 0.01, 0.08233333333333333, 0.3323333333333333, 0.1101111111111111, 0.84, 0.34, 0.01, 0.34, 0.08233333333333333, 0.3323333333333333, 0.1101111111111111, 0.68, 0.01, 0.68, 0.01, 0.08233333333333333, 0.3323333333333333, 0.1101111111111111, 0.43, 0.68, 0.57]",[1053945.0],0.898832601805528
638,"[0.08233333333333333, 0.3323333333333333, 0.1101111111111111, 0.59, 0.68, 0.34, 0.68, 0.08233333333333333, 0.3323333333333333, 0.1101111111111111, 0.43, 0.34, 0.23, 0.51, 0.84, 0.68, 0.34, 0.84, 0.68, 0.23, 0.34, 0.34, 0.34, 0.12, 0.34, 0.68, 0.68, 0.51, 0.08233333333333333, 0.3323333333333333, 0.1101111111111111, 0.09, 0.34, 0.34, 0.34, 0.68, 0.34, 0.68, 0.68, 0.68, 0.45, 0.01, 0.09, 0.01, 0.45, 0.09, 0.68, 0.79, 0.68, 0.84, 0.68, 0.01, 0.34, 0.68, 0.79, 0.01, 0.09, 0.34, 0.9, 0.34, 0.34, 0.9]",[8098028.0],0.908608728647232
639,"[0.08233333333333333, 0.3323333333333333, 0.1101111111111111, 0.08233333333333333, 0.3323333333333333, 0.1101111111111111, 0.3323333333333333, 0.08233333333333333, 0.3323333333333333, 0.1101111111111111, 0.08233333333333333, 0.3323333333333333, 0.1101111111111111, 0.499, 0.08233333333333333, 0.3323333333333333, 0.1101111111111111, 0.08233333333333333, 0.3323333333333333, 0.1101111111111111, 0.3323333333333333, 0.08233333333333333, 0.3323333333333333, 0.1101111111111111, 0.08233333333333333, 0.3323333333333333, 0.1101111111111111, 0.499, 0.26, 0.34, 0.34, 0.59, 0.34, 0.12, 0.34, 0.08233333333333333, 0.3323333333333333, 0.1101111111111111, 0.18, 0.68, 0.9, 0.01, 0.08233333333333333, 0.3323333333333333, 0.1101111111111111, 0.18, 0.68, 0.57, 0.68, 0.93, 0.68, 0.34, 0.51, 0.01, 0.45, 0.01, 0.09, 0.34, 0.45, 0.84, 0.68, 0.79]",[14218140.0],0.9038897747794788
640,"[0.08233333333333333, 0.3323333333333333, 0.1101111111111111, 0.08233333333333333, 0.3323333333333333, 0.1101111111111111, 0.3323333333333333, 0.08233333333333333, 0.3323333333333333, 0.1101111111111111, 0.08233333333333333, 0.3323333333333333, 0.1101111111111111, 0.499, 0.08233333333333333, 0.3323333333333333, 0.1101111111111111, 0.08233333333333333, 0.3323333333333333, 0.1101111111111111, 0.3323333333333333, 0.08233333333333333, 0.3323333333333333, 0.1101111111111111, 0.08233333333333333, 0.3323333333333333, 0.1101111111111111, 0.499, 0.08233333333333333, 0.3323333333333333, 0.1101111111111111, 0.59, 0.01, 0.57, 0.68, 0.18, 0.34, 0.12, 0.84, 0.34, 0.34, 0.51, 0.43, 0.01, 0.23, 0.59, 0.34, 0.12, 0.34, 0.08233333333333333, 0.3323333333333333, 0.1101111111111111, 0.68, 0.68, 0.9, 0.01, 0.08233333333333333, 0.3323333333333333, 0.1101111111111111, 0.09, 0.68, 0.34]",[62463.0],0.8730156987905502
641,"[0.08233333333333333, 0.3323333333333333, 0.1101111111111111, 0.43, 0.34, 0.9, 0.68, 0.68, 0.34, 0.45, 0.43, 0.34, 0.57, 0.01, 0.08233333333333333, 0.3323333333333333, 0.1101111111111111, 0.93, 0.34, 0.68, 0.34, 0.08233333333333333, 0.3323333333333333, 0.1101111111111111, 0.84, 0.01, 0.79, 0.51, 0.08233333333333333, 0.3323333333333333, 0.1101111111111111, 0.84, 0.01, 0.23, 0.68, 0.08233333333333333, 0.3323333333333333, 0.1101111111111111, 0.59, 0.01, 0.57, 0.51, 0.51, 0.68, 0.9, 0.68, 0.68, 0.12, 0.34, 0.08233333333333333, 0.3323333333333333, 0.1101111111111111, 0.84, 0.01, 0.12, 0.01, 0.08233333333333333, 0.3323333333333333, 0.1101111111111111, 0.76, 0.68, 0.34]",[5186401.0],0.949032573401928
642,"[0.08233333333333333, 0.3323333333333333, 0.1101111111111111, 0.34, 0.34, 0.68, 0.34, 0.34, 0.01, 0.12, 0.76, 0.01, 0.12, 0.01, 0.43, 0.01, 0.45, 0.68, 0.34, 0.23, 0.68, 0.08233333333333333, 0.3323333333333333, 0.1101111111111111, 0.18, 0.34, 0.9, 0.01, 0.08233333333333333, 0.3323333333333333, 0.1101111111111111, 0.59, 0.01, 0.01, 0.34, 0.68, 0.68, 0.45, 0.68, 0.34, 0.57, 0.51, 0.08233333333333333, 0.3323333333333333, 0.1101111111111111, 0.76, 0.68, 0.34, 0.34, 0.26, 0.68, 0.57, 0.76, 0.34, 0.9, 0.51, 0.51, 0.34, 0.79, 0.93, 0.68, 0.68]",[4483469.0],0.9335366581877071
643,"[0.08233333333333333, 0.3323333333333333, 0.1101111111111111, 0.08233333333333333, 0.3323333333333333, 0.1101111111111111, 0.3323333333333333, 0.08233333333333333, 0.3323333333333333, 0.1101111111111111, 0.08233333333333333, 0.3323333333333333, 0.1101111111111111, 0.499, 0.08233333333333333, 0.3323333333333333, 0.1101111111111111, 0.43, 0.01, 0.45, 0.34, 0.51, 0.34, 0.79, 0.51, 0.34, 0.57, 0.01, 0.08233333333333333, 0.3323333333333333, 0.1101111111111111, 0.18, 0.68, 0.57, 0.68, 0.59, 0.01, 0.68, 0.76, 0.68, 0.68, 0.51, 0.08233333333333333, 0.3323333333333333, 0.1101111111111111, 0.93, 0.34, 0.45, 0.34, 0.08233333333333333, 0.3323333333333333, 0.1101111111111111, 0.76, 0.68, 0.57, 0.01, 0.08233333333333333, 0.3323333333333333, 0.1101111111111111, 0.68, 0.34, 0.57]",[2983719.0],0.9028449669480324
644,"[0.08233333333333333, 0.3323333333333333, 0.1101111111111111, 0.26, 0.34, 0.01, 0.34, 0.08233333333333333, 0.3323333333333333, 0.1101111111111111, 0.84, 0.68, 0.68, 0.51, 0.43, 0.68, 0.45, 0.18, 0.01, 0.01, 0.68, 0.08233333333333333, 0.3323333333333333, 0.1101111111111111, 0.59, 0.68, 0.68, 0.51, 0.68, 0.34, 0.68, 0.59, 0.01, 0.79, 0.68, 0.08233333333333333, 0.3323333333333333, 0.1101111111111111, 0.76, 0.34, 0.01, 0.51, 0.68, 0.34, 0.68, 0.09, 0.68, 0.68, 0.68, 0.08233333333333333, 0.3323333333333333, 0.1101111111111111, 0.84, 0.34, 0.68, 0.01, 0.08233333333333333, 0.3323333333333333, 0.1101111111111111, 0.26, 0.01, 0.57]",[2183302.0],0.9135196541746458
645,"[0.08233333333333333, 0.3323333333333333, 0.1101111111111111, 0.08233333333333333, 0.3323333333333333, 0.1101111111111111, 0.3323333333333333, 0.08233333333333333, 0.3323333333333333, 0.1101111111111111, 0.08233333333333333, 0.3323333333333333, 0.1101111111111111, 0.499, 0.08233333333333333, 0.3323333333333333, 0.1101111111111111, 0.43, 0.68, 0.34, 0.34, 0.08233333333333333, 0.3323333333333333, 0.1101111111111111, 0.84, 0.68, 0.12, 0.51, 0.08233333333333333, 0.3323333333333333, 0.1101111111111111, 0.93, 0.68, 0.23, 0.34, 0.08233333333333333, 0.3323333333333333, 0.1101111111111111, 0.84, 0.01, 0.45, 0.51, 0.51, 0.01, 0.23, 0.09, 0.34, 0.34, 0.34, 0.34, 0.34, 0.34, 0.09, 0.68, 0.57, 0.01, 0.51, 0.68, 0.9, 0.18, 0.34, 0.45]",[4983476.0],0.9226877763867378
646,"[0.08233333333333333, 0.3323333333333333, 0.1101111111111111, 0.08233333333333333, 0.3323333333333333, 0.1101111111111111, 0.3323333333333333, 0.08233333333333333, 0.3323333333333333, 0.1101111111111111, 0.08233333333333333, 0.3323333333333333, 0.1101111111111111, 0.499, 0.08233333333333333, 0.3323333333333333, 0.1101111111111111, 0.68, 0.01, 0.68, 0.68, 0.76, 0.34, 0.9, 0.34, 0.68, 0.57, 0.51, 0.43, 0.34, 0.34, 0.43, 0.68, 0.34, 0.68, 0.68, 0.68, 0.34, 0.51, 0.68, 0.23, 0.01, 0.18, 0.01, 0.79, 0.59, 0.01, 0.34, 0.68, 0.08233333333333333, 0.3323333333333333, 0.1101111111111111, 0.18, 0.34, 0.12, 0.01, 0.51, 0.01, 0.9, 0.09, 0.34, 0.45]",[523657.0],0.9074228530128796
647,"[0.68, 0.68, 0.12, 0.68, 0.68, 0.23, 0.68, 0.84, 0.01, 0.45, 0.43, 0.01, 0.45, 0.01, 0.09, 0.68, 0.23, 0.84, 0.68, 0.34, 0.68, 0.08233333333333333, 0.3323333333333333, 0.1101111111111111, 0.68, 0.01, 0.79, 0.01, 0.18, 0.01, 0.68, 0.26, 0.68, 0.23, 0.34, 0.08233333333333333, 0.3323333333333333, 0.1101111111111111, 0.09, 0.01, 0.01, 0.01, 0.08233333333333333, 0.3323333333333333, 0.1101111111111111, 0.18, 0.34, 0.79, 0.34, 0.08233333333333333, 0.3323333333333333, 0.1101111111111111, 0.93, 0.34, 0.57, 0.51, 0.76, 0.01, 0.01, 0.59, 0.01, 0.68]",[5119188.0],0.8522619585196177
648,"[0.08233333333333333, 0.3323333333333333, 0.1101111111111111, 0.84, 0.01, 0.34, 0.34, 0.08233333333333333, 0.3323333333333333, 0.1101111111111111, 0.26, 0.34, 0.9, 0.51, 0.34, 0.68, 0.45, 0.43, 0.01, 0.23, 0.68, 0.76, 0.68, 0.79, 0.76, 0.68, 0.12, 0.01, 0.08233333333333333, 0.3323333333333333, 0.1101111111111111, 0.84, 0.34, 0.34, 0.68, 0.08233333333333333, 0.3323333333333333, 0.1101111111111111, 0.68, 0.34, 0.01, 0.01, 0.18, 0.68, 0.34, 0.43, 0.34, 0.57, 0.68, 0.68, 0.34, 0.12, 0.51, 0.34, 0.68, 0.01, 0.76, 0.01, 0.01, 0.51, 0.68, 0.23]",[3215407.0],0.9267169535160064
649,"[0.08233333333333333, 0.3323333333333333, 0.1101111111111111, 0.08233333333333333, 0.3323333333333333, 0.1101111111111111, 0.3323333333333333, 0.08233333333333333, 0.3323333333333333, 0.1101111111111111, 0.08233333333333333, 0.3323333333333333, 0.1101111111111111, 0.499, 0.08233333333333333, 0.3323333333333333, 0.1101111111111111, 0.59, 0.34, 0.12, 0.68, 0.26, 0.68, 0.68, 0.26, 0.01, 0.34, 0.51, 0.08233333333333333, 0.3323333333333333, 0.1101111111111111, 0.93, 0.68, 0.57, 0.68, 0.08233333333333333, 0.3323333333333333, 0.1101111111111111, 0.68, 0.01, 0.01, 0.01, 0.59, 0.68, 0.34, 0.09, 0.68, 0.79, 0.68, 0.08233333333333333, 0.3323333333333333, 0.1101111111111111, 0.76, 0.01, 0.12, 0.01, 0.18, 0.01, 0.57, 0.09, 0.68, 0.45]",[3625906.0],0.909536245961984
650,"[0.08233333333333333, 0.3323333333333333, 0.1101111111111111, 0.08233333333333333, 0.3323333333333333, 0.1101111111111111, 0.3323333333333333, 0.08233333333333333, 0.3323333333333333, 0.1101111111111111, 0.08233333333333333, 0.3323333333333333, 0.1101111111111111, 0.499, 0.08233333333333333, 0.3323333333333333, 0.1101111111111111, 0.08233333333333333, 0.3323333333333333, 0.1101111111111111, 0.3323333333333333, 0.08233333333333333, 0.3323333333333333, 0.1101111111111111, 0.08233333333333333, 0.3323333333333333, 0.1101111111111111, 0.499, 0.08233333333333333, 0.3323333333333333, 0.1101111111111111, 0.18, 0.68, 0.68, 0.68, 0.08233333333333333, 0.3323333333333333, 0.1101111111111111, 0.59, 0.68, 0.57, 0.01, 0.08233333333333333, 0.3323333333333333, 0.1101111111111111, 0.09, 0.68, 0.79, 0.34, 0.08233333333333333, 0.3323333333333333, 0.1101111111111111, 0.76, 0.68, 0.23, 0.01, 0.93, 0.01, 0.12, 0.43, 0.34, 0.12]",[928274.0],0.7853629703323046
651,"[0.34, 0.01, 0.23, 0.43, 0.34, 0.23, 0.34, 0.08233333333333333, 0.3323333333333333, 0.1101111111111111, 0.59, 0.68, 0.01, 0.01, 0.08233333333333333, 0.3323333333333333, 0.1101111111111111, 0.59, 0.01, 0.9, 0.68, 0.08233333333333333, 0.3323333333333333, 0.1101111111111111, 0.84, 0.01, 0.45, 0.51, 0.08233333333333333, 0.3323333333333333, 0.1101111111111111, 0.76, 0.68, 0.79, 0.68, 0.18, 0.01, 0.68, 0.18, 0.68, 0.12, 0.51, 0.08233333333333333, 0.3323333333333333, 0.1101111111111111, 0.84, 0.34, 0.12, 0.34, 0.18, 0.68, 0.9, 0.26, 0.01, 0.12, 0.51, 0.08233333333333333, 0.3323333333333333, 0.1101111111111111, 0.68, 0.01, 0.79]",[3625626.0],0.9399598772327106
652,"[0.08233333333333333, 0.3323333333333333, 0.1101111111111111, 0.08233333333333333, 0.3323333333333333, 0.1101111111111111, 0.3323333333333333, 0.08233333333333333, 0.3323333333333333, 0.1101111111111111, 0.08233333333333333, 0.3323333333333333, 0.1101111111111111, 0.499, 0.34, 0.68, 0.79, 0.68, 0.68, 0.79, 0.68, 0.09, 0.68, 0.57, 0.18, 0.34, 0.9, 0.01, 0.51, 0.68, 0.9, 0.93, 0.68, 0.01, 0.34, 0.08233333333333333, 0.3323333333333333, 0.1101111111111111, 0.93, 0.68, 0.9, 0.51, 0.08233333333333333, 0.3323333333333333, 0.1101111111111111, 0.93, 0.68, 0.9, 0.34, 0.08233333333333333, 0.3323333333333333, 0.1101111111111111, 0.26, 0.34, 0.57, 0.01, 0.09, 0.34, 0.68, 0.26, 0.34, 0.68]",[57668003.0],0.9461911976337432
653,"[0.08233333333333333, 0.3323333333333333, 0.1101111111111111, 0.08233333333333333, 0.3323333333333333, 0.1101111111111111, 0.3323333333333333, 0.08233333333333333, 0.3323333333333333, 0.1101111111111111, 0.08233333333333333, 0.3323333333333333, 0.1101111111111111, 0.499, 0.08233333333333333, 0.3323333333333333, 0.1101111111111111, 0.84, 0.68, 0.9, 0.34, 0.08233333333333333, 0.3323333333333333, 0.1101111111111111, 0.34, 0.34, 0.01, 0.51, 0.08233333333333333, 0.3323333333333333, 0.1101111111111111, 0.76, 0.01, 0.01, 0.34, 0.08233333333333333, 0.3323333333333333, 0.1101111111111111, 0.09, 0.01, 0.23, 0.51, 0.43, 0.01, 0.12, 0.59, 0.01, 0.79, 0.34, 0.08233333333333333, 0.3323333333333333, 0.1101111111111111, 0.43, 0.68, 0.01, 0.01, 0.43, 0.34, 0.01, 0.26, 0.68, 0.79]",[227489.0],0.9243259807427724
654,"[0.08233333333333333, 0.3323333333333333, 0.1101111111111111, 0.08233333333333333, 0.3323333333333333, 0.1101111111111111, 0.3323333333333333, 0.08233333333333333, 0.3323333333333333, 0.1101111111111111, 0.08233333333333333, 0.3323333333333333, 0.1101111111111111, 0.499, 0.76, 0.34, 0.45, 0.51, 0.68, 0.23, 0.34, 0.18, 0.68, 0.57, 0.51, 0.01, 0.01, 0.51, 0.08233333333333333, 0.3323333333333333, 0.1101111111111111, 0.51, 0.34, 0.12, 0.34, 0.34, 0.01, 0.45, 0.93, 0.01, 0.79, 0.51, 0.76, 0.01, 0.45, 0.93, 0.68, 0.45, 0.68, 0.59, 0.68, 0.79, 0.68, 0.34, 0.57, 0.01, 0.08233333333333333, 0.3323333333333333, 0.1101111111111111, 0.51, 0.68, 0.68]",[9906399.0],0.9480698684851327
655,"[0.08233333333333333, 0.3323333333333333, 0.1101111111111111, 0.08233333333333333, 0.3323333333333333, 0.1101111111111111, 0.3323333333333333, 0.08233333333333333, 0.3323333333333333, 0.1101111111111111, 0.08233333333333333, 0.3323333333333333, 0.1101111111111111, 0.499, 0.08233333333333333, 0.3323333333333333, 0.1101111111111111, 0.34, 0.34, 0.01, 0.34, 0.08233333333333333, 0.3323333333333333, 0.1101111111111111, 0.84, 0.34, 0.01, 0.51, 0.08233333333333333, 0.3323333333333333, 0.1101111111111111, 0.84, 0.01, 0.68, 0.34, 0.08233333333333333, 0.3323333333333333, 0.1101111111111111, 0.43, 0.01, 0.45, 0.51, 0.08233333333333333, 0.3323333333333333, 0.1101111111111111, 0.09, 0.34, 0.45, 0.34, 0.08233333333333333, 0.3323333333333333, 0.1101111111111111, 0.18, 0.68, 0.68, 0.51, 0.68, 0.34, 0.57, 0.59, 0.01, 0.9]",[114845.0],0.8834518800179164
656,"[0.08233333333333333, 0.3323333333333333, 0.1101111111111111, 0.08233333333333333, 0.3323333333333333, 0.1101111111111111, 0.3323333333333333, 0.08233333333333333, 0.3323333333333333, 0.1101111111111111, 0.08233333333333333, 0.3323333333333333, 0.1101111111111111, 0.499, 0.08233333333333333, 0.3323333333333333, 0.1101111111111111, 0.08233333333333333, 0.3323333333333333, 0.1101111111111111, 0.3323333333333333, 0.08233333333333333, 0.3323333333333333, 0.1101111111111111, 0.08233333333333333, 0.3323333333333333, 0.1101111111111111, 0.499, 0.08233333333333333, 0.3323333333333333, 0.1101111111111111, 0.43, 0.68, 0.23, 0.34, 0.08233333333333333, 0.3323333333333333, 0.1101111111111111, 0.76, 0.01, 0.34, 0.51, 0.84, 0.01, 0.01, 0.59, 0.01, 0.34, 0.68, 0.08233333333333333, 0.3323333333333333, 0.1101111111111111, 0.18, 0.68, 0.01, 0.51, 0.43, 0.01, 0.01, 0.51, 0.68, 0.57]",[69360.0],0.8788462211688359
657,"[0.51, 0.01, 0.12, 0.09, 0.68, 0.23, 0.68, 0.08233333333333333, 0.3323333333333333, 0.1101111111111111, 0.84, 0.34, 0.01, 0.51, 0.08233333333333333, 0.3323333333333333, 0.1101111111111111, 0.68, 0.01, 0.9, 0.34, 0.08233333333333333, 0.3323333333333333, 0.1101111111111111, 0.34, 0.01, 0.12, 0.51, 0.18, 0.01, 0.23, 0.34, 0.34, 0.34, 0.68, 0.08233333333333333, 0.3323333333333333, 0.1101111111111111, 0.18, 0.34, 0.79, 0.51, 0.08233333333333333, 0.3323333333333333, 0.1101111111111111, 0.68, 0.34, 0.79, 0.68, 0.93, 0.34, 0.57, 0.84, 0.34, 0.68, 0.01, 0.08233333333333333, 0.3323333333333333, 0.1101111111111111, 0.68, 0.01, 0.45]",[6552405.0],0.8963181475798289
658,"[0.08233333333333333, 0.3323333333333333, 0.1101111111111111, 0.08233333333333333, 0.3323333333333333, 0.1101111111111111, 0.3323333333333333, 0.08233333333333333, 0.3323333333333333, 0.1101111111111111, 0.08233333333333333, 0.3323333333333333, 0.1101111111111111, 0.499, 0.08233333333333333, 0.3323333333333333, 0.1101111111111111, 0.08233333333333333, 0.3323333333333333, 0.1101111111111111, 0.3323333333333333, 0.08233333333333333, 0.3323333333333333, 0.1101111111111111, 0.08233333333333333, 0.3323333333333333, 0.1101111111111111, 0.499, 0.08233333333333333, 0.3323333333333333, 0.1101111111111111, 0.68, 0.01, 0.9, 0.34, 0.26, 0.68, 0.34, 0.34, 0.34, 0.12, 0.01, 0.08233333333333333, 0.3323333333333333, 0.1101111111111111, 0.84, 0.01, 0.79, 0.68, 0.08233333333333333, 0.3323333333333333, 0.1101111111111111, 0.76, 0.68, 0.12, 0.51, 0.08233333333333333, 0.3323333333333333, 0.1101111111111111, 0.76, 0.01, 0.57]",[4715981.0],0.880629551410675
659,"[0.08233333333333333, 0.3323333333333333, 0.1101111111111111, 0.76, 0.01, 0.68, 0.34, 0.59, 0.01, 0.23, 0.59, 0.68, 0.34, 0.51, 0.84, 0.68, 0.23, 0.59, 0.34, 0.57, 0.68, 0.08233333333333333, 0.3323333333333333, 0.1101111111111111, 0.09, 0.68, 0.9, 0.01, 0.08233333333333333, 0.3323333333333333, 0.1101111111111111, 0.76, 0.01, 0.01, 0.34, 0.08233333333333333, 0.3323333333333333, 0.1101111111111111, 0.59, 0.01, 0.01, 0.01, 0.08233333333333333, 0.3323333333333333, 0.1101111111111111, 0.84, 0.68, 0.01, 0.68, 0.34, 0.01, 0.12, 0.34, 0.68, 0.45, 0.01, 0.08233333333333333, 0.3323333333333333, 0.1101111111111111, 0.51, 0.01, 0.57]",[7031297.0],0.7352633958061536
660,"[0.08233333333333333, 0.3323333333333333, 0.1101111111111111, 0.08233333333333333, 0.3323333333333333, 0.1101111111111111, 0.3323333333333333, 0.08233333333333333, 0.3323333333333333, 0.1101111111111111, 0.08233333333333333, 0.3323333333333333, 0.1101111111111111, 0.499, 0.09, 0.34, 0.23, 0.93, 0.34, 0.68, 0.68, 0.76, 0.34, 0.23, 0.18, 0.34, 0.45, 0.01, 0.34, 0.01, 0.68, 0.84, 0.34, 0.79, 0.34, 0.08233333333333333, 0.3323333333333333, 0.1101111111111111, 0.68, 0.01, 0.9, 0.51, 0.08233333333333333, 0.3323333333333333, 0.1101111111111111, 0.18, 0.34, 0.79, 0.68, 0.08233333333333333, 0.3323333333333333, 0.1101111111111111, 0.43, 0.34, 0.23, 0.01, 0.08233333333333333, 0.3323333333333333, 0.1101111111111111, 0.59, 0.01, 0.45]",[527613.0],0.90019724269708
661,"[0.08233333333333333, 0.3323333333333333, 0.1101111111111111, 0.08233333333333333, 0.3323333333333333, 0.1101111111111111, 0.3323333333333333, 0.08233333333333333, 0.3323333333333333, 0.1101111111111111, 0.08233333333333333, 0.3323333333333333, 0.1101111111111111, 0.499, 0.08233333333333333, 0.3323333333333333, 0.1101111111111111, 0.26, 0.34, 0.34, 0.34, 0.08233333333333333, 0.3323333333333333, 0.1101111111111111, 0.51, 0.34, 0.68, 0.01, 0.59, 0.01, 0.68, 0.68, 0.01, 0.79, 0.34, 0.08233333333333333, 0.3323333333333333, 0.1101111111111111, 0.59, 0.34, 0.57, 0.01, 0.76, 0.01, 0.79, 0.93, 0.68, 0.45, 0.34, 0.08233333333333333, 0.3323333333333333, 0.1101111111111111, 0.18, 0.68, 0.23, 0.51, 0.08233333333333333, 0.3323333333333333, 0.1101111111111111, 0.76, 0.01, 0.34]",[7087441.0],0.9191078051924706
662,"[0.08233333333333333, 0.3323333333333333, 0.1101111111111111, 0.08233333333333333, 0.3323333333333333, 0.1101111111111111, 0.3323333333333333, 0.08233333333333333, 0.3323333333333333, 0.1101111111111111, 0.08233333333333333, 0.3323333333333333, 0.1101111111111111, 0.499, 0.26, 0.68, 0.01, 0.59, 0.01, 0.68, 0.34, 0.08233333333333333, 0.3323333333333333, 0.1101111111111111, 0.43, 0.01, 0.57, 0.51, 0.18, 0.01, 0.45, 0.43, 0.68, 0.23, 0.68, 0.51, 0.34, 0.34, 0.18, 0.68, 0.23, 0.01, 0.18, 0.34, 0.79, 0.76, 0.68, 0.23, 0.68, 0.08233333333333333, 0.3323333333333333, 0.1101111111111111, 0.93, 0.68, 0.45, 0.51, 0.08233333333333333, 0.3323333333333333, 0.1101111111111111, 0.09, 0.34, 0.9]",[11093244.0],0.9106030563513438
663,"[0.08233333333333333, 0.3323333333333333, 0.1101111111111111, 0.34, 0.34, 0.01, 0.68, 0.59, 0.68, 0.23, 0.68, 0.68, 0.79, 0.51, 0.18, 0.01, 0.34, 0.84, 0.68, 0.23, 0.68, 0.08233333333333333, 0.3323333333333333, 0.1101111111111111, 0.76, 0.01, 0.57, 0.01, 0.08233333333333333, 0.3323333333333333, 0.1101111111111111, 0.34, 0.01, 0.45, 0.34, 0.93, 0.34, 0.57, 0.76, 0.34, 0.12, 0.51, 0.08233333333333333, 0.3323333333333333, 0.1101111111111111, 0.84, 0.01, 0.79, 0.34, 0.08233333333333333, 0.3323333333333333, 0.1101111111111111, 0.34, 0.68, 0.9, 0.01, 0.08233333333333333, 0.3323333333333333, 0.1101111111111111, 0.68, 0.34, 0.12]",[4075515.0],0.9397383600473403
664,"[0.08233333333333333, 0.3323333333333333, 0.1101111111111111, 0.08233333333333333, 0.3323333333333333, 0.1101111111111111, 0.3323333333333333, 0.08233333333333333, 0.3323333333333333, 0.1101111111111111, 0.08233333333333333, 0.3323333333333333, 0.1101111111111111, 0.499, 0.08233333333333333, 0.3323333333333333, 0.1101111111111111, 0.08233333333333333, 0.3323333333333333, 0.1101111111111111, 0.3323333333333333, 0.08233333333333333, 0.3323333333333333, 0.1101111111111111, 0.08233333333333333, 0.3323333333333333, 0.1101111111111111, 0.499, 0.68, 0.68, 0.68, 0.43, 0.34, 0.45, 0.68, 0.84, 0.01, 0.12, 0.59, 0.34, 0.68, 0.01, 0.08233333333333333, 0.3323333333333333, 0.1101111111111111, 0.43, 0.01, 0.34, 0.68, 0.84, 0.01, 0.12, 0.43, 0.34, 0.45, 0.51, 0.84, 0.01, 0.68, 0.26, 0.01, 0.01]",[431055.0],0.8640234450499217
665,"[0.08233333333333333, 0.3323333333333333, 0.1101111111111111, 0.08233333333333333, 0.3323333333333333, 0.1101111111111111, 0.3323333333333333, 0.08233333333333333, 0.3323333333333333, 0.1101111111111111, 0.08233333333333333, 0.3323333333333333, 0.1101111111111111, 0.499, 0.76, 0.34, 0.9, 0.26, 0.68, 0.12, 0.68, 0.68, 0.01, 0.79, 0.76, 0.34, 0.9, 0.01, 0.26, 0.01, 0.45, 0.51, 0.34, 0.57, 0.68, 0.51, 0.34, 0.45, 0.34, 0.68, 0.57, 0.01, 0.26, 0.01, 0.34, 0.43, 0.68, 0.57, 0.68, 0.51, 0.68, 0.23, 0.43, 0.34, 0.57, 0.01, 0.08233333333333333, 0.3323333333333333, 0.1101111111111111, 0.76, 0.34, 0.34]",[855717.0],0.3166034559408823
666,"[0.08233333333333333, 0.3323333333333333, 0.1101111111111111, 0.08233333333333333, 0.3323333333333333, 0.1101111111111111, 0.3323333333333333, 0.08233333333333333, 0.3323333333333333, 0.1101111111111111, 0.08233333333333333, 0.3323333333333333, 0.1101111111111111, 0.499, 0.34, 0.01, 0.57, 0.43, 0.01, 0.45, 0.68, 0.09, 0.68, 0.45, 0.68, 0.68, 0.68, 0.51, 0.76, 0.68, 0.9, 0.68, 0.01, 0.79, 0.68, 0.08233333333333333, 0.3323333333333333, 0.1101111111111111, 0.93, 0.34, 0.45, 0.01, 0.08233333333333333, 0.3323333333333333, 0.1101111111111111, 0.26, 0.34, 0.34, 0.68, 0.26, 0.68, 0.23, 0.26, 0.34, 0.68, 0.51, 0.08233333333333333, 0.3323333333333333, 0.1101111111111111, 0.18, 0.68, 0.79]",[2296631.0],0.9222156817714372
667,"[0.08233333333333333, 0.3323333333333333, 0.1101111111111111, 0.08233333333333333, 0.3323333333333333, 0.1101111111111111, 0.3323333333333333, 0.08233333333333333, 0.3323333333333333, 0.1101111111111111, 0.08233333333333333, 0.3323333333333333, 0.1101111111111111, 0.499, 0.18, 0.68, 0.34, 0.84, 0.34, 0.34, 0.34, 0.08233333333333333, 0.3323333333333333, 0.1101111111111111, 0.76, 0.68, 0.68, 0.01, 0.76, 0.68, 0.23, 0.26, 0.68, 0.68, 0.68, 0.08233333333333333, 0.3323333333333333, 0.1101111111111111, 0.84, 0.34, 0.23, 0.51, 0.08233333333333333, 0.3323333333333333, 0.1101111111111111, 0.34, 0.01, 0.57, 0.34, 0.68, 0.34, 0.45, 0.09, 0.34, 0.23, 0.51, 0.08233333333333333, 0.3323333333333333, 0.1101111111111111, 0.26, 0.01, 0.68]",[7678775.0],0.9191521907846132
668,"[0.08233333333333333, 0.3323333333333333, 0.1101111111111111, 0.08233333333333333, 0.3323333333333333, 0.1101111111111111, 0.3323333333333333, 0.08233333333333333, 0.3323333333333333, 0.1101111111111111, 0.08233333333333333, 0.3323333333333333, 0.1101111111111111, 0.499, 0.08233333333333333, 0.3323333333333333, 0.1101111111111111, 0.08233333333333333, 0.3323333333333333, 0.1101111111111111, 0.3323333333333333, 0.08233333333333333, 0.3323333333333333, 0.1101111111111111, 0.08233333333333333, 0.3323333333333333, 0.1101111111111111, 0.499, 0.34, 0.01, 0.34, 0.68, 0.68, 0.9, 0.68, 0.08233333333333333, 0.3323333333333333, 0.1101111111111111, 0.43, 0.34, 0.68, 0.51, 0.08233333333333333, 0.3323333333333333, 0.1101111111111111, 0.43, 0.01, 0.57, 0.34, 0.09, 0.01, 0.79, 0.43, 0.34, 0.79, 0.01, 0.26, 0.68, 0.34, 0.76, 0.68, 0.68]",[339128.0],0.9105889037251472
669,"[0.08233333333333333, 0.3323333333333333, 0.1101111111111111, 0.08233333333333333, 0.3323333333333333, 0.1101111111111111, 0.3323333333333333, 0.08233333333333333, 0.3323333333333333, 0.1101111111111111, 0.08233333333333333, 0.3323333333333333, 0.1101111111111111, 0.499, 0.08233333333333333, 0.3323333333333333, 0.1101111111111111, 0.08233333333333333, 0.3323333333333333, 0.1101111111111111, 0.3323333333333333, 0.08233333333333333, 0.3323333333333333, 0.1101111111111111, 0.08233333333333333, 0.3323333333333333, 0.1101111111111111, 0.499, 0.08233333333333333, 0.3323333333333333, 0.1101111111111111, 0.68, 0.34, 0.23, 0.68, 0.26, 0.68, 0.45, 0.51, 0.34, 0.9, 0.51, 0.09, 0.34, 0.23, 0.09, 0.68, 0.79, 0.34, 0.08233333333333333, 0.3323333333333333, 0.1101111111111111, 0.59, 0.68, 0.12, 0.01, 0.59, 0.68, 0.12, 0.93, 0.34, 0.01]",[6459148.0],0.883623294532299
670,"[0.08233333333333333, 0.3323333333333333, 0.1101111111111111, 0.84, 0.01, 0.45, 0.68, 0.84, 0.34, 0.68, 0.51, 0.01, 0.12, 0.51, 0.08233333333333333, 0.3323333333333333, 0.1101111111111111, 0.59, 0.68, 0.01, 0.68, 0.93, 0.01, 0.34, 0.84, 0.34, 0.57, 0.01, 0.08233333333333333, 0.3323333333333333, 0.1101111111111111, 0.51, 0.34, 0.68, 0.34, 0.68, 0.34, 0.01, 0.09, 0.01, 0.79, 0.01, 0.43, 0.34, 0.34, 0.26, 0.68, 0.79, 0.68, 0.09, 0.34, 0.68, 0.76, 0.01, 0.9, 0.51, 0.08233333333333333, 0.3323333333333333, 0.1101111111111111, 0.18, 0.01, 0.57]",[10211948.0],0.9144139418999354
671,"[0.08233333333333333, 0.3323333333333333, 0.1101111111111111, 0.08233333333333333, 0.3323333333333333, 0.1101111111111111, 0.3323333333333333, 0.08233333333333333, 0.3323333333333333, 0.1101111111111111, 0.08233333333333333, 0.3323333333333333, 0.1101111111111111, 0.499, 0.08233333333333333, 0.3323333333333333, 0.1101111111111111, 0.08233333333333333, 0.3323333333333333, 0.1101111111111111, 0.3323333333333333, 0.08233333333333333, 0.3323333333333333, 0.1101111111111111, 0.08233333333333333, 0.3323333333333333, 0.1101111111111111, 0.499, 0.84, 0.34, 0.12, 0.59, 0.68, 0.12, 0.68, 0.34, 0.34, 0.01, 0.43, 0.34, 0.45, 0.51, 0.08233333333333333, 0.3323333333333333, 0.1101111111111111, 0.26, 0.34, 0.79, 0.34, 0.08233333333333333, 0.3323333333333333, 0.1101111111111111, 0.26, 0.68, 0.23, 0.51, 0.84, 0.68, 0.23, 0.68, 0.34, 0.57]",[1525683.0],0.9348138645291328
672,"[0.08233333333333333, 0.3323333333333333, 0.1101111111111111, 0.08233333333333333, 0.3323333333333333, 0.1101111111111111, 0.3323333333333333, 0.08233333333333333, 0.3323333333333333, 0.1101111111111111, 0.08233333333333333, 0.3323333333333333, 0.1101111111111111, 0.499, 0.68, 0.01, 0.68, 0.43, 0.01, 0.68, 0.68, 0.51, 0.34, 0.68, 0.59, 0.34, 0.12, 0.51, 0.08233333333333333, 0.3323333333333333, 0.1101111111111111, 0.93, 0.68, 0.23, 0.34, 0.08233333333333333, 0.3323333333333333, 0.1101111111111111, 0.76, 0.68, 0.34, 0.51, 0.51, 0.34, 0.68, 0.51, 0.34, 0.9, 0.68, 0.08233333333333333, 0.3323333333333333, 0.1101111111111111, 0.68, 0.01, 0.79, 0.51, 0.68, 0.68, 0.68, 0.34, 0.34, 0.34]",[8025261.0],0.943650484085083
673,"[0.08233333333333333, 0.3323333333333333, 0.1101111111111111, 0.08233333333333333, 0.3323333333333333, 0.1101111111111111, 0.3323333333333333, 0.08233333333333333, 0.3323333333333333, 0.1101111111111111, 0.08233333333333333, 0.3323333333333333, 0.1101111111111111, 0.499, 0.08233333333333333, 0.3323333333333333, 0.1101111111111111, 0.08233333333333333, 0.3323333333333333, 0.1101111111111111, 0.3323333333333333, 0.08233333333333333, 0.3323333333333333, 0.1101111111111111, 0.08233333333333333, 0.3323333333333333, 0.1101111111111111, 0.499, 0.59, 0.34, 0.9, 0.18, 0.34, 0.9, 0.68, 0.51, 0.34, 0.12, 0.26, 0.34, 0.12, 0.01, 0.68, 0.34, 0.9, 0.51, 0.68, 0.12, 0.34, 0.08233333333333333, 0.3323333333333333, 0.1101111111111111, 0.18, 0.68, 0.12, 0.51, 0.09, 0.34, 0.45, 0.26, 0.01, 0.23]",[112168.0],0.895800918340683
674,"[0.08233333333333333, 0.3323333333333333, 0.1101111111111111, 0.08233333333333333, 0.3323333333333333, 0.1101111111111111, 0.3323333333333333, 0.08233333333333333, 0.3323333333333333, 0.1101111111111111, 0.08233333333333333, 0.3323333333333333, 0.1101111111111111, 0.499, 0.08233333333333333, 0.3323333333333333, 0.1101111111111111, 0.08233333333333333, 0.3323333333333333, 0.1101111111111111, 0.3323333333333333, 0.08233333333333333, 0.3323333333333333, 0.1101111111111111, 0.08233333333333333, 0.3323333333333333, 0.1101111111111111, 0.499, 0.08233333333333333, 0.3323333333333333, 0.1101111111111111, 0.09, 0.01, 0.57, 0.68, 0.08233333333333333, 0.3323333333333333, 0.1101111111111111, 0.93, 0.68, 0.34, 0.51, 0.51, 0.01, 0.45, 0.18, 0.68, 0.12, 0.34, 0.76, 0.68, 0.34, 0.84, 0.68, 0.45, 0.01, 0.08233333333333333, 0.3323333333333333, 0.1101111111111111, 0.84, 0.34, 0.01]",[14725325.0],0.8349076539278031
675,"[0.08233333333333333, 0.3323333333333333, 0.1101111111111111, 0.08233333333333333, 0.3323333333333333, 0.1101111111111111, 0.3323333333333333, 0.08233333333333333, 0.3323333333333333, 0.1101111111111111, 0.08233333333333333, 0.3323333333333333, 0.1101111111111111, 0.499, 0.08233333333333333, 0.3323333333333333, 0.1101111111111111, 0.08233333333333333, 0.3323333333333333, 0.1101111111111111, 0.3323333333333333, 0.08233333333333333, 0.3323333333333333, 0.1101111111111111, 0.08233333333333333, 0.3323333333333333, 0.1101111111111111, 0.499, 0.43, 0.34, 0.45, 0.34, 0.68, 0.68, 0.68, 0.76, 0.34, 0.9, 0.76, 0.01, 0.12, 0.51, 0.84, 0.01, 0.45, 0.43, 0.01, 0.01, 0.34, 0.51, 0.68, 0.23, 0.68, 0.01, 0.23, 0.51, 0.34, 0.34, 0.57, 0.59, 0.34, 0.45]",[340801.0],0.91667679498593
676,"[0.08233333333333333, 0.3323333333333333, 0.1101111111111111, 0.08233333333333333, 0.3323333333333333, 0.1101111111111111, 0.3323333333333333, 0.08233333333333333, 0.3323333333333333, 0.1101111111111111, 0.08233333333333333, 0.3323333333333333, 0.1101111111111111, 0.499, 0.08233333333333333, 0.3323333333333333, 0.1101111111111111, 0.08233333333333333, 0.3323333333333333, 0.1101111111111111, 0.3323333333333333, 0.08233333333333333, 0.3323333333333333, 0.1101111111111111, 0.08233333333333333, 0.3323333333333333, 0.1101111111111111, 0.499, 0.08233333333333333, 0.3323333333333333, 0.1101111111111111, 0.18, 0.68, 0.79, 0.34, 0.08233333333333333, 0.3323333333333333, 0.1101111111111111, 0.09, 0.68, 0.68, 0.01, 0.51, 0.68, 0.45, 0.68, 0.68, 0.01, 0.68, 0.18, 0.68, 0.12, 0.84, 0.01, 0.9, 0.51, 0.08233333333333333, 0.3323333333333333, 0.1101111111111111, 0.68, 0.68, 0.57]",[1621511.0],0.856093917787075
677,"[0.08233333333333333, 0.3323333333333333, 0.1101111111111111, 0.08233333333333333, 0.3323333333333333, 0.1101111111111111, 0.3323333333333333, 0.08233333333333333, 0.3323333333333333, 0.1101111111111111, 0.08233333333333333, 0.3323333333333333, 0.1101111111111111, 0.499, 0.93, 0.34, 0.34, 0.68, 0.34, 0.9, 0.34, 0.34, 0.01, 0.01, 0.18, 0.68, 0.12, 0.01, 0.08233333333333333, 0.3323333333333333, 0.1101111111111111, 0.93, 0.01, 0.57, 0.34, 0.08233333333333333, 0.3323333333333333, 0.1101111111111111, 0.26, 0.34, 0.68, 0.01, 0.18, 0.34, 0.68, 0.76, 0.68, 0.12, 0.34, 0.08233333333333333, 0.3323333333333333, 0.1101111111111111, 0.68, 0.01, 0.45, 0.51, 0.08233333333333333, 0.3323333333333333, 0.1101111111111111, 0.84, 0.34, 0.23]",[3219367.0],0.9379516929388046
678,"[0.84, 0.68, 0.23, 0.76, 0.68, 0.9, 0.68, 0.43, 0.34, 0.57, 0.18, 0.34, 0.57, 0.51, 0.51, 0.68, 0.79, 0.18, 0.34, 0.34, 0.68, 0.08233333333333333, 0.3323333333333333, 0.1101111111111111, 0.43, 0.01, 0.01, 0.01, 0.08233333333333333, 0.3323333333333333, 0.1101111111111111, 0.26, 0.68, 0.9, 0.34, 0.76, 0.34, 0.23, 0.34, 0.01, 0.45, 0.51, 0.18, 0.68, 0.01, 0.18, 0.68, 0.34, 0.34, 0.18, 0.01, 0.01, 0.09, 0.68, 0.9, 0.01, 0.34, 0.68, 0.57, 0.26, 0.01, 0.9]",[3577795.0],0.9220372488101324
679,"[0.08233333333333333, 0.3323333333333333, 0.1101111111111111, 0.08233333333333333, 0.3323333333333333, 0.1101111111111111, 0.3323333333333333, 0.08233333333333333, 0.3323333333333333, 0.1101111111111111, 0.08233333333333333, 0.3323333333333333, 0.1101111111111111, 0.499, 0.08233333333333333, 0.3323333333333333, 0.1101111111111111, 0.08233333333333333, 0.3323333333333333, 0.1101111111111111, 0.3323333333333333, 0.08233333333333333, 0.3323333333333333, 0.1101111111111111, 0.08233333333333333, 0.3323333333333333, 0.1101111111111111, 0.499, 0.84, 0.01, 0.34, 0.68, 0.68, 0.68, 0.34, 0.08233333333333333, 0.3323333333333333, 0.1101111111111111, 0.68, 0.68, 0.23, 0.01, 0.08233333333333333, 0.3323333333333333, 0.1101111111111111, 0.26, 0.01, 0.45, 0.68, 0.59, 0.68, 0.45, 0.59, 0.01, 0.57, 0.01, 0.08233333333333333, 0.3323333333333333, 0.1101111111111111, 0.26, 0.01, 0.68]",[1875117.0],0.8406512747208278
680,"[0.08233333333333333, 0.3323333333333333, 0.1101111111111111, 0.09, 0.34, 0.57, 0.68, 0.08233333333333333, 0.3323333333333333, 0.1101111111111111, 0.51, 0.68, 0.45, 0.51, 0.51, 0.01, 0.79, 0.26, 0.01, 0.23, 0.34, 0.08233333333333333, 0.3323333333333333, 0.1101111111111111, 0.84, 0.68, 0.01, 0.01, 0.09, 0.34, 0.23, 0.76, 0.01, 0.79, 0.68, 0.26, 0.34, 0.57, 0.34, 0.68, 0.57, 0.51, 0.08233333333333333, 0.3323333333333333, 0.1101111111111111, 0.68, 0.01, 0.34, 0.34, 0.68, 0.34, 0.9, 0.34, 0.34, 0.45, 0.01, 0.08233333333333333, 0.3323333333333333, 0.1101111111111111, 0.76, 0.34, 0.45]",[1741930.0],0.8672879487276077
681,"[0.08233333333333333, 0.3323333333333333, 0.1101111111111111, 0.08233333333333333, 0.3323333333333333, 0.1101111111111111, 0.3323333333333333, 0.08233333333333333, 0.3323333333333333, 0.1101111111111111, 0.08233333333333333, 0.3323333333333333, 0.1101111111111111, 0.499, 0.26, 0.34, 0.34, 0.68, 0.34, 0.34, 0.68, 0.08233333333333333, 0.3323333333333333, 0.1101111111111111, 0.51, 0.01, 0.34, 0.51, 0.26, 0.68, 0.57, 0.43, 0.68, 0.01, 0.68, 0.08233333333333333, 0.3323333333333333, 0.1101111111111111, 0.84, 0.68, 0.45, 0.51, 0.08233333333333333, 0.3323333333333333, 0.1101111111111111, 0.51, 0.01, 0.68, 0.34, 0.08233333333333333, 0.3323333333333333, 0.1101111111111111, 0.34, 0.34, 0.9, 0.01, 0.08233333333333333, 0.3323333333333333, 0.1101111111111111, 0.51, 0.68, 0.79]",[846961.0],0.9209378709395728
682,"[0.08233333333333333, 0.3323333333333333, 0.1101111111111111, 0.43, 0.34, 0.12, 0.34, 0.08233333333333333, 0.3323333333333333, 0.1101111111111111, 0.93, 0.68, 0.34, 0.51, 0.26, 0.01, 0.12, 0.26, 0.68, 0.68, 0.34, 0.08233333333333333, 0.3323333333333333, 0.1101111111111111, 0.26, 0.34, 0.68, 0.51, 0.09, 0.34, 0.57, 0.43, 0.01, 0.57, 0.34, 0.76, 0.01, 0.79, 0.43, 0.01, 0.12, 0.51, 0.08233333333333333, 0.3323333333333333, 0.1101111111111111, 0.09, 0.68, 0.57, 0.34, 0.59, 0.34, 0.34, 0.09, 0.68, 0.57, 0.01, 0.84, 0.68, 0.45, 0.43, 0.68, 0.23]",[707873.0],0.91510405788819
683,"[0.08233333333333333, 0.3323333333333333, 0.1101111111111111, 0.08233333333333333, 0.3323333333333333, 0.1101111111111111, 0.3323333333333333, 0.08233333333333333, 0.3323333333333333, 0.1101111111111111, 0.08233333333333333, 0.3323333333333333, 0.1101111111111111, 0.499, 0.08233333333333333, 0.3323333333333333, 0.1101111111111111, 0.08233333333333333, 0.3323333333333333, 0.1101111111111111, 0.3323333333333333, 0.08233333333333333, 0.3323333333333333, 0.1101111111111111, 0.08233333333333333, 0.3323333333333333, 0.1101111111111111, 0.499, 0.08233333333333333, 0.3323333333333333, 0.1101111111111111, 0.18, 0.01, 0.68, 0.34, 0.08233333333333333, 0.3323333333333333, 0.1101111111111111, 0.34, 0.34, 0.34, 0.51, 0.09, 0.01, 0.01, 0.43, 0.68, 0.79, 0.34, 0.08233333333333333, 0.3323333333333333, 0.1101111111111111, 0.68, 0.34, 0.23, 0.01, 0.08233333333333333, 0.3323333333333333, 0.1101111111111111, 0.93, 0.01, 0.9]",[5432898.0],0.7701250160733859
684,"[0.26, 0.34, 0.23, 0.18, 0.01, 0.68, 0.68, 0.08233333333333333, 0.3323333333333333, 0.1101111111111111, 0.76, 0.68, 0.34, 0.01, 0.08233333333333333, 0.3323333333333333, 0.1101111111111111, 0.51, 0.34, 0.45, 0.34, 0.34, 0.68, 0.23, 0.59, 0.34, 0.79, 0.01, 0.09, 0.01, 0.01, 0.26, 0.01, 0.57, 0.68, 0.34, 0.68, 0.68, 0.43, 0.01, 0.57, 0.01, 0.08233333333333333, 0.3323333333333333, 0.1101111111111111, 0.09, 0.68, 0.45, 0.68, 0.08233333333333333, 0.3323333333333333, 0.1101111111111111, 0.26, 0.34, 0.45, 0.01, 0.08233333333333333, 0.3323333333333333, 0.1101111111111111, 0.26, 0.34, 0.23]",[438437.0],0.8473772297302882
685,"[0.08233333333333333, 0.3323333333333333, 0.1101111111111111, 0.08233333333333333, 0.3323333333333333, 0.1101111111111111, 0.3323333333333333, 0.08233333333333333, 0.3323333333333333, 0.1101111111111111, 0.08233333333333333, 0.3323333333333333, 0.1101111111111111, 0.499, 0.08233333333333333, 0.3323333333333333, 0.1101111111111111, 0.18, 0.01, 0.12, 0.68, 0.68, 0.01, 0.01, 0.51, 0.34, 0.12, 0.51, 0.26, 0.68, 0.23, 0.09, 0.01, 0.23, 0.34, 0.51, 0.01, 0.45, 0.51, 0.01, 0.57, 0.01, 0.08233333333333333, 0.3323333333333333, 0.1101111111111111, 0.43, 0.01, 0.45, 0.34, 0.51, 0.68, 0.9, 0.26, 0.01, 0.79, 0.01, 0.51, 0.68, 0.9, 0.84, 0.01, 0.34]",[1533192.0],0.8571331898371378
686,"[0.08233333333333333, 0.3323333333333333, 0.1101111111111111, 0.08233333333333333, 0.3323333333333333, 0.1101111111111111, 0.3323333333333333, 0.08233333333333333, 0.3323333333333333, 0.1101111111111111, 0.08233333333333333, 0.3323333333333333, 0.1101111111111111, 0.499, 0.08233333333333333, 0.3323333333333333, 0.1101111111111111, 0.08233333333333333, 0.3323333333333333, 0.1101111111111111, 0.3323333333333333, 0.08233333333333333, 0.3323333333333333, 0.1101111111111111, 0.08233333333333333, 0.3323333333333333, 0.1101111111111111, 0.499, 0.93, 0.34, 0.12, 0.09, 0.01, 0.57, 0.34, 0.84, 0.01, 0.23, 0.84, 0.01, 0.9, 0.51, 0.08233333333333333, 0.3323333333333333, 0.1101111111111111, 0.76, 0.01, 0.57, 0.34, 0.09, 0.34, 0.45, 0.09, 0.34, 0.68, 0.01, 0.51, 0.01, 0.9, 0.51, 0.01, 0.34]",[313368.0],0.3158762693405151
687,"[0.08233333333333333, 0.3323333333333333, 0.1101111111111111, 0.08233333333333333, 0.3323333333333333, 0.1101111111111111, 0.3323333333333333, 0.08233333333333333, 0.3323333333333333, 0.1101111111111111, 0.08233333333333333, 0.3323333333333333, 0.1101111111111111, 0.499, 0.08233333333333333, 0.3323333333333333, 0.1101111111111111, 0.08233333333333333, 0.3323333333333333, 0.1101111111111111, 0.3323333333333333, 0.08233333333333333, 0.3323333333333333, 0.1101111111111111, 0.08233333333333333, 0.3323333333333333, 0.1101111111111111, 0.499, 0.08233333333333333, 0.3323333333333333, 0.1101111111111111, 0.43, 0.01, 0.12, 0.34, 0.68, 0.01, 0.79, 0.68, 0.01, 0.01, 0.51, 0.18, 0.68, 0.12, 0.59, 0.68, 0.9, 0.68, 0.51, 0.34, 0.79, 0.51, 0.01, 0.23, 0.01, 0.08233333333333333, 0.3323333333333333, 0.1101111111111111, 0.93, 0.01, 0.34]",[4587799.0],0.8534008165200552
688,"[0.08233333333333333, 0.3323333333333333, 0.1101111111111111, 0.34, 0.68, 0.12, 0.34, 0.08233333333333333, 0.3323333333333333, 0.1101111111111111, 0.34, 0.34, 0.12, 0.01, 0.08233333333333333, 0.3323333333333333, 0.1101111111111111, 0.26, 0.01, 0.12, 0.34, 0.93, 0.01, 0.9, 0.43, 0.68, 0.45, 0.51, 0.08233333333333333, 0.3323333333333333, 0.1101111111111111, 0.51, 0.34, 0.68, 0.68, 0.08233333333333333, 0.3323333333333333, 0.1101111111111111, 0.34, 0.34, 0.01, 0.01, 0.08233333333333333, 0.3323333333333333, 0.1101111111111111, 0.43, 0.68, 0.12, 0.34, 0.08233333333333333, 0.3323333333333333, 0.1101111111111111, 0.93, 0.01, 0.9, 0.01, 0.09, 0.68, 0.45, 0.18, 0.34, 0.9]",[4712678.0],0.9199690788984298
689,"[0.08233333333333333, 0.3323333333333333, 0.1101111111111111, 0.08233333333333333, 0.3323333333333333, 0.1101111111111111, 0.3323333333333333, 0.08233333333333333, 0.3323333333333333, 0.1101111111111111, 0.08233333333333333, 0.3323333333333333, 0.1101111111111111, 0.499, 0.08233333333333333, 0.3323333333333333, 0.1101111111111111, 0.84, 0.68, 0.34, 0.34, 0.43, 0.01, 0.45, 0.84, 0.34, 0.45, 0.51, 0.08233333333333333, 0.3323333333333333, 0.1101111111111111, 0.34, 0.34, 0.01, 0.68, 0.51, 0.68, 0.12, 0.59, 0.34, 0.79, 0.51, 0.08233333333333333, 0.3323333333333333, 0.1101111111111111, 0.43, 0.68, 0.57, 0.34, 0.09, 0.68, 0.57, 0.84, 0.34, 0.01, 0.51, 0.59, 0.68, 0.79, 0.84, 0.68, 0.57]",[2311308.0],0.9366066172719002
690,"[0.08233333333333333, 0.3323333333333333, 0.1101111111111111, 0.08233333333333333, 0.3323333333333333, 0.1101111111111111, 0.3323333333333333, 0.08233333333333333, 0.3323333333333333, 0.1101111111111111, 0.08233333333333333, 0.3323333333333333, 0.1101111111111111, 0.499, 0.08233333333333333, 0.3323333333333333, 0.1101111111111111, 0.68, 0.34, 0.01, 0.68, 0.08233333333333333, 0.3323333333333333, 0.1101111111111111, 0.18, 0.01, 0.12, 0.01, 0.08233333333333333, 0.3323333333333333, 0.1101111111111111, 0.68, 0.34, 0.34, 0.34, 0.08233333333333333, 0.3323333333333333, 0.1101111111111111, 0.68, 0.68, 0.9, 0.51, 0.08233333333333333, 0.3323333333333333, 0.1101111111111111, 0.93, 0.68, 0.34, 0.34, 0.08233333333333333, 0.3323333333333333, 0.1101111111111111, 0.43, 0.68, 0.68, 0.51, 0.93, 0.01, 0.68, 0.93, 0.01, 0.9]",[8748993.0],0.9277362609903018
691,"[0.08233333333333333, 0.3323333333333333, 0.1101111111111111, 0.08233333333333333, 0.3323333333333333, 0.1101111111111111, 0.3323333333333333, 0.08233333333333333, 0.3323333333333333, 0.1101111111111111, 0.08233333333333333, 0.3323333333333333, 0.1101111111111111, 0.499, 0.08233333333333333, 0.3323333333333333, 0.1101111111111111, 0.08233333333333333, 0.3323333333333333, 0.1101111111111111, 0.3323333333333333, 0.08233333333333333, 0.3323333333333333, 0.1101111111111111, 0.08233333333333333, 0.3323333333333333, 0.1101111111111111, 0.499, 0.08233333333333333, 0.3323333333333333, 0.1101111111111111, 0.51, 0.01, 0.57, 0.34, 0.68, 0.34, 0.45, 0.26, 0.34, 0.79, 0.51, 0.08233333333333333, 0.3323333333333333, 0.1101111111111111, 0.76, 0.34, 0.45, 0.68, 0.08233333333333333, 0.3323333333333333, 0.1101111111111111, 0.18, 0.34, 0.45, 0.51, 0.08233333333333333, 0.3323333333333333, 0.1101111111111111, 0.34, 0.01, 0.79]",[124612.0],0.8139295851190885
692,"[0.51, 0.34, 0.34, 0.93, 0.01, 0.01, 0.68, 0.93, 0.34, 0.23, 0.34, 0.34, 0.45, 0.01, 0.59, 0.34, 0.34, 0.93, 0.68, 0.45, 0.68, 0.84, 0.01, 0.01, 0.51, 0.01, 0.12, 0.01, 0.08233333333333333, 0.3323333333333333, 0.1101111111111111, 0.34, 0.68, 0.12, 0.34, 0.08233333333333333, 0.3323333333333333, 0.1101111111111111, 0.84, 0.34, 0.9, 0.51, 0.43, 0.01, 0.57, 0.26, 0.01, 0.9, 0.68, 0.08233333333333333, 0.3323333333333333, 0.1101111111111111, 0.76, 0.68, 0.34, 0.01, 0.43, 0.01, 0.45, 0.59, 0.34, 0.57]",[5374245.0],0.9373246625065804
693,"[0.08233333333333333, 0.3323333333333333, 0.1101111111111111, 0.08233333333333333, 0.3323333333333333, 0.1101111111111111, 0.3323333333333333, 0.08233333333333333, 0.3323333333333333, 0.1101111111111111, 0.08233333333333333, 0.3323333333333333, 0.1101111111111111, 0.499, 0.08233333333333333, 0.3323333333333333, 0.1101111111111111, 0.08233333333333333, 0.3323333333333333, 0.1101111111111111, 0.3323333333333333, 0.08233333333333333, 0.3323333333333333, 0.1101111111111111, 0.08233333333333333, 0.3323333333333333, 0.1101111111111111, 0.499, 0.68, 0.68, 0.79, 0.84, 0.01, 0.34, 0.68, 0.08233333333333333, 0.3323333333333333, 0.1101111111111111, 0.26, 0.68, 0.34, 0.01, 0.08233333333333333, 0.3323333333333333, 0.1101111111111111, 0.51, 0.01, 0.9, 0.34, 0.08233333333333333, 0.3323333333333333, 0.1101111111111111, 0.43, 0.34, 0.45, 0.51, 0.34, 0.01, 0.34, 0.34, 0.68, 0.34]",[103461.0],0.9025474463899932
694,"[0.08233333333333333, 0.3323333333333333, 0.1101111111111111, 0.93, 0.68, 0.68, 0.68, 0.68, 0.01, 0.79, 0.26, 0.34, 0.79, 0.01, 0.08233333333333333, 0.3323333333333333, 0.1101111111111111, 0.76, 0.01, 0.34, 0.34, 0.08233333333333333, 0.3323333333333333, 0.1101111111111111, 0.84, 0.68, 0.57, 0.51, 0.08233333333333333, 0.3323333333333333, 0.1101111111111111, 0.84, 0.01, 0.12, 0.34, 0.43, 0.68, 0.12, 0.26, 0.68, 0.68, 0.01, 0.08233333333333333, 0.3323333333333333, 0.1101111111111111, 0.09, 0.34, 0.57, 0.68, 0.08233333333333333, 0.3323333333333333, 0.1101111111111111, 0.43, 0.34, 0.01, 0.51, 0.08233333333333333, 0.3323333333333333, 0.1101111111111111, 0.68, 0.01, 0.57]",[4955458.0],0.9236952185630798
695,"[0.08233333333333333, 0.3323333333333333, 0.1101111111111111, 0.08233333333333333, 0.3323333333333333, 0.1101111111111111, 0.3323333333333333, 0.08233333333333333, 0.3323333333333333, 0.1101111111111111, 0.08233333333333333, 0.3323333333333333, 0.1101111111111111, 0.499, 0.18, 0.34, 0.57, 0.34, 0.01, 0.01, 0.34, 0.08233333333333333, 0.3323333333333333, 0.1101111111111111, 0.18, 0.34, 0.45, 0.51, 0.84, 0.01, 0.68, 0.59, 0.01, 0.34, 0.68, 0.08233333333333333, 0.3323333333333333, 0.1101111111111111, 0.76, 0.68, 0.12, 0.01, 0.08233333333333333, 0.3323333333333333, 0.1101111111111111, 0.68, 0.34, 0.23, 0.34, 0.08233333333333333, 0.3323333333333333, 0.1101111111111111, 0.43, 0.68, 0.9, 0.01, 0.43, 0.34, 0.79, 0.76, 0.68, 0.01]",[837165.0],0.9289717063307762
696,"[0.08233333333333333, 0.3323333333333333, 0.1101111111111111, 0.08233333333333333, 0.3323333333333333, 0.1101111111111111, 0.3323333333333333, 0.08233333333333333, 0.3323333333333333, 0.1101111111111111, 0.08233333333333333, 0.3323333333333333, 0.1101111111111111, 0.499, 0.08233333333333333, 0.3323333333333333, 0.1101111111111111, 0.08233333333333333, 0.3323333333333333, 0.1101111111111111, 0.3323333333333333, 0.08233333333333333, 0.3323333333333333, 0.1101111111111111, 0.08233333333333333, 0.3323333333333333, 0.1101111111111111, 0.499, 0.59, 0.34, 0.79, 0.59, 0.34, 0.23, 0.34, 0.76, 0.01, 0.23, 0.18, 0.01, 0.12, 0.51, 0.84, 0.68, 0.45, 0.18, 0.34, 0.12, 0.68, 0.08233333333333333, 0.3323333333333333, 0.1101111111111111, 0.68, 0.68, 0.45, 0.51, 0.59, 0.34, 0.34, 0.18, 0.68, 0.45]",[950366.0],0.9227152938644092
697,"[0.08233333333333333, 0.3323333333333333, 0.1101111111111111, 0.08233333333333333, 0.3323333333333333, 0.1101111111111111, 0.3323333333333333, 0.08233333333333333, 0.3323333333333333, 0.1101111111111111, 0.08233333333333333, 0.3323333333333333, 0.1101111111111111, 0.499, 0.26, 0.01, 0.01, 0.93, 0.01, 0.45, 0.68, 0.08233333333333333, 0.3323333333333333, 0.1101111111111111, 0.59, 0.01, 0.79, 0.01, 0.08233333333333333, 0.3323333333333333, 0.1101111111111111, 0.59, 0.01, 0.68, 0.34, 0.08233333333333333, 0.3323333333333333, 0.1101111111111111, 0.93, 0.01, 0.79, 0.51, 0.08233333333333333, 0.3323333333333333, 0.1101111111111111, 0.18, 0.01, 0.79, 0.34, 0.08233333333333333, 0.3323333333333333, 0.1101111111111111, 0.59, 0.01, 0.79, 0.51, 0.08233333333333333, 0.3323333333333333, 0.1101111111111111, 0.51, 0.68, 0.45]",[4448879.0],0.8265094528595607
698,"[0.09, 0.01, 0.79, 0.51, 0.68, 0.45, 0.34, 0.08233333333333333, 0.3323333333333333, 0.1101111111111111, 0.09, 0.01, 0.12, 0.51, 0.08233333333333333, 0.3323333333333333, 0.1101111111111111, 0.34, 0.01, 0.01, 0.68, 0.93, 0.68, 0.68, 0.93, 0.68, 0.01, 0.01, 0.34, 0.01, 0.57, 0.84, 0.34, 0.57, 0.34, 0.93, 0.68, 0.57, 0.09, 0.01, 0.12, 0.51, 0.93, 0.68, 0.45, 0.76, 0.34, 0.01, 0.34, 0.26, 0.68, 0.45, 0.34, 0.01, 0.57, 0.51, 0.08233333333333333, 0.3323333333333333, 0.1101111111111111, 0.51, 0.01, 0.01]",[57105819.0],0.93283628821373
699,"[0.08233333333333333, 0.3323333333333333, 0.1101111111111111, 0.08233333333333333, 0.3323333333333333, 0.1101111111111111, 0.3323333333333333, 0.08233333333333333, 0.3323333333333333, 0.1101111111111111, 0.08233333333333333, 0.3323333333333333, 0.1101111111111111, 0.499, 0.68, 0.34, 0.12, 0.09, 0.01, 0.68, 0.68, 0.08233333333333333, 0.3323333333333333, 0.1101111111111111, 0.59, 0.34, 0.9, 0.51, 0.08233333333333333, 0.3323333333333333, 0.1101111111111111, 0.93, 0.01, 0.9, 0.34, 0.59, 0.34, 0.68, 0.51, 0.34, 0.57, 0.51, 0.68, 0.34, 0.79, 0.26, 0.34, 0.57, 0.68, 0.26, 0.34, 0.57, 0.18, 0.34, 0.9, 0.51, 0.09, 0.34, 0.68, 0.84, 0.68, 0.57]",[2362330.0],0.8265231137474378
700,"[0.08233333333333333, 0.3323333333333333, 0.1101111111111111, 0.08233333333333333, 0.3323333333333333, 0.1101111111111111, 0.3323333333333333, 0.08233333333333333, 0.3323333333333333, 0.1101111111111111, 0.08233333333333333, 0.3323333333333333, 0.1101111111111111, 0.499, 0.08233333333333333, 0.3323333333333333, 0.1101111111111111, 0.08233333333333333, 0.3323333333333333, 0.1101111111111111, 0.3323333333333333, 0.08233333333333333, 0.3323333333333333, 0.1101111111111111, 0.08233333333333333, 0.3323333333333333, 0.1101111111111111, 0.499, 0.08233333333333333, 0.3323333333333333, 0.1101111111111111, 0.43, 0.34, 0.23, 0.68, 0.68, 0.01, 0.12, 0.68, 0.01, 0.23, 0.51, 0.84, 0.01, 0.79, 0.76, 0.34, 0.9, 0.68, 0.08233333333333333, 0.3323333333333333, 0.1101111111111111, 0.43, 0.68, 0.12, 0.01, 0.34, 0.68, 0.01, 0.43, 0.34, 0.34]",[1271409.0],0.9286924436688424
701,"[0.08233333333333333, 0.3323333333333333, 0.1101111111111111, 0.08233333333333333, 0.3323333333333333, 0.1101111111111111, 0.3323333333333333, 0.08233333333333333, 0.3323333333333333, 0.1101111111111111, 0.08233333333333333, 0.3323333333333333, 0.1101111111111111, 0.499, 0.08233333333333333, 0.3323333333333333, 0.1101111111111111, 0.08233333333333333, 0.3323333333333333, 0.1101111111111111, 0.3323333333333333, 0.08233333333333333, 0.3323333333333333, 0.1101111111111111, 0.08233333333333333, 0.3323333333333333, 0.1101111111111111, 0.499, 0.08233333333333333, 0.3323333333333333, 0.1101111111111111, 0.51, 0.01, 0.79, 0.68, 0.34, 0.34, 0.01, 0.68, 0.01, 0.79, 0.51, 0.93, 0.68, 0.45, 0.59, 0.68, 0.68, 0.34, 0.08233333333333333, 0.3323333333333333, 0.1101111111111111, 0.43, 0.34, 0.23, 0.51, 0.08233333333333333, 0.3323333333333333, 0.1101111111111111, 0.43, 0.01, 0.79]",[2478025.0],0.8855381454030673
702,"[0.08233333333333333, 0.3323333333333333, 0.1101111111111111, 0.08233333333333333, 0.3323333333333333, 0.1101111111111111, 0.3323333333333333, 0.08233333333333333, 0.3323333333333333, 0.1101111111111111, 0.08233333333333333, 0.3323333333333333, 0.1101111111111111, 0.499, 0.08233333333333333, 0.3323333333333333, 0.1101111111111111, 0.08233333333333333, 0.3323333333333333, 0.1101111111111111, 0.3323333333333333, 0.08233333333333333, 0.3323333333333333, 0.1101111111111111, 0.08233333333333333, 0.3323333333333333, 0.1101111111111111, 0.499, 0.08233333333333333, 0.3323333333333333, 0.1101111111111111, 0.84, 0.68, 0.34, 0.34, 0.08233333333333333, 0.3323333333333333, 0.1101111111111111, 0.51, 0.34, 0.45, 0.01, 0.08233333333333333, 0.3323333333333333, 0.1101111111111111, 0.26, 0.68, 0.23, 0.34, 0.59, 0.34, 0.57, 0.18, 0.01, 0.79, 0.51, 0.68, 0.34, 0.57, 0.68, 0.34, 0.79]",[317029.0],0.8812720874945322
703,"[0.08233333333333333, 0.3323333333333333, 0.1101111111111111, 0.08233333333333333, 0.3323333333333333, 0.1101111111111111, 0.3323333333333333, 0.08233333333333333, 0.3323333333333333, 0.1101111111111111, 0.08233333333333333, 0.3323333333333333, 0.1101111111111111, 0.499, 0.08233333333333333, 0.3323333333333333, 0.1101111111111111, 0.08233333333333333, 0.3323333333333333, 0.1101111111111111, 0.3323333333333333, 0.08233333333333333, 0.3323333333333333, 0.1101111111111111, 0.08233333333333333, 0.3323333333333333, 0.1101111111111111, 0.499, 0.08233333333333333, 0.3323333333333333, 0.1101111111111111, 0.51, 0.68, 0.34, 0.68, 0.68, 0.68, 0.68, 0.93, 0.34, 0.12, 0.51, 0.08233333333333333, 0.3323333333333333, 0.1101111111111111, 0.76, 0.01, 0.68, 0.68, 0.08233333333333333, 0.3323333333333333, 0.1101111111111111, 0.51, 0.68, 0.79, 0.51, 0.08233333333333333, 0.3323333333333333, 0.1101111111111111, 0.59, 0.68, 0.45]",[1999761.0],0.898964819808801
704,"[0.08233333333333333, 0.3323333333333333, 0.1101111111111111, 0.08233333333333333, 0.3323333333333333, 0.1101111111111111, 0.3323333333333333, 0.08233333333333333, 0.3323333333333333, 0.1101111111111111, 0.08233333333333333, 0.3323333333333333, 0.1101111111111111, 0.499, 0.08233333333333333, 0.3323333333333333, 0.1101111111111111, 0.08233333333333333, 0.3323333333333333, 0.1101111111111111, 0.3323333333333333, 0.08233333333333333, 0.3323333333333333, 0.1101111111111111, 0.08233333333333333, 0.3323333333333333, 0.1101111111111111, 0.499, 0.08233333333333333, 0.3323333333333333, 0.1101111111111111, 0.51, 0.01, 0.57, 0.34, 0.84, 0.01, 0.9, 0.59, 0.01, 0.79, 0.01, 0.93, 0.34, 0.79, 0.76, 0.01, 0.01, 0.68, 0.09, 0.68, 0.45, 0.09, 0.01, 0.01, 0.01, 0.08233333333333333, 0.3323333333333333, 0.1101111111111111, 0.26, 0.34, 0.12]",[605569.0],0.8450835729638736
705,"[0.08233333333333333, 0.3323333333333333, 0.1101111111111111, 0.59, 0.34, 0.34, 0.34, 0.08233333333333333, 0.3323333333333333, 0.1101111111111111, 0.84, 0.34, 0.45, 0.51, 0.18, 0.34, 0.79, 0.76, 0.68, 0.57, 0.34, 0.08233333333333333, 0.3323333333333333, 0.1101111111111111, 0.34, 0.01, 0.12, 0.51, 0.08233333333333333, 0.3323333333333333, 0.1101111111111111, 0.18, 0.01, 0.34, 0.68, 0.76, 0.68, 0.68, 0.26, 0.68, 0.01, 0.51, 0.68, 0.68, 0.9, 0.51, 0.01, 0.9, 0.68, 0.08233333333333333, 0.3323333333333333, 0.1101111111111111, 0.76, 0.01, 0.45, 0.01, 0.08233333333333333, 0.3323333333333333, 0.1101111111111111, 0.93, 0.68, 0.01]",[6615879.0],0.9337674130996068
706,"[0.08233333333333333, 0.3323333333333333, 0.1101111111111111, 0.08233333333333333, 0.3323333333333333, 0.1101111111111111, 0.3323333333333333, 0.08233333333333333, 0.3323333333333333, 0.1101111111111111, 0.08233333333333333, 0.3323333333333333, 0.1101111111111111, 0.499, 0.08233333333333333, 0.3323333333333333, 0.1101111111111111, 0.34, 0.01, 0.9, 0.68, 0.26, 0.01, 0.01, 0.18, 0.01, 0.12, 0.01, 0.08233333333333333, 0.3323333333333333, 0.1101111111111111, 0.76, 0.68, 0.12, 0.68, 0.34, 0.01, 0.9, 0.18, 0.34, 0.45, 0.01, 0.68, 0.34, 0.45, 0.84, 0.68, 0.34, 0.68, 0.08233333333333333, 0.3323333333333333, 0.1101111111111111, 0.34, 0.01, 0.45, 0.01, 0.76, 0.34, 0.23, 0.26, 0.68, 0.45]",[3193957.0],0.9228763873378436
707,"[0.08233333333333333, 0.3323333333333333, 0.1101111111111111, 0.08233333333333333, 0.3323333333333333, 0.1101111111111111, 0.3323333333333333, 0.08233333333333333, 0.3323333333333333, 0.1101111111111111, 0.08233333333333333, 0.3323333333333333, 0.1101111111111111, 0.499, 0.08233333333333333, 0.3323333333333333, 0.1101111111111111, 0.08233333333333333, 0.3323333333333333, 0.1101111111111111, 0.3323333333333333, 0.08233333333333333, 0.3323333333333333, 0.1101111111111111, 0.08233333333333333, 0.3323333333333333, 0.1101111111111111, 0.499, 0.08233333333333333, 0.3323333333333333, 0.1101111111111111, 0.84, 0.01, 0.34, 0.34, 0.08233333333333333, 0.3323333333333333, 0.1101111111111111, 0.59, 0.68, 0.45, 0.01, 0.08233333333333333, 0.3323333333333333, 0.1101111111111111, 0.84, 0.68, 0.34, 0.34, 0.08233333333333333, 0.3323333333333333, 0.1101111111111111, 0.59, 0.34, 0.45, 0.01, 0.08233333333333333, 0.3323333333333333, 0.1101111111111111, 0.68, 0.68, 0.9]",[8455681.0],0.91053942690293
708,"[0.08233333333333333, 0.3323333333333333, 0.1101111111111111, 0.08233333333333333, 0.3323333333333333, 0.1101111111111111, 0.3323333333333333, 0.08233333333333333, 0.3323333333333333, 0.1101111111111111, 0.08233333333333333, 0.3323333333333333, 0.1101111111111111, 0.499, 0.08233333333333333, 0.3323333333333333, 0.1101111111111111, 0.08233333333333333, 0.3323333333333333, 0.1101111111111111, 0.3323333333333333, 0.08233333333333333, 0.3323333333333333, 0.1101111111111111, 0.08233333333333333, 0.3323333333333333, 0.1101111111111111, 0.499, 0.08233333333333333, 0.3323333333333333, 0.1101111111111111, 0.09, 0.01, 0.23, 0.68, 0.08233333333333333, 0.3323333333333333, 0.1101111111111111, 0.18, 0.68, 0.23, 0.01, 0.76, 0.01, 0.57, 0.26, 0.68, 0.68, 0.34, 0.08233333333333333, 0.3323333333333333, 0.1101111111111111, 0.18, 0.68, 0.34, 0.51, 0.08233333333333333, 0.3323333333333333, 0.1101111111111111, 0.93, 0.34, 0.45]",[2190175.0],0.8124210650722186
709,"[0.51, 0.01, 0.68, 0.51, 0.68, 0.12, 0.68, 0.08233333333333333, 0.3323333333333333, 0.1101111111111111, 0.59, 0.01, 0.57, 0.51, 0.43, 0.68, 0.45, 0.51, 0.34, 0.57, 0.68, 0.08233333333333333, 0.3323333333333333, 0.1101111111111111, 0.18, 0.34, 0.79, 0.01, 0.76, 0.01, 0.23, 0.18, 0.68, 0.68, 0.68, 0.09, 0.34, 0.01, 0.51, 0.68, 0.57, 0.01, 0.84, 0.01, 0.9, 0.93, 0.34, 0.23, 0.68, 0.84, 0.34, 0.79, 0.43, 0.01, 0.12, 0.01, 0.84, 0.01, 0.79, 0.76, 0.68, 0.12]",[10053817.0],0.9366751496990522
710,"[0.08233333333333333, 0.3323333333333333, 0.1101111111111111, 0.08233333333333333, 0.3323333333333333, 0.1101111111111111, 0.3323333333333333, 0.08233333333333333, 0.3323333333333333, 0.1101111111111111, 0.08233333333333333, 0.3323333333333333, 0.1101111111111111, 0.499, 0.08233333333333333, 0.3323333333333333, 0.1101111111111111, 0.08233333333333333, 0.3323333333333333, 0.1101111111111111, 0.3323333333333333, 0.08233333333333333, 0.3323333333333333, 0.1101111111111111, 0.08233333333333333, 0.3323333333333333, 0.1101111111111111, 0.499, 0.08233333333333333, 0.3323333333333333, 0.1101111111111111, 0.51, 0.68, 0.12, 0.34, 0.08233333333333333, 0.3323333333333333, 0.1101111111111111, 0.76, 0.34, 0.12, 0.01, 0.08233333333333333, 0.3323333333333333, 0.1101111111111111, 0.59, 0.34, 0.9, 0.34, 0.59, 0.68, 0.9, 0.51, 0.34, 0.68, 0.01, 0.18, 0.34, 0.57, 0.84, 0.01, 0.79]",[1990727.0],0.9041598305106164
711,"[0.08233333333333333, 0.3323333333333333, 0.1101111111111111, 0.08233333333333333, 0.3323333333333333, 0.1101111111111111, 0.3323333333333333, 0.08233333333333333, 0.3323333333333333, 0.1101111111111111, 0.08233333333333333, 0.3323333333333333, 0.1101111111111111, 0.499, 0.08233333333333333, 0.3323333333333333, 0.1101111111111111, 0.08233333333333333, 0.3323333333333333, 0.1101111111111111, 0.3323333333333333, 0.08233333333333333, 0.3323333333333333, 0.1101111111111111, 0.08233333333333333, 0.3323333333333333, 0.1101111111111111, 0.499, 0.08233333333333333, 0.3323333333333333, 0.1101111111111111, 0.76, 0.34, 0.9, 0.68, 0.08233333333333333, 0.3323333333333333, 0.1101111111111111, 0.84, 0.34, 0.68, 0.51, 0.18, 0.68, 0.01, 0.09, 0.01, 0.79, 0.34, 0.43, 0.68, 0.57, 0.76, 0.34, 0.34, 0.01, 0.34, 0.01, 0.68, 0.34, 0.34, 0.79]",[1964988.0],0.8459845830996832
712,"[0.08233333333333333, 0.3323333333333333, 0.1101111111111111, 0.08233333333333333, 0.3323333333333333, 0.1101111111111111, 0.3323333333333333, 0.08233333333333333, 0.3323333333333333, 0.1101111111111111, 0.08233333333333333, 0.3323333333333333, 0.1101111111111111, 0.499, 0.08233333333333333, 0.3323333333333333, 0.1101111111111111, 0.08233333333333333, 0.3323333333333333, 0.1101111111111111, 0.3323333333333333, 0.08233333333333333, 0.3323333333333333, 0.1101111111111111, 0.08233333333333333, 0.3323333333333333, 0.1101111111111111, 0.499, 0.08233333333333333, 0.3323333333333333, 0.1101111111111111, 0.51, 0.68, 0.34, 0.68, 0.18, 0.01, 0.23, 0.18, 0.68, 0.45, 0.51, 0.26, 0.34, 0.01, 0.34, 0.68, 0.23, 0.68, 0.93, 0.34, 0.79, 0.84, 0.01, 0.01, 0.51, 0.18, 0.01, 0.12, 0.76, 0.01, 0.79]",[2444493.0],0.8464872683087985
713,"[0.08233333333333333, 0.3323333333333333, 0.1101111111111111, 0.51, 0.01, 0.12, 0.68, 0.08233333333333333, 0.3323333333333333, 0.1101111111111111, 0.68, 0.68, 0.23, 0.01, 0.08233333333333333, 0.3323333333333333, 0.1101111111111111, 0.51, 0.68, 0.45, 0.68, 0.08233333333333333, 0.3323333333333333, 0.1101111111111111, 0.68, 0.01, 0.23, 0.01, 0.09, 0.68, 0.12, 0.43, 0.68, 0.57, 0.34, 0.43, 0.34, 0.9, 0.26, 0.34, 0.12, 0.01, 0.43, 0.01, 0.57, 0.09, 0.01, 0.9, 0.68, 0.51, 0.01, 0.45, 0.09, 0.01, 0.9, 0.01, 0.51, 0.01, 0.57, 0.68, 0.01, 0.45]",[579487.0],0.3304993311564128
714,"[0.08233333333333333, 0.3323333333333333, 0.1101111111111111, 0.08233333333333333, 0.3323333333333333, 0.1101111111111111, 0.3323333333333333, 0.08233333333333333, 0.3323333333333333, 0.1101111111111111, 0.08233333333333333, 0.3323333333333333, 0.1101111111111111, 0.499, 0.84, 0.34, 0.9, 0.76, 0.34, 0.9, 0.68, 0.08233333333333333, 0.3323333333333333, 0.1101111111111111, 0.09, 0.34, 0.9, 0.51, 0.59, 0.68, 0.23, 0.09, 0.68, 0.34, 0.68, 0.08233333333333333, 0.3323333333333333, 0.1101111111111111, 0.09, 0.34, 0.01, 0.01, 0.26, 0.01, 0.12, 0.76, 0.34, 0.23, 0.68, 0.34, 0.34, 0.79, 0.93, 0.01, 0.12, 0.01, 0.08233333333333333, 0.3323333333333333, 0.1101111111111111, 0.26, 0.68, 0.01]",[5861297.0],0.3202141905824343
715,"[0.08233333333333333, 0.3323333333333333, 0.1101111111111111, 0.08233333333333333, 0.3323333333333333, 0.1101111111111111, 0.3323333333333333, 0.08233333333333333, 0.3323333333333333, 0.1101111111111111, 0.08233333333333333, 0.3323333333333333, 0.1101111111111111, 0.499, 0.08233333333333333, 0.3323333333333333, 0.1101111111111111, 0.08233333333333333, 0.3323333333333333, 0.1101111111111111, 0.3323333333333333, 0.08233333333333333, 0.3323333333333333, 0.1101111111111111, 0.08233333333333333, 0.3323333333333333, 0.1101111111111111, 0.499, 0.59, 0.01, 0.45, 0.93, 0.68, 0.57, 0.68, 0.68, 0.68, 0.23, 0.51, 0.01, 0.79, 0.51, 0.93, 0.01, 0.01, 0.59, 0.68, 0.23, 0.34, 0.08233333333333333, 0.3323333333333333, 0.1101111111111111, 0.68, 0.01, 0.68, 0.51, 0.08233333333333333, 0.3323333333333333, 0.1101111111111111, 0.18, 0.01, 0.23]",[7859984.0],0.8728639796376229
716,"[0.08233333333333333, 0.3323333333333333, 0.1101111111111111, 0.08233333333333333, 0.3323333333333333, 0.1101111111111111, 0.3323333333333333, 0.08233333333333333, 0.3323333333333333, 0.1101111111111111, 0.08233333333333333, 0.3323333333333333, 0.1101111111111111, 0.499, 0.34, 0.34, 0.9, 0.93, 0.34, 0.79, 0.68, 0.08233333333333333, 0.3323333333333333, 0.1101111111111111, 0.34, 0.34, 0.68, 0.01, 0.09, 0.68, 0.23, 0.43, 0.01, 0.01, 0.34, 0.93, 0.68, 0.34, 0.84, 0.34, 0.79, 0.51, 0.34, 0.68, 0.12, 0.59, 0.34, 0.45, 0.68, 0.34, 0.68, 0.68, 0.76, 0.68, 0.45, 0.51, 0.93, 0.01, 0.57, 0.18, 0.68, 0.45]",[9922331.0],0.9156430582205456
717,"[0.08233333333333333, 0.3323333333333333, 0.1101111111111111, 0.08233333333333333, 0.3323333333333333, 0.1101111111111111, 0.3323333333333333, 0.08233333333333333, 0.3323333333333333, 0.1101111111111111, 0.08233333333333333, 0.3323333333333333, 0.1101111111111111, 0.499, 0.08233333333333333, 0.3323333333333333, 0.1101111111111111, 0.84, 0.68, 0.79, 0.68, 0.08233333333333333, 0.3323333333333333, 0.1101111111111111, 0.18, 0.68, 0.23, 0.51, 0.08233333333333333, 0.3323333333333333, 0.1101111111111111, 0.59, 0.01, 0.9, 0.68, 0.09, 0.68, 0.34, 0.59, 0.01, 0.23, 0.51, 0.08233333333333333, 0.3323333333333333, 0.1101111111111111, 0.84, 0.01, 0.79, 0.68, 0.09, 0.01, 0.12, 0.18, 0.34, 0.34, 0.51, 0.08233333333333333, 0.3323333333333333, 0.1101111111111111, 0.18, 0.34, 0.9]",[154297.0],0.8871415649851163
718,"[0.08233333333333333, 0.3323333333333333, 0.1101111111111111, 0.08233333333333333, 0.3323333333333333, 0.1101111111111111, 0.3323333333333333, 0.08233333333333333, 0.3323333333333333, 0.1101111111111111, 0.08233333333333333, 0.3323333333333333, 0.1101111111111111, 0.499, 0.08233333333333333, 0.3323333333333333, 0.1101111111111111, 0.68, 0.01, 0.57, 0.34, 0.08233333333333333, 0.3323333333333333, 0.1101111111111111, 0.34, 0.34, 0.12, 0.51, 0.84, 0.34, 0.23, 0.18, 0.34, 0.9, 0.68, 0.08233333333333333, 0.3323333333333333, 0.1101111111111111, 0.18, 0.01, 0.01, 0.01, 0.93, 0.01, 0.57, 0.09, 0.68, 0.57, 0.68, 0.93, 0.34, 0.01, 0.18, 0.01, 0.23, 0.51, 0.08233333333333333, 0.3323333333333333, 0.1101111111111111, 0.76, 0.01, 0.12]",[1967645.0],0.8398432279626529
719,"[0.08233333333333333, 0.3323333333333333, 0.1101111111111111, 0.08233333333333333, 0.3323333333333333, 0.1101111111111111, 0.3323333333333333, 0.08233333333333333, 0.3323333333333333, 0.1101111111111111, 0.08233333333333333, 0.3323333333333333, 0.1101111111111111, 0.499, 0.08233333333333333, 0.3323333333333333, 0.1101111111111111, 0.08233333333333333, 0.3323333333333333, 0.1101111111111111, 0.3323333333333333, 0.08233333333333333, 0.3323333333333333, 0.1101111111111111, 0.08233333333333333, 0.3323333333333333, 0.1101111111111111, 0.499, 0.68, 0.68, 0.01, 0.84, 0.68, 0.01, 0.68, 0.18, 0.01, 0.57, 0.76, 0.68, 0.45, 0.01, 0.08233333333333333, 0.3323333333333333, 0.1101111111111111, 0.09, 0.34, 0.57, 0.34, 0.08233333333333333, 0.3323333333333333, 0.1101111111111111, 0.76, 0.68, 0.57, 0.51, 0.18, 0.01, 0.34, 0.26, 0.01, 0.23]",[1951304.0],0.7690887277324995
720,"[0.08233333333333333, 0.3323333333333333, 0.1101111111111111, 0.08233333333333333, 0.3323333333333333, 0.1101111111111111, 0.3323333333333333, 0.08233333333333333, 0.3323333333333333, 0.1101111111111111, 0.08233333333333333, 0.3323333333333333, 0.1101111111111111, 0.499, 0.09, 0.68, 0.68, 0.43, 0.01, 0.12, 0.68, 0.26, 0.01, 0.68, 0.93, 0.68, 0.79, 0.01, 0.43, 0.34, 0.34, 0.68, 0.34, 0.57, 0.68, 0.68, 0.68, 0.79, 0.93, 0.01, 0.34, 0.01, 0.08233333333333333, 0.3323333333333333, 0.1101111111111111, 0.59, 0.01, 0.79, 0.68, 0.93, 0.68, 0.23, 0.34, 0.34, 0.34, 0.51, 0.08233333333333333, 0.3323333333333333, 0.1101111111111111, 0.51, 0.01, 0.12]",[6625051.0],0.8978744457165401
721,"[0.08233333333333333, 0.3323333333333333, 0.1101111111111111, 0.08233333333333333, 0.3323333333333333, 0.1101111111111111, 0.3323333333333333, 0.08233333333333333, 0.3323333333333333, 0.1101111111111111, 0.08233333333333333, 0.3323333333333333, 0.1101111111111111, 0.499, 0.08233333333333333, 0.3323333333333333, 0.1101111111111111, 0.51, 0.68, 0.12, 0.34, 0.08233333333333333, 0.3323333333333333, 0.1101111111111111, 0.68, 0.34, 0.34, 0.01, 0.08233333333333333, 0.3323333333333333, 0.1101111111111111, 0.43, 0.01, 0.57, 0.68, 0.08233333333333333, 0.3323333333333333, 0.1101111111111111, 0.34, 0.01, 0.01, 0.01, 0.18, 0.68, 0.34, 0.43, 0.34, 0.23, 0.68, 0.08233333333333333, 0.3323333333333333, 0.1101111111111111, 0.59, 0.01, 0.79, 0.01, 0.08233333333333333, 0.3323333333333333, 0.1101111111111111, 0.34, 0.34, 0.9]",[33319.0],0.8702492207288742
722,"[0.51, 0.01, 0.01, 0.26, 0.01, 0.79, 0.68, 0.08233333333333333, 0.3323333333333333, 0.1101111111111111, 0.68, 0.34, 0.23, 0.51, 0.08233333333333333, 0.3323333333333333, 0.1101111111111111, 0.59, 0.68, 0.68, 0.34, 0.93, 0.34, 0.57, 0.18, 0.01, 0.79, 0.01, 0.68, 0.68, 0.34, 0.18, 0.34, 0.23, 0.68, 0.84, 0.34, 0.79, 0.18, 0.01, 0.57, 0.01, 0.08233333333333333, 0.3323333333333333, 0.1101111111111111, 0.43, 0.01, 0.9, 0.68, 0.43, 0.01, 0.68, 0.68, 0.01, 0.57, 0.01, 0.08233333333333333, 0.3323333333333333, 0.1101111111111111, 0.09, 0.68, 0.23]",[905314.0],0.9039266283313432
723,"[0.08233333333333333, 0.3323333333333333, 0.1101111111111111, 0.08233333333333333, 0.3323333333333333, 0.1101111111111111, 0.3323333333333333, 0.08233333333333333, 0.3323333333333333, 0.1101111111111111, 0.08233333333333333, 0.3323333333333333, 0.1101111111111111, 0.499, 0.08233333333333333, 0.3323333333333333, 0.1101111111111111, 0.34, 0.01, 0.9, 0.34, 0.76, 0.68, 0.23, 0.51, 0.34, 0.12, 0.51, 0.08233333333333333, 0.3323333333333333, 0.1101111111111111, 0.93, 0.01, 0.79, 0.34, 0.51, 0.01, 0.01, 0.59, 0.34, 0.45, 0.51, 0.08233333333333333, 0.3323333333333333, 0.1101111111111111, 0.59, 0.68, 0.9, 0.34, 0.26, 0.68, 0.34, 0.51, 0.01, 0.79, 0.01, 0.34, 0.68, 0.01, 0.93, 0.34, 0.57]",[6430405.0],0.9389685958623886
724,"[0.08233333333333333, 0.3323333333333333, 0.1101111111111111, 0.08233333333333333, 0.3323333333333333, 0.1101111111111111, 0.3323333333333333, 0.08233333333333333, 0.3323333333333333, 0.1101111111111111, 0.08233333333333333, 0.3323333333333333, 0.1101111111111111, 0.499, 0.08233333333333333, 0.3323333333333333, 0.1101111111111111, 0.09, 0.34, 0.45, 0.34, 0.08233333333333333, 0.3323333333333333, 0.1101111111111111, 0.93, 0.34, 0.9, 0.01, 0.08233333333333333, 0.3323333333333333, 0.1101111111111111, 0.51, 0.34, 0.57, 0.34, 0.08233333333333333, 0.3323333333333333, 0.1101111111111111, 0.09, 0.34, 0.01, 0.01, 0.08233333333333333, 0.3323333333333333, 0.1101111111111111, 0.51, 0.68, 0.01, 0.34, 0.08233333333333333, 0.3323333333333333, 0.1101111111111111, 0.43, 0.68, 0.01, 0.51, 0.59, 0.01, 0.12, 0.68, 0.01, 0.01]",[122711.0],0.3142100503047307
725,"[0.08233333333333333, 0.3323333333333333, 0.1101111111111111, 0.34, 0.34, 0.57, 0.68, 0.34, 0.34, 0.68, 0.84, 0.34, 0.34, 0.51, 0.18, 0.68, 0.9, 0.84, 0.34, 0.9, 0.68, 0.51, 0.34, 0.79, 0.43, 0.01, 0.01, 0.01, 0.08233333333333333, 0.3323333333333333, 0.1101111111111111, 0.51, 0.68, 0.01, 0.68, 0.84, 0.68, 0.01, 0.34, 0.01, 0.45, 0.51, 0.08233333333333333, 0.3323333333333333, 0.1101111111111111, 0.93, 0.34, 0.57, 0.68, 0.09, 0.68, 0.57, 0.43, 0.34, 0.79, 0.01, 0.08233333333333333, 0.3323333333333333, 0.1101111111111111, 0.59, 0.01, 0.57]",[1365058.0],0.9307922219236692
726,"[0.08233333333333333, 0.3323333333333333, 0.1101111111111111, 0.08233333333333333, 0.3323333333333333, 0.1101111111111111, 0.3323333333333333, 0.08233333333333333, 0.3323333333333333, 0.1101111111111111, 0.08233333333333333, 0.3323333333333333, 0.1101111111111111, 0.499, 0.08233333333333333, 0.3323333333333333, 0.1101111111111111, 0.08233333333333333, 0.3323333333333333, 0.1101111111111111, 0.3323333333333333, 0.08233333333333333, 0.3323333333333333, 0.1101111111111111, 0.08233333333333333, 0.3323333333333333, 0.1101111111111111, 0.499, 0.08233333333333333, 0.3323333333333333, 0.1101111111111111, 0.68, 0.34, 0.45, 0.68, 0.08233333333333333, 0.3323333333333333, 0.1101111111111111, 0.43, 0.34, 0.12, 0.51, 0.08233333333333333, 0.3323333333333333, 0.1101111111111111, 0.34, 0.34, 0.45, 0.68, 0.08233333333333333, 0.3323333333333333, 0.1101111111111111, 0.18, 0.34, 0.45, 0.01, 0.09, 0.68, 0.12, 0.51, 0.01, 0.34]",[36771.0],0.8378662213683128
727,"[0.09, 0.68, 0.23, 0.84, 0.68, 0.23, 0.68, 0.84, 0.34, 0.57, 0.84, 0.34, 0.79, 0.01, 0.34, 0.01, 0.12, 0.76, 0.01, 0.12, 0.34, 0.08233333333333333, 0.3323333333333333, 0.1101111111111111, 0.76, 0.68, 0.45, 0.51, 0.08233333333333333, 0.3323333333333333, 0.1101111111111111, 0.76, 0.34, 0.01, 0.34, 0.76, 0.68, 0.34, 0.93, 0.68, 0.68, 0.01, 0.59, 0.01, 0.45, 0.43, 0.68, 0.01, 0.68, 0.08233333333333333, 0.3323333333333333, 0.1101111111111111, 0.34, 0.01, 0.57, 0.51, 0.59, 0.01, 0.45, 0.76, 0.34, 0.01]",[18363447.0],0.9381416300932568
728,"[0.08233333333333333, 0.3323333333333333, 0.1101111111111111, 0.08233333333333333, 0.3323333333333333, 0.1101111111111111, 0.3323333333333333, 0.08233333333333333, 0.3323333333333333, 0.1101111111111111, 0.08233333333333333, 0.3323333333333333, 0.1101111111111111, 0.499, 0.18, 0.01, 0.68, 0.34, 0.34, 0.57, 0.68, 0.51, 0.01, 0.23, 0.34, 0.34, 0.45, 0.51, 0.76, 0.68, 0.01, 0.09, 0.34, 0.9, 0.34, 0.08233333333333333, 0.3323333333333333, 0.1101111111111111, 0.84, 0.68, 0.9, 0.01, 0.08233333333333333, 0.3323333333333333, 0.1101111111111111, 0.76, 0.34, 0.23, 0.68, 0.08233333333333333, 0.3323333333333333, 0.1101111111111111, 0.51, 0.34, 0.68, 0.51, 0.59, 0.34, 0.45, 0.09, 0.01, 0.79]",[1230048.0],0.7349478393793106
729,"[0.08233333333333333, 0.3323333333333333, 0.1101111111111111, 0.08233333333333333, 0.3323333333333333, 0.1101111111111111, 0.3323333333333333, 0.08233333333333333, 0.3323333333333333, 0.1101111111111111, 0.08233333333333333, 0.3323333333333333, 0.1101111111111111, 0.499, 0.76, 0.68, 0.12, 0.84, 0.01, 0.79, 0.34, 0.51, 0.01, 0.23, 0.51, 0.01, 0.68, 0.51, 0.26, 0.34, 0.9, 0.93, 0.01, 0.68, 0.68, 0.43, 0.01, 0.57, 0.18, 0.01, 0.12, 0.51, 0.43, 0.34, 0.9, 0.09, 0.01, 0.57, 0.68, 0.18, 0.34, 0.9, 0.26, 0.01, 0.34, 0.01, 0.26, 0.34, 0.01, 0.76, 0.01, 0.12]",[628795.0],0.9100644861658416
730,"[0.08233333333333333, 0.3323333333333333, 0.1101111111111111, 0.08233333333333333, 0.3323333333333333, 0.1101111111111111, 0.3323333333333333, 0.08233333333333333, 0.3323333333333333, 0.1101111111111111, 0.08233333333333333, 0.3323333333333333, 0.1101111111111111, 0.499, 0.08233333333333333, 0.3323333333333333, 0.1101111111111111, 0.08233333333333333, 0.3323333333333333, 0.1101111111111111, 0.3323333333333333, 0.08233333333333333, 0.3323333333333333, 0.1101111111111111, 0.08233333333333333, 0.3323333333333333, 0.1101111111111111, 0.499, 0.08233333333333333, 0.3323333333333333, 0.1101111111111111, 0.68, 0.34, 0.45, 0.34, 0.08233333333333333, 0.3323333333333333, 0.1101111111111111, 0.18, 0.34, 0.23, 0.01, 0.76, 0.01, 0.79, 0.43, 0.34, 0.12, 0.68, 0.08233333333333333, 0.3323333333333333, 0.1101111111111111, 0.93, 0.01, 0.45, 0.51, 0.09, 0.68, 0.34, 0.84, 0.34, 0.01]",[5100748.0],0.9095628092686336
731,"[0.08233333333333333, 0.3323333333333333, 0.1101111111111111, 0.08233333333333333, 0.3323333333333333, 0.1101111111111111, 0.3323333333333333, 0.08233333333333333, 0.3323333333333333, 0.1101111111111111, 0.08233333333333333, 0.3323333333333333, 0.1101111111111111, 0.499, 0.08233333333333333, 0.3323333333333333, 0.1101111111111111, 0.08233333333333333, 0.3323333333333333, 0.1101111111111111, 0.3323333333333333, 0.08233333333333333, 0.3323333333333333, 0.1101111111111111, 0.08233333333333333, 0.3323333333333333, 0.1101111111111111, 0.499, 0.68, 0.34, 0.57, 0.34, 0.01, 0.34, 0.68, 0.93, 0.34, 0.12, 0.84, 0.34, 0.68, 0.51, 0.08233333333333333, 0.3323333333333333, 0.1101111111111111, 0.51, 0.01, 0.79, 0.34, 0.08233333333333333, 0.3323333333333333, 0.1101111111111111, 0.34, 0.34, 0.23, 0.51, 0.93, 0.01, 0.01, 0.09, 0.34, 0.12]",[4887141.0],0.877595470348994
732,"[0.08233333333333333, 0.3323333333333333, 0.1101111111111111, 0.59, 0.34, 0.79, 0.34, 0.08233333333333333, 0.3323333333333333, 0.1101111111111111, 0.76, 0.68, 0.34, 0.51, 0.84, 0.68, 0.79, 0.51, 0.34, 0.23, 0.34, 0.08233333333333333, 0.3323333333333333, 0.1101111111111111, 0.76, 0.68, 0.45, 0.01, 0.59, 0.01, 0.79, 0.34, 0.68, 0.45, 0.34, 0.08233333333333333, 0.3323333333333333, 0.1101111111111111, 0.51, 0.68, 0.23, 0.51, 0.08233333333333333, 0.3323333333333333, 0.1101111111111111, 0.18, 0.68, 0.12, 0.68, 0.18, 0.68, 0.12, 0.59, 0.68, 0.34, 0.51, 0.08233333333333333, 0.3323333333333333, 0.1101111111111111, 0.68, 0.01, 0.34]",[2636889.0],0.9384584829211235
733,"[0.84, 0.01, 0.12, 0.51, 0.01, 0.12, 0.68, 0.08233333333333333, 0.3323333333333333, 0.1101111111111111, 0.09, 0.01, 0.57, 0.51, 0.93, 0.01, 0.23, 0.18, 0.68, 0.34, 0.68, 0.08233333333333333, 0.3323333333333333, 0.1101111111111111, 0.34, 0.68, 0.34, 0.51, 0.08233333333333333, 0.3323333333333333, 0.1101111111111111, 0.18, 0.01, 0.23, 0.68, 0.26, 0.01, 0.68, 0.34, 0.68, 0.23, 0.01, 0.09, 0.68, 0.9, 0.84, 0.68, 0.12, 0.34, 0.08233333333333333, 0.3323333333333333, 0.1101111111111111, 0.26, 0.01, 0.79, 0.51, 0.51, 0.68, 0.68, 0.18, 0.01, 0.68]",[535285.0],0.8435112913449605
734,"[0.51, 0.68, 0.79, 0.26, 0.34, 0.34, 0.34, 0.68, 0.68, 0.79, 0.34, 0.34, 0.12, 0.51, 0.08233333333333333, 0.3323333333333333, 0.1101111111111111, 0.59, 0.34, 0.01, 0.34, 0.08233333333333333, 0.3323333333333333, 0.1101111111111111, 0.93, 0.34, 0.23, 0.51, 0.08233333333333333, 0.3323333333333333, 0.1101111111111111, 0.84, 0.68, 0.12, 0.68, 0.08233333333333333, 0.3323333333333333, 0.1101111111111111, 0.43, 0.01, 0.45, 0.01, 0.51, 0.01, 0.45, 0.76, 0.34, 0.68, 0.34, 0.26, 0.01, 0.9, 0.68, 0.34, 0.01, 0.01, 0.08233333333333333, 0.3323333333333333, 0.1101111111111111, 0.84, 0.01, 0.79]",[6600017.0],0.9442121749122936
735,"[0.08233333333333333, 0.3323333333333333, 0.1101111111111111, 0.08233333333333333, 0.3323333333333333, 0.1101111111111111, 0.3323333333333333, 0.08233333333333333, 0.3323333333333333, 0.1101111111111111, 0.08233333333333333, 0.3323333333333333, 0.1101111111111111, 0.499, 0.08233333333333333, 0.3323333333333333, 0.1101111111111111, 0.08233333333333333, 0.3323333333333333, 0.1101111111111111, 0.3323333333333333, 0.08233333333333333, 0.3323333333333333, 0.1101111111111111, 0.08233333333333333, 0.3323333333333333, 0.1101111111111111, 0.499, 0.08233333333333333, 0.3323333333333333, 0.1101111111111111, 0.43, 0.34, 0.34, 0.34, 0.34, 0.01, 0.45, 0.34, 0.34, 0.79, 0.01, 0.08233333333333333, 0.3323333333333333, 0.1101111111111111, 0.59, 0.34, 0.23, 0.68, 0.68, 0.68, 0.45, 0.34, 0.01, 0.01, 0.51, 0.76, 0.68, 0.12, 0.26, 0.68, 0.23]",[659495.0],0.9353971699873608
736,"[0.51, 0.34, 0.23, 0.51, 0.34, 0.57, 0.34, 0.76, 0.34, 0.12, 0.51, 0.01, 0.23, 0.01, 0.51, 0.34, 0.34, 0.51, 0.34, 0.23, 0.68, 0.68, 0.34, 0.9, 0.76, 0.01, 0.23, 0.51, 0.08233333333333333, 0.3323333333333333, 0.1101111111111111, 0.59, 0.01, 0.23, 0.68, 0.08233333333333333, 0.3323333333333333, 0.1101111111111111, 0.93, 0.34, 0.79, 0.51, 0.43, 0.68, 0.9, 0.26, 0.34, 0.57, 0.68, 0.84, 0.68, 0.12, 0.26, 0.01, 0.57, 0.01, 0.08233333333333333, 0.3323333333333333, 0.1101111111111111, 0.34, 0.34, 0.34]",[4394891.0],0.9521757493416468
737,"[0.08233333333333333, 0.3323333333333333, 0.1101111111111111, 0.08233333333333333, 0.3323333333333333, 0.1101111111111111, 0.3323333333333333, 0.08233333333333333, 0.3323333333333333, 0.1101111111111111, 0.08233333333333333, 0.3323333333333333, 0.1101111111111111, 0.499, 0.76, 0.68, 0.68, 0.68, 0.34, 0.23, 0.34, 0.08233333333333333, 0.3323333333333333, 0.1101111111111111, 0.18, 0.01, 0.01, 0.01, 0.08233333333333333, 0.3323333333333333, 0.1101111111111111, 0.76, 0.01, 0.9, 0.34, 0.08233333333333333, 0.3323333333333333, 0.1101111111111111, 0.18, 0.01, 0.01, 0.51, 0.08233333333333333, 0.3323333333333333, 0.1101111111111111, 0.93, 0.01, 0.34, 0.34, 0.18, 0.01, 0.01, 0.26, 0.01, 0.68, 0.01, 0.08233333333333333, 0.3323333333333333, 0.1101111111111111, 0.18, 0.01, 0.57]",[616705.0],0.8770877410968144
738,"[0.08233333333333333, 0.3323333333333333, 0.1101111111111111, 0.08233333333333333, 0.3323333333333333, 0.1101111111111111, 0.3323333333333333, 0.08233333333333333, 0.3323333333333333, 0.1101111111111111, 0.08233333333333333, 0.3323333333333333, 0.1101111111111111, 0.499, 0.08233333333333333, 0.3323333333333333, 0.1101111111111111, 0.59, 0.34, 0.34, 0.34, 0.08233333333333333, 0.3323333333333333, 0.1101111111111111, 0.84, 0.01, 0.79, 0.51, 0.93, 0.34, 0.12, 0.68, 0.68, 0.9, 0.34, 0.34, 0.68, 0.57, 0.26, 0.34, 0.01, 0.51, 0.18, 0.01, 0.23, 0.76, 0.68, 0.68, 0.68, 0.68, 0.68, 0.79, 0.93, 0.68, 0.23, 0.01, 0.84, 0.68, 0.79, 0.59, 0.01, 0.68]",[12960493.0],0.9507385457555452
739,"[0.08233333333333333, 0.3323333333333333, 0.1101111111111111, 0.08233333333333333, 0.3323333333333333, 0.1101111111111111, 0.3323333333333333, 0.08233333333333333, 0.3323333333333333, 0.1101111111111111, 0.08233333333333333, 0.3323333333333333, 0.1101111111111111, 0.499, 0.08233333333333333, 0.3323333333333333, 0.1101111111111111, 0.93, 0.34, 0.01, 0.68, 0.93, 0.68, 0.34, 0.84, 0.01, 0.57, 0.01, 0.43, 0.01, 0.01, 0.51, 0.68, 0.12, 0.34, 0.43, 0.68, 0.23, 0.43, 0.34, 0.23, 0.51, 0.08233333333333333, 0.3323333333333333, 0.1101111111111111, 0.18, 0.68, 0.12, 0.68, 0.08233333333333333, 0.3323333333333333, 0.1101111111111111, 0.18, 0.68, 0.23, 0.51, 0.18, 0.01, 0.34, 0.09, 0.34, 0.9]",[1017504.0],0.90480454514424
740,"[0.43, 0.01, 0.23, 0.43, 0.68, 0.45, 0.68, 0.08233333333333333, 0.3323333333333333, 0.1101111111111111, 0.59, 0.01, 0.45, 0.01, 0.08233333333333333, 0.3323333333333333, 0.1101111111111111, 0.18, 0.01, 0.45, 0.68, 0.34, 0.68, 0.01, 0.59, 0.01, 0.23, 0.51, 0.59, 0.34, 0.9, 0.43, 0.68, 0.57, 0.68, 0.93, 0.01, 0.34, 0.51, 0.34, 0.23, 0.51, 0.34, 0.01, 0.57, 0.68, 0.01, 0.23, 0.34, 0.08233333333333333, 0.3323333333333333, 0.1101111111111111, 0.59, 0.68, 0.68, 0.51, 0.51, 0.68, 0.79, 0.84, 0.01, 0.34]",[1677335.0],0.9425768822431564
741,"[0.08233333333333333, 0.3323333333333333, 0.1101111111111111, 0.08233333333333333, 0.3323333333333333, 0.1101111111111111, 0.3323333333333333, 0.08233333333333333, 0.3323333333333333, 0.1101111111111111, 0.08233333333333333, 0.3323333333333333, 0.1101111111111111, 0.499, 0.51, 0.01, 0.79, 0.93, 0.01, 0.79, 0.34, 0.08233333333333333, 0.3323333333333333, 0.1101111111111111, 0.84, 0.01, 0.9, 0.51, 0.26, 0.68, 0.23, 0.93, 0.34, 0.34, 0.68, 0.34, 0.34, 0.9, 0.43, 0.68, 0.9, 0.01, 0.09, 0.68, 0.23, 0.93, 0.34, 0.23, 0.68, 0.51, 0.34, 0.9, 0.93, 0.68, 0.9, 0.01, 0.43, 0.68, 0.9, 0.09, 0.34, 0.23]",[6252008.0],0.3191757351160049
742,"[0.93, 0.34, 0.01, 0.68, 0.34, 0.9, 0.68, 0.09, 0.34, 0.79, 0.43, 0.68, 0.9, 0.51, 0.08233333333333333, 0.3323333333333333, 0.1101111111111111, 0.43, 0.34, 0.12, 0.34, 0.26, 0.01, 0.23, 0.93, 0.01, 0.12, 0.51, 0.08233333333333333, 0.3323333333333333, 0.1101111111111111, 0.26, 0.01, 0.12, 0.68, 0.08233333333333333, 0.3323333333333333, 0.1101111111111111, 0.84, 0.68, 0.68, 0.51, 0.08233333333333333, 0.3323333333333333, 0.1101111111111111, 0.59, 0.68, 0.57, 0.34, 0.68, 0.68, 0.79, 0.51, 0.01, 0.68, 0.51, 0.26, 0.68, 0.01, 0.26, 0.01, 0.57]",[4354454.0],0.9423250044385592
743,"[0.08233333333333333, 0.3323333333333333, 0.1101111111111111, 0.08233333333333333, 0.3323333333333333, 0.1101111111111111, 0.3323333333333333, 0.08233333333333333, 0.3323333333333333, 0.1101111111111111, 0.08233333333333333, 0.3323333333333333, 0.1101111111111111, 0.499, 0.08233333333333333, 0.3323333333333333, 0.1101111111111111, 0.08233333333333333, 0.3323333333333333, 0.1101111111111111, 0.3323333333333333, 0.08233333333333333, 0.3323333333333333, 0.1101111111111111, 0.08233333333333333, 0.3323333333333333, 0.1101111111111111, 0.499, 0.08233333333333333, 0.3323333333333333, 0.1101111111111111, 0.18, 0.01, 0.68, 0.68, 0.08233333333333333, 0.3323333333333333, 0.1101111111111111, 0.76, 0.68, 0.68, 0.51, 0.26, 0.34, 0.34, 0.34, 0.01, 0.34, 0.68, 0.08233333333333333, 0.3323333333333333, 0.1101111111111111, 0.43, 0.01, 0.68, 0.51, 0.51, 0.01, 0.12, 0.84, 0.01, 0.9]",[612785.0],0.7142936130364735
744,"[0.18, 0.34, 0.79, 0.76, 0.01, 0.45, 0.34, 0.09, 0.34, 0.9, 0.26, 0.34, 0.9, 0.01, 0.08233333333333333, 0.3323333333333333, 0.1101111111111111, 0.68, 0.01, 0.79, 0.34, 0.08233333333333333, 0.3323333333333333, 0.1101111111111111, 0.18, 0.34, 0.12, 0.01, 0.76, 0.68, 0.45, 0.51, 0.01, 0.79, 0.68, 0.08233333333333333, 0.3323333333333333, 0.1101111111111111, 0.68, 0.34, 0.34, 0.01, 0.93, 0.34, 0.23, 0.68, 0.01, 0.79, 0.34, 0.18, 0.68, 0.01, 0.84, 0.34, 0.9, 0.01, 0.09, 0.01, 0.34, 0.34, 0.34, 0.57]",[3011199.0],0.3148152540127436
745,"[0.08233333333333333, 0.3323333333333333, 0.1101111111111111, 0.09, 0.34, 0.79, 0.68, 0.76, 0.68, 0.34, 0.68, 0.68, 0.45, 0.51, 0.08233333333333333, 0.3323333333333333, 0.1101111111111111, 0.26, 0.01, 0.9, 0.34, 0.08233333333333333, 0.3323333333333333, 0.1101111111111111, 0.51, 0.01, 0.9, 0.51, 0.08233333333333333, 0.3323333333333333, 0.1101111111111111, 0.18, 0.68, 0.23, 0.68, 0.18, 0.34, 0.79, 0.59, 0.34, 0.23, 0.01, 0.08233333333333333, 0.3323333333333333, 0.1101111111111111, 0.76, 0.01, 0.68, 0.68, 0.34, 0.34, 0.45, 0.18, 0.34, 0.57, 0.51, 0.08233333333333333, 0.3323333333333333, 0.1101111111111111, 0.93, 0.34, 0.23]",[5459255.0],0.8735162357489268
746,"[0.08233333333333333, 0.3323333333333333, 0.1101111111111111, 0.08233333333333333, 0.3323333333333333, 0.1101111111111111, 0.3323333333333333, 0.08233333333333333, 0.3323333333333333, 0.1101111111111111, 0.08233333333333333, 0.3323333333333333, 0.1101111111111111, 0.499, 0.08233333333333333, 0.3323333333333333, 0.1101111111111111, 0.08233333333333333, 0.3323333333333333, 0.1101111111111111, 0.3323333333333333, 0.08233333333333333, 0.3323333333333333, 0.1101111111111111, 0.08233333333333333, 0.3323333333333333, 0.1101111111111111, 0.499, 0.76, 0.34, 0.9, 0.76, 0.34, 0.34, 0.68, 0.08233333333333333, 0.3323333333333333, 0.1101111111111111, 0.93, 0.34, 0.12, 0.01, 0.18, 0.34, 0.23, 0.68, 0.01, 0.68, 0.34, 0.93, 0.34, 0.34, 0.51, 0.68, 0.01, 0.01, 0.18, 0.68, 0.01, 0.76, 0.01, 0.34]",[4358413.0],0.8884446928898494
747,"[0.08233333333333333, 0.3323333333333333, 0.1101111111111111, 0.08233333333333333, 0.3323333333333333, 0.1101111111111111, 0.3323333333333333, 0.08233333333333333, 0.3323333333333333, 0.1101111111111111, 0.08233333333333333, 0.3323333333333333, 0.1101111111111111, 0.499, 0.08233333333333333, 0.3323333333333333, 0.1101111111111111, 0.34, 0.68, 0.23, 0.68, 0.68, 0.01, 0.01, 0.76, 0.68, 0.12, 0.51, 0.59, 0.01, 0.45, 0.68, 0.01, 0.9, 0.34, 0.84, 0.68, 0.34, 0.43, 0.01, 0.57, 0.51, 0.93, 0.68, 0.23, 0.51, 0.68, 0.12, 0.34, 0.09, 0.01, 0.01, 0.51, 0.68, 0.23, 0.51, 0.08233333333333333, 0.3323333333333333, 0.1101111111111111, 0.51, 0.01, 0.57]",[6791420.0],0.9400443116823832
748,"[0.08233333333333333, 0.3323333333333333, 0.1101111111111111, 0.08233333333333333, 0.3323333333333333, 0.1101111111111111, 0.3323333333333333, 0.08233333333333333, 0.3323333333333333, 0.1101111111111111, 0.08233333333333333, 0.3323333333333333, 0.1101111111111111, 0.499, 0.08233333333333333, 0.3323333333333333, 0.1101111111111111, 0.08233333333333333, 0.3323333333333333, 0.1101111111111111, 0.3323333333333333, 0.08233333333333333, 0.3323333333333333, 0.1101111111111111, 0.08233333333333333, 0.3323333333333333, 0.1101111111111111, 0.499, 0.08233333333333333, 0.3323333333333333, 0.1101111111111111, 0.76, 0.01, 0.01, 0.68, 0.26, 0.68, 0.34, 0.34, 0.68, 0.01, 0.01, 0.84, 0.01, 0.9, 0.09, 0.34, 0.68, 0.68, 0.68, 0.34, 0.23, 0.43, 0.01, 0.23, 0.51, 0.34, 0.68, 0.01, 0.76, 0.68, 0.12]",[476720.0],0.8779842719435692
749,"[0.08233333333333333, 0.3323333333333333, 0.1101111111111111, 0.08233333333333333, 0.3323333333333333, 0.1101111111111111, 0.3323333333333333, 0.08233333333333333, 0.3323333333333333, 0.1101111111111111, 0.08233333333333333, 0.3323333333333333, 0.1101111111111111, 0.499, 0.51, 0.01, 0.23, 0.26, 0.01, 0.9, 0.34, 0.08233333333333333, 0.3323333333333333, 0.1101111111111111, 0.84, 0.68, 0.68, 0.01, 0.18, 0.34, 0.9, 0.43, 0.68, 0.9, 0.68, 0.08233333333333333, 0.3323333333333333, 0.1101111111111111, 0.34, 0.34, 0.01, 0.01, 0.84, 0.01, 0.68, 0.34, 0.68, 0.34, 0.68, 0.08233333333333333, 0.3323333333333333, 0.1101111111111111, 0.09, 0.01, 0.45, 0.01, 0.08233333333333333, 0.3323333333333333, 0.1101111111111111, 0.76, 0.68, 0.79]",[532851.0],0.8873183384537697
750,"[0.26, 0.68, 0.9, 0.59, 0.34, 0.23, 0.68, 0.08233333333333333, 0.3323333333333333, 0.1101111111111111, 0.43, 0.68, 0.23, 0.51, 0.68, 0.01, 0.45, 0.93, 0.01, 0.45, 0.34, 0.08233333333333333, 0.3323333333333333, 0.1101111111111111, 0.18, 0.01, 0.01, 0.51, 0.08233333333333333, 0.3323333333333333, 0.1101111111111111, 0.34, 0.68, 0.9, 0.68, 0.68, 0.01, 0.57, 0.76, 0.01, 0.9, 0.01, 0.08233333333333333, 0.3323333333333333, 0.1101111111111111, 0.76, 0.01, 0.12, 0.68, 0.08233333333333333, 0.3323333333333333, 0.1101111111111111, 0.93, 0.01, 0.45, 0.51, 0.08233333333333333, 0.3323333333333333, 0.1101111111111111, 0.26, 0.34, 0.01]",[5149598.0],0.8112251490354538
751,"[0.08233333333333333, 0.3323333333333333, 0.1101111111111111, 0.08233333333333333, 0.3323333333333333, 0.1101111111111111, 0.3323333333333333, 0.08233333333333333, 0.3323333333333333, 0.1101111111111111, 0.08233333333333333, 0.3323333333333333, 0.1101111111111111, 0.499, 0.51, 0.01, 0.45, 0.51, 0.01, 0.68, 0.34, 0.84, 0.34, 0.79, 0.26, 0.68, 0.34, 0.51, 0.18, 0.68, 0.12, 0.51, 0.01, 0.45, 0.34, 0.68, 0.34, 0.79, 0.18, 0.34, 0.45, 0.01, 0.08233333333333333, 0.3323333333333333, 0.1101111111111111, 0.84, 0.68, 0.57, 0.34, 0.08233333333333333, 0.3323333333333333, 0.1101111111111111, 0.18, 0.01, 0.23, 0.51, 0.08233333333333333, 0.3323333333333333, 0.1101111111111111, 0.76, 0.01, 0.34]",[888382.0],0.9006427536408107
752,"[0.08233333333333333, 0.3323333333333333, 0.1101111111111111, 0.08233333333333333, 0.3323333333333333, 0.1101111111111111, 0.3323333333333333, 0.08233333333333333, 0.3323333333333333, 0.1101111111111111, 0.08233333333333333, 0.3323333333333333, 0.1101111111111111, 0.499, 0.08233333333333333, 0.3323333333333333, 0.1101111111111111, 0.08233333333333333, 0.3323333333333333, 0.1101111111111111, 0.3323333333333333, 0.08233333333333333, 0.3323333333333333, 0.1101111111111111, 0.08233333333333333, 0.3323333333333333, 0.1101111111111111, 0.499, 0.08233333333333333, 0.3323333333333333, 0.1101111111111111, 0.43, 0.68, 0.12, 0.68, 0.08233333333333333, 0.3323333333333333, 0.1101111111111111, 0.26, 0.68, 0.34, 0.51, 0.26, 0.01, 0.12, 0.43, 0.01, 0.34, 0.34, 0.93, 0.68, 0.23, 0.09, 0.34, 0.79, 0.51, 0.43, 0.34, 0.12, 0.09, 0.01, 0.12]",[453025.0],0.8714333186546962
753,"[0.08233333333333333, 0.3323333333333333, 0.1101111111111111, 0.08233333333333333, 0.3323333333333333, 0.1101111111111111, 0.3323333333333333, 0.08233333333333333, 0.3323333333333333, 0.1101111111111111, 0.08233333333333333, 0.3323333333333333, 0.1101111111111111, 0.499, 0.51, 0.01, 0.79, 0.34, 0.68, 0.01, 0.68, 0.08233333333333333, 0.3323333333333333, 0.1101111111111111, 0.18, 0.01, 0.23, 0.01, 0.08233333333333333, 0.3323333333333333, 0.1101111111111111, 0.34, 0.68, 0.68, 0.34, 0.76, 0.34, 0.01, 0.59, 0.01, 0.12, 0.51, 0.08233333333333333, 0.3323333333333333, 0.1101111111111111, 0.76, 0.34, 0.01, 0.34, 0.08233333333333333, 0.3323333333333333, 0.1101111111111111, 0.43, 0.34, 0.23, 0.01, 0.93, 0.01, 0.01, 0.93, 0.01, 0.12]",[5758449.0],0.9133836954832076
754,"[0.08233333333333333, 0.3323333333333333, 0.1101111111111111, 0.59, 0.34, 0.9, 0.68, 0.08233333333333333, 0.3323333333333333, 0.1101111111111111, 0.59, 0.01, 0.01, 0.51, 0.93, 0.01, 0.45, 0.26, 0.68, 0.79, 0.34, 0.26, 0.01, 0.57, 0.18, 0.34, 0.01, 0.51, 0.18, 0.01, 0.34, 0.43, 0.34, 0.9, 0.68, 0.26, 0.68, 0.68, 0.26, 0.01, 0.45, 0.51, 0.09, 0.01, 0.45, 0.43, 0.34, 0.34, 0.68, 0.93, 0.68, 0.23, 0.84, 0.34, 0.68, 0.51, 0.08233333333333333, 0.3323333333333333, 0.1101111111111111, 0.09, 0.68, 0.9]",[5888667.0],0.9199292704463004
755,"[0.08233333333333333, 0.3323333333333333, 0.1101111111111111, 0.08233333333333333, 0.3323333333333333, 0.1101111111111111, 0.3323333333333333, 0.08233333333333333, 0.3323333333333333, 0.1101111111111111, 0.08233333333333333, 0.3323333333333333, 0.1101111111111111, 0.499, 0.08233333333333333, 0.3323333333333333, 0.1101111111111111, 0.08233333333333333, 0.3323333333333333, 0.1101111111111111, 0.3323333333333333, 0.08233333333333333, 0.3323333333333333, 0.1101111111111111, 0.08233333333333333, 0.3323333333333333, 0.1101111111111111, 0.499, 0.68, 0.68, 0.23, 0.51, 0.01, 0.45, 0.34, 0.08233333333333333, 0.3323333333333333, 0.1101111111111111, 0.18, 0.01, 0.23, 0.01, 0.08233333333333333, 0.3323333333333333, 0.1101111111111111, 0.76, 0.68, 0.68, 0.34, 0.93, 0.68, 0.57, 0.59, 0.34, 0.57, 0.51, 0.08233333333333333, 0.3323333333333333, 0.1101111111111111, 0.34, 0.68, 0.23]",[7536773.0],0.9288318514823912
756,"[0.08233333333333333, 0.3323333333333333, 0.1101111111111111, 0.08233333333333333, 0.3323333333333333, 0.1101111111111111, 0.3323333333333333, 0.08233333333333333, 0.3323333333333333, 0.1101111111111111, 0.08233333333333333, 0.3323333333333333, 0.1101111111111111, 0.499, 0.08233333333333333, 0.3323333333333333, 0.1101111111111111, 0.68, 0.68, 0.12, 0.34, 0.08233333333333333, 0.3323333333333333, 0.1101111111111111, 0.84, 0.68, 0.12, 0.51, 0.08233333333333333, 0.3323333333333333, 0.1101111111111111, 0.18, 0.01, 0.68, 0.34, 0.34, 0.34, 0.34, 0.51, 0.68, 0.79, 0.01, 0.08233333333333333, 0.3323333333333333, 0.1101111111111111, 0.34, 0.68, 0.23, 0.34, 0.34, 0.68, 0.57, 0.68, 0.01, 0.23, 0.01, 0.08233333333333333, 0.3323333333333333, 0.1101111111111111, 0.84, 0.68, 0.68]",[3196239.0],0.9189463118712108
757,"[0.08233333333333333, 0.3323333333333333, 0.1101111111111111, 0.08233333333333333, 0.3323333333333333, 0.1101111111111111, 0.3323333333333333, 0.08233333333333333, 0.3323333333333333, 0.1101111111111111, 0.08233333333333333, 0.3323333333333333, 0.1101111111111111, 0.499, 0.08233333333333333, 0.3323333333333333, 0.1101111111111111, 0.93, 0.68, 0.12, 0.34, 0.08233333333333333, 0.3323333333333333, 0.1101111111111111, 0.59, 0.34, 0.68, 0.51, 0.59, 0.68, 0.79, 0.18, 0.68, 0.01, 0.68, 0.93, 0.34, 0.12, 0.68, 0.34, 0.23, 0.01, 0.08233333333333333, 0.3323333333333333, 0.1101111111111111, 0.51, 0.34, 0.12, 0.68, 0.08233333333333333, 0.3323333333333333, 0.1101111111111111, 0.93, 0.34, 0.01, 0.51, 0.93, 0.34, 0.12, 0.93, 0.01, 0.79]",[25661607.0],0.9386009012659392
758,"[0.08233333333333333, 0.3323333333333333, 0.1101111111111111, 0.08233333333333333, 0.3323333333333333, 0.1101111111111111, 0.3323333333333333, 0.08233333333333333, 0.3323333333333333, 0.1101111111111111, 0.08233333333333333, 0.3323333333333333, 0.1101111111111111, 0.499, 0.08233333333333333, 0.3323333333333333, 0.1101111111111111, 0.08233333333333333, 0.3323333333333333, 0.1101111111111111, 0.3323333333333333, 0.08233333333333333, 0.3323333333333333, 0.1101111111111111, 0.08233333333333333, 0.3323333333333333, 0.1101111111111111, 0.499, 0.08233333333333333, 0.3323333333333333, 0.1101111111111111, 0.51, 0.68, 0.23, 0.34, 0.68, 0.01, 0.9, 0.26, 0.01, 0.57, 0.51, 0.08233333333333333, 0.3323333333333333, 0.1101111111111111, 0.93, 0.68, 0.23, 0.34, 0.09, 0.34, 0.79, 0.43, 0.34, 0.45, 0.01, 0.51, 0.34, 0.12, 0.68, 0.68, 0.23]",[1296124.0],0.9320364976922672
759,"[0.08233333333333333, 0.3323333333333333, 0.1101111111111111, 0.08233333333333333, 0.3323333333333333, 0.1101111111111111, 0.3323333333333333, 0.08233333333333333, 0.3323333333333333, 0.1101111111111111, 0.08233333333333333, 0.3323333333333333, 0.1101111111111111, 0.499, 0.08233333333333333, 0.3323333333333333, 0.1101111111111111, 0.43, 0.68, 0.01, 0.34, 0.18, 0.68, 0.57, 0.26, 0.34, 0.9, 0.01, 0.08233333333333333, 0.3323333333333333, 0.1101111111111111, 0.09, 0.68, 0.34, 0.68, 0.08233333333333333, 0.3323333333333333, 0.1101111111111111, 0.59, 0.01, 0.45, 0.51, 0.26, 0.01, 0.34, 0.09, 0.68, 0.9, 0.68, 0.09, 0.34, 0.9, 0.34, 0.34, 0.12, 0.51, 0.84, 0.34, 0.68, 0.68, 0.01, 0.9]",[127737.0],0.7067824299136798
760,"[0.08233333333333333, 0.3323333333333333, 0.1101111111111111, 0.08233333333333333, 0.3323333333333333, 0.1101111111111111, 0.3323333333333333, 0.08233333333333333, 0.3323333333333333, 0.1101111111111111, 0.08233333333333333, 0.3323333333333333, 0.1101111111111111, 0.499, 0.08233333333333333, 0.3323333333333333, 0.1101111111111111, 0.08233333333333333, 0.3323333333333333, 0.1101111111111111, 0.3323333333333333, 0.08233333333333333, 0.3323333333333333, 0.1101111111111111, 0.08233333333333333, 0.3323333333333333, 0.1101111111111111, 0.499, 0.08233333333333333, 0.3323333333333333, 0.1101111111111111, 0.34, 0.01, 0.12, 0.34, 0.08233333333333333, 0.3323333333333333, 0.1101111111111111, 0.26, 0.01, 0.9, 0.01, 0.93, 0.68, 0.01, 0.76, 0.01, 0.12, 0.34, 0.08233333333333333, 0.3323333333333333, 0.1101111111111111, 0.76, 0.01, 0.45, 0.01, 0.26, 0.34, 0.57, 0.51, 0.34, 0.23]",[757837.0],0.8982563897967338
761,"[0.68, 0.68, 0.79, 0.84, 0.68, 0.9, 0.68, 0.09, 0.01, 0.68, 0.59, 0.34, 0.57, 0.51, 0.08233333333333333, 0.3323333333333333, 0.1101111111111111, 0.43, 0.34, 0.68, 0.34, 0.68, 0.01, 0.57, 0.68, 0.01, 0.68, 0.51, 0.08233333333333333, 0.3323333333333333, 0.1101111111111111, 0.18, 0.34, 0.45, 0.68, 0.43, 0.01, 0.79, 0.93, 0.01, 0.34, 0.51, 0.08233333333333333, 0.3323333333333333, 0.1101111111111111, 0.76, 0.34, 0.68, 0.34, 0.08233333333333333, 0.3323333333333333, 0.1101111111111111, 0.93, 0.01, 0.12, 0.01, 0.08233333333333333, 0.3323333333333333, 0.1101111111111111, 0.51, 0.34, 0.23]",[6185194.0],0.9335383733113608
762,"[0.08233333333333333, 0.3323333333333333, 0.1101111111111111, 0.08233333333333333, 0.3323333333333333, 0.1101111111111111, 0.3323333333333333, 0.08233333333333333, 0.3323333333333333, 0.1101111111111111, 0.08233333333333333, 0.3323333333333333, 0.1101111111111111, 0.499, 0.09, 0.01, 0.34, 0.93, 0.34, 0.45, 0.34, 0.08233333333333333, 0.3323333333333333, 0.1101111111111111, 0.84, 0.68, 0.01, 0.01, 0.08233333333333333, 0.3323333333333333, 0.1101111111111111, 0.43, 0.68, 0.12, 0.68, 0.08233333333333333, 0.3323333333333333, 0.1101111111111111, 0.76, 0.34, 0.12, 0.51, 0.34, 0.34, 0.57, 0.18, 0.01, 0.79, 0.34, 0.08233333333333333, 0.3323333333333333, 0.1101111111111111, 0.26, 0.01, 0.79, 0.01, 0.43, 0.01, 0.79, 0.18, 0.34, 0.79]",[4007075.0],0.8971945077180863
763,"[0.43, 0.68, 0.9, 0.09, 0.01, 0.23, 0.34, 0.08233333333333333, 0.3323333333333333, 0.1101111111111111, 0.26, 0.01, 0.9, 0.51, 0.76, 0.68, 0.12, 0.76, 0.34, 0.12, 0.68, 0.68, 0.68, 0.01, 0.68, 0.34, 0.12, 0.51, 0.93, 0.01, 0.45, 0.93, 0.34, 0.57, 0.68, 0.76, 0.68, 0.23, 0.51, 0.01, 0.01, 0.51, 0.08233333333333333, 0.3323333333333333, 0.1101111111111111, 0.59, 0.34, 0.12, 0.68, 0.08233333333333333, 0.3323333333333333, 0.1101111111111111, 0.84, 0.34, 0.45, 0.51, 0.93, 0.68, 0.01, 0.09, 0.34, 0.23]",[22625664.0],0.9454819366335868
764,"[0.08233333333333333, 0.3323333333333333, 0.1101111111111111, 0.08233333333333333, 0.3323333333333333, 0.1101111111111111, 0.3323333333333333, 0.08233333333333333, 0.3323333333333333, 0.1101111111111111, 0.08233333333333333, 0.3323333333333333, 0.1101111111111111, 0.499, 0.08233333333333333, 0.3323333333333333, 0.1101111111111111, 0.93, 0.34, 0.57, 0.68, 0.51, 0.68, 0.79, 0.43, 0.34, 0.34, 0.51, 0.34, 0.01, 0.12, 0.84, 0.68, 0.12, 0.34, 0.84, 0.01, 0.68, 0.43, 0.68, 0.79, 0.01, 0.18, 0.34, 0.79, 0.93, 0.34, 0.34, 0.68, 0.34, 0.34, 0.12, 0.09, 0.68, 0.57, 0.51, 0.18, 0.34, 0.45, 0.84, 0.68, 0.79]",[1873893.0],0.9315973177552224
765,"[0.08233333333333333, 0.3323333333333333, 0.1101111111111111, 0.08233333333333333, 0.3323333333333333, 0.1101111111111111, 0.3323333333333333, 0.08233333333333333, 0.3323333333333333, 0.1101111111111111, 0.08233333333333333, 0.3323333333333333, 0.1101111111111111, 0.499, 0.08233333333333333, 0.3323333333333333, 0.1101111111111111, 0.08233333333333333, 0.3323333333333333, 0.1101111111111111, 0.3323333333333333, 0.08233333333333333, 0.3323333333333333, 0.1101111111111111, 0.08233333333333333, 0.3323333333333333, 0.1101111111111111, 0.499, 0.08233333333333333, 0.3323333333333333, 0.1101111111111111, 0.26, 0.68, 0.12, 0.68, 0.08233333333333333, 0.3323333333333333, 0.1101111111111111, 0.34, 0.01, 0.12, 0.51, 0.34, 0.34, 0.68, 0.76, 0.01, 0.57, 0.34, 0.59, 0.68, 0.79, 0.93, 0.34, 0.79, 0.01, 0.08233333333333333, 0.3323333333333333, 0.1101111111111111, 0.18, 0.68, 0.01]",[2714377.0],0.8803773249189059
766,"[0.08233333333333333, 0.3323333333333333, 0.1101111111111111, 0.08233333333333333, 0.3323333333333333, 0.1101111111111111, 0.3323333333333333, 0.08233333333333333, 0.3323333333333333, 0.1101111111111111, 0.08233333333333333, 0.3323333333333333, 0.1101111111111111, 0.499, 0.08233333333333333, 0.3323333333333333, 0.1101111111111111, 0.08233333333333333, 0.3323333333333333, 0.1101111111111111, 0.3323333333333333, 0.08233333333333333, 0.3323333333333333, 0.1101111111111111, 0.08233333333333333, 0.3323333333333333, 0.1101111111111111, 0.499, 0.08233333333333333, 0.3323333333333333, 0.1101111111111111, 0.43, 0.01, 0.12, 0.34, 0.51, 0.01, 0.34, 0.09, 0.34, 0.34, 0.51, 0.09, 0.34, 0.34, 0.43, 0.01, 0.12, 0.34, 0.08233333333333333, 0.3323333333333333, 0.1101111111111111, 0.84, 0.34, 0.34, 0.01, 0.93, 0.01, 0.68, 0.09, 0.68, 0.12]",[585152.0],0.8003743122021357
767,"[0.08233333333333333, 0.3323333333333333, 0.1101111111111111, 0.68, 0.01, 0.01, 0.68, 0.08233333333333333, 0.3323333333333333, 0.1101111111111111, 0.84, 0.34, 0.23, 0.01, 0.34, 0.01, 0.68, 0.68, 0.68, 0.45, 0.34, 0.08233333333333333, 0.3323333333333333, 0.1101111111111111, 0.43, 0.68, 0.79, 0.51, 0.08233333333333333, 0.3323333333333333, 0.1101111111111111, 0.84, 0.01, 0.9, 0.34, 0.08233333333333333, 0.3323333333333333, 0.1101111111111111, 0.26, 0.01, 0.23, 0.01, 0.08233333333333333, 0.3323333333333333, 0.1101111111111111, 0.09, 0.68, 0.45, 0.68, 0.08233333333333333, 0.3323333333333333, 0.1101111111111111, 0.93, 0.01, 0.57, 0.01, 0.34, 0.01, 0.57, 0.26, 0.34, 0.79]",[4443578.0],0.8893688887357711
768,"[0.08233333333333333, 0.3323333333333333, 0.1101111111111111, 0.84, 0.01, 0.45, 0.68, 0.08233333333333333, 0.3323333333333333, 0.1101111111111111, 0.51, 0.01, 0.01, 0.01, 0.08233333333333333, 0.3323333333333333, 0.1101111111111111, 0.18, 0.01, 0.01, 0.68, 0.51, 0.68, 0.68, 0.09, 0.01, 0.57, 0.51, 0.08233333333333333, 0.3323333333333333, 0.1101111111111111, 0.51, 0.68, 0.45, 0.68, 0.08233333333333333, 0.3323333333333333, 0.1101111111111111, 0.34, 0.34, 0.45, 0.01, 0.09, 0.34, 0.9, 0.93, 0.68, 0.23, 0.34, 0.84, 0.01, 0.9, 0.93, 0.34, 0.34, 0.51, 0.93, 0.68, 0.45, 0.76, 0.34, 0.79]",[38330830.0],0.817398858567079
769,"[0.08233333333333333, 0.3323333333333333, 0.1101111111111111, 0.08233333333333333, 0.3323333333333333, 0.1101111111111111, 0.3323333333333333, 0.08233333333333333, 0.3323333333333333, 0.1101111111111111, 0.08233333333333333, 0.3323333333333333, 0.1101111111111111, 0.499, 0.08233333333333333, 0.3323333333333333, 0.1101111111111111, 0.93, 0.34, 0.57, 0.34, 0.08233333333333333, 0.3323333333333333, 0.1101111111111111, 0.34, 0.34, 0.23, 0.01, 0.08233333333333333, 0.3323333333333333, 0.1101111111111111, 0.51, 0.01, 0.68, 0.68, 0.08233333333333333, 0.3323333333333333, 0.1101111111111111, 0.26, 0.01, 0.68, 0.01, 0.93, 0.34, 0.23, 0.09, 0.01, 0.79, 0.34, 0.08233333333333333, 0.3323333333333333, 0.1101111111111111, 0.51, 0.01, 0.34, 0.01, 0.08233333333333333, 0.3323333333333333, 0.1101111111111111, 0.43, 0.01, 0.12]",[368964.0],0.8548971424500148
770,"[0.08233333333333333, 0.3323333333333333, 0.1101111111111111, 0.08233333333333333, 0.3323333333333333, 0.1101111111111111, 0.3323333333333333, 0.08233333333333333, 0.3323333333333333, 0.1101111111111111, 0.08233333333333333, 0.3323333333333333, 0.1101111111111111, 0.499, 0.76, 0.68, 0.01, 0.76, 0.01, 0.79, 0.34, 0.09, 0.01, 0.23, 0.68, 0.01, 0.01, 0.51, 0.68, 0.68, 0.57, 0.59, 0.01, 0.79, 0.68, 0.08233333333333333, 0.3323333333333333, 0.1101111111111111, 0.59, 0.01, 0.45, 0.51, 0.43, 0.68, 0.79, 0.68, 0.34, 0.23, 0.68, 0.08233333333333333, 0.3323333333333333, 0.1101111111111111, 0.18, 0.34, 0.01, 0.01, 0.08233333333333333, 0.3323333333333333, 0.1101111111111111, 0.84, 0.68, 0.79]",[3670467.0],0.938506639500459
771,"[0.08233333333333333, 0.3323333333333333, 0.1101111111111111, 0.08233333333333333, 0.3323333333333333, 0.1101111111111111, 0.3323333333333333, 0.08233333333333333, 0.3323333333333333, 0.1101111111111111, 0.08233333333333333, 0.3323333333333333, 0.1101111111111111, 0.499, 0.08233333333333333, 0.3323333333333333, 0.1101111111111111, 0.08233333333333333, 0.3323333333333333, 0.1101111111111111, 0.3323333333333333, 0.08233333333333333, 0.3323333333333333, 0.1101111111111111, 0.08233333333333333, 0.3323333333333333, 0.1101111111111111, 0.499, 0.76, 0.34, 0.23, 0.18, 0.01, 0.34, 0.34, 0.08233333333333333, 0.3323333333333333, 0.1101111111111111, 0.76, 0.34, 0.23, 0.51, 0.08233333333333333, 0.3323333333333333, 0.1101111111111111, 0.59, 0.68, 0.34, 0.34, 0.59, 0.34, 0.9, 0.68, 0.34, 0.57, 0.51, 0.08233333333333333, 0.3323333333333333, 0.1101111111111111, 0.09, 0.34, 0.12]",[309839.0],0.8777890821297963
772,"[0.08233333333333333, 0.3323333333333333, 0.1101111111111111, 0.08233333333333333, 0.3323333333333333, 0.1101111111111111, 0.3323333333333333, 0.08233333333333333, 0.3323333333333333, 0.1101111111111111, 0.08233333333333333, 0.3323333333333333, 0.1101111111111111, 0.499, 0.08233333333333333, 0.3323333333333333, 0.1101111111111111, 0.08233333333333333, 0.3323333333333333, 0.1101111111111111, 0.3323333333333333, 0.08233333333333333, 0.3323333333333333, 0.1101111111111111, 0.08233333333333333, 0.3323333333333333, 0.1101111111111111, 0.499, 0.68, 0.68, 0.12, 0.93, 0.34, 0.34, 0.34, 0.08233333333333333, 0.3323333333333333, 0.1101111111111111, 0.76, 0.34, 0.57, 0.01, 0.51, 0.68, 0.45, 0.34, 0.01, 0.68, 0.68, 0.08233333333333333, 0.3323333333333333, 0.1101111111111111, 0.34, 0.01, 0.01, 0.51, 0.09, 0.68, 0.79, 0.43, 0.68, 0.79]",[2033324.0],0.9176931376258533
773,"[0.08233333333333333, 0.3323333333333333, 0.1101111111111111, 0.08233333333333333, 0.3323333333333333, 0.1101111111111111, 0.3323333333333333, 0.08233333333333333, 0.3323333333333333, 0.1101111111111111, 0.08233333333333333, 0.3323333333333333, 0.1101111111111111, 0.499, 0.08233333333333333, 0.3323333333333333, 0.1101111111111111, 0.34, 0.01, 0.45, 0.34, 0.84, 0.34, 0.01, 0.43, 0.01, 0.68, 0.01, 0.26, 0.01, 0.34, 0.26, 0.68, 0.9, 0.68, 0.26, 0.34, 0.01, 0.09, 0.01, 0.79, 0.01, 0.08233333333333333, 0.3323333333333333, 0.1101111111111111, 0.51, 0.34, 0.01, 0.34, 0.08233333333333333, 0.3323333333333333, 0.1101111111111111, 0.68, 0.01, 0.79, 0.01, 0.51, 0.68, 0.01, 0.93, 0.01, 0.57]",[4474769.0],0.893832503259182
774,"[0.08233333333333333, 0.3323333333333333, 0.1101111111111111, 0.08233333333333333, 0.3323333333333333, 0.1101111111111111, 0.3323333333333333, 0.08233333333333333, 0.3323333333333333, 0.1101111111111111, 0.08233333333333333, 0.3323333333333333, 0.1101111111111111, 0.499, 0.08233333333333333, 0.3323333333333333, 0.1101111111111111, 0.43, 0.01, 0.23, 0.34, 0.84, 0.68, 0.9, 0.26, 0.68, 0.34, 0.51, 0.08233333333333333, 0.3323333333333333, 0.1101111111111111, 0.68, 0.01, 0.79, 0.34, 0.08233333333333333, 0.3323333333333333, 0.1101111111111111, 0.76, 0.68, 0.57, 0.01, 0.59, 0.01, 0.45, 0.59, 0.34, 0.68, 0.34, 0.43, 0.68, 0.57, 0.68, 0.68, 0.12, 0.51, 0.34, 0.01, 0.23, 0.09, 0.34, 0.57]",[3039001.0],0.9337288826704024
775,"[0.08233333333333333, 0.3323333333333333, 0.1101111111111111, 0.08233333333333333, 0.3323333333333333, 0.1101111111111111, 0.3323333333333333, 0.08233333333333333, 0.3323333333333333, 0.1101111111111111, 0.08233333333333333, 0.3323333333333333, 0.1101111111111111, 0.499, 0.08233333333333333, 0.3323333333333333, 0.1101111111111111, 0.08233333333333333, 0.3323333333333333, 0.1101111111111111, 0.3323333333333333, 0.08233333333333333, 0.3323333333333333, 0.1101111111111111, 0.08233333333333333, 0.3323333333333333, 0.1101111111111111, 0.499, 0.08233333333333333, 0.3323333333333333, 0.1101111111111111, 0.59, 0.01, 0.68, 0.68, 0.08233333333333333, 0.3323333333333333, 0.1101111111111111, 0.43, 0.34, 0.45, 0.51, 0.08233333333333333, 0.3323333333333333, 0.1101111111111111, 0.43, 0.68, 0.01, 0.68, 0.51, 0.34, 0.9, 0.09, 0.34, 0.57, 0.01, 0.09, 0.68, 0.9, 0.51, 0.01, 0.01]",[49724.0],0.682094790538152
776,"[0.43, 0.01, 0.01, 0.34, 0.34, 0.23, 0.34, 0.08233333333333333, 0.3323333333333333, 0.1101111111111111, 0.59, 0.68, 0.23, 0.01, 0.84, 0.68, 0.34, 0.43, 0.34, 0.01, 0.68, 0.59, 0.01, 0.9, 0.43, 0.01, 0.01, 0.01, 0.08233333333333333, 0.3323333333333333, 0.1101111111111111, 0.18, 0.34, 0.23, 0.34, 0.08233333333333333, 0.3323333333333333, 0.1101111111111111, 0.26, 0.01, 0.01, 0.51, 0.93, 0.01, 0.68, 0.51, 0.01, 0.23, 0.68, 0.51, 0.01, 0.12, 0.26, 0.01, 0.57, 0.01, 0.08233333333333333, 0.3323333333333333, 0.1101111111111111, 0.09, 0.01, 0.45]",[246117.0],0.8781684145331383
777,"[0.84, 0.34, 0.45, 0.43, 0.34, 0.68, 0.34, 0.09, 0.34, 0.68, 0.26, 0.01, 0.23, 0.01, 0.08233333333333333, 0.3323333333333333, 0.1101111111111111, 0.34, 0.34, 0.23, 0.34, 0.08233333333333333, 0.3323333333333333, 0.1101111111111111, 0.34, 0.01, 0.01, 0.51, 0.08233333333333333, 0.3323333333333333, 0.1101111111111111, 0.34, 0.68, 0.23, 0.34, 0.08233333333333333, 0.3323333333333333, 0.1101111111111111, 0.93, 0.01, 0.34, 0.51, 0.08233333333333333, 0.3323333333333333, 0.1101111111111111, 0.43, 0.68, 0.68, 0.68, 0.08233333333333333, 0.3323333333333333, 0.1101111111111111, 0.84, 0.01, 0.9, 0.51, 0.08233333333333333, 0.3323333333333333, 0.1101111111111111, 0.18, 0.68, 0.9]",[3006399.0],0.9292775228619576
778,"[0.08233333333333333, 0.3323333333333333, 0.1101111111111111, 0.08233333333333333, 0.3323333333333333, 0.1101111111111111, 0.3323333333333333, 0.08233333333333333, 0.3323333333333333, 0.1101111111111111, 0.08233333333333333, 0.3323333333333333, 0.1101111111111111, 0.499, 0.08233333333333333, 0.3323333333333333, 0.1101111111111111, 0.08233333333333333, 0.3323333333333333, 0.1101111111111111, 0.3323333333333333, 0.08233333333333333, 0.3323333333333333, 0.1101111111111111, 0.08233333333333333, 0.3323333333333333, 0.1101111111111111, 0.499, 0.08233333333333333, 0.3323333333333333, 0.1101111111111111, 0.51, 0.68, 0.68, 0.68, 0.08233333333333333, 0.3323333333333333, 0.1101111111111111, 0.09, 0.01, 0.34, 0.01, 0.43, 0.34, 0.57, 0.59, 0.01, 0.68, 0.68, 0.09, 0.68, 0.01, 0.09, 0.68, 0.57, 0.51, 0.84, 0.01, 0.79, 0.68, 0.34, 0.57]",[668954.0],0.8632654825846354
779,"[0.08233333333333333, 0.3323333333333333, 0.1101111111111111, 0.18, 0.34, 0.57, 0.34, 0.59, 0.01, 0.01, 0.76, 0.01, 0.57, 0.01, 0.08233333333333333, 0.3323333333333333, 0.1101111111111111, 0.84, 0.34, 0.57, 0.68, 0.08233333333333333, 0.3323333333333333, 0.1101111111111111, 0.76, 0.01, 0.45, 0.01, 0.08233333333333333, 0.3323333333333333, 0.1101111111111111, 0.26, 0.01, 0.34, 0.34, 0.93, 0.34, 0.45, 0.34, 0.34, 0.68, 0.01, 0.34, 0.68, 0.45, 0.51, 0.34, 0.34, 0.68, 0.08233333333333333, 0.3323333333333333, 0.1101111111111111, 0.51, 0.34, 0.23, 0.01, 0.68, 0.34, 0.01, 0.26, 0.01, 0.34]",[730513.0],0.8590342665712039
780,"[0.08233333333333333, 0.3323333333333333, 0.1101111111111111, 0.08233333333333333, 0.3323333333333333, 0.1101111111111111, 0.3323333333333333, 0.08233333333333333, 0.3323333333333333, 0.1101111111111111, 0.08233333333333333, 0.3323333333333333, 0.1101111111111111, 0.499, 0.43, 0.01, 0.23, 0.93, 0.68, 0.79, 0.34, 0.26, 0.68, 0.9, 0.09, 0.34, 0.12, 0.51, 0.08233333333333333, 0.3323333333333333, 0.1101111111111111, 0.68, 0.68, 0.23, 0.68, 0.26, 0.34, 0.34, 0.76, 0.68, 0.9, 0.51, 0.08233333333333333, 0.3323333333333333, 0.1101111111111111, 0.09, 0.34, 0.01, 0.34, 0.51, 0.34, 0.34, 0.26, 0.01, 0.34, 0.51, 0.08233333333333333, 0.3323333333333333, 0.1101111111111111, 0.76, 0.34, 0.57]",[4140314.0],0.9125677342216174
781,"[0.08233333333333333, 0.3323333333333333, 0.1101111111111111, 0.08233333333333333, 0.3323333333333333, 0.1101111111111111, 0.3323333333333333, 0.08233333333333333, 0.3323333333333333, 0.1101111111111111, 0.08233333333333333, 0.3323333333333333, 0.1101111111111111, 0.499, 0.08233333333333333, 0.3323333333333333, 0.1101111111111111, 0.08233333333333333, 0.3323333333333333, 0.1101111111111111, 0.3323333333333333, 0.08233333333333333, 0.3323333333333333, 0.1101111111111111, 0.08233333333333333, 0.3323333333333333, 0.1101111111111111, 0.499, 0.08233333333333333, 0.3323333333333333, 0.1101111111111111, 0.51, 0.68, 0.23, 0.34, 0.08233333333333333, 0.3323333333333333, 0.1101111111111111, 0.84, 0.68, 0.57, 0.01, 0.34, 0.01, 0.9, 0.93, 0.01, 0.9, 0.68, 0.26, 0.01, 0.12, 0.59, 0.68, 0.68, 0.01, 0.08233333333333333, 0.3323333333333333, 0.1101111111111111, 0.43, 0.34, 0.68]",[1006949.0],0.869018583993117
782,"[0.26, 0.01, 0.9, 0.34, 0.34, 0.79, 0.68, 0.76, 0.01, 0.79, 0.26, 0.34, 0.9, 0.01, 0.08233333333333333, 0.3323333333333333, 0.1101111111111111, 0.93, 0.68, 0.57, 0.34, 0.59, 0.68, 0.45, 0.51, 0.34, 0.79, 0.01, 0.08233333333333333, 0.3323333333333333, 0.1101111111111111, 0.84, 0.01, 0.01, 0.34, 0.08233333333333333, 0.3323333333333333, 0.1101111111111111, 0.26, 0.68, 0.12, 0.51, 0.08233333333333333, 0.3323333333333333, 0.1101111111111111, 0.18, 0.34, 0.34, 0.34, 0.08233333333333333, 0.3323333333333333, 0.1101111111111111, 0.34, 0.01, 0.9, 0.01, 0.08233333333333333, 0.3323333333333333, 0.1101111111111111, 0.93, 0.34, 0.57]",[5067555.0],0.933794541656971
783,"[0.08233333333333333, 0.3323333333333333, 0.1101111111111111, 0.08233333333333333, 0.3323333333333333, 0.1101111111111111, 0.3323333333333333, 0.08233333333333333, 0.3323333333333333, 0.1101111111111111, 0.08233333333333333, 0.3323333333333333, 0.1101111111111111, 0.499, 0.08233333333333333, 0.3323333333333333, 0.1101111111111111, 0.08233333333333333, 0.3323333333333333, 0.1101111111111111, 0.3323333333333333, 0.08233333333333333, 0.3323333333333333, 0.1101111111111111, 0.08233333333333333, 0.3323333333333333, 0.1101111111111111, 0.499, 0.08233333333333333, 0.3323333333333333, 0.1101111111111111, 0.43, 0.34, 0.57, 0.68, 0.51, 0.01, 0.9, 0.18, 0.68, 0.23, 0.01, 0.93, 0.01, 0.45, 0.51, 0.68, 0.68, 0.68, 0.34, 0.68, 0.45, 0.76, 0.34, 0.68, 0.01, 0.08233333333333333, 0.3323333333333333, 0.1101111111111111, 0.34, 0.01, 0.57]",[1132897.0],0.8928751826286316
784,"[0.08233333333333333, 0.3323333333333333, 0.1101111111111111, 0.08233333333333333, 0.3323333333333333, 0.1101111111111111, 0.3323333333333333, 0.08233333333333333, 0.3323333333333333, 0.1101111111111111, 0.08233333333333333, 0.3323333333333333, 0.1101111111111111, 0.499, 0.08233333333333333, 0.3323333333333333, 0.1101111111111111, 0.43, 0.68, 0.79, 0.34, 0.08233333333333333, 0.3323333333333333, 0.1101111111111111, 0.59, 0.01, 0.9, 0.01, 0.08233333333333333, 0.3323333333333333, 0.1101111111111111, 0.76, 0.68, 0.23, 0.68, 0.84, 0.01, 0.23, 0.18, 0.68, 0.57, 0.51, 0.08233333333333333, 0.3323333333333333, 0.1101111111111111, 0.93, 0.34, 0.34, 0.34, 0.93, 0.01, 0.45, 0.51, 0.68, 0.01, 0.01, 0.34, 0.34, 0.79, 0.09, 0.34, 0.01]",[3532881.0],0.3170721555749575
785,"[0.08233333333333333, 0.3323333333333333, 0.1101111111111111, 0.08233333333333333, 0.3323333333333333, 0.1101111111111111, 0.3323333333333333, 0.08233333333333333, 0.3323333333333333, 0.1101111111111111, 0.08233333333333333, 0.3323333333333333, 0.1101111111111111, 0.499, 0.59, 0.01, 0.79, 0.93, 0.34, 0.79, 0.68, 0.08233333333333333, 0.3323333333333333, 0.1101111111111111, 0.43, 0.34, 0.57, 0.01, 0.08233333333333333, 0.3323333333333333, 0.1101111111111111, 0.68, 0.68, 0.01, 0.34, 0.08233333333333333, 0.3323333333333333, 0.1101111111111111, 0.93, 0.01, 0.23, 0.51, 0.76, 0.68, 0.12, 0.51, 0.01, 0.79, 0.34, 0.08233333333333333, 0.3323333333333333, 0.1101111111111111, 0.51, 0.01, 0.34, 0.51, 0.08233333333333333, 0.3323333333333333, 0.1101111111111111, 0.84, 0.34, 0.45]",[9877009.0],0.9390981271862984
786,"[0.08233333333333333, 0.3323333333333333, 0.1101111111111111, 0.08233333333333333, 0.3323333333333333, 0.1101111111111111, 0.3323333333333333, 0.08233333333333333, 0.3323333333333333, 0.1101111111111111, 0.08233333333333333, 0.3323333333333333, 0.1101111111111111, 0.499, 0.08233333333333333, 0.3323333333333333, 0.1101111111111111, 0.08233333333333333, 0.3323333333333333, 0.1101111111111111, 0.3323333333333333, 0.08233333333333333, 0.3323333333333333, 0.1101111111111111, 0.08233333333333333, 0.3323333333333333, 0.1101111111111111, 0.499, 0.26, 0.01, 0.12, 0.34, 0.34, 0.12, 0.34, 0.08233333333333333, 0.3323333333333333, 0.1101111111111111, 0.93, 0.68, 0.9, 0.51, 0.84, 0.01, 0.57, 0.68, 0.34, 0.9, 0.34, 0.93, 0.34, 0.57, 0.76, 0.68, 0.34, 0.51, 0.18, 0.01, 0.01, 0.68, 0.34, 0.12]",[12575767.0],0.3208756253123283
787,"[0.08233333333333333, 0.3323333333333333, 0.1101111111111111, 0.08233333333333333, 0.3323333333333333, 0.1101111111111111, 0.3323333333333333, 0.08233333333333333, 0.3323333333333333, 0.1101111111111111, 0.08233333333333333, 0.3323333333333333, 0.1101111111111111, 0.499, 0.08233333333333333, 0.3323333333333333, 0.1101111111111111, 0.76, 0.68, 0.45, 0.34, 0.59, 0.01, 0.9, 0.43, 0.68, 0.23, 0.51, 0.09, 0.68, 0.23, 0.34, 0.68, 0.68, 0.68, 0.84, 0.01, 0.34, 0.76, 0.01, 0.45, 0.51, 0.18, 0.68, 0.23, 0.26, 0.34, 0.79, 0.68, 0.08233333333333333, 0.3323333333333333, 0.1101111111111111, 0.34, 0.01, 0.79, 0.01, 0.08233333333333333, 0.3323333333333333, 0.1101111111111111, 0.51, 0.68, 0.9]",[356074.0],0.9103915507594744
788,"[0.08233333333333333, 0.3323333333333333, 0.1101111111111111, 0.08233333333333333, 0.3323333333333333, 0.1101111111111111, 0.3323333333333333, 0.08233333333333333, 0.3323333333333333, 0.1101111111111111, 0.08233333333333333, 0.3323333333333333, 0.1101111111111111, 0.499, 0.08233333333333333, 0.3323333333333333, 0.1101111111111111, 0.18, 0.34, 0.12, 0.68, 0.09, 0.68, 0.79, 0.84, 0.68, 0.12, 0.51, 0.76, 0.68, 0.79, 0.93, 0.34, 0.79, 0.34, 0.08233333333333333, 0.3323333333333333, 0.1101111111111111, 0.43, 0.34, 0.79, 0.51, 0.76, 0.01, 0.45, 0.18, 0.34, 0.57, 0.68, 0.84, 0.68, 0.23, 0.09, 0.01, 0.45, 0.01, 0.93, 0.01, 0.01, 0.26, 0.01, 0.68]",[2869344.0],0.9124814316630364
789,"[0.08233333333333333, 0.3323333333333333, 0.1101111111111111, 0.08233333333333333, 0.3323333333333333, 0.1101111111111111, 0.3323333333333333, 0.08233333333333333, 0.3323333333333333, 0.1101111111111111, 0.08233333333333333, 0.3323333333333333, 0.1101111111111111, 0.499, 0.08233333333333333, 0.3323333333333333, 0.1101111111111111, 0.08233333333333333, 0.3323333333333333, 0.1101111111111111, 0.3323333333333333, 0.08233333333333333, 0.3323333333333333, 0.1101111111111111, 0.08233333333333333, 0.3323333333333333, 0.1101111111111111, 0.499, 0.08233333333333333, 0.3323333333333333, 0.1101111111111111, 0.43, 0.34, 0.68, 0.34, 0.08233333333333333, 0.3323333333333333, 0.1101111111111111, 0.93, 0.68, 0.34, 0.01, 0.08233333333333333, 0.3323333333333333, 0.1101111111111111, 0.84, 0.34, 0.45, 0.68, 0.84, 0.34, 0.9, 0.59, 0.01, 0.57, 0.01, 0.08233333333333333, 0.3323333333333333, 0.1101111111111111, 0.34, 0.01, 0.12]",[1810433.0],0.8624644050995509
790,"[0.08233333333333333, 0.3323333333333333, 0.1101111111111111, 0.51, 0.68, 0.68, 0.68, 0.34, 0.01, 0.34, 0.84, 0.01, 0.23, 0.01, 0.76, 0.34, 0.12, 0.59, 0.34, 0.12, 0.68, 0.93, 0.68, 0.12, 0.51, 0.34, 0.68, 0.51, 0.59, 0.34, 0.9, 0.59, 0.68, 0.79, 0.34, 0.84, 0.34, 0.9, 0.43, 0.68, 0.68, 0.01, 0.08233333333333333, 0.3323333333333333, 0.1101111111111111, 0.18, 0.68, 0.23, 0.68, 0.84, 0.68, 0.01, 0.93, 0.34, 0.57, 0.01, 0.43, 0.34, 0.57, 0.09, 0.01, 0.34]",[16376511.0],0.9499118357896804
791,"[0.68, 0.34, 0.23, 0.76, 0.01, 0.01, 0.34, 0.08233333333333333, 0.3323333333333333, 0.1101111111111111, 0.68, 0.01, 0.57, 0.01, 0.59, 0.01, 0.79, 0.84, 0.01, 0.12, 0.68, 0.68, 0.68, 0.45, 0.18, 0.34, 0.79, 0.01, 0.93, 0.34, 0.23, 0.84, 0.34, 0.57, 0.68, 0.09, 0.01, 0.01, 0.18, 0.01, 0.12, 0.51, 0.08233333333333333, 0.3323333333333333, 0.1101111111111111, 0.76, 0.34, 0.01, 0.68, 0.08233333333333333, 0.3323333333333333, 0.1101111111111111, 0.76, 0.68, 0.45, 0.51, 0.08233333333333333, 0.3323333333333333, 0.1101111111111111, 0.43, 0.01, 0.23]",[12547246.0],0.9365583936373392
792,"[0.08233333333333333, 0.3323333333333333, 0.1101111111111111, 0.08233333333333333, 0.3323333333333333, 0.1101111111111111, 0.3323333333333333, 0.08233333333333333, 0.3323333333333333, 0.1101111111111111, 0.08233333333333333, 0.3323333333333333, 0.1101111111111111, 0.499, 0.08233333333333333, 0.3323333333333333, 0.1101111111111111, 0.08233333333333333, 0.3323333333333333, 0.1101111111111111, 0.3323333333333333, 0.08233333333333333, 0.3323333333333333, 0.1101111111111111, 0.08233333333333333, 0.3323333333333333, 0.1101111111111111, 0.499, 0.84, 0.34, 0.23, 0.51, 0.34, 0.23, 0.68, 0.08233333333333333, 0.3323333333333333, 0.1101111111111111, 0.76, 0.01, 0.45, 0.01, 0.26, 0.68, 0.79, 0.76, 0.01, 0.79, 0.68, 0.43, 0.01, 0.9, 0.76, 0.68, 0.45, 0.01, 0.08233333333333333, 0.3323333333333333, 0.1101111111111111, 0.26, 0.01, 0.68]",[601261.0],0.8613100096583366
793,"[0.68, 0.68, 0.12, 0.51, 0.34, 0.68, 0.68, 0.08233333333333333, 0.3323333333333333, 0.1101111111111111, 0.59, 0.34, 0.45, 0.51, 0.08233333333333333, 0.3323333333333333, 0.1101111111111111, 0.59, 0.68, 0.45, 0.34, 0.68, 0.01, 0.12, 0.51, 0.01, 0.01, 0.51, 0.08233333333333333, 0.3323333333333333, 0.1101111111111111, 0.59, 0.01, 0.12, 0.34, 0.09, 0.34, 0.79, 0.09, 0.01, 0.23, 0.51, 0.08233333333333333, 0.3323333333333333, 0.1101111111111111, 0.59, 0.68, 0.01, 0.68, 0.43, 0.34, 0.12, 0.76, 0.68, 0.34, 0.51, 0.08233333333333333, 0.3323333333333333, 0.1101111111111111, 0.26, 0.68, 0.79]",[500187.0],0.941686171789964
794,"[0.08233333333333333, 0.3323333333333333, 0.1101111111111111, 0.08233333333333333, 0.3323333333333333, 0.1101111111111111, 0.3323333333333333, 0.08233333333333333, 0.3323333333333333, 0.1101111111111111, 0.08233333333333333, 0.3323333333333333, 0.1101111111111111, 0.499, 0.08233333333333333, 0.3323333333333333, 0.1101111111111111, 0.08233333333333333, 0.3323333333333333, 0.1101111111111111, 0.3323333333333333, 0.08233333333333333, 0.3323333333333333, 0.1101111111111111, 0.08233333333333333, 0.3323333333333333, 0.1101111111111111, 0.499, 0.43, 0.68, 0.57, 0.09, 0.68, 0.9, 0.68, 0.08233333333333333, 0.3323333333333333, 0.1101111111111111, 0.09, 0.34, 0.68, 0.01, 0.08233333333333333, 0.3323333333333333, 0.1101111111111111, 0.18, 0.01, 0.23, 0.68, 0.08233333333333333, 0.3323333333333333, 0.1101111111111111, 0.76, 0.68, 0.12, 0.51, 0.08233333333333333, 0.3323333333333333, 0.1101111111111111, 0.68, 0.68, 0.45]",[729152.0],0.3347638666629791
795,"[0.08233333333333333, 0.3323333333333333, 0.1101111111111111, 0.08233333333333333, 0.3323333333333333, 0.1101111111111111, 0.3323333333333333, 0.08233333333333333, 0.3323333333333333, 0.1101111111111111, 0.08233333333333333, 0.3323333333333333, 0.1101111111111111, 0.499, 0.76, 0.01, 0.68, 0.76, 0.68, 0.23, 0.68, 0.68, 0.68, 0.57, 0.76, 0.01, 0.34, 0.01, 0.08233333333333333, 0.3323333333333333, 0.1101111111111111, 0.09, 0.34, 0.01, 0.68, 0.08233333333333333, 0.3323333333333333, 0.1101111111111111, 0.76, 0.68, 0.9, 0.51, 0.51, 0.34, 0.45, 0.68, 0.68, 0.34, 0.68, 0.84, 0.01, 0.57, 0.34, 0.34, 0.45, 0.51, 0.08233333333333333, 0.3323333333333333, 0.1101111111111111, 0.76, 0.34, 0.68]",[3491232.0],0.8978267182906469
796,"[0.08233333333333333, 0.3323333333333333, 0.1101111111111111, 0.51, 0.34, 0.79, 0.34, 0.43, 0.34, 0.01, 0.18, 0.68, 0.23, 0.51, 0.43, 0.01, 0.57, 0.26, 0.01, 0.9, 0.68, 0.26, 0.01, 0.79, 0.34, 0.34, 0.01, 0.51, 0.34, 0.01, 0.45, 0.51, 0.68, 0.45, 0.34, 0.08233333333333333, 0.3323333333333333, 0.1101111111111111, 0.18, 0.68, 0.9, 0.51, 0.51, 0.01, 0.12, 0.84, 0.68, 0.01, 0.68, 0.43, 0.01, 0.68, 0.84, 0.34, 0.79, 0.01, 0.93, 0.34, 0.34, 0.18, 0.34, 0.79]",[5781344.0],0.9329749663670858
797,"[0.08233333333333333, 0.3323333333333333, 0.1101111111111111, 0.08233333333333333, 0.3323333333333333, 0.1101111111111111, 0.3323333333333333, 0.08233333333333333, 0.3323333333333333, 0.1101111111111111, 0.08233333333333333, 0.3323333333333333, 0.1101111111111111, 0.499, 0.08233333333333333, 0.3323333333333333, 0.1101111111111111, 0.08233333333333333, 0.3323333333333333, 0.1101111111111111, 0.3323333333333333, 0.08233333333333333, 0.3323333333333333, 0.1101111111111111, 0.08233333333333333, 0.3323333333333333, 0.1101111111111111, 0.499, 0.76, 0.01, 0.34, 0.09, 0.01, 0.01, 0.68, 0.08233333333333333, 0.3323333333333333, 0.1101111111111111, 0.68, 0.34, 0.9, 0.01, 0.08233333333333333, 0.3323333333333333, 0.1101111111111111, 0.76, 0.68, 0.45, 0.68, 0.51, 0.34, 0.68, 0.93, 0.34, 0.68, 0.01, 0.76, 0.68, 0.23, 0.93, 0.34, 0.23]",[14174308.0],0.8097968419392904
798,"[0.08233333333333333, 0.3323333333333333, 0.1101111111111111, 0.08233333333333333, 0.3323333333333333, 0.1101111111111111, 0.3323333333333333, 0.08233333333333333, 0.3323333333333333, 0.1101111111111111, 0.08233333333333333, 0.3323333333333333, 0.1101111111111111, 0.499, 0.08233333333333333, 0.3323333333333333, 0.1101111111111111, 0.08233333333333333, 0.3323333333333333, 0.1101111111111111, 0.3323333333333333, 0.08233333333333333, 0.3323333333333333, 0.1101111111111111, 0.08233333333333333, 0.3323333333333333, 0.1101111111111111, 0.499, 0.08233333333333333, 0.3323333333333333, 0.1101111111111111, 0.43, 0.34, 0.9, 0.68, 0.08233333333333333, 0.3323333333333333, 0.1101111111111111, 0.09, 0.34, 0.45, 0.51, 0.59, 0.34, 0.45, 0.09, 0.01, 0.45, 0.68, 0.09, 0.68, 0.79, 0.68, 0.01, 0.9, 0.51, 0.93, 0.34, 0.57, 0.34, 0.01, 0.34]",[64788.0],0.8325971881548564
799,"[0.08233333333333333, 0.3323333333333333, 0.1101111111111111, 0.51, 0.34, 0.01, 0.68, 0.68, 0.34, 0.68, 0.68, 0.68, 0.79, 0.51, 0.18, 0.34, 0.45, 0.93, 0.01, 0.68, 0.34, 0.08233333333333333, 0.3323333333333333, 0.1101111111111111, 0.43, 0.01, 0.79, 0.01, 0.08233333333333333, 0.3323333333333333, 0.1101111111111111, 0.34, 0.68, 0.01, 0.68, 0.59, 0.34, 0.01, 0.43, 0.68, 0.79, 0.51, 0.08233333333333333, 0.3323333333333333, 0.1101111111111111, 0.51, 0.68, 0.34, 0.34, 0.34, 0.34, 0.01, 0.26, 0.34, 0.45, 0.51, 0.08233333333333333, 0.3323333333333333, 0.1101111111111111, 0.34, 0.01, 0.45]",[711385.0],0.9286389653881392
800,"[0.08233333333333333, 0.3323333333333333, 0.1101111111111111, 0.08233333333333333, 0.3323333333333333, 0.1101111111111111, 0.3323333333333333, 0.08233333333333333, 0.3323333333333333, 0.1101111111111111, 0.08233333333333333, 0.3323333333333333, 0.1101111111111111, 0.499, 0.08233333333333333, 0.3323333333333333, 0.1101111111111111, 0.08233333333333333, 0.3323333333333333, 0.1101111111111111, 0.3323333333333333, 0.08233333333333333, 0.3323333333333333, 0.1101111111111111, 0.08233333333333333, 0.3323333333333333, 0.1101111111111111, 0.499, 0.84, 0.34, 0.34, 0.68, 0.68, 0.12, 0.68, 0.08233333333333333, 0.3323333333333333, 0.1101111111111111, 0.09, 0.34, 0.34, 0.51, 0.08233333333333333, 0.3323333333333333, 0.1101111111111111, 0.26, 0.34, 0.45, 0.68, 0.93, 0.68, 0.12, 0.51, 0.01, 0.9, 0.51, 0.43, 0.68, 0.57, 0.84, 0.01, 0.57]",[8889985.0],0.9300079663594564
801,"[0.08233333333333333, 0.3323333333333333, 0.1101111111111111, 0.18, 0.68, 0.68, 0.34, 0.08233333333333333, 0.3323333333333333, 0.1101111111111111, 0.84, 0.34, 0.68, 0.01, 0.08233333333333333, 0.3323333333333333, 0.1101111111111111, 0.76, 0.01, 0.45, 0.34, 0.59, 0.34, 0.12, 0.93, 0.01, 0.79, 0.51, 0.68, 0.34, 0.79, 0.09, 0.68, 0.01, 0.68, 0.08233333333333333, 0.3323333333333333, 0.1101111111111111, 0.51, 0.01, 0.45, 0.01, 0.08233333333333333, 0.3323333333333333, 0.1101111111111111, 0.59, 0.34, 0.12, 0.68, 0.34, 0.34, 0.45, 0.93, 0.01, 0.68, 0.01, 0.51, 0.01, 0.79, 0.34, 0.01, 0.01]",[13686952.0],0.8849371681610744
802,"[0.08233333333333333, 0.3323333333333333, 0.1101111111111111, 0.08233333333333333, 0.3323333333333333, 0.1101111111111111, 0.3323333333333333, 0.08233333333333333, 0.3323333333333333, 0.1101111111111111, 0.08233333333333333, 0.3323333333333333, 0.1101111111111111, 0.499, 0.08233333333333333, 0.3323333333333333, 0.1101111111111111, 0.08233333333333333, 0.3323333333333333, 0.1101111111111111, 0.3323333333333333, 0.08233333333333333, 0.3323333333333333, 0.1101111111111111, 0.08233333333333333, 0.3323333333333333, 0.1101111111111111, 0.499, 0.34, 0.01, 0.12, 0.09, 0.01, 0.34, 0.34, 0.08233333333333333, 0.3323333333333333, 0.1101111111111111, 0.26, 0.34, 0.68, 0.01, 0.08233333333333333, 0.3323333333333333, 0.1101111111111111, 0.34, 0.34, 0.68, 0.68, 0.76, 0.34, 0.57, 0.43, 0.01, 0.45, 0.01, 0.34, 0.68, 0.68, 0.59, 0.01, 0.12]",[172932.0],0.8129479676485062
803,"[0.08233333333333333, 0.3323333333333333, 0.1101111111111111, 0.59, 0.34, 0.68, 0.34, 0.59, 0.01, 0.68, 0.76, 0.01, 0.9, 0.01, 0.43, 0.34, 0.79, 0.26, 0.34, 0.34, 0.68, 0.08233333333333333, 0.3323333333333333, 0.1101111111111111, 0.51, 0.01, 0.68, 0.51, 0.08233333333333333, 0.3323333333333333, 0.1101111111111111, 0.18, 0.01, 0.9, 0.34, 0.18, 0.34, 0.34, 0.34, 0.68, 0.68, 0.01, 0.59, 0.68, 0.34, 0.09, 0.01, 0.45, 0.68, 0.08233333333333333, 0.3323333333333333, 0.1101111111111111, 0.68, 0.68, 0.79, 0.01, 0.59, 0.68, 0.45, 0.84, 0.34, 0.57]",[3094016.0],0.324085376660029
804,"[0.93, 0.01, 0.12, 0.68, 0.68, 0.12, 0.34, 0.08233333333333333, 0.3323333333333333, 0.1101111111111111, 0.68, 0.01, 0.45, 0.01, 0.26, 0.68, 0.23, 0.93, 0.01, 0.01, 0.68, 0.08233333333333333, 0.3323333333333333, 0.1101111111111111, 0.18, 0.34, 0.57, 0.01, 0.08233333333333333, 0.3323333333333333, 0.1101111111111111, 0.26, 0.01, 0.45, 0.34, 0.34, 0.68, 0.9, 0.34, 0.68, 0.23, 0.01, 0.26, 0.34, 0.01, 0.26, 0.01, 0.12, 0.68, 0.08233333333333333, 0.3323333333333333, 0.1101111111111111, 0.26, 0.34, 0.57, 0.51, 0.76, 0.01, 0.34, 0.76, 0.68, 0.9]",[5088241.0],0.9079080134630204
805,"[0.08233333333333333, 0.3323333333333333, 0.1101111111111111, 0.08233333333333333, 0.3323333333333333, 0.1101111111111111, 0.3323333333333333, 0.08233333333333333, 0.3323333333333333, 0.1101111111111111, 0.08233333333333333, 0.3323333333333333, 0.1101111111111111, 0.499, 0.08233333333333333, 0.3323333333333333, 0.1101111111111111, 0.18, 0.34, 0.45, 0.34, 0.34, 0.34, 0.45, 0.76, 0.34, 0.57, 0.01, 0.59, 0.01, 0.23, 0.18, 0.34, 0.45, 0.68, 0.08233333333333333, 0.3323333333333333, 0.1101111111111111, 0.51, 0.34, 0.57, 0.01, 0.59, 0.01, 0.57, 0.93, 0.68, 0.9, 0.34, 0.26, 0.01, 0.34, 0.59, 0.68, 0.68, 0.51, 0.59, 0.01, 0.01, 0.84, 0.68, 0.34]",[3126951.0],0.9046555310487748
806,"[0.08233333333333333, 0.3323333333333333, 0.1101111111111111, 0.08233333333333333, 0.3323333333333333, 0.1101111111111111, 0.3323333333333333, 0.08233333333333333, 0.3323333333333333, 0.1101111111111111, 0.08233333333333333, 0.3323333333333333, 0.1101111111111111, 0.499, 0.08233333333333333, 0.3323333333333333, 0.1101111111111111, 0.08233333333333333, 0.3323333333333333, 0.1101111111111111, 0.3323333333333333, 0.08233333333333333, 0.3323333333333333, 0.1101111111111111, 0.08233333333333333, 0.3323333333333333, 0.1101111111111111, 0.499, 0.93, 0.34, 0.34, 0.51, 0.68, 0.01, 0.34, 0.08233333333333333, 0.3323333333333333, 0.1101111111111111, 0.26, 0.01, 0.23, 0.01, 0.76, 0.01, 0.57, 0.26, 0.68, 0.12, 0.34, 0.68, 0.34, 0.01, 0.68, 0.01, 0.12, 0.51, 0.08233333333333333, 0.3323333333333333, 0.1101111111111111, 0.18, 0.68, 0.57]",[973908.0],0.9041801239053407
807,"[0.08233333333333333, 0.3323333333333333, 0.1101111111111111, 0.08233333333333333, 0.3323333333333333, 0.1101111111111111, 0.3323333333333333, 0.08233333333333333, 0.3323333333333333, 0.1101111111111111, 0.08233333333333333, 0.3323333333333333, 0.1101111111111111, 0.499, 0.08233333333333333, 0.3323333333333333, 0.1101111111111111, 0.68, 0.34, 0.79, 0.68, 0.09, 0.01, 0.34, 0.84, 0.01, 0.34, 0.51, 0.08233333333333333, 0.3323333333333333, 0.1101111111111111, 0.09, 0.68, 0.12, 0.68, 0.18, 0.68, 0.79, 0.76, 0.68, 0.79, 0.01, 0.34, 0.01, 0.9, 0.43, 0.34, 0.45, 0.34, 0.43, 0.01, 0.34, 0.34, 0.01, 0.34, 0.51, 0.08233333333333333, 0.3323333333333333, 0.1101111111111111, 0.43, 0.68, 0.34]",[164085.0],0.9000339483221372
808,"[0.84, 0.01, 0.23, 0.68, 0.01, 0.45, 0.34, 0.18, 0.68, 0.34, 0.68, 0.68, 0.57, 0.01, 0.76, 0.68, 0.34, 0.93, 0.01, 0.79, 0.68, 0.08233333333333333, 0.3323333333333333, 0.1101111111111111, 0.76, 0.01, 0.9, 0.01, 0.76, 0.01, 0.57, 0.09, 0.68, 0.9, 0.34, 0.26, 0.68, 0.45, 0.84, 0.01, 0.12, 0.51, 0.08233333333333333, 0.3323333333333333, 0.1101111111111111, 0.18, 0.68, 0.12, 0.34, 0.59, 0.68, 0.57, 0.84, 0.01, 0.45, 0.51, 0.08233333333333333, 0.3323333333333333, 0.1101111111111111, 0.84, 0.01, 0.9]",[4414834.0],0.4042800257603327
809,"[0.08233333333333333, 0.3323333333333333, 0.1101111111111111, 0.08233333333333333, 0.3323333333333333, 0.1101111111111111, 0.3323333333333333, 0.08233333333333333, 0.3323333333333333, 0.1101111111111111, 0.08233333333333333, 0.3323333333333333, 0.1101111111111111, 0.499, 0.08233333333333333, 0.3323333333333333, 0.1101111111111111, 0.09, 0.34, 0.12, 0.34, 0.08233333333333333, 0.3323333333333333, 0.1101111111111111, 0.59, 0.34, 0.9, 0.01, 0.08233333333333333, 0.3323333333333333, 0.1101111111111111, 0.59, 0.34, 0.34, 0.68, 0.08233333333333333, 0.3323333333333333, 0.1101111111111111, 0.43, 0.01, 0.45, 0.01, 0.84, 0.68, 0.45, 0.18, 0.34, 0.34, 0.68, 0.76, 0.01, 0.68, 0.34, 0.68, 0.23, 0.01, 0.84, 0.34, 0.01, 0.84, 0.01, 0.23]",[2348293.0],0.3141389305392901
810,"[0.08233333333333333, 0.3323333333333333, 0.1101111111111111, 0.08233333333333333, 0.3323333333333333, 0.1101111111111111, 0.3323333333333333, 0.08233333333333333, 0.3323333333333333, 0.1101111111111111, 0.08233333333333333, 0.3323333333333333, 0.1101111111111111, 0.499, 0.08233333333333333, 0.3323333333333333, 0.1101111111111111, 0.08233333333333333, 0.3323333333333333, 0.1101111111111111, 0.3323333333333333, 0.08233333333333333, 0.3323333333333333, 0.1101111111111111, 0.08233333333333333, 0.3323333333333333, 0.1101111111111111, 0.499, 0.08233333333333333, 0.3323333333333333, 0.1101111111111111, 0.68, 0.68, 0.68, 0.34, 0.08233333333333333, 0.3323333333333333, 0.1101111111111111, 0.43, 0.01, 0.01, 0.51, 0.51, 0.68, 0.01, 0.18, 0.68, 0.9, 0.68, 0.51, 0.68, 0.57, 0.84, 0.68, 0.34, 0.51, 0.93, 0.01, 0.34, 0.93, 0.34, 0.57]",[13010311.0],0.8912599975864093
811,"[0.08233333333333333, 0.3323333333333333, 0.1101111111111111, 0.08233333333333333, 0.3323333333333333, 0.1101111111111111, 0.3323333333333333, 0.08233333333333333, 0.3323333333333333, 0.1101111111111111, 0.08233333333333333, 0.3323333333333333, 0.1101111111111111, 0.499, 0.08233333333333333, 0.3323333333333333, 0.1101111111111111, 0.08233333333333333, 0.3323333333333333, 0.1101111111111111, 0.3323333333333333, 0.08233333333333333, 0.3323333333333333, 0.1101111111111111, 0.08233333333333333, 0.3323333333333333, 0.1101111111111111, 0.499, 0.08233333333333333, 0.3323333333333333, 0.1101111111111111, 0.26, 0.01, 0.45, 0.34, 0.08233333333333333, 0.3323333333333333, 0.1101111111111111, 0.34, 0.34, 0.23, 0.51, 0.08233333333333333, 0.3323333333333333, 0.1101111111111111, 0.59, 0.68, 0.12, 0.34, 0.68, 0.34, 0.68, 0.26, 0.68, 0.9, 0.51, 0.08233333333333333, 0.3323333333333333, 0.1101111111111111, 0.09, 0.34, 0.57]",[95775.0],0.8805652096867561
812,"[0.08233333333333333, 0.3323333333333333, 0.1101111111111111, 0.08233333333333333, 0.3323333333333333, 0.1101111111111111, 0.3323333333333333, 0.08233333333333333, 0.3323333333333333, 0.1101111111111111, 0.08233333333333333, 0.3323333333333333, 0.1101111111111111, 0.499, 0.08233333333333333, 0.3323333333333333, 0.1101111111111111, 0.08233333333333333, 0.3323333333333333, 0.1101111111111111, 0.3323333333333333, 0.08233333333333333, 0.3323333333333333, 0.1101111111111111, 0.08233333333333333, 0.3323333333333333, 0.1101111111111111, 0.499, 0.26, 0.68, 0.57, 0.34, 0.01, 0.34, 0.68, 0.09, 0.01, 0.23, 0.09, 0.68, 0.68, 0.01, 0.08233333333333333, 0.3323333333333333, 0.1101111111111111, 0.43, 0.34, 0.79, 0.68, 0.08233333333333333, 0.3323333333333333, 0.1101111111111111, 0.34, 0.68, 0.01, 0.51, 0.51, 0.68, 0.01, 0.34, 0.34, 0.01]",[21253.0],0.8786251495281855
813,"[0.08233333333333333, 0.3323333333333333, 0.1101111111111111, 0.76, 0.34, 0.01, 0.68, 0.51, 0.01, 0.57, 0.18, 0.34, 0.45, 0.01, 0.08233333333333333, 0.3323333333333333, 0.1101111111111111, 0.84, 0.01, 0.79, 0.34, 0.08233333333333333, 0.3323333333333333, 0.1101111111111111, 0.76, 0.01, 0.57, 0.01, 0.08233333333333333, 0.3323333333333333, 0.1101111111111111, 0.76, 0.01, 0.12, 0.34, 0.08233333333333333, 0.3323333333333333, 0.1101111111111111, 0.76, 0.01, 0.01, 0.51, 0.08233333333333333, 0.3323333333333333, 0.1101111111111111, 0.18, 0.68, 0.12, 0.34, 0.08233333333333333, 0.3323333333333333, 0.1101111111111111, 0.18, 0.01, 0.79, 0.51, 0.08233333333333333, 0.3323333333333333, 0.1101111111111111, 0.09, 0.01, 0.01]",[951502.0],0.916738478342692
814,"[0.08233333333333333, 0.3323333333333333, 0.1101111111111111, 0.59, 0.01, 0.34, 0.68, 0.08233333333333333, 0.3323333333333333, 0.1101111111111111, 0.93, 0.68, 0.12, 0.01, 0.59, 0.68, 0.57, 0.51, 0.01, 0.01, 0.68, 0.09, 0.34, 0.01, 0.76, 0.34, 0.12, 0.51, 0.08233333333333333, 0.3323333333333333, 0.1101111111111111, 0.09, 0.68, 0.9, 0.34, 0.68, 0.68, 0.57, 0.76, 0.34, 0.45, 0.51, 0.08233333333333333, 0.3323333333333333, 0.1101111111111111, 0.26, 0.34, 0.68, 0.34, 0.76, 0.34, 0.01, 0.26, 0.01, 0.45, 0.51, 0.08233333333333333, 0.3323333333333333, 0.1101111111111111, 0.43, 0.68, 0.57]",[7399101.0],0.8446332613627116
815,"[0.08233333333333333, 0.3323333333333333, 0.1101111111111111, 0.76, 0.68, 0.34, 0.68, 0.08233333333333333, 0.3323333333333333, 0.1101111111111111, 0.43, 0.68, 0.45, 0.01, 0.08233333333333333, 0.3323333333333333, 0.1101111111111111, 0.76, 0.01, 0.79, 0.34, 0.08233333333333333, 0.3323333333333333, 0.1101111111111111, 0.43, 0.01, 0.23, 0.51, 0.08233333333333333, 0.3323333333333333, 0.1101111111111111, 0.09, 0.01, 0.23, 0.34, 0.18, 0.68, 0.9, 0.34, 0.01, 0.12, 0.51, 0.08233333333333333, 0.3323333333333333, 0.1101111111111111, 0.68, 0.68, 0.68, 0.68, 0.26, 0.68, 0.12, 0.76, 0.34, 0.57, 0.51, 0.68, 0.34, 0.57, 0.59, 0.01, 0.9]",[430100.0],0.9054397717118264
816,"[0.08233333333333333, 0.3323333333333333, 0.1101111111111111, 0.08233333333333333, 0.3323333333333333, 0.1101111111111111, 0.3323333333333333, 0.08233333333333333, 0.3323333333333333, 0.1101111111111111, 0.08233333333333333, 0.3323333333333333, 0.1101111111111111, 0.499, 0.08233333333333333, 0.3323333333333333, 0.1101111111111111, 0.08233333333333333, 0.3323333333333333, 0.1101111111111111, 0.3323333333333333, 0.08233333333333333, 0.3323333333333333, 0.1101111111111111, 0.08233333333333333, 0.3323333333333333, 0.1101111111111111, 0.499, 0.08233333333333333, 0.3323333333333333, 0.1101111111111111, 0.51, 0.68, 0.34, 0.68, 0.93, 0.34, 0.9, 0.09, 0.01, 0.45, 0.01, 0.43, 0.34, 0.23, 0.76, 0.01, 0.45, 0.34, 0.18, 0.01, 0.34, 0.26, 0.68, 0.23, 0.51, 0.84, 0.01, 0.12, 0.84, 0.68, 0.01]",[7266579.0],0.9185596083601316
817,"[0.08233333333333333, 0.3323333333333333, 0.1101111111111111, 0.08233333333333333, 0.3323333333333333, 0.1101111111111111, 0.3323333333333333, 0.08233333333333333, 0.3323333333333333, 0.1101111111111111, 0.08233333333333333, 0.3323333333333333, 0.1101111111111111, 0.499, 0.08233333333333333, 0.3323333333333333, 0.1101111111111111, 0.08233333333333333, 0.3323333333333333, 0.1101111111111111, 0.3323333333333333, 0.08233333333333333, 0.3323333333333333, 0.1101111111111111, 0.08233333333333333, 0.3323333333333333, 0.1101111111111111, 0.499, 0.08233333333333333, 0.3323333333333333, 0.1101111111111111, 0.26, 0.01, 0.68, 0.68, 0.08233333333333333, 0.3323333333333333, 0.1101111111111111, 0.59, 0.68, 0.79, 0.01, 0.68, 0.34, 0.68, 0.93, 0.34, 0.9, 0.34, 0.68, 0.68, 0.34, 0.34, 0.01, 0.9, 0.01, 0.08233333333333333, 0.3323333333333333, 0.1101111111111111, 0.84, 0.68, 0.68]",[16998713.0],0.9410566235582034
818,"[0.59, 0.01, 0.01, 0.34, 0.34, 0.01, 0.34, 0.84, 0.34, 0.79, 0.68, 0.34, 0.01, 0.51, 0.43, 0.01, 0.68, 0.43, 0.01, 0.9, 0.68, 0.08233333333333333, 0.3323333333333333, 0.1101111111111111, 0.09, 0.01, 0.12, 0.51, 0.51, 0.34, 0.23, 0.43, 0.01, 0.45, 0.68, 0.43, 0.68, 0.34, 0.59, 0.68, 0.12, 0.51, 0.09, 0.68, 0.45, 0.68, 0.34, 0.12, 0.68, 0.18, 0.34, 0.01, 0.18, 0.01, 0.57, 0.51, 0.84, 0.01, 0.68, 0.18, 0.01, 0.68]",[757422.0],0.9358772277832031
819,"[0.76, 0.34, 0.34, 0.09, 0.01, 0.9, 0.34, 0.08233333333333333, 0.3323333333333333, 0.1101111111111111, 0.26, 0.68, 0.12, 0.01, 0.08233333333333333, 0.3323333333333333, 0.1101111111111111, 0.34, 0.34, 0.79, 0.68, 0.76, 0.68, 0.01, 0.93, 0.01, 0.12, 0.51, 0.34, 0.01, 0.12, 0.51, 0.34, 0.68, 0.68, 0.84, 0.68, 0.68, 0.93, 0.68, 0.9, 0.01, 0.08233333333333333, 0.3323333333333333, 0.1101111111111111, 0.18, 0.34, 0.79, 0.68, 0.08233333333333333, 0.3323333333333333, 0.1101111111111111, 0.93, 0.01, 0.57, 0.01, 0.08233333333333333, 0.3323333333333333, 0.1101111111111111, 0.18, 0.34, 0.57]",[40420014.0],0.4620988468329112
820,"[0.08233333333333333, 0.3323333333333333, 0.1101111111111111, 0.08233333333333333, 0.3323333333333333, 0.1101111111111111, 0.3323333333333333, 0.08233333333333333, 0.3323333333333333, 0.1101111111111111, 0.08233333333333333, 0.3323333333333333, 0.1101111111111111, 0.499, 0.08233333333333333, 0.3323333333333333, 0.1101111111111111, 0.59, 0.68, 0.34, 0.34, 0.76, 0.01, 0.57, 0.26, 0.34, 0.12, 0.01, 0.08233333333333333, 0.3323333333333333, 0.1101111111111111, 0.84, 0.68, 0.57, 0.68, 0.08233333333333333, 0.3323333333333333, 0.1101111111111111, 0.18, 0.34, 0.9, 0.01, 0.08233333333333333, 0.3323333333333333, 0.1101111111111111, 0.43, 0.34, 0.79, 0.34, 0.08233333333333333, 0.3323333333333333, 0.1101111111111111, 0.59, 0.34, 0.79, 0.01, 0.93, 0.01, 0.23, 0.34, 0.34, 0.57]",[1025913.0],0.9039730027318
821,"[0.08233333333333333, 0.3323333333333333, 0.1101111111111111, 0.08233333333333333, 0.3323333333333333, 0.1101111111111111, 0.3323333333333333, 0.08233333333333333, 0.3323333333333333, 0.1101111111111111, 0.08233333333333333, 0.3323333333333333, 0.1101111111111111, 0.499, 0.08233333333333333, 0.3323333333333333, 0.1101111111111111, 0.08233333333333333, 0.3323333333333333, 0.1101111111111111, 0.3323333333333333, 0.08233333333333333, 0.3323333333333333, 0.1101111111111111, 0.08233333333333333, 0.3323333333333333, 0.1101111111111111, 0.499, 0.43, 0.68, 0.9, 0.43, 0.34, 0.12, 0.68, 0.08233333333333333, 0.3323333333333333, 0.1101111111111111, 0.68, 0.34, 0.01, 0.51, 0.76, 0.34, 0.57, 0.93, 0.68, 0.57, 0.34, 0.08233333333333333, 0.3323333333333333, 0.1101111111111111, 0.34, 0.01, 0.12, 0.51, 0.08233333333333333, 0.3323333333333333, 0.1101111111111111, 0.43, 0.68, 0.79]",[7040037.0],0.9332056666413944
822,"[0.08233333333333333, 0.3323333333333333, 0.1101111111111111, 0.08233333333333333, 0.3323333333333333, 0.1101111111111111, 0.3323333333333333, 0.08233333333333333, 0.3323333333333333, 0.1101111111111111, 0.08233333333333333, 0.3323333333333333, 0.1101111111111111, 0.499, 0.43, 0.34, 0.01, 0.34, 0.34, 0.12, 0.34, 0.08233333333333333, 0.3323333333333333, 0.1101111111111111, 0.51, 0.34, 0.45, 0.01, 0.51, 0.68, 0.57, 0.84, 0.01, 0.12, 0.34, 0.43, 0.68, 0.34, 0.09, 0.01, 0.45, 0.51, 0.84, 0.01, 0.34, 0.18, 0.68, 0.45, 0.34, 0.09, 0.68, 0.9, 0.93, 0.68, 0.23, 0.01, 0.68, 0.34, 0.68, 0.59, 0.68, 0.23]",[3077514.0],0.9029851958155632
823,"[0.08233333333333333, 0.3323333333333333, 0.1101111111111111, 0.26, 0.68, 0.12, 0.68, 0.08233333333333333, 0.3323333333333333, 0.1101111111111111, 0.26, 0.34, 0.34, 0.51, 0.43, 0.68, 0.12, 0.43, 0.01, 0.68, 0.68, 0.68, 0.34, 0.9, 0.26, 0.68, 0.57, 0.01, 0.08233333333333333, 0.3323333333333333, 0.1101111111111111, 0.76, 0.68, 0.79, 0.34, 0.08233333333333333, 0.3323333333333333, 0.1101111111111111, 0.68, 0.01, 0.79, 0.01, 0.51, 0.34, 0.68, 0.84, 0.01, 0.68, 0.34, 0.08233333333333333, 0.3323333333333333, 0.1101111111111111, 0.59, 0.34, 0.57, 0.51, 0.51, 0.68, 0.79, 0.26, 0.34, 0.79]",[1155933.0],0.9364731773734092
824,"[0.08233333333333333, 0.3323333333333333, 0.1101111111111111, 0.08233333333333333, 0.3323333333333333, 0.1101111111111111, 0.3323333333333333, 0.08233333333333333, 0.3323333333333333, 0.1101111111111111, 0.08233333333333333, 0.3323333333333333, 0.1101111111111111, 0.499, 0.76, 0.68, 0.79, 0.09, 0.01, 0.68, 0.34, 0.26, 0.68, 0.34, 0.09, 0.01, 0.79, 0.01, 0.09, 0.68, 0.79, 0.09, 0.34, 0.34, 0.34, 0.08233333333333333, 0.3323333333333333, 0.1101111111111111, 0.43, 0.68, 0.57, 0.01, 0.08233333333333333, 0.3323333333333333, 0.1101111111111111, 0.59, 0.34, 0.12, 0.34, 0.18, 0.34, 0.57, 0.43, 0.68, 0.68, 0.01, 0.08233333333333333, 0.3323333333333333, 0.1101111111111111, 0.68, 0.01, 0.12]",[108582.0],0.8572620337208112
825,"[0.51, 0.34, 0.45, 0.68, 0.68, 0.23, 0.34, 0.08233333333333333, 0.3323333333333333, 0.1101111111111111, 0.68, 0.34, 0.23, 0.01, 0.08233333333333333, 0.3323333333333333, 0.1101111111111111, 0.43, 0.34, 0.79, 0.34, 0.34, 0.01, 0.34, 0.68, 0.34, 0.12, 0.51, 0.59, 0.68, 0.34, 0.51, 0.34, 0.79, 0.34, 0.08233333333333333, 0.3323333333333333, 0.1101111111111111, 0.93, 0.68, 0.34, 0.51, 0.76, 0.01, 0.01, 0.18, 0.01, 0.23, 0.68, 0.08233333333333333, 0.3323333333333333, 0.1101111111111111, 0.59, 0.01, 0.57, 0.51, 0.08233333333333333, 0.3323333333333333, 0.1101111111111111, 0.18, 0.01, 0.45]",[4151266.0],0.9405884459614754
826,"[0.08233333333333333, 0.3323333333333333, 0.1101111111111111, 0.18, 0.68, 0.34, 0.34, 0.26, 0.34, 0.34, 0.43, 0.68, 0.57, 0.51, 0.08233333333333333, 0.3323333333333333, 0.1101111111111111, 0.26, 0.34, 0.68, 0.68, 0.18, 0.34, 0.12, 0.26, 0.34, 0.79, 0.51, 0.08233333333333333, 0.3323333333333333, 0.1101111111111111, 0.59, 0.34, 0.12, 0.34, 0.18, 0.68, 0.23, 0.68, 0.68, 0.12, 0.51, 0.08233333333333333, 0.3323333333333333, 0.1101111111111111, 0.26, 0.68, 0.45, 0.34, 0.68, 0.68, 0.01, 0.51, 0.68, 0.01, 0.01, 0.08233333333333333, 0.3323333333333333, 0.1101111111111111, 0.26, 0.34, 0.34]",[173907.0],0.9243580584724744
827,"[0.08233333333333333, 0.3323333333333333, 0.1101111111111111, 0.08233333333333333, 0.3323333333333333, 0.1101111111111111, 0.3323333333333333, 0.08233333333333333, 0.3323333333333333, 0.1101111111111111, 0.08233333333333333, 0.3323333333333333, 0.1101111111111111, 0.499, 0.59, 0.34, 0.57, 0.68, 0.68, 0.12, 0.68, 0.08233333333333333, 0.3323333333333333, 0.1101111111111111, 0.93, 0.68, 0.57, 0.51, 0.08233333333333333, 0.3323333333333333, 0.1101111111111111, 0.18, 0.01, 0.23, 0.34, 0.34, 0.34, 0.23, 0.09, 0.34, 0.68, 0.01, 0.08233333333333333, 0.3323333333333333, 0.1101111111111111, 0.84, 0.01, 0.34, 0.34, 0.18, 0.68, 0.01, 0.34, 0.01, 0.9, 0.51, 0.43, 0.34, 0.34, 0.68, 0.01, 0.12]",[3655253.0],0.9195942893624306
828,"[0.08233333333333333, 0.3323333333333333, 0.1101111111111111, 0.08233333333333333, 0.3323333333333333, 0.1101111111111111, 0.3323333333333333, 0.08233333333333333, 0.3323333333333333, 0.1101111111111111, 0.08233333333333333, 0.3323333333333333, 0.1101111111111111, 0.499, 0.08233333333333333, 0.3323333333333333, 0.1101111111111111, 0.51, 0.01, 0.57, 0.34, 0.08233333333333333, 0.3323333333333333, 0.1101111111111111, 0.76, 0.68, 0.01, 0.51, 0.76, 0.34, 0.34, 0.26, 0.34, 0.01, 0.34, 0.08233333333333333, 0.3323333333333333, 0.1101111111111111, 0.26, 0.34, 0.45, 0.51, 0.08233333333333333, 0.3323333333333333, 0.1101111111111111, 0.68, 0.34, 0.9, 0.34, 0.08233333333333333, 0.3323333333333333, 0.1101111111111111, 0.26, 0.68, 0.45, 0.01, 0.08233333333333333, 0.3323333333333333, 0.1101111111111111, 0.93, 0.34, 0.34]",[5788289.0],0.9299891218543052
829,"[0.08233333333333333, 0.3323333333333333, 0.1101111111111111, 0.09, 0.01, 0.45, 0.34, 0.43, 0.68, 0.45, 0.34, 0.68, 0.23, 0.51, 0.08233333333333333, 0.3323333333333333, 0.1101111111111111, 0.18, 0.68, 0.57, 0.34, 0.84, 0.01, 0.34, 0.34, 0.68, 0.79, 0.01, 0.26, 0.34, 0.34, 0.43, 0.01, 0.68, 0.68, 0.08233333333333333, 0.3323333333333333, 0.1101111111111111, 0.18, 0.68, 0.12, 0.01, 0.26, 0.34, 0.9, 0.68, 0.34, 0.9, 0.34, 0.34, 0.34, 0.79, 0.68, 0.34, 0.9, 0.01, 0.84, 0.34, 0.57, 0.84, 0.01, 0.01]",[2138939.0],0.916982926428318
830,"[0.08233333333333333, 0.3323333333333333, 0.1101111111111111, 0.08233333333333333, 0.3323333333333333, 0.1101111111111111, 0.3323333333333333, 0.08233333333333333, 0.3323333333333333, 0.1101111111111111, 0.08233333333333333, 0.3323333333333333, 0.1101111111111111, 0.499, 0.08233333333333333, 0.3323333333333333, 0.1101111111111111, 0.68, 0.34, 0.12, 0.68, 0.08233333333333333, 0.3323333333333333, 0.1101111111111111, 0.18, 0.01, 0.23, 0.01, 0.59, 0.01, 0.01, 0.59, 0.34, 0.45, 0.34, 0.08233333333333333, 0.3323333333333333, 0.1101111111111111, 0.34, 0.01, 0.23, 0.01, 0.51, 0.34, 0.01, 0.84, 0.01, 0.57, 0.68, 0.76, 0.34, 0.23, 0.34, 0.68, 0.68, 0.01, 0.68, 0.01, 0.79, 0.18, 0.68, 0.45]",[215313.0],0.908893677095572
831,"[0.08233333333333333, 0.3323333333333333, 0.1101111111111111, 0.43, 0.01, 0.01, 0.34, 0.68, 0.68, 0.12, 0.43, 0.68, 0.79, 0.51, 0.08233333333333333, 0.3323333333333333, 0.1101111111111111, 0.59, 0.34, 0.79, 0.68, 0.08233333333333333, 0.3323333333333333, 0.1101111111111111, 0.68, 0.01, 0.68, 0.01, 0.08233333333333333, 0.3323333333333333, 0.1101111111111111, 0.18, 0.01, 0.23, 0.68, 0.34, 0.34, 0.34, 0.59, 0.68, 0.01, 0.01, 0.26, 0.34, 0.9, 0.18, 0.68, 0.01, 0.68, 0.08233333333333333, 0.3323333333333333, 0.1101111111111111, 0.84, 0.34, 0.01, 0.51, 0.08233333333333333, 0.3323333333333333, 0.1101111111111111, 0.43, 0.01, 0.9]",[1522617.0],0.9068303768833478
832,"[0.08233333333333333, 0.3323333333333333, 0.1101111111111111, 0.08233333333333333, 0.3323333333333333, 0.1101111111111111, 0.3323333333333333, 0.08233333333333333, 0.3323333333333333, 0.1101111111111111, 0.08233333333333333, 0.3323333333333333, 0.1101111111111111, 0.499, 0.08233333333333333, 0.3323333333333333, 0.1101111111111111, 0.18, 0.34, 0.45, 0.34, 0.08233333333333333, 0.3323333333333333, 0.1101111111111111, 0.34, 0.01, 0.34, 0.51, 0.09, 0.01, 0.68, 0.59, 0.01, 0.68, 0.34, 0.76, 0.01, 0.57, 0.84, 0.68, 0.34, 0.51, 0.08233333333333333, 0.3323333333333333, 0.1101111111111111, 0.26, 0.68, 0.9, 0.34, 0.51, 0.01, 0.79, 0.84, 0.68, 0.79, 0.01, 0.43, 0.34, 0.79, 0.09, 0.01, 0.34]",[4830854.0],0.8463318079710007
833,"[0.08233333333333333, 0.3323333333333333, 0.1101111111111111, 0.08233333333333333, 0.3323333333333333, 0.1101111111111111, 0.3323333333333333, 0.08233333333333333, 0.3323333333333333, 0.1101111111111111, 0.08233333333333333, 0.3323333333333333, 0.1101111111111111, 0.499, 0.93, 0.01, 0.12, 0.76, 0.34, 0.23, 0.68, 0.08233333333333333, 0.3323333333333333, 0.1101111111111111, 0.76, 0.01, 0.79, 0.01, 0.51, 0.34, 0.68, 0.09, 0.34, 0.45, 0.34, 0.09, 0.01, 0.01, 0.68, 0.01, 0.45, 0.51, 0.18, 0.01, 0.57, 0.26, 0.34, 0.34, 0.34, 0.18, 0.34, 0.23, 0.34, 0.34, 0.79, 0.01, 0.26, 0.01, 0.57, 0.93, 0.34, 0.57]",[6794422.0],0.8557097454865773
834,"[0.34, 0.68, 0.45, 0.43, 0.01, 0.57, 0.68, 0.68, 0.01, 0.79, 0.34, 0.01, 0.57, 0.01, 0.08233333333333333, 0.3323333333333333, 0.1101111111111111, 0.68, 0.01, 0.23, 0.34, 0.08233333333333333, 0.3323333333333333, 0.1101111111111111, 0.26, 0.34, 0.57, 0.51, 0.76, 0.34, 0.23, 0.43, 0.01, 0.9, 0.68, 0.08233333333333333, 0.3323333333333333, 0.1101111111111111, 0.43, 0.01, 0.57, 0.01, 0.08233333333333333, 0.3323333333333333, 0.1101111111111111, 0.59, 0.01, 0.01, 0.34, 0.08233333333333333, 0.3323333333333333, 0.1101111111111111, 0.93, 0.34, 0.12, 0.51, 0.84, 0.34, 0.23, 0.34, 0.34, 0.45]",[5486709.0],0.9411248708764712
835,"[0.08233333333333333, 0.3323333333333333, 0.1101111111111111, 0.68, 0.34, 0.79, 0.34, 0.08233333333333333, 0.3323333333333333, 0.1101111111111111, 0.18, 0.68, 0.68, 0.51, 0.08233333333333333, 0.3323333333333333, 0.1101111111111111, 0.18, 0.01, 0.68, 0.68, 0.59, 0.01, 0.01, 0.51, 0.34, 0.34, 0.51, 0.51, 0.01, 0.79, 0.68, 0.68, 0.34, 0.68, 0.08233333333333333, 0.3323333333333333, 0.1101111111111111, 0.76, 0.01, 0.12, 0.51, 0.26, 0.34, 0.23, 0.76, 0.34, 0.34, 0.34, 0.51, 0.34, 0.34, 0.43, 0.01, 0.23, 0.01, 0.84, 0.01, 0.9, 0.84, 0.01, 0.9]",[1918755.0],0.9218075647950172
836,"[0.59, 0.68, 0.9, 0.51, 0.34, 0.34, 0.68, 0.34, 0.01, 0.45, 0.59, 0.01, 0.45, 0.01, 0.76, 0.68, 0.45, 0.68, 0.68, 0.01, 0.68, 0.08233333333333333, 0.3323333333333333, 0.1101111111111111, 0.43, 0.68, 0.68, 0.51, 0.34, 0.01, 0.57, 0.18, 0.68, 0.23, 0.68, 0.76, 0.34, 0.23, 0.34, 0.34, 0.12, 0.51, 0.08233333333333333, 0.3323333333333333, 0.1101111111111111, 0.76, 0.68, 0.01, 0.34, 0.08233333333333333, 0.3323333333333333, 0.1101111111111111, 0.34, 0.01, 0.23, 0.51, 0.09, 0.34, 0.23, 0.43, 0.68, 0.9]",[1157226.0],0.9343494281172752
837,"[0.08233333333333333, 0.3323333333333333, 0.1101111111111111, 0.08233333333333333, 0.3323333333333333, 0.1101111111111111, 0.3323333333333333, 0.08233333333333333, 0.3323333333333333, 0.1101111111111111, 0.08233333333333333, 0.3323333333333333, 0.1101111111111111, 0.499, 0.08233333333333333, 0.3323333333333333, 0.1101111111111111, 0.09, 0.34, 0.9, 0.34, 0.68, 0.01, 0.01, 0.09, 0.01, 0.79, 0.51, 0.08233333333333333, 0.3323333333333333, 0.1101111111111111, 0.51, 0.68, 0.12, 0.68, 0.26, 0.68, 0.23, 0.76, 0.68, 0.34, 0.01, 0.08233333333333333, 0.3323333333333333, 0.1101111111111111, 0.34, 0.34, 0.12, 0.34, 0.08233333333333333, 0.3323333333333333, 0.1101111111111111, 0.93, 0.34, 0.23, 0.51, 0.26, 0.01, 0.34, 0.84, 0.01, 0.23]",[7439859.0],0.3512743925054868
838,"[0.08233333333333333, 0.3323333333333333, 0.1101111111111111, 0.08233333333333333, 0.3323333333333333, 0.1101111111111111, 0.3323333333333333, 0.08233333333333333, 0.3323333333333333, 0.1101111111111111, 0.08233333333333333, 0.3323333333333333, 0.1101111111111111, 0.499, 0.51, 0.68, 0.12, 0.18, 0.01, 0.34, 0.68, 0.68, 0.34, 0.9, 0.43, 0.68, 0.9, 0.51, 0.08233333333333333, 0.3323333333333333, 0.1101111111111111, 0.76, 0.34, 0.23, 0.68, 0.34, 0.01, 0.12, 0.43, 0.34, 0.79, 0.01, 0.26, 0.34, 0.68, 0.76, 0.68, 0.79, 0.34, 0.59, 0.01, 0.45, 0.51, 0.01, 0.23, 0.51, 0.34, 0.01, 0.23, 0.59, 0.01, 0.34]",[144603.0],0.893825826048851
839,"[0.51, 0.34, 0.34, 0.26, 0.34, 0.57, 0.34, 0.76, 0.68, 0.23, 0.68, 0.68, 0.34, 0.01, 0.09, 0.01, 0.68, 0.43, 0.01, 0.57, 0.34, 0.08233333333333333, 0.3323333333333333, 0.1101111111111111, 0.93, 0.01, 0.9, 0.51, 0.43, 0.01, 0.23, 0.84, 0.68, 0.34, 0.68, 0.68, 0.68, 0.9, 0.51, 0.01, 0.9, 0.01, 0.18, 0.34, 0.34, 0.84, 0.34, 0.9, 0.68, 0.08233333333333333, 0.3323333333333333, 0.1101111111111111, 0.76, 0.68, 0.68, 0.01, 0.43, 0.34, 0.79, 0.93, 0.01, 0.12]",[23765226.0],0.9291039928793908
840,"[0.08233333333333333, 0.3323333333333333, 0.1101111111111111, 0.08233333333333333, 0.3323333333333333, 0.1101111111111111, 0.3323333333333333, 0.08233333333333333, 0.3323333333333333, 0.1101111111111111, 0.08233333333333333, 0.3323333333333333, 0.1101111111111111, 0.499, 0.59, 0.68, 0.9, 0.93, 0.68, 0.57, 0.34, 0.08233333333333333, 0.3323333333333333, 0.1101111111111111, 0.59, 0.68, 0.79, 0.01, 0.84, 0.34, 0.34, 0.26, 0.01, 0.79, 0.68, 0.08233333333333333, 0.3323333333333333, 0.1101111111111111, 0.43, 0.01, 0.45, 0.51, 0.08233333333333333, 0.3323333333333333, 0.1101111111111111, 0.51, 0.68, 0.79, 0.68, 0.26, 0.01, 0.45, 0.43, 0.68, 0.79, 0.51, 0.51, 0.68, 0.45, 0.84, 0.68, 0.23]",[7363793.0],0.9345023930072784
841,"[0.76, 0.01, 0.01, 0.34, 0.01, 0.23, 0.68, 0.08233333333333333, 0.3323333333333333, 0.1101111111111111, 0.43, 0.01, 0.23, 0.01, 0.43, 0.01, 0.34, 0.26, 0.01, 0.23, 0.34, 0.18, 0.34, 0.79, 0.51, 0.68, 0.57, 0.01, 0.08233333333333333, 0.3323333333333333, 0.1101111111111111, 0.76, 0.34, 0.68, 0.34, 0.34, 0.68, 0.68, 0.93, 0.34, 0.45, 0.51, 0.43, 0.68, 0.68, 0.51, 0.01, 0.79, 0.34, 0.26, 0.01, 0.01, 0.18, 0.01, 0.57, 0.01, 0.76, 0.01, 0.68, 0.68, 0.01, 0.9]",[4573614.0],0.9186518733700116
842,"[0.08233333333333333, 0.3323333333333333, 0.1101111111111111, 0.08233333333333333, 0.3323333333333333, 0.1101111111111111, 0.3323333333333333, 0.08233333333333333, 0.3323333333333333, 0.1101111111111111, 0.08233333333333333, 0.3323333333333333, 0.1101111111111111, 0.499, 0.43, 0.01, 0.9, 0.18, 0.01, 0.79, 0.34, 0.09, 0.01, 0.23, 0.76, 0.68, 0.9, 0.01, 0.08233333333333333, 0.3323333333333333, 0.1101111111111111, 0.26, 0.68, 0.01, 0.34, 0.68, 0.01, 0.68, 0.84, 0.01, 0.9, 0.51, 0.18, 0.68, 0.57, 0.68, 0.34, 0.79, 0.68, 0.08233333333333333, 0.3323333333333333, 0.1101111111111111, 0.76, 0.68, 0.68, 0.01, 0.08233333333333333, 0.3323333333333333, 0.1101111111111111, 0.76, 0.34, 0.79]",[3473068.0],0.3099008406201998
843,"[0.08233333333333333, 0.3323333333333333, 0.1101111111111111, 0.08233333333333333, 0.3323333333333333, 0.1101111111111111, 0.3323333333333333, 0.08233333333333333, 0.3323333333333333, 0.1101111111111111, 0.08233333333333333, 0.3323333333333333, 0.1101111111111111, 0.499, 0.08233333333333333, 0.3323333333333333, 0.1101111111111111, 0.08233333333333333, 0.3323333333333333, 0.1101111111111111, 0.3323333333333333, 0.08233333333333333, 0.3323333333333333, 0.1101111111111111, 0.08233333333333333, 0.3323333333333333, 0.1101111111111111, 0.499, 0.68, 0.68, 0.9, 0.51, 0.01, 0.01, 0.68, 0.93, 0.68, 0.57, 0.09, 0.01, 0.9, 0.01, 0.08233333333333333, 0.3323333333333333, 0.1101111111111111, 0.43, 0.01, 0.34, 0.68, 0.08233333333333333, 0.3323333333333333, 0.1101111111111111, 0.18, 0.34, 0.23, 0.51, 0.08233333333333333, 0.3323333333333333, 0.1101111111111111, 0.59, 0.01, 0.57]",[80365.0],0.3214822938044866
844,"[0.08233333333333333, 0.3323333333333333, 0.1101111111111111, 0.76, 0.34, 0.12, 0.68, 0.08233333333333333, 0.3323333333333333, 0.1101111111111111, 0.59, 0.01, 0.34, 0.51, 0.43, 0.68, 0.01, 0.59, 0.34, 0.01, 0.34, 0.08233333333333333, 0.3323333333333333, 0.1101111111111111, 0.51, 0.34, 0.68, 0.01, 0.51, 0.68, 0.23, 0.43, 0.68, 0.9, 0.68, 0.59, 0.01, 0.79, 0.51, 0.01, 0.79, 0.01, 0.08233333333333333, 0.3323333333333333, 0.1101111111111111, 0.18, 0.01, 0.12, 0.34, 0.84, 0.01, 0.57, 0.93, 0.34, 0.45, 0.01, 0.09, 0.68, 0.57, 0.34, 0.01, 0.9]",[9207732.0],0.9197503983974455
845,"[0.08233333333333333, 0.3323333333333333, 0.1101111111111111, 0.08233333333333333, 0.3323333333333333, 0.1101111111111111, 0.3323333333333333, 0.08233333333333333, 0.3323333333333333, 0.1101111111111111, 0.08233333333333333, 0.3323333333333333, 0.1101111111111111, 0.499, 0.26, 0.68, 0.68, 0.26, 0.34, 0.79, 0.68, 0.18, 0.01, 0.45, 0.59, 0.68, 0.9, 0.01, 0.26, 0.34, 0.23, 0.18, 0.68, 0.23, 0.34, 0.08233333333333333, 0.3323333333333333, 0.1101111111111111, 0.18, 0.34, 0.79, 0.01, 0.68, 0.01, 0.9, 0.18, 0.34, 0.45, 0.68, 0.68, 0.34, 0.23, 0.59, 0.34, 0.79, 0.01, 0.08233333333333333, 0.3323333333333333, 0.1101111111111111, 0.93, 0.01, 0.34]",[5479271.0],0.3173341954747836
846,"[0.08233333333333333, 0.3323333333333333, 0.1101111111111111, 0.76, 0.68, 0.34, 0.34, 0.18, 0.34, 0.45, 0.34, 0.01, 0.01, 0.01, 0.08233333333333333, 0.3323333333333333, 0.1101111111111111, 0.93, 0.68, 0.45, 0.68, 0.26, 0.68, 0.79, 0.51, 0.01, 0.68, 0.51, 0.08233333333333333, 0.3323333333333333, 0.1101111111111111, 0.26, 0.01, 0.9, 0.68, 0.08233333333333333, 0.3323333333333333, 0.1101111111111111, 0.84, 0.01, 0.57, 0.01, 0.08233333333333333, 0.3323333333333333, 0.1101111111111111, 0.51, 0.01, 0.45, 0.68, 0.08233333333333333, 0.3323333333333333, 0.1101111111111111, 0.43, 0.68, 0.01, 0.01, 0.08233333333333333, 0.3323333333333333, 0.1101111111111111, 0.34, 0.01, 0.9]",[7253071.0],0.912548704445362
847,"[0.08233333333333333, 0.3323333333333333, 0.1101111111111111, 0.08233333333333333, 0.3323333333333333, 0.1101111111111111, 0.3323333333333333, 0.08233333333333333, 0.3323333333333333, 0.1101111111111111, 0.08233333333333333, 0.3323333333333333, 0.1101111111111111, 0.499, 0.18, 0.68, 0.12, 0.34, 0.68, 0.45, 0.34, 0.08233333333333333, 0.3323333333333333, 0.1101111111111111, 0.68, 0.34, 0.23, 0.01, 0.09, 0.34, 0.9, 0.68, 0.68, 0.34, 0.34, 0.08233333333333333, 0.3323333333333333, 0.1101111111111111, 0.68, 0.68, 0.34, 0.51, 0.08233333333333333, 0.3323333333333333, 0.1101111111111111, 0.26, 0.01, 0.57, 0.68, 0.08233333333333333, 0.3323333333333333, 0.1101111111111111, 0.34, 0.34, 0.01, 0.01, 0.08233333333333333, 0.3323333333333333, 0.1101111111111111, 0.93, 0.01, 0.68]",[4917560.0],0.3498210211594899
848,"[0.08233333333333333, 0.3323333333333333, 0.1101111111111111, 0.08233333333333333, 0.3323333333333333, 0.1101111111111111, 0.3323333333333333, 0.08233333333333333, 0.3323333333333333, 0.1101111111111111, 0.08233333333333333, 0.3323333333333333, 0.1101111111111111, 0.499, 0.08233333333333333, 0.3323333333333333, 0.1101111111111111, 0.08233333333333333, 0.3323333333333333, 0.1101111111111111, 0.3323333333333333, 0.08233333333333333, 0.3323333333333333, 0.1101111111111111, 0.08233333333333333, 0.3323333333333333, 0.1101111111111111, 0.499, 0.08233333333333333, 0.3323333333333333, 0.1101111111111111, 0.51, 0.01, 0.68, 0.34, 0.09, 0.34, 0.01, 0.18, 0.34, 0.68, 0.51, 0.26, 0.68, 0.45, 0.26, 0.68, 0.57, 0.34, 0.59, 0.34, 0.01, 0.43, 0.34, 0.01, 0.01, 0.34, 0.01, 0.45, 0.84, 0.34, 0.34]",[1396638.0],0.868897159397602
849,"[0.08233333333333333, 0.3323333333333333, 0.1101111111111111, 0.08233333333333333, 0.3323333333333333, 0.1101111111111111, 0.3323333333333333, 0.08233333333333333, 0.3323333333333333, 0.1101111111111111, 0.08233333333333333, 0.3323333333333333, 0.1101111111111111, 0.499, 0.59, 0.68, 0.34, 0.09, 0.34, 0.45, 0.68, 0.51, 0.01, 0.9, 0.26, 0.34, 0.79, 0.01, 0.26, 0.01, 0.45, 0.43, 0.01, 0.23, 0.34, 0.08233333333333333, 0.3323333333333333, 0.1101111111111111, 0.93, 0.68, 0.34, 0.01, 0.08233333333333333, 0.3323333333333333, 0.1101111111111111, 0.18, 0.34, 0.23, 0.68, 0.08233333333333333, 0.3323333333333333, 0.1101111111111111, 0.59, 0.68, 0.23, 0.51, 0.26, 0.34, 0.12, 0.51, 0.01, 0.01]",[5924638.0],0.869320747256279
850,"[0.08233333333333333, 0.3323333333333333, 0.1101111111111111, 0.08233333333333333, 0.3323333333333333, 0.1101111111111111, 0.3323333333333333, 0.08233333333333333, 0.3323333333333333, 0.1101111111111111, 0.08233333333333333, 0.3323333333333333, 0.1101111111111111, 0.499, 0.08233333333333333, 0.3323333333333333, 0.1101111111111111, 0.08233333333333333, 0.3323333333333333, 0.1101111111111111, 0.3323333333333333, 0.08233333333333333, 0.3323333333333333, 0.1101111111111111, 0.08233333333333333, 0.3323333333333333, 0.1101111111111111, 0.499, 0.26, 0.68, 0.45, 0.51, 0.34, 0.9, 0.68, 0.84, 0.68, 0.45, 0.34, 0.34, 0.9, 0.01, 0.08233333333333333, 0.3323333333333333, 0.1101111111111111, 0.59, 0.01, 0.79, 0.34, 0.08233333333333333, 0.3323333333333333, 0.1101111111111111, 0.76, 0.68, 0.23, 0.51, 0.08233333333333333, 0.3323333333333333, 0.1101111111111111, 0.68, 0.01, 0.34]",[4442809.0],0.9099304382999738
851,"[0.08233333333333333, 0.3323333333333333, 0.1101111111111111, 0.08233333333333333, 0.3323333333333333, 0.1101111111111111, 0.3323333333333333, 0.08233333333333333, 0.3323333333333333, 0.1101111111111111, 0.08233333333333333, 0.3323333333333333, 0.1101111111111111, 0.499, 0.76, 0.34, 0.34, 0.59, 0.01, 0.68, 0.34, 0.18, 0.68, 0.68, 0.43, 0.01, 0.9, 0.01, 0.08233333333333333, 0.3323333333333333, 0.1101111111111111, 0.76, 0.01, 0.57, 0.34, 0.08233333333333333, 0.3323333333333333, 0.1101111111111111, 0.34, 0.01, 0.12, 0.51, 0.08233333333333333, 0.3323333333333333, 0.1101111111111111, 0.59, 0.01, 0.12, 0.34, 0.93, 0.34, 0.45, 0.51, 0.34, 0.34, 0.01, 0.08233333333333333, 0.3323333333333333, 0.1101111111111111, 0.76, 0.68, 0.23]",[3393159.0],0.943381549914678
852,"[0.59, 0.68, 0.79, 0.51, 0.01, 0.79, 0.34, 0.84, 0.01, 0.12, 0.84, 0.68, 0.12, 0.01, 0.76, 0.01, 0.45, 0.84, 0.34, 0.23, 0.68, 0.08233333333333333, 0.3323333333333333, 0.1101111111111111, 0.84, 0.01, 0.01, 0.01, 0.26, 0.68, 0.68, 0.18, 0.68, 0.34, 0.68, 0.08233333333333333, 0.3323333333333333, 0.1101111111111111, 0.43, 0.68, 0.12, 0.51, 0.08233333333333333, 0.3323333333333333, 0.1101111111111111, 0.34, 0.68, 0.79, 0.34, 0.43, 0.34, 0.68, 0.09, 0.34, 0.9, 0.51, 0.68, 0.68, 0.34, 0.51, 0.34, 0.57]",[9198219.0],0.9201587935288748
853,"[0.08233333333333333, 0.3323333333333333, 0.1101111111111111, 0.08233333333333333, 0.3323333333333333, 0.1101111111111111, 0.3323333333333333, 0.08233333333333333, 0.3323333333333333, 0.1101111111111111, 0.08233333333333333, 0.3323333333333333, 0.1101111111111111, 0.499, 0.43, 0.34, 0.01, 0.76, 0.01, 0.23, 0.68, 0.34, 0.01, 0.34, 0.93, 0.01, 0.57, 0.51, 0.08233333333333333, 0.3323333333333333, 0.1101111111111111, 0.09, 0.68, 0.57, 0.68, 0.43, 0.34, 0.57, 0.26, 0.68, 0.45, 0.51, 0.08233333333333333, 0.3323333333333333, 0.1101111111111111, 0.43, 0.34, 0.34, 0.34, 0.08233333333333333, 0.3323333333333333, 0.1101111111111111, 0.34, 0.01, 0.23, 0.51, 0.08233333333333333, 0.3323333333333333, 0.1101111111111111, 0.84, 0.01, 0.45]",[565334.0],0.8039326190948486
854,"[0.08233333333333333, 0.3323333333333333, 0.1101111111111111, 0.09, 0.34, 0.34, 0.34, 0.08233333333333333, 0.3323333333333333, 0.1101111111111111, 0.84, 0.68, 0.68, 0.01, 0.08233333333333333, 0.3323333333333333, 0.1101111111111111, 0.84, 0.01, 0.01, 0.34, 0.09, 0.01, 0.12, 0.43, 0.01, 0.01, 0.51, 0.76, 0.34, 0.23, 0.34, 0.01, 0.01, 0.68, 0.08233333333333333, 0.3323333333333333, 0.1101111111111111, 0.09, 0.34, 0.68, 0.01, 0.51, 0.01, 0.12, 0.26, 0.01, 0.68, 0.34, 0.59, 0.68, 0.23, 0.76, 0.34, 0.57, 0.51, 0.08233333333333333, 0.3323333333333333, 0.1101111111111111, 0.26, 0.68, 0.01]",[1816701.0],0.8704478229085605
855,"[0.08233333333333333, 0.3323333333333333, 0.1101111111111111, 0.08233333333333333, 0.3323333333333333, 0.1101111111111111, 0.3323333333333333, 0.08233333333333333, 0.3323333333333333, 0.1101111111111111, 0.08233333333333333, 0.3323333333333333, 0.1101111111111111, 0.499, 0.08233333333333333, 0.3323333333333333, 0.1101111111111111, 0.08233333333333333, 0.3323333333333333, 0.1101111111111111, 0.3323333333333333, 0.08233333333333333, 0.3323333333333333, 0.1101111111111111, 0.08233333333333333, 0.3323333333333333, 0.1101111111111111, 0.499, 0.08233333333333333, 0.3323333333333333, 0.1101111111111111, 0.93, 0.34, 0.79, 0.68, 0.43, 0.68, 0.79, 0.68, 0.68, 0.23, 0.51, 0.08233333333333333, 0.3323333333333333, 0.1101111111111111, 0.51, 0.68, 0.68, 0.34, 0.08233333333333333, 0.3323333333333333, 0.1101111111111111, 0.34, 0.68, 0.79, 0.51, 0.84, 0.34, 0.01, 0.09, 0.68, 0.01]",[1481533.0],0.915729912618796
856,"[0.08233333333333333, 0.3323333333333333, 0.1101111111111111, 0.43, 0.34, 0.79, 0.34, 0.26, 0.68, 0.01, 0.51, 0.34, 0.57, 0.01, 0.08233333333333333, 0.3323333333333333, 0.1101111111111111, 0.76, 0.68, 0.68, 0.68, 0.08233333333333333, 0.3323333333333333, 0.1101111111111111, 0.84, 0.01, 0.23, 0.51, 0.34, 0.34, 0.9, 0.34, 0.34, 0.57, 0.34, 0.08233333333333333, 0.3323333333333333, 0.1101111111111111, 0.18, 0.34, 0.9, 0.51, 0.84, 0.01, 0.9, 0.84, 0.01, 0.68, 0.34, 0.08233333333333333, 0.3323333333333333, 0.1101111111111111, 0.43, 0.34, 0.45, 0.51, 0.08233333333333333, 0.3323333333333333, 0.1101111111111111, 0.43, 0.34, 0.01]",[1776764.0],0.9385576253136
857,"[0.08233333333333333, 0.3323333333333333, 0.1101111111111111, 0.08233333333333333, 0.3323333333333333, 0.1101111111111111, 0.3323333333333333, 0.08233333333333333, 0.3323333333333333, 0.1101111111111111, 0.08233333333333333, 0.3323333333333333, 0.1101111111111111, 0.499, 0.08233333333333333, 0.3323333333333333, 0.1101111111111111, 0.08233333333333333, 0.3323333333333333, 0.1101111111111111, 0.3323333333333333, 0.08233333333333333, 0.3323333333333333, 0.1101111111111111, 0.08233333333333333, 0.3323333333333333, 0.1101111111111111, 0.499, 0.84, 0.01, 0.01, 0.59, 0.01, 0.12, 0.68, 0.08233333333333333, 0.3323333333333333, 0.1101111111111111, 0.93, 0.34, 0.57, 0.51, 0.08233333333333333, 0.3323333333333333, 0.1101111111111111, 0.43, 0.01, 0.34, 0.34, 0.08233333333333333, 0.3323333333333333, 0.1101111111111111, 0.76, 0.68, 0.12, 0.01, 0.08233333333333333, 0.3323333333333333, 0.1101111111111111, 0.43, 0.68, 0.57]",[2052529.0],0.8455256496866544
858,"[0.08233333333333333, 0.3323333333333333, 0.1101111111111111, 0.08233333333333333, 0.3323333333333333, 0.1101111111111111, 0.3323333333333333, 0.08233333333333333, 0.3323333333333333, 0.1101111111111111, 0.08233333333333333, 0.3323333333333333, 0.1101111111111111, 0.499, 0.68, 0.68, 0.45, 0.51, 0.68, 0.12, 0.34, 0.08233333333333333, 0.3323333333333333, 0.1101111111111111, 0.76, 0.34, 0.12, 0.51, 0.59, 0.68, 0.23, 0.93, 0.34, 0.57, 0.34, 0.34, 0.34, 0.23, 0.68, 0.68, 0.23, 0.01, 0.08233333333333333, 0.3323333333333333, 0.1101111111111111, 0.76, 0.68, 0.45, 0.34, 0.08233333333333333, 0.3323333333333333, 0.1101111111111111, 0.26, 0.68, 0.9, 0.51, 0.08233333333333333, 0.3323333333333333, 0.1101111111111111, 0.26, 0.68, 0.9]",[7643999.0],0.9472211783130964
859,"[0.08233333333333333, 0.3323333333333333, 0.1101111111111111, 0.08233333333333333, 0.3323333333333333, 0.1101111111111111, 0.3323333333333333, 0.08233333333333333, 0.3323333333333333, 0.1101111111111111, 0.08233333333333333, 0.3323333333333333, 0.1101111111111111, 0.499, 0.84, 0.34, 0.23, 0.76, 0.68, 0.23, 0.68, 0.59, 0.34, 0.01, 0.09, 0.34, 0.57, 0.01, 0.09, 0.34, 0.57, 0.09, 0.34, 0.34, 0.68, 0.08233333333333333, 0.3323333333333333, 0.1101111111111111, 0.09, 0.68, 0.12, 0.51, 0.08233333333333333, 0.3323333333333333, 0.1101111111111111, 0.68, 0.68, 0.9, 0.68, 0.08233333333333333, 0.3323333333333333, 0.1101111111111111, 0.09, 0.68, 0.68, 0.01, 0.08233333333333333, 0.3323333333333333, 0.1101111111111111, 0.43, 0.01, 0.68]",[3303782.0],0.8865756750106811
860,"[0.76, 0.01, 0.57, 0.84, 0.68, 0.68, 0.68, 0.08233333333333333, 0.3323333333333333, 0.1101111111111111, 0.76, 0.01, 0.9, 0.01, 0.43, 0.34, 0.34, 0.51, 0.01, 0.01, 0.68, 0.51, 0.68, 0.9, 0.76, 0.34, 0.79, 0.01, 0.68, 0.68, 0.45, 0.76, 0.34, 0.9, 0.68, 0.08233333333333333, 0.3323333333333333, 0.1101111111111111, 0.51, 0.01, 0.45, 0.01, 0.08233333333333333, 0.3323333333333333, 0.1101111111111111, 0.93, 0.01, 0.23, 0.34, 0.08233333333333333, 0.3323333333333333, 0.1101111111111111, 0.84, 0.68, 0.45, 0.51, 0.08233333333333333, 0.3323333333333333, 0.1101111111111111, 0.43, 0.68, 0.79]",[19138089.0],0.3175542240341504
861,"[0.08233333333333333, 0.3323333333333333, 0.1101111111111111, 0.08233333333333333, 0.3323333333333333, 0.1101111111111111, 0.3323333333333333, 0.08233333333333333, 0.3323333333333333, 0.1101111111111111, 0.08233333333333333, 0.3323333333333333, 0.1101111111111111, 0.499, 0.08233333333333333, 0.3323333333333333, 0.1101111111111111, 0.18, 0.34, 0.68, 0.34, 0.93, 0.68, 0.9, 0.68, 0.34, 0.9, 0.51, 0.59, 0.01, 0.79, 0.84, 0.34, 0.12, 0.68, 0.08233333333333333, 0.3323333333333333, 0.1101111111111111, 0.34, 0.68, 0.34, 0.01, 0.08233333333333333, 0.3323333333333333, 0.1101111111111111, 0.84, 0.68, 0.68, 0.34, 0.09, 0.34, 0.01, 0.68, 0.01, 0.34, 0.01, 0.68, 0.01, 0.23, 0.84, 0.68, 0.9]",[11040284.0],0.3194935460885366
862,"[0.08233333333333333, 0.3323333333333333, 0.1101111111111111, 0.08233333333333333, 0.3323333333333333, 0.1101111111111111, 0.3323333333333333, 0.08233333333333333, 0.3323333333333333, 0.1101111111111111, 0.08233333333333333, 0.3323333333333333, 0.1101111111111111, 0.499, 0.18, 0.34, 0.01, 0.76, 0.34, 0.68, 0.34, 0.68, 0.68, 0.79, 0.26, 0.68, 0.45, 0.51, 0.08233333333333333, 0.3323333333333333, 0.1101111111111111, 0.09, 0.68, 0.34, 0.34, 0.26, 0.34, 0.79, 0.51, 0.01, 0.34, 0.51, 0.08233333333333333, 0.3323333333333333, 0.1101111111111111, 0.76, 0.01, 0.68, 0.34, 0.43, 0.68, 0.9, 0.26, 0.34, 0.12, 0.01, 0.08233333333333333, 0.3323333333333333, 0.1101111111111111, 0.34, 0.68, 0.68]",[954230.0],0.9229477410515148
863,"[0.08233333333333333, 0.3323333333333333, 0.1101111111111111, 0.09, 0.01, 0.12, 0.68, 0.76, 0.01, 0.01, 0.34, 0.01, 0.34, 0.01, 0.08233333333333333, 0.3323333333333333, 0.1101111111111111, 0.59, 0.68, 0.57, 0.68, 0.08233333333333333, 0.3323333333333333, 0.1101111111111111, 0.43, 0.34, 0.57, 0.51, 0.18, 0.01, 0.57, 0.59, 0.68, 0.23, 0.68, 0.08233333333333333, 0.3323333333333333, 0.1101111111111111, 0.26, 0.01, 0.23, 0.01, 0.18, 0.68, 0.9, 0.68, 0.34, 0.79, 0.68, 0.68, 0.34, 0.34, 0.51, 0.01, 0.57, 0.51, 0.08233333333333333, 0.3323333333333333, 0.1101111111111111, 0.26, 0.68, 0.79]",[200239.0],0.8892970189452172
864,"[0.08233333333333333, 0.3323333333333333, 0.1101111111111111, 0.08233333333333333, 0.3323333333333333, 0.1101111111111111, 0.3323333333333333, 0.08233333333333333, 0.3323333333333333, 0.1101111111111111, 0.08233333333333333, 0.3323333333333333, 0.1101111111111111, 0.499, 0.08233333333333333, 0.3323333333333333, 0.1101111111111111, 0.08233333333333333, 0.3323333333333333, 0.1101111111111111, 0.3323333333333333, 0.08233333333333333, 0.3323333333333333, 0.1101111111111111, 0.08233333333333333, 0.3323333333333333, 0.1101111111111111, 0.499, 0.08233333333333333, 0.3323333333333333, 0.1101111111111111, 0.93, 0.01, 0.79, 0.34, 0.26, 0.34, 0.23, 0.93, 0.34, 0.9, 0.01, 0.51, 0.01, 0.23, 0.84, 0.68, 0.68, 0.68, 0.09, 0.34, 0.57, 0.09, 0.68, 0.34, 0.51, 0.84, 0.34, 0.12, 0.34, 0.34, 0.9]",[2893685.0],0.3231802110870679
865,"[0.08233333333333333, 0.3323333333333333, 0.1101111111111111, 0.18, 0.68, 0.01, 0.68, 0.18, 0.68, 0.01, 0.34, 0.01, 0.68, 0.51, 0.08233333333333333, 0.3323333333333333, 0.1101111111111111, 0.09, 0.01, 0.68, 0.34, 0.08233333333333333, 0.3323333333333333, 0.1101111111111111, 0.43, 0.34, 0.68, 0.01, 0.68, 0.68, 0.68, 0.76, 0.34, 0.23, 0.34, 0.08233333333333333, 0.3323333333333333, 0.1101111111111111, 0.34, 0.68, 0.34, 0.01, 0.08233333333333333, 0.3323333333333333, 0.1101111111111111, 0.84, 0.68, 0.9, 0.68, 0.08233333333333333, 0.3323333333333333, 0.1101111111111111, 0.84, 0.34, 0.23, 0.51, 0.08233333333333333, 0.3323333333333333, 0.1101111111111111, 0.34, 0.34, 0.79]",[7148096.0],0.9291128431757292
866,"[0.34, 0.34, 0.9, 0.18, 0.01, 0.01, 0.34, 0.08233333333333333, 0.3323333333333333, 0.1101111111111111, 0.09, 0.68, 0.45, 0.01, 0.18, 0.34, 0.45, 0.51, 0.01, 0.79, 0.34, 0.59, 0.34, 0.01, 0.93, 0.34, 0.12, 0.51, 0.09, 0.68, 0.68, 0.84, 0.01, 0.34, 0.34, 0.18, 0.68, 0.12, 0.18, 0.34, 0.12, 0.51, 0.08233333333333333, 0.3323333333333333, 0.1101111111111111, 0.26, 0.34, 0.57, 0.68, 0.08233333333333333, 0.3323333333333333, 0.1101111111111111, 0.84, 0.34, 0.23, 0.51, 0.26, 0.34, 0.12, 0.68, 0.01, 0.12]",[5766553.0],0.9187789286176364
867,"[0.08233333333333333, 0.3323333333333333, 0.1101111111111111, 0.08233333333333333, 0.3323333333333333, 0.1101111111111111, 0.3323333333333333, 0.08233333333333333, 0.3323333333333333, 0.1101111111111111, 0.08233333333333333, 0.3323333333333333, 0.1101111111111111, 0.499, 0.18, 0.34, 0.34, 0.93, 0.34, 0.79, 0.68, 0.26, 0.68, 0.57, 0.59, 0.68, 0.68, 0.01, 0.51, 0.34, 0.79, 0.84, 0.01, 0.34, 0.34, 0.59, 0.01, 0.45, 0.26, 0.01, 0.12, 0.51, 0.09, 0.01, 0.68, 0.18, 0.01, 0.79, 0.68, 0.18, 0.01, 0.34, 0.26, 0.01, 0.34, 0.01, 0.43, 0.01, 0.12, 0.76, 0.34, 0.01]",[676192.0],0.8876908799012502
868,"[0.08233333333333333, 0.3323333333333333, 0.1101111111111111, 0.08233333333333333, 0.3323333333333333, 0.1101111111111111, 0.3323333333333333, 0.08233333333333333, 0.3323333333333333, 0.1101111111111111, 0.08233333333333333, 0.3323333333333333, 0.1101111111111111, 0.499, 0.08233333333333333, 0.3323333333333333, 0.1101111111111111, 0.08233333333333333, 0.3323333333333333, 0.1101111111111111, 0.3323333333333333, 0.08233333333333333, 0.3323333333333333, 0.1101111111111111, 0.08233333333333333, 0.3323333333333333, 0.1101111111111111, 0.499, 0.43, 0.68, 0.12, 0.84, 0.34, 0.9, 0.68, 0.76, 0.34, 0.57, 0.76, 0.01, 0.34, 0.01, 0.34, 0.68, 0.57, 0.84, 0.34, 0.57, 0.34, 0.08233333333333333, 0.3323333333333333, 0.1101111111111111, 0.43, 0.68, 0.23, 0.51, 0.08233333333333333, 0.3323333333333333, 0.1101111111111111, 0.34, 0.34, 0.79]",[566037.0],0.9300808171431224
869,"[0.59, 0.68, 0.01, 0.51, 0.68, 0.79, 0.34, 0.76, 0.01, 0.68, 0.59, 0.01, 0.34, 0.01, 0.51, 0.68, 0.01, 0.18, 0.34, 0.79, 0.34, 0.34, 0.34, 0.9, 0.76, 0.68, 0.01, 0.01, 0.08233333333333333, 0.3323333333333333, 0.1101111111111111, 0.43, 0.68, 0.34, 0.68, 0.08233333333333333, 0.3323333333333333, 0.1101111111111111, 0.26, 0.01, 0.79, 0.51, 0.08233333333333333, 0.3323333333333333, 0.1101111111111111, 0.68, 0.68, 0.79, 0.68, 0.08233333333333333, 0.3323333333333333, 0.1101111111111111, 0.09, 0.01, 0.9, 0.01, 0.76, 0.01, 0.68, 0.84, 0.68, 0.23]",[4894251.0],0.8973013122876485
870,"[0.76, 0.68, 0.79, 0.34, 0.34, 0.34, 0.34, 0.68, 0.01, 0.01, 0.76, 0.01, 0.34, 0.51, 0.08233333333333333, 0.3323333333333333, 0.1101111111111111, 0.09, 0.68, 0.12, 0.34, 0.09, 0.34, 0.23, 0.76, 0.68, 0.01, 0.01, 0.34, 0.34, 0.9, 0.43, 0.34, 0.79, 0.68, 0.08233333333333333, 0.3323333333333333, 0.1101111111111111, 0.76, 0.01, 0.23, 0.51, 0.08233333333333333, 0.3323333333333333, 0.1101111111111111, 0.18, 0.68, 0.57, 0.34, 0.76, 0.68, 0.68, 0.84, 0.68, 0.34, 0.51, 0.68, 0.34, 0.23, 0.51, 0.01, 0.34]",[4493581.0],0.9272807414333024
871,"[0.08233333333333333, 0.3323333333333333, 0.1101111111111111, 0.08233333333333333, 0.3323333333333333, 0.1101111111111111, 0.3323333333333333, 0.08233333333333333, 0.3323333333333333, 0.1101111111111111, 0.08233333333333333, 0.3323333333333333, 0.1101111111111111, 0.499, 0.08233333333333333, 0.3323333333333333, 0.1101111111111111, 0.08233333333333333, 0.3323333333333333, 0.1101111111111111, 0.3323333333333333, 0.08233333333333333, 0.3323333333333333, 0.1101111111111111, 0.08233333333333333, 0.3323333333333333, 0.1101111111111111, 0.499, 0.08233333333333333, 0.3323333333333333, 0.1101111111111111, 0.59, 0.01, 0.68, 0.34, 0.84, 0.68, 0.57, 0.09, 0.34, 0.57, 0.51, 0.18, 0.01, 0.12, 0.68, 0.68, 0.9, 0.68, 0.43, 0.34, 0.12, 0.09, 0.01, 0.68, 0.01, 0.09, 0.68, 0.01, 0.59, 0.34, 0.23]",[875158.0],0.8809734404087066
872,"[0.08233333333333333, 0.3323333333333333, 0.1101111111111111, 0.08233333333333333, 0.3323333333333333, 0.1101111111111111, 0.3323333333333333, 0.08233333333333333, 0.3323333333333333, 0.1101111111111111, 0.08233333333333333, 0.3323333333333333, 0.1101111111111111, 0.499, 0.76, 0.34, 0.57, 0.09, 0.01, 0.23, 0.68, 0.08233333333333333, 0.3323333333333333, 0.1101111111111111, 0.51, 0.01, 0.68, 0.51, 0.59, 0.68, 0.12, 0.18, 0.34, 0.45, 0.68, 0.18, 0.01, 0.45, 0.68, 0.01, 0.01, 0.51, 0.51, 0.01, 0.68, 0.34, 0.01, 0.9, 0.68, 0.51, 0.34, 0.01, 0.84, 0.34, 0.45, 0.01, 0.59, 0.01, 0.01, 0.43, 0.68, 0.79]",[753164.0],0.8836667637030283
873,"[0.08233333333333333, 0.3323333333333333, 0.1101111111111111, 0.08233333333333333, 0.3323333333333333, 0.1101111111111111, 0.3323333333333333, 0.08233333333333333, 0.3323333333333333, 0.1101111111111111, 0.08233333333333333, 0.3323333333333333, 0.1101111111111111, 0.499, 0.08233333333333333, 0.3323333333333333, 0.1101111111111111, 0.43, 0.34, 0.68, 0.68, 0.68, 0.68, 0.9, 0.43, 0.68, 0.23, 0.51, 0.08233333333333333, 0.3323333333333333, 0.1101111111111111, 0.43, 0.68, 0.68, 0.68, 0.08233333333333333, 0.3323333333333333, 0.1101111111111111, 0.26, 0.01, 0.57, 0.01, 0.08233333333333333, 0.3323333333333333, 0.1101111111111111, 0.93, 0.68, 0.23, 0.68, 0.93, 0.34, 0.9, 0.93, 0.68, 0.45, 0.51, 0.08233333333333333, 0.3323333333333333, 0.1101111111111111, 0.68, 0.01, 0.12]",[41140159.0],0.9451178426543873
874,"[0.08233333333333333, 0.3323333333333333, 0.1101111111111111, 0.34, 0.68, 0.23, 0.68, 0.76, 0.34, 0.45, 0.84, 0.34, 0.45, 0.51, 0.59, 0.01, 0.79, 0.34, 0.01, 0.23, 0.68, 0.84, 0.68, 0.79, 0.26, 0.34, 0.01, 0.51, 0.34, 0.68, 0.79, 0.93, 0.68, 0.68, 0.68, 0.08233333333333333, 0.3323333333333333, 0.1101111111111111, 0.76, 0.68, 0.9, 0.51, 0.76, 0.01, 0.01, 0.59, 0.01, 0.01, 0.68, 0.84, 0.01, 0.45, 0.43, 0.34, 0.68, 0.01, 0.93, 0.68, 0.01, 0.09, 0.34, 0.57]",[11920975.0],0.932660774886608
875,"[0.08233333333333333, 0.3323333333333333, 0.1101111111111111, 0.08233333333333333, 0.3323333333333333, 0.1101111111111111, 0.3323333333333333, 0.08233333333333333, 0.3323333333333333, 0.1101111111111111, 0.08233333333333333, 0.3323333333333333, 0.1101111111111111, 0.499, 0.08233333333333333, 0.3323333333333333, 0.1101111111111111, 0.08233333333333333, 0.3323333333333333, 0.1101111111111111, 0.3323333333333333, 0.08233333333333333, 0.3323333333333333, 0.1101111111111111, 0.08233333333333333, 0.3323333333333333, 0.1101111111111111, 0.499, 0.26, 0.34, 0.68, 0.51, 0.68, 0.79, 0.68, 0.08233333333333333, 0.3323333333333333, 0.1101111111111111, 0.93, 0.01, 0.12, 0.01, 0.08233333333333333, 0.3323333333333333, 0.1101111111111111, 0.51, 0.01, 0.34, 0.68, 0.08233333333333333, 0.3323333333333333, 0.1101111111111111, 0.43, 0.34, 0.12, 0.01, 0.08233333333333333, 0.3323333333333333, 0.1101111111111111, 0.34, 0.01, 0.57]",[27801.0],0.8302046934763591
876,"[0.08233333333333333, 0.3323333333333333, 0.1101111111111111, 0.08233333333333333, 0.3323333333333333, 0.1101111111111111, 0.3323333333333333, 0.08233333333333333, 0.3323333333333333, 0.1101111111111111, 0.08233333333333333, 0.3323333333333333, 0.1101111111111111, 0.499, 0.08233333333333333, 0.3323333333333333, 0.1101111111111111, 0.08233333333333333, 0.3323333333333333, 0.1101111111111111, 0.3323333333333333, 0.08233333333333333, 0.3323333333333333, 0.1101111111111111, 0.08233333333333333, 0.3323333333333333, 0.1101111111111111, 0.499, 0.76, 0.68, 0.12, 0.43, 0.34, 0.23, 0.68, 0.08233333333333333, 0.3323333333333333, 0.1101111111111111, 0.51, 0.01, 0.57, 0.01, 0.26, 0.68, 0.9, 0.84, 0.34, 0.57, 0.68, 0.08233333333333333, 0.3323333333333333, 0.1101111111111111, 0.68, 0.34, 0.68, 0.51, 0.08233333333333333, 0.3323333333333333, 0.1101111111111111, 0.18, 0.68, 0.68]",[765324.0],0.8794935976465543
877,"[0.18, 0.68, 0.45, 0.59, 0.68, 0.9, 0.68, 0.08233333333333333, 0.3323333333333333, 0.1101111111111111, 0.51, 0.01, 0.45, 0.51, 0.08233333333333333, 0.3323333333333333, 0.1101111111111111, 0.43, 0.01, 0.01, 0.68, 0.43, 0.68, 0.45, 0.93, 0.01, 0.79, 0.51, 0.08233333333333333, 0.3323333333333333, 0.1101111111111111, 0.34, 0.34, 0.9, 0.34, 0.08233333333333333, 0.3323333333333333, 0.1101111111111111, 0.59, 0.34, 0.45, 0.51, 0.34, 0.68, 0.12, 0.76, 0.68, 0.68, 0.34, 0.76, 0.68, 0.9, 0.51, 0.34, 0.57, 0.51, 0.93, 0.68, 0.01, 0.09, 0.01, 0.23]",[10515717.0],0.9449940875172615
878,"[0.08233333333333333, 0.3323333333333333, 0.1101111111111111, 0.08233333333333333, 0.3323333333333333, 0.1101111111111111, 0.3323333333333333, 0.08233333333333333, 0.3323333333333333, 0.1101111111111111, 0.08233333333333333, 0.3323333333333333, 0.1101111111111111, 0.499, 0.09, 0.34, 0.68, 0.34, 0.68, 0.23, 0.34, 0.43, 0.34, 0.34, 0.84, 0.34, 0.57, 0.51, 0.26, 0.01, 0.34, 0.68, 0.34, 0.79, 0.34, 0.43, 0.68, 0.9, 0.26, 0.68, 0.34, 0.01, 0.08233333333333333, 0.3323333333333333, 0.1101111111111111, 0.09, 0.34, 0.9, 0.34, 0.08233333333333333, 0.3323333333333333, 0.1101111111111111, 0.43, 0.01, 0.12, 0.51, 0.08233333333333333, 0.3323333333333333, 0.1101111111111111, 0.34, 0.34, 0.12]",[93200.0],0.710751601556937
879,"[0.08233333333333333, 0.3323333333333333, 0.1101111111111111, 0.43, 0.34, 0.23, 0.34, 0.08233333333333333, 0.3323333333333333, 0.1101111111111111, 0.43, 0.68, 0.9, 0.01, 0.08233333333333333, 0.3323333333333333, 0.1101111111111111, 0.84, 0.01, 0.45, 0.34, 0.18, 0.34, 0.23, 0.26, 0.68, 0.9, 0.51, 0.51, 0.01, 0.68, 0.26, 0.01, 0.57, 0.34, 0.08233333333333333, 0.3323333333333333, 0.1101111111111111, 0.59, 0.68, 0.68, 0.01, 0.08233333333333333, 0.3323333333333333, 0.1101111111111111, 0.18, 0.68, 0.23, 0.68, 0.76, 0.34, 0.57, 0.68, 0.01, 0.45, 0.01, 0.08233333333333333, 0.3323333333333333, 0.1101111111111111, 0.68, 0.01, 0.34]",[712793.0],0.9096120312809944
880,"[0.08233333333333333, 0.3323333333333333, 0.1101111111111111, 0.08233333333333333, 0.3323333333333333, 0.1101111111111111, 0.3323333333333333, 0.08233333333333333, 0.3323333333333333, 0.1101111111111111, 0.08233333333333333, 0.3323333333333333, 0.1101111111111111, 0.499, 0.76, 0.34, 0.23, 0.93, 0.34, 0.01, 0.68, 0.18, 0.34, 0.45, 0.43, 0.68, 0.68, 0.01, 0.26, 0.34, 0.57, 0.18, 0.34, 0.57, 0.34, 0.08233333333333333, 0.3323333333333333, 0.1101111111111111, 0.43, 0.34, 0.12, 0.01, 0.93, 0.01, 0.79, 0.84, 0.01, 0.57, 0.68, 0.09, 0.34, 0.23, 0.68, 0.01, 0.23, 0.01, 0.08233333333333333, 0.3323333333333333, 0.1101111111111111, 0.59, 0.68, 0.57]",[3861220.0],0.8626343384385109
881,"[0.08233333333333333, 0.3323333333333333, 0.1101111111111111, 0.08233333333333333, 0.3323333333333333, 0.1101111111111111, 0.3323333333333333, 0.08233333333333333, 0.3323333333333333, 0.1101111111111111, 0.08233333333333333, 0.3323333333333333, 0.1101111111111111, 0.499, 0.08233333333333333, 0.3323333333333333, 0.1101111111111111, 0.09, 0.01, 0.01, 0.34, 0.08233333333333333, 0.3323333333333333, 0.1101111111111111, 0.18, 0.34, 0.34, 0.01, 0.08233333333333333, 0.3323333333333333, 0.1101111111111111, 0.51, 0.68, 0.79, 0.68, 0.26, 0.01, 0.23, 0.18, 0.01, 0.9, 0.01, 0.08233333333333333, 0.3323333333333333, 0.1101111111111111, 0.93, 0.68, 0.79, 0.34, 0.08233333333333333, 0.3323333333333333, 0.1101111111111111, 0.84, 0.68, 0.12, 0.51, 0.08233333333333333, 0.3323333333333333, 0.1101111111111111, 0.93, 0.34, 0.79]",[33074655.0],0.9132074107726414
882,"[0.76, 0.68, 0.79, 0.59, 0.01, 0.57, 0.68, 0.34, 0.68, 0.12, 0.59, 0.34, 0.79, 0.51, 0.09, 0.34, 0.34, 0.93, 0.01, 0.68, 0.34, 0.08233333333333333, 0.3323333333333333, 0.1101111111111111, 0.09, 0.68, 0.9, 0.01, 0.26, 0.34, 0.9, 0.26, 0.34, 0.45, 0.68, 0.08233333333333333, 0.3323333333333333, 0.1101111111111111, 0.43, 0.01, 0.68, 0.51, 0.43, 0.34, 0.45, 0.09, 0.34, 0.79, 0.34, 0.08233333333333333, 0.3323333333333333, 0.1101111111111111, 0.68, 0.34, 0.45, 0.01, 0.08233333333333333, 0.3323333333333333, 0.1101111111111111, 0.68, 0.01, 0.57]",[346343.0],0.8033679445584615
883,"[0.93, 0.34, 0.45, 0.76, 0.34, 0.9, 0.34, 0.08233333333333333, 0.3323333333333333, 0.1101111111111111, 0.76, 0.34, 0.45, 0.01, 0.08233333333333333, 0.3323333333333333, 0.1101111111111111, 0.93, 0.34, 0.23, 0.68, 0.08233333333333333, 0.3323333333333333, 0.1101111111111111, 0.59, 0.68, 0.01, 0.01, 0.08233333333333333, 0.3323333333333333, 0.1101111111111111, 0.09, 0.01, 0.68, 0.68, 0.84, 0.01, 0.01, 0.76, 0.34, 0.01, 0.51, 0.93, 0.34, 0.23, 0.93, 0.68, 0.9, 0.68, 0.08233333333333333, 0.3323333333333333, 0.1101111111111111, 0.93, 0.01, 0.68, 0.51, 0.08233333333333333, 0.3323333333333333, 0.1101111111111111, 0.51, 0.34, 0.12]",[36728436.0],0.9272711798548698
884,"[0.08233333333333333, 0.3323333333333333, 0.1101111111111111, 0.08233333333333333, 0.3323333333333333, 0.1101111111111111, 0.3323333333333333, 0.08233333333333333, 0.3323333333333333, 0.1101111111111111, 0.08233333333333333, 0.3323333333333333, 0.1101111111111111, 0.499, 0.08233333333333333, 0.3323333333333333, 0.1101111111111111, 0.08233333333333333, 0.3323333333333333, 0.1101111111111111, 0.3323333333333333, 0.08233333333333333, 0.3323333333333333, 0.1101111111111111, 0.08233333333333333, 0.3323333333333333, 0.1101111111111111, 0.499, 0.43, 0.01, 0.34, 0.51, 0.68, 0.57, 0.68, 0.59, 0.01, 0.9, 0.26, 0.68, 0.9, 0.51, 0.51, 0.01, 0.79, 0.68, 0.34, 0.23, 0.34, 0.08233333333333333, 0.3323333333333333, 0.1101111111111111, 0.59, 0.01, 0.9, 0.01, 0.08233333333333333, 0.3323333333333333, 0.1101111111111111, 0.76, 0.01, 0.23]",[382801.0],0.8818303724129994
885,"[0.08233333333333333, 0.3323333333333333, 0.1101111111111111, 0.08233333333333333, 0.3323333333333333, 0.1101111111111111, 0.3323333333333333, 0.08233333333333333, 0.3323333333333333, 0.1101111111111111, 0.08233333333333333, 0.3323333333333333, 0.1101111111111111, 0.499, 0.08233333333333333, 0.3323333333333333, 0.1101111111111111, 0.08233333333333333, 0.3323333333333333, 0.1101111111111111, 0.3323333333333333, 0.08233333333333333, 0.3323333333333333, 0.1101111111111111, 0.08233333333333333, 0.3323333333333333, 0.1101111111111111, 0.499, 0.34, 0.34, 0.57, 0.18, 0.68, 0.57, 0.34, 0.84, 0.34, 0.34, 0.68, 0.01, 0.34, 0.01, 0.68, 0.34, 0.68, 0.93, 0.68, 0.45, 0.68, 0.34, 0.68, 0.45, 0.43, 0.34, 0.34, 0.51, 0.08233333333333333, 0.3323333333333333, 0.1101111111111111, 0.09, 0.01, 0.01]",[3632815.0],0.8867799093325933
886,"[0.08233333333333333, 0.3323333333333333, 0.1101111111111111, 0.08233333333333333, 0.3323333333333333, 0.1101111111111111, 0.3323333333333333, 0.08233333333333333, 0.3323333333333333, 0.1101111111111111, 0.08233333333333333, 0.3323333333333333, 0.1101111111111111, 0.499, 0.08233333333333333, 0.3323333333333333, 0.1101111111111111, 0.08233333333333333, 0.3323333333333333, 0.1101111111111111, 0.3323333333333333, 0.08233333333333333, 0.3323333333333333, 0.1101111111111111, 0.08233333333333333, 0.3323333333333333, 0.1101111111111111, 0.499, 0.68, 0.01, 0.01, 0.18, 0.34, 0.79, 0.68, 0.08233333333333333, 0.3323333333333333, 0.1101111111111111, 0.51, 0.34, 0.34, 0.01, 0.51, 0.01, 0.01, 0.59, 0.34, 0.9, 0.68, 0.18, 0.68, 0.23, 0.34, 0.34, 0.34, 0.01, 0.08233333333333333, 0.3323333333333333, 0.1101111111111111, 0.51, 0.34, 0.01]",[48989.0],0.8783896798888843
887,"[0.51, 0.68, 0.9, 0.76, 0.01, 0.68, 0.34, 0.43, 0.34, 0.12, 0.43, 0.68, 0.79, 0.51, 0.18, 0.01, 0.34, 0.43, 0.68, 0.23, 0.68, 0.34, 0.34, 0.34, 0.09, 0.01, 0.12, 0.01, 0.08233333333333333, 0.3323333333333333, 0.1101111111111111, 0.76, 0.01, 0.57, 0.68, 0.84, 0.68, 0.79, 0.59, 0.01, 0.57, 0.51, 0.26, 0.34, 0.01, 0.76, 0.01, 0.45, 0.34, 0.76, 0.68, 0.01, 0.68, 0.01, 0.12, 0.51, 0.09, 0.01, 0.68, 0.76, 0.01, 0.9]",[6880654.0],0.9335178842147192
888,"[0.34, 0.34, 0.45, 0.34, 0.68, 0.79, 0.68, 0.08233333333333333, 0.3323333333333333, 0.1101111111111111, 0.76, 0.68, 0.45, 0.01, 0.68, 0.01, 0.79, 0.59, 0.34, 0.45, 0.34, 0.08233333333333333, 0.3323333333333333, 0.1101111111111111, 0.09, 0.68, 0.79, 0.01, 0.08233333333333333, 0.3323333333333333, 0.1101111111111111, 0.18, 0.68, 0.79, 0.68, 0.76, 0.68, 0.45, 0.51, 0.01, 0.12, 0.51, 0.08233333333333333, 0.3323333333333333, 0.1101111111111111, 0.51, 0.68, 0.79, 0.34, 0.26, 0.34, 0.01, 0.59, 0.01, 0.57, 0.51, 0.26, 0.01, 0.68, 0.68, 0.34, 0.45]",[371215.0],0.922922998170058
889,"[0.08233333333333333, 0.3323333333333333, 0.1101111111111111, 0.08233333333333333, 0.3323333333333333, 0.1101111111111111, 0.3323333333333333, 0.08233333333333333, 0.3323333333333333, 0.1101111111111111, 0.08233333333333333, 0.3323333333333333, 0.1101111111111111, 0.499, 0.08233333333333333, 0.3323333333333333, 0.1101111111111111, 0.08233333333333333, 0.3323333333333333, 0.1101111111111111, 0.3323333333333333, 0.08233333333333333, 0.3323333333333333, 0.1101111111111111, 0.08233333333333333, 0.3323333333333333, 0.1101111111111111, 0.499, 0.59, 0.01, 0.68, 0.09, 0.68, 0.79, 0.34, 0.08233333333333333, 0.3323333333333333, 0.1101111111111111, 0.26, 0.68, 0.57, 0.01, 0.68, 0.01, 0.68, 0.51, 0.01, 0.9, 0.68, 0.51, 0.01, 0.23, 0.59, 0.34, 0.45, 0.51, 0.08233333333333333, 0.3323333333333333, 0.1101111111111111, 0.51, 0.34, 0.34]",[61188.0],0.822224119802316
890,"[0.84, 0.01, 0.68, 0.84, 0.68, 0.79, 0.34, 0.26, 0.68, 0.9, 0.84, 0.68, 0.12, 0.01, 0.51, 0.34, 0.12, 0.76, 0.01, 0.45, 0.68, 0.08233333333333333, 0.3323333333333333, 0.1101111111111111, 0.43, 0.34, 0.79, 0.51, 0.08233333333333333, 0.3323333333333333, 0.1101111111111111, 0.18, 0.34, 0.12, 0.34, 0.59, 0.34, 0.23, 0.34, 0.68, 0.12, 0.01, 0.84, 0.01, 0.45, 0.76, 0.01, 0.12, 0.68, 0.09, 0.01, 0.45, 0.34, 0.01, 0.45, 0.01, 0.08233333333333333, 0.3323333333333333, 0.1101111111111111, 0.26, 0.34, 0.68]",[6974478.0],0.9224264909823736
891,"[0.08233333333333333, 0.3323333333333333, 0.1101111111111111, 0.08233333333333333, 0.3323333333333333, 0.1101111111111111, 0.3323333333333333, 0.08233333333333333, 0.3323333333333333, 0.1101111111111111, 0.08233333333333333, 0.3323333333333333, 0.1101111111111111, 0.499, 0.08233333333333333, 0.3323333333333333, 0.1101111111111111, 0.68, 0.68, 0.68, 0.34, 0.76, 0.34, 0.79, 0.51, 0.34, 0.57, 0.51, 0.08233333333333333, 0.3323333333333333, 0.1101111111111111, 0.76, 0.68, 0.23, 0.68, 0.18, 0.68, 0.23, 0.84, 0.01, 0.9, 0.01, 0.84, 0.34, 0.9, 0.51, 0.01, 0.9, 0.68, 0.08233333333333333, 0.3323333333333333, 0.1101111111111111, 0.59, 0.34, 0.45, 0.01, 0.08233333333333333, 0.3323333333333333, 0.1101111111111111, 0.18, 0.01, 0.68]",[3535167.0],0.9193526531259218
892,"[0.08233333333333333, 0.3323333333333333, 0.1101111111111111, 0.09, 0.68, 0.23, 0.34, 0.51, 0.68, 0.79, 0.26, 0.01, 0.68, 0.01, 0.76, 0.01, 0.68, 0.93, 0.68, 0.57, 0.68, 0.08233333333333333, 0.3323333333333333, 0.1101111111111111, 0.68, 0.68, 0.9, 0.51, 0.68, 0.01, 0.01, 0.26, 0.01, 0.12, 0.34, 0.08233333333333333, 0.3323333333333333, 0.1101111111111111, 0.68, 0.68, 0.57, 0.01, 0.43, 0.68, 0.9, 0.93, 0.68, 0.68, 0.34, 0.76, 0.34, 0.34, 0.68, 0.68, 0.79, 0.51, 0.08233333333333333, 0.3323333333333333, 0.1101111111111111, 0.76, 0.34, 0.45]",[17228667.0],0.9259199952085811
893,"[0.08233333333333333, 0.3323333333333333, 0.1101111111111111, 0.08233333333333333, 0.3323333333333333, 0.1101111111111111, 0.3323333333333333, 0.08233333333333333, 0.3323333333333333, 0.1101111111111111, 0.08233333333333333, 0.3323333333333333, 0.1101111111111111, 0.499, 0.08233333333333333, 0.3323333333333333, 0.1101111111111111, 0.08233333333333333, 0.3323333333333333, 0.1101111111111111, 0.3323333333333333, 0.08233333333333333, 0.3323333333333333, 0.1101111111111111, 0.08233333333333333, 0.3323333333333333, 0.1101111111111111, 0.499, 0.08233333333333333, 0.3323333333333333, 0.1101111111111111, 0.76, 0.01, 0.45, 0.68, 0.08233333333333333, 0.3323333333333333, 0.1101111111111111, 0.34, 0.68, 0.23, 0.01, 0.84, 0.34, 0.68, 0.09, 0.01, 0.34, 0.68, 0.68, 0.34, 0.57, 0.76, 0.01, 0.68, 0.01, 0.26, 0.68, 0.45, 0.76, 0.01, 0.12]",[2090004.0],0.8071458508570989
894,"[0.08233333333333333, 0.3323333333333333, 0.1101111111111111, 0.08233333333333333, 0.3323333333333333, 0.1101111111111111, 0.3323333333333333, 0.08233333333333333, 0.3323333333333333, 0.1101111111111111, 0.08233333333333333, 0.3323333333333333, 0.1101111111111111, 0.499, 0.08233333333333333, 0.3323333333333333, 0.1101111111111111, 0.08233333333333333, 0.3323333333333333, 0.1101111111111111, 0.3323333333333333, 0.08233333333333333, 0.3323333333333333, 0.1101111111111111, 0.08233333333333333, 0.3323333333333333, 0.1101111111111111, 0.499, 0.08233333333333333, 0.3323333333333333, 0.1101111111111111, 0.51, 0.68, 0.79, 0.34, 0.09, 0.01, 0.45, 0.93, 0.34, 0.45, 0.51, 0.08233333333333333, 0.3323333333333333, 0.1101111111111111, 0.18, 0.68, 0.79, 0.68, 0.08233333333333333, 0.3323333333333333, 0.1101111111111111, 0.93, 0.68, 0.23, 0.51, 0.08233333333333333, 0.3323333333333333, 0.1101111111111111, 0.09, 0.68, 0.9]",[2195556.0],0.821524748702844
895,"[0.08233333333333333, 0.3323333333333333, 0.1101111111111111, 0.51, 0.68, 0.68, 0.34, 0.51, 0.68, 0.12, 0.51, 0.34, 0.45, 0.01, 0.51, 0.34, 0.45, 0.59, 0.34, 0.9, 0.68, 0.76, 0.34, 0.68, 0.26, 0.34, 0.57, 0.51, 0.84, 0.68, 0.57, 0.76, 0.01, 0.23, 0.68, 0.08233333333333333, 0.3323333333333333, 0.1101111111111111, 0.18, 0.34, 0.34, 0.51, 0.08233333333333333, 0.3323333333333333, 0.1101111111111111, 0.76, 0.68, 0.9, 0.34, 0.08233333333333333, 0.3323333333333333, 0.1101111111111111, 0.43, 0.01, 0.57, 0.51, 0.08233333333333333, 0.3323333333333333, 0.1101111111111111, 0.34, 0.68, 0.34]",[2855492.0],0.9519178907076518
896,"[0.08233333333333333, 0.3323333333333333, 0.1101111111111111, 0.93, 0.01, 0.23, 0.34, 0.59, 0.34, 0.79, 0.43, 0.01, 0.23, 0.51, 0.76, 0.01, 0.9, 0.84, 0.34, 0.79, 0.68, 0.76, 0.01, 0.57, 0.26, 0.68, 0.12, 0.01, 0.34, 0.34, 0.68, 0.51, 0.34, 0.79, 0.34, 0.08233333333333333, 0.3323333333333333, 0.1101111111111111, 0.51, 0.01, 0.01, 0.01, 0.51, 0.01, 0.34, 0.43, 0.68, 0.01, 0.68, 0.08233333333333333, 0.3323333333333333, 0.1101111111111111, 0.76, 0.34, 0.45, 0.51, 0.68, 0.34, 0.01, 0.26, 0.01, 0.45]",[2466789.0],0.9337550505995752
897,"[0.08233333333333333, 0.3323333333333333, 0.1101111111111111, 0.08233333333333333, 0.3323333333333333, 0.1101111111111111, 0.3323333333333333, 0.08233333333333333, 0.3323333333333333, 0.1101111111111111, 0.08233333333333333, 0.3323333333333333, 0.1101111111111111, 0.499, 0.08233333333333333, 0.3323333333333333, 0.1101111111111111, 0.08233333333333333, 0.3323333333333333, 0.1101111111111111, 0.3323333333333333, 0.08233333333333333, 0.3323333333333333, 0.1101111111111111, 0.08233333333333333, 0.3323333333333333, 0.1101111111111111, 0.499, 0.93, 0.01, 0.45, 0.51, 0.34, 0.45, 0.68, 0.09, 0.68, 0.23, 0.18, 0.68, 0.01, 0.51, 0.51, 0.01, 0.12, 0.43, 0.01, 0.68, 0.68, 0.34, 0.34, 0.57, 0.09, 0.34, 0.57, 0.51, 0.51, 0.01, 0.34, 0.93, 0.68, 0.45]",[3262383.0],0.9086447109778722
898,"[0.08233333333333333, 0.3323333333333333, 0.1101111111111111, 0.51, 0.34, 0.34, 0.34, 0.68, 0.34, 0.23, 0.51, 0.68, 0.68, 0.01, 0.08233333333333333, 0.3323333333333333, 0.1101111111111111, 0.51, 0.34, 0.57, 0.68, 0.43, 0.01, 0.68, 0.26, 0.68, 0.79, 0.01, 0.76, 0.01, 0.57, 0.68, 0.68, 0.34, 0.34, 0.09, 0.68, 0.9, 0.34, 0.68, 0.57, 0.01, 0.34, 0.68, 0.9, 0.43, 0.34, 0.9, 0.34, 0.84, 0.34, 0.45, 0.93, 0.68, 0.57, 0.01, 0.08233333333333333, 0.3323333333333333, 0.1101111111111111, 0.34, 0.68, 0.23]",[18348596.0],0.3465346609552701
899,"[0.08233333333333333, 0.3323333333333333, 0.1101111111111111, 0.08233333333333333, 0.3323333333333333, 0.1101111111111111, 0.3323333333333333, 0.08233333333333333, 0.3323333333333333, 0.1101111111111111, 0.08233333333333333, 0.3323333333333333, 0.1101111111111111, 0.499, 0.09, 0.68, 0.57, 0.93, 0.01, 0.79, 0.68, 0.43, 0.01, 0.79, 0.59, 0.68, 0.79, 0.51, 0.08233333333333333, 0.3323333333333333, 0.1101111111111111, 0.76, 0.68, 0.57, 0.68, 0.59, 0.68, 0.68, 0.34, 0.68, 0.68, 0.51, 0.26, 0.68, 0.79, 0.59, 0.34, 0.57, 0.34, 0.84, 0.34, 0.68, 0.09, 0.34, 0.12, 0.01, 0.08233333333333333, 0.3323333333333333, 0.1101111111111111, 0.93, 0.68, 0.9]",[17614895.0],0.9221546764175096
900,"[0.08233333333333333, 0.3323333333333333, 0.1101111111111111, 0.93, 0.01, 0.68, 0.68, 0.08233333333333333, 0.3323333333333333, 0.1101111111111111, 0.09, 0.68, 0.79, 0.01, 0.08233333333333333, 0.3323333333333333, 0.1101111111111111, 0.09, 0.34, 0.79, 0.34, 0.09, 0.01, 0.57, 0.51, 0.01, 0.45, 0.51, 0.68, 0.68, 0.34, 0.59, 0.34, 0.34, 0.68, 0.08233333333333333, 0.3323333333333333, 0.1101111111111111, 0.26, 0.34, 0.68, 0.01, 0.08233333333333333, 0.3323333333333333, 0.1101111111111111, 0.43, 0.68, 0.57, 0.34, 0.08233333333333333, 0.3323333333333333, 0.1101111111111111, 0.09, 0.01, 0.12, 0.01, 0.08233333333333333, 0.3323333333333333, 0.1101111111111111, 0.09, 0.68, 0.9]",[124081.0],0.6585854430993398
901,"[0.08233333333333333, 0.3323333333333333, 0.1101111111111111, 0.08233333333333333, 0.3323333333333333, 0.1101111111111111, 0.3323333333333333, 0.08233333333333333, 0.3323333333333333, 0.1101111111111111, 0.08233333333333333, 0.3323333333333333, 0.1101111111111111, 0.499, 0.08233333333333333, 0.3323333333333333, 0.1101111111111111, 0.43, 0.68, 0.68, 0.34, 0.26, 0.68, 0.01, 0.68, 0.68, 0.68, 0.01, 0.93, 0.68, 0.45, 0.68, 0.34, 0.45, 0.68, 0.08233333333333333, 0.3323333333333333, 0.1101111111111111, 0.26, 0.34, 0.57, 0.01, 0.08233333333333333, 0.3323333333333333, 0.1101111111111111, 0.09, 0.68, 0.01, 0.68, 0.08233333333333333, 0.3323333333333333, 0.1101111111111111, 0.51, 0.34, 0.01, 0.51, 0.08233333333333333, 0.3323333333333333, 0.1101111111111111, 0.84, 0.68, 0.9]",[2229232.0],0.8780265480279923
902,"[0.08233333333333333, 0.3323333333333333, 0.1101111111111111, 0.08233333333333333, 0.3323333333333333, 0.1101111111111111, 0.3323333333333333, 0.08233333333333333, 0.3323333333333333, 0.1101111111111111, 0.08233333333333333, 0.3323333333333333, 0.1101111111111111, 0.499, 0.26, 0.34, 0.12, 0.59, 0.34, 0.23, 0.68, 0.08233333333333333, 0.3323333333333333, 0.1101111111111111, 0.68, 0.34, 0.45, 0.01, 0.68, 0.01, 0.57, 0.18, 0.34, 0.12, 0.34, 0.08233333333333333, 0.3323333333333333, 0.1101111111111111, 0.76, 0.34, 0.12, 0.01, 0.43, 0.34, 0.34, 0.26, 0.01, 0.79, 0.34, 0.51, 0.68, 0.34, 0.76, 0.34, 0.79, 0.01, 0.08233333333333333, 0.3323333333333333, 0.1101111111111111, 0.43, 0.34, 0.34]",[1513787.0],0.886867493391037
903,"[0.08233333333333333, 0.3323333333333333, 0.1101111111111111, 0.18, 0.68, 0.79, 0.68, 0.43, 0.34, 0.12, 0.43, 0.68, 0.12, 0.01, 0.08233333333333333, 0.3323333333333333, 0.1101111111111111, 0.93, 0.34, 0.12, 0.34, 0.51, 0.34, 0.34, 0.59, 0.01, 0.34, 0.51, 0.93, 0.01, 0.23, 0.26, 0.68, 0.23, 0.68, 0.08233333333333333, 0.3323333333333333, 0.1101111111111111, 0.26, 0.01, 0.23, 0.01, 0.09, 0.68, 0.45, 0.93, 0.34, 0.68, 0.68, 0.09, 0.68, 0.23, 0.34, 0.68, 0.79, 0.51, 0.84, 0.68, 0.01, 0.09, 0.01, 0.68]",[14653562.0],0.9271781320373216
904,"[0.34, 0.34, 0.34, 0.68, 0.68, 0.57, 0.34, 0.68, 0.68, 0.12, 0.93, 0.34, 0.68, 0.01, 0.08233333333333333, 0.3323333333333333, 0.1101111111111111, 0.34, 0.68, 0.12, 0.34, 0.09, 0.34, 0.01, 0.59, 0.68, 0.79, 0.51, 0.08233333333333333, 0.3323333333333333, 0.1101111111111111, 0.18, 0.34, 0.57, 0.68, 0.08233333333333333, 0.3323333333333333, 0.1101111111111111, 0.34, 0.01, 0.01, 0.51, 0.08233333333333333, 0.3323333333333333, 0.1101111111111111, 0.34, 0.34, 0.01, 0.34, 0.08233333333333333, 0.3323333333333333, 0.1101111111111111, 0.76, 0.01, 0.23, 0.51, 0.26, 0.34, 0.23, 0.59, 0.68, 0.45]",[1617966.0],0.9403284564614296
905,"[0.08233333333333333, 0.3323333333333333, 0.1101111111111111, 0.08233333333333333, 0.3323333333333333, 0.1101111111111111, 0.3323333333333333, 0.08233333333333333, 0.3323333333333333, 0.1101111111111111, 0.08233333333333333, 0.3323333333333333, 0.1101111111111111, 0.499, 0.08233333333333333, 0.3323333333333333, 0.1101111111111111, 0.08233333333333333, 0.3323333333333333, 0.1101111111111111, 0.3323333333333333, 0.08233333333333333, 0.3323333333333333, 0.1101111111111111, 0.08233333333333333, 0.3323333333333333, 0.1101111111111111, 0.499, 0.68, 0.34, 0.23, 0.84, 0.68, 0.57, 0.34, 0.59, 0.68, 0.12, 0.68, 0.68, 0.34, 0.51, 0.09, 0.68, 0.57, 0.84, 0.34, 0.01, 0.68, 0.08233333333333333, 0.3323333333333333, 0.1101111111111111, 0.84, 0.01, 0.34, 0.51, 0.76, 0.68, 0.12, 0.18, 0.68, 0.57]",[7176147.0],0.9264594833056132
906,"[0.08233333333333333, 0.3323333333333333, 0.1101111111111111, 0.08233333333333333, 0.3323333333333333, 0.1101111111111111, 0.3323333333333333, 0.08233333333333333, 0.3323333333333333, 0.1101111111111111, 0.08233333333333333, 0.3323333333333333, 0.1101111111111111, 0.499, 0.08233333333333333, 0.3323333333333333, 0.1101111111111111, 0.93, 0.68, 0.79, 0.34, 0.08233333333333333, 0.3323333333333333, 0.1101111111111111, 0.76, 0.34, 0.34, 0.51, 0.43, 0.68, 0.01, 0.84, 0.01, 0.57, 0.34, 0.68, 0.34, 0.34, 0.68, 0.01, 0.9, 0.01, 0.51, 0.01, 0.79, 0.76, 0.68, 0.34, 0.68, 0.08233333333333333, 0.3323333333333333, 0.1101111111111111, 0.59, 0.34, 0.79, 0.01, 0.08233333333333333, 0.3323333333333333, 0.1101111111111111, 0.93, 0.01, 0.68]",[8419793.0],0.9205049499869348
907,"[0.08233333333333333, 0.3323333333333333, 0.1101111111111111, 0.08233333333333333, 0.3323333333333333, 0.1101111111111111, 0.3323333333333333, 0.08233333333333333, 0.3323333333333333, 0.1101111111111111, 0.08233333333333333, 0.3323333333333333, 0.1101111111111111, 0.499, 0.08233333333333333, 0.3323333333333333, 0.1101111111111111, 0.08233333333333333, 0.3323333333333333, 0.1101111111111111, 0.3323333333333333, 0.08233333333333333, 0.3323333333333333, 0.1101111111111111, 0.08233333333333333, 0.3323333333333333, 0.1101111111111111, 0.499, 0.08233333333333333, 0.3323333333333333, 0.1101111111111111, 0.51, 0.34, 0.79, 0.68, 0.18, 0.68, 0.23, 0.26, 0.01, 0.34, 0.51, 0.08233333333333333, 0.3323333333333333, 0.1101111111111111, 0.68, 0.01, 0.45, 0.68, 0.08233333333333333, 0.3323333333333333, 0.1101111111111111, 0.43, 0.68, 0.68, 0.51, 0.08233333333333333, 0.3323333333333333, 0.1101111111111111, 0.34, 0.01, 0.9]",[62019.0],0.8403666481375694
908,"[0.08233333333333333, 0.3323333333333333, 0.1101111111111111, 0.08233333333333333, 0.3323333333333333, 0.1101111111111111, 0.3323333333333333, 0.08233333333333333, 0.3323333333333333, 0.1101111111111111, 0.08233333333333333, 0.3323333333333333, 0.1101111111111111, 0.499, 0.08233333333333333, 0.3323333333333333, 0.1101111111111111, 0.08233333333333333, 0.3323333333333333, 0.1101111111111111, 0.3323333333333333, 0.08233333333333333, 0.3323333333333333, 0.1101111111111111, 0.08233333333333333, 0.3323333333333333, 0.1101111111111111, 0.499, 0.18, 0.01, 0.01, 0.84, 0.01, 0.34, 0.68, 0.08233333333333333, 0.3323333333333333, 0.1101111111111111, 0.59, 0.34, 0.57, 0.51, 0.08233333333333333, 0.3323333333333333, 0.1101111111111111, 0.34, 0.68, 0.01, 0.68, 0.09, 0.68, 0.12, 0.09, 0.68, 0.57, 0.51, 0.26, 0.01, 0.9, 0.09, 0.68, 0.12]",[401154.0],0.8005527893702189
909,"[0.08233333333333333, 0.3323333333333333, 0.1101111111111111, 0.08233333333333333, 0.3323333333333333, 0.1101111111111111, 0.3323333333333333, 0.08233333333333333, 0.3323333333333333, 0.1101111111111111, 0.08233333333333333, 0.3323333333333333, 0.1101111111111111, 0.499, 0.08233333333333333, 0.3323333333333333, 0.1101111111111111, 0.08233333333333333, 0.3323333333333333, 0.1101111111111111, 0.3323333333333333, 0.08233333333333333, 0.3323333333333333, 0.1101111111111111, 0.08233333333333333, 0.3323333333333333, 0.1101111111111111, 0.499, 0.34, 0.34, 0.01, 0.68, 0.34, 0.34, 0.68, 0.08233333333333333, 0.3323333333333333, 0.1101111111111111, 0.59, 0.34, 0.57, 0.51, 0.09, 0.68, 0.23, 0.51, 0.01, 0.45, 0.68, 0.43, 0.68, 0.68, 0.51, 0.34, 0.12, 0.51, 0.08233333333333333, 0.3323333333333333, 0.1101111111111111, 0.68, 0.34, 0.68]",[211668.0],0.8619807928800582
910,"[0.08233333333333333, 0.3323333333333333, 0.1101111111111111, 0.08233333333333333, 0.3323333333333333, 0.1101111111111111, 0.3323333333333333, 0.08233333333333333, 0.3323333333333333, 0.1101111111111111, 0.08233333333333333, 0.3323333333333333, 0.1101111111111111, 0.499, 0.08233333333333333, 0.3323333333333333, 0.1101111111111111, 0.08233333333333333, 0.3323333333333333, 0.1101111111111111, 0.3323333333333333, 0.08233333333333333, 0.3323333333333333, 0.1101111111111111, 0.08233333333333333, 0.3323333333333333, 0.1101111111111111, 0.499, 0.08233333333333333, 0.3323333333333333, 0.1101111111111111, 0.43, 0.01, 0.23, 0.68, 0.84, 0.01, 0.01, 0.09, 0.68, 0.12, 0.01, 0.08233333333333333, 0.3323333333333333, 0.1101111111111111, 0.76, 0.01, 0.45, 0.68, 0.08233333333333333, 0.3323333333333333, 0.1101111111111111, 0.26, 0.68, 0.68, 0.01, 0.34, 0.34, 0.9, 0.68, 0.01, 0.9]",[119757.0],0.8156403099497159
911,"[0.08233333333333333, 0.3323333333333333, 0.1101111111111111, 0.08233333333333333, 0.3323333333333333, 0.1101111111111111, 0.3323333333333333, 0.08233333333333333, 0.3323333333333333, 0.1101111111111111, 0.08233333333333333, 0.3323333333333333, 0.1101111111111111, 0.499, 0.08233333333333333, 0.3323333333333333, 0.1101111111111111, 0.08233333333333333, 0.3323333333333333, 0.1101111111111111, 0.3323333333333333, 0.08233333333333333, 0.3323333333333333, 0.1101111111111111, 0.08233333333333333, 0.3323333333333333, 0.1101111111111111, 0.499, 0.59, 0.34, 0.79, 0.59, 0.34, 0.12, 0.68, 0.08233333333333333, 0.3323333333333333, 0.1101111111111111, 0.18, 0.01, 0.45, 0.51, 0.08233333333333333, 0.3323333333333333, 0.1101111111111111, 0.59, 0.01, 0.34, 0.34, 0.43, 0.34, 0.45, 0.76, 0.34, 0.01, 0.51, 0.08233333333333333, 0.3323333333333333, 0.1101111111111111, 0.68, 0.68, 0.79]",[468985.0],0.9346937914689382
912,"[0.08233333333333333, 0.3323333333333333, 0.1101111111111111, 0.08233333333333333, 0.3323333333333333, 0.1101111111111111, 0.3323333333333333, 0.08233333333333333, 0.3323333333333333, 0.1101111111111111, 0.08233333333333333, 0.3323333333333333, 0.1101111111111111, 0.499, 0.08233333333333333, 0.3323333333333333, 0.1101111111111111, 0.08233333333333333, 0.3323333333333333, 0.1101111111111111, 0.3323333333333333, 0.08233333333333333, 0.3323333333333333, 0.1101111111111111, 0.08233333333333333, 0.3323333333333333, 0.1101111111111111, 0.499, 0.08233333333333333, 0.3323333333333333, 0.1101111111111111, 0.84, 0.68, 0.57, 0.34, 0.59, 0.68, 0.01, 0.76, 0.01, 0.68, 0.51, 0.08233333333333333, 0.3323333333333333, 0.1101111111111111, 0.43, 0.34, 0.9, 0.34, 0.08233333333333333, 0.3323333333333333, 0.1101111111111111, 0.34, 0.34, 0.9, 0.51, 0.08233333333333333, 0.3323333333333333, 0.1101111111111111, 0.76, 0.01, 0.9]",[1103501.0],0.8758688554167747
913,"[0.08233333333333333, 0.3323333333333333, 0.1101111111111111, 0.43, 0.01, 0.34, 0.34, 0.08233333333333333, 0.3323333333333333, 0.1101111111111111, 0.68, 0.68, 0.68, 0.01, 0.08233333333333333, 0.3323333333333333, 0.1101111111111111, 0.18, 0.01, 0.68, 0.34, 0.68, 0.68, 0.45, 0.84, 0.34, 0.9, 0.51, 0.84, 0.34, 0.57, 0.43, 0.01, 0.23, 0.34, 0.08233333333333333, 0.3323333333333333, 0.1101111111111111, 0.51, 0.01, 0.45, 0.51, 0.08233333333333333, 0.3323333333333333, 0.1101111111111111, 0.09, 0.68, 0.45, 0.68, 0.26, 0.34, 0.79, 0.09, 0.01, 0.45, 0.01, 0.08233333333333333, 0.3323333333333333, 0.1101111111111111, 0.34, 0.01, 0.45]",[3360186.0],0.8985507612427076
914,"[0.08233333333333333, 0.3323333333333333, 0.1101111111111111, 0.08233333333333333, 0.3323333333333333, 0.1101111111111111, 0.3323333333333333, 0.08233333333333333, 0.3323333333333333, 0.1101111111111111, 0.08233333333333333, 0.3323333333333333, 0.1101111111111111, 0.499, 0.08233333333333333, 0.3323333333333333, 0.1101111111111111, 0.08233333333333333, 0.3323333333333333, 0.1101111111111111, 0.3323333333333333, 0.08233333333333333, 0.3323333333333333, 0.1101111111111111, 0.08233333333333333, 0.3323333333333333, 0.1101111111111111, 0.499, 0.34, 0.34, 0.45, 0.76, 0.01, 0.9, 0.34, 0.08233333333333333, 0.3323333333333333, 0.1101111111111111, 0.26, 0.68, 0.45, 0.51, 0.08233333333333333, 0.3323333333333333, 0.1101111111111111, 0.18, 0.01, 0.68, 0.68, 0.08233333333333333, 0.3323333333333333, 0.1101111111111111, 0.93, 0.68, 0.12, 0.51, 0.08233333333333333, 0.3323333333333333, 0.1101111111111111, 0.34, 0.34, 0.01]",[2335027.0],0.8884370535612106
915,"[0.08233333333333333, 0.3323333333333333, 0.1101111111111111, 0.08233333333333333, 0.3323333333333333, 0.1101111111111111, 0.3323333333333333, 0.08233333333333333, 0.3323333333333333, 0.1101111111111111, 0.08233333333333333, 0.3323333333333333, 0.1101111111111111, 0.499, 0.08233333333333333, 0.3323333333333333, 0.1101111111111111, 0.08233333333333333, 0.3323333333333333, 0.1101111111111111, 0.3323333333333333, 0.08233333333333333, 0.3323333333333333, 0.1101111111111111, 0.08233333333333333, 0.3323333333333333, 0.1101111111111111, 0.499, 0.08233333333333333, 0.3323333333333333, 0.1101111111111111, 0.26, 0.68, 0.23, 0.34, 0.08233333333333333, 0.3323333333333333, 0.1101111111111111, 0.84, 0.68, 0.79, 0.51, 0.08233333333333333, 0.3323333333333333, 0.1101111111111111, 0.59, 0.68, 0.34, 0.34, 0.51, 0.68, 0.9, 0.18, 0.01, 0.57, 0.01, 0.08233333333333333, 0.3323333333333333, 0.1101111111111111, 0.18, 0.01, 0.45]",[74880.0],0.8344157909353574
916,"[0.34, 0.01, 0.68, 0.09, 0.34, 0.01, 0.34, 0.93, 0.34, 0.01, 0.09, 0.34, 0.57, 0.01, 0.08233333333333333, 0.3323333333333333, 0.1101111111111111, 0.34, 0.68, 0.01, 0.34, 0.08233333333333333, 0.3323333333333333, 0.1101111111111111, 0.34, 0.01, 0.9, 0.51, 0.43, 0.34, 0.9, 0.76, 0.34, 0.23, 0.34, 0.08233333333333333, 0.3323333333333333, 0.1101111111111111, 0.34, 0.34, 0.34, 0.51, 0.08233333333333333, 0.3323333333333333, 0.1101111111111111, 0.76, 0.34, 0.12, 0.34, 0.08233333333333333, 0.3323333333333333, 0.1101111111111111, 0.26, 0.34, 0.79, 0.51, 0.68, 0.01, 0.79, 0.26, 0.68, 0.9]",[790240.0],0.9306023433804512
917,"[0.08233333333333333, 0.3323333333333333, 0.1101111111111111, 0.59, 0.01, 0.57, 0.34, 0.09, 0.34, 0.9, 0.26, 0.01, 0.01, 0.51, 0.08233333333333333, 0.3323333333333333, 0.1101111111111111, 0.26, 0.34, 0.45, 0.34, 0.34, 0.01, 0.01, 0.93, 0.68, 0.01, 0.51, 0.51, 0.68, 0.68, 0.26, 0.34, 0.23, 0.68, 0.08233333333333333, 0.3323333333333333, 0.1101111111111111, 0.84, 0.68, 0.79, 0.51, 0.43, 0.01, 0.79, 0.18, 0.01, 0.57, 0.68, 0.84, 0.01, 0.01, 0.76, 0.01, 0.9, 0.51, 0.26, 0.34, 0.12, 0.51, 0.34, 0.9]",[4813026.0],0.3223140478134155
918,"[0.08233333333333333, 0.3323333333333333, 0.1101111111111111, 0.08233333333333333, 0.3323333333333333, 0.1101111111111111, 0.3323333333333333, 0.08233333333333333, 0.3323333333333333, 0.1101111111111111, 0.08233333333333333, 0.3323333333333333, 0.1101111111111111, 0.499, 0.08233333333333333, 0.3323333333333333, 0.1101111111111111, 0.76, 0.01, 0.9, 0.68, 0.08233333333333333, 0.3323333333333333, 0.1101111111111111, 0.51, 0.01, 0.12, 0.01, 0.08233333333333333, 0.3323333333333333, 0.1101111111111111, 0.34, 0.34, 0.57, 0.34, 0.08233333333333333, 0.3323333333333333, 0.1101111111111111, 0.18, 0.68, 0.9, 0.01, 0.08233333333333333, 0.3323333333333333, 0.1101111111111111, 0.68, 0.01, 0.57, 0.68, 0.68, 0.68, 0.01, 0.43, 0.34, 0.45, 0.01, 0.08233333333333333, 0.3323333333333333, 0.1101111111111111, 0.93, 0.68, 0.34]",[10794321.0],0.9004926110307375
919,"[0.08233333333333333, 0.3323333333333333, 0.1101111111111111, 0.08233333333333333, 0.3323333333333333, 0.1101111111111111, 0.3323333333333333, 0.08233333333333333, 0.3323333333333333, 0.1101111111111111, 0.08233333333333333, 0.3323333333333333, 0.1101111111111111, 0.499, 0.08233333333333333, 0.3323333333333333, 0.1101111111111111, 0.08233333333333333, 0.3323333333333333, 0.1101111111111111, 0.3323333333333333, 0.08233333333333333, 0.3323333333333333, 0.1101111111111111, 0.08233333333333333, 0.3323333333333333, 0.1101111111111111, 0.499, 0.08233333333333333, 0.3323333333333333, 0.1101111111111111, 0.26, 0.68, 0.68, 0.34, 0.34, 0.34, 0.01, 0.09, 0.34, 0.23, 0.51, 0.09, 0.01, 0.68, 0.09, 0.01, 0.34, 0.68, 0.08233333333333333, 0.3323333333333333, 0.1101111111111111, 0.26, 0.34, 0.23, 0.01, 0.08233333333333333, 0.3323333333333333, 0.1101111111111111, 0.59, 0.68, 0.79]",[21446.0],0.778709077835083
920,"[0.08233333333333333, 0.3323333333333333, 0.1101111111111111, 0.68, 0.68, 0.9, 0.68, 0.08233333333333333, 0.3323333333333333, 0.1101111111111111, 0.09, 0.01, 0.12, 0.51, 0.08233333333333333, 0.3323333333333333, 0.1101111111111111, 0.51, 0.01, 0.23, 0.34, 0.08233333333333333, 0.3323333333333333, 0.1101111111111111, 0.18, 0.34, 0.01, 0.51, 0.08233333333333333, 0.3323333333333333, 0.1101111111111111, 0.84, 0.68, 0.68, 0.34, 0.08233333333333333, 0.3323333333333333, 0.1101111111111111, 0.09, 0.68, 0.79, 0.01, 0.51, 0.34, 0.12, 0.76, 0.68, 0.12, 0.34, 0.76, 0.34, 0.23, 0.26, 0.68, 0.79, 0.51, 0.08233333333333333, 0.3323333333333333, 0.1101111111111111, 0.34, 0.34, 0.34]",[1423359.0],0.9452174956599873
921,"[0.08233333333333333, 0.3323333333333333, 0.1101111111111111, 0.08233333333333333, 0.3323333333333333, 0.1101111111111111, 0.3323333333333333, 0.08233333333333333, 0.3323333333333333, 0.1101111111111111, 0.08233333333333333, 0.3323333333333333, 0.1101111111111111, 0.499, 0.08233333333333333, 0.3323333333333333, 0.1101111111111111, 0.08233333333333333, 0.3323333333333333, 0.1101111111111111, 0.3323333333333333, 0.08233333333333333, 0.3323333333333333, 0.1101111111111111, 0.08233333333333333, 0.3323333333333333, 0.1101111111111111, 0.499, 0.68, 0.68, 0.23, 0.84, 0.01, 0.45, 0.68, 0.08233333333333333, 0.3323333333333333, 0.1101111111111111, 0.34, 0.68, 0.9, 0.51, 0.26, 0.34, 0.01, 0.68, 0.68, 0.68, 0.68, 0.08233333333333333, 0.3323333333333333, 0.1101111111111111, 0.68, 0.34, 0.57, 0.51, 0.08233333333333333, 0.3323333333333333, 0.1101111111111111, 0.84, 0.68, 0.45]",[2863981.0],0.9002408688267072
922,"[0.84, 0.68, 0.57, 0.76, 0.68, 0.12, 0.68, 0.68, 0.34, 0.9, 0.09, 0.34, 0.12, 0.01, 0.93, 0.01, 0.34, 0.68, 0.34, 0.57, 0.34, 0.08233333333333333, 0.3323333333333333, 0.1101111111111111, 0.09, 0.01, 0.57, 0.01, 0.18, 0.01, 0.45, 0.84, 0.34, 0.12, 0.34, 0.08233333333333333, 0.3323333333333333, 0.1101111111111111, 0.18, 0.68, 0.57, 0.01, 0.84, 0.34, 0.68, 0.68, 0.01, 0.57, 0.34, 0.08233333333333333, 0.3323333333333333, 0.1101111111111111, 0.84, 0.01, 0.23, 0.01, 0.08233333333333333, 0.3323333333333333, 0.1101111111111111, 0.84, 0.68, 0.45]",[11230637.0],0.9261125753323236
923,"[0.08233333333333333, 0.3323333333333333, 0.1101111111111111, 0.08233333333333333, 0.3323333333333333, 0.1101111111111111, 0.3323333333333333, 0.08233333333333333, 0.3323333333333333, 0.1101111111111111, 0.08233333333333333, 0.3323333333333333, 0.1101111111111111, 0.499, 0.08233333333333333, 0.3323333333333333, 0.1101111111111111, 0.08233333333333333, 0.3323333333333333, 0.1101111111111111, 0.3323333333333333, 0.08233333333333333, 0.3323333333333333, 0.1101111111111111, 0.08233333333333333, 0.3323333333333333, 0.1101111111111111, 0.499, 0.08233333333333333, 0.3323333333333333, 0.1101111111111111, 0.51, 0.68, 0.23, 0.34, 0.08233333333333333, 0.3323333333333333, 0.1101111111111111, 0.51, 0.68, 0.79, 0.51, 0.18, 0.34, 0.23, 0.09, 0.68, 0.01, 0.68, 0.93, 0.34, 0.9, 0.43, 0.34, 0.34, 0.51, 0.43, 0.68, 0.79, 0.76, 0.34, 0.12]",[1544500.0],0.8776899223526319
924,"[0.08233333333333333, 0.3323333333333333, 0.1101111111111111, 0.08233333333333333, 0.3323333333333333, 0.1101111111111111, 0.3323333333333333, 0.08233333333333333, 0.3323333333333333, 0.1101111111111111, 0.08233333333333333, 0.3323333333333333, 0.1101111111111111, 0.499, 0.08233333333333333, 0.3323333333333333, 0.1101111111111111, 0.08233333333333333, 0.3323333333333333, 0.1101111111111111, 0.3323333333333333, 0.08233333333333333, 0.3323333333333333, 0.1101111111111111, 0.08233333333333333, 0.3323333333333333, 0.1101111111111111, 0.499, 0.93, 0.34, 0.01, 0.93, 0.34, 0.9, 0.34, 0.18, 0.68, 0.45, 0.26, 0.01, 0.12, 0.51, 0.68, 0.68, 0.9, 0.34, 0.34, 0.01, 0.34, 0.34, 0.68, 0.9, 0.09, 0.34, 0.23, 0.51, 0.59, 0.34, 0.9, 0.68, 0.34, 0.34]",[12934929.0],0.9474711860219638
925,"[0.08233333333333333, 0.3323333333333333, 0.1101111111111111, 0.08233333333333333, 0.3323333333333333, 0.1101111111111111, 0.3323333333333333, 0.08233333333333333, 0.3323333333333333, 0.1101111111111111, 0.08233333333333333, 0.3323333333333333, 0.1101111111111111, 0.499, 0.08233333333333333, 0.3323333333333333, 0.1101111111111111, 0.08233333333333333, 0.3323333333333333, 0.1101111111111111, 0.3323333333333333, 0.08233333333333333, 0.3323333333333333, 0.1101111111111111, 0.08233333333333333, 0.3323333333333333, 0.1101111111111111, 0.499, 0.08233333333333333, 0.3323333333333333, 0.1101111111111111, 0.26, 0.68, 0.79, 0.68, 0.84, 0.01, 0.9, 0.18, 0.68, 0.68, 0.51, 0.59, 0.68, 0.57, 0.84, 0.01, 0.45, 0.68, 0.76, 0.68, 0.23, 0.76, 0.68, 0.23, 0.51, 0.26, 0.68, 0.45, 0.09, 0.68, 0.01]",[5241593.0],0.922100547949473
926,"[0.84, 0.34, 0.57, 0.51, 0.01, 0.01, 0.68, 0.51, 0.68, 0.12, 0.76, 0.68, 0.34, 0.51, 0.43, 0.68, 0.23, 0.68, 0.01, 0.9, 0.68, 0.93, 0.68, 0.01, 0.93, 0.68, 0.68, 0.51, 0.08233333333333333, 0.3323333333333333, 0.1101111111111111, 0.09, 0.34, 0.34, 0.34, 0.93, 0.01, 0.45, 0.09, 0.68, 0.01, 0.01, 0.09, 0.68, 0.34, 0.18, 0.01, 0.34, 0.34, 0.76, 0.01, 0.79, 0.76, 0.34, 0.45, 0.51, 0.59, 0.68, 0.79, 0.68, 0.68, 0.01]",[33712928.0],0.9459800650676092
927,"[0.51, 0.34, 0.01, 0.59, 0.34, 0.68, 0.68, 0.59, 0.34, 0.12, 0.26, 0.34, 0.79, 0.01, 0.08233333333333333, 0.3323333333333333, 0.1101111111111111, 0.84, 0.34, 0.23, 0.68, 0.08233333333333333, 0.3323333333333333, 0.1101111111111111, 0.59, 0.68, 0.12, 0.01, 0.84, 0.01, 0.23, 0.09, 0.34, 0.12, 0.34, 0.59, 0.68, 0.01, 0.68, 0.01, 0.57, 0.51, 0.68, 0.01, 0.34, 0.34, 0.34, 0.23, 0.68, 0.08233333333333333, 0.3323333333333333, 0.1101111111111111, 0.26, 0.34, 0.12, 0.51, 0.08233333333333333, 0.3323333333333333, 0.1101111111111111, 0.68, 0.34, 0.79]",[979194.0],0.9135173052549362
928,"[0.08233333333333333, 0.3323333333333333, 0.1101111111111111, 0.08233333333333333, 0.3323333333333333, 0.1101111111111111, 0.3323333333333333, 0.08233333333333333, 0.3323333333333333, 0.1101111111111111, 0.08233333333333333, 0.3323333333333333, 0.1101111111111111, 0.499, 0.08233333333333333, 0.3323333333333333, 0.1101111111111111, 0.08233333333333333, 0.3323333333333333, 0.1101111111111111, 0.3323333333333333, 0.08233333333333333, 0.3323333333333333, 0.1101111111111111, 0.08233333333333333, 0.3323333333333333, 0.1101111111111111, 0.499, 0.08233333333333333, 0.3323333333333333, 0.1101111111111111, 0.93, 0.34, 0.23, 0.68, 0.08233333333333333, 0.3323333333333333, 0.1101111111111111, 0.43, 0.68, 0.45, 0.51, 0.08233333333333333, 0.3323333333333333, 0.1101111111111111, 0.68, 0.34, 0.12, 0.68, 0.08233333333333333, 0.3323333333333333, 0.1101111111111111, 0.93, 0.68, 0.57, 0.01, 0.08233333333333333, 0.3323333333333333, 0.1101111111111111, 0.51, 0.68, 0.57]",[4851777.0],0.9072632893919944
929,"[0.08233333333333333, 0.3323333333333333, 0.1101111111111111, 0.08233333333333333, 0.3323333333333333, 0.1101111111111111, 0.3323333333333333, 0.08233333333333333, 0.3323333333333333, 0.1101111111111111, 0.08233333333333333, 0.3323333333333333, 0.1101111111111111, 0.499, 0.08233333333333333, 0.3323333333333333, 0.1101111111111111, 0.08233333333333333, 0.3323333333333333, 0.1101111111111111, 0.3323333333333333, 0.08233333333333333, 0.3323333333333333, 0.1101111111111111, 0.08233333333333333, 0.3323333333333333, 0.1101111111111111, 0.499, 0.08233333333333333, 0.3323333333333333, 0.1101111111111111, 0.34, 0.01, 0.79, 0.68, 0.08233333333333333, 0.3323333333333333, 0.1101111111111111, 0.09, 0.34, 0.34, 0.51, 0.08233333333333333, 0.3323333333333333, 0.1101111111111111, 0.51, 0.01, 0.57, 0.68, 0.08233333333333333, 0.3323333333333333, 0.1101111111111111, 0.68, 0.68, 0.34, 0.01, 0.93, 0.68, 0.12, 0.26, 0.01, 0.45]",[873517.0],0.8632851844032605
930,"[0.08233333333333333, 0.3323333333333333, 0.1101111111111111, 0.08233333333333333, 0.3323333333333333, 0.1101111111111111, 0.3323333333333333, 0.08233333333333333, 0.3323333333333333, 0.1101111111111111, 0.08233333333333333, 0.3323333333333333, 0.1101111111111111, 0.499, 0.08233333333333333, 0.3323333333333333, 0.1101111111111111, 0.59, 0.68, 0.34, 0.34, 0.18, 0.01, 0.9, 0.59, 0.68, 0.01, 0.51, 0.08233333333333333, 0.3323333333333333, 0.1101111111111111, 0.68, 0.68, 0.45, 0.34, 0.08233333333333333, 0.3323333333333333, 0.1101111111111111, 0.76, 0.34, 0.68, 0.51, 0.18, 0.34, 0.68, 0.51, 0.34, 0.23, 0.68, 0.59, 0.68, 0.79, 0.26, 0.01, 0.34, 0.51, 0.68, 0.34, 0.34, 0.84, 0.01, 0.9]",[1738651.0],0.9136052588621776
931,"[0.08233333333333333, 0.3323333333333333, 0.1101111111111111, 0.08233333333333333, 0.3323333333333333, 0.1101111111111111, 0.3323333333333333, 0.08233333333333333, 0.3323333333333333, 0.1101111111111111, 0.08233333333333333, 0.3323333333333333, 0.1101111111111111, 0.499, 0.26, 0.01, 0.01, 0.43, 0.68, 0.12, 0.34, 0.08233333333333333, 0.3323333333333333, 0.1101111111111111, 0.84, 0.68, 0.68, 0.01, 0.08233333333333333, 0.3323333333333333, 0.1101111111111111, 0.84, 0.34, 0.68, 0.68, 0.08233333333333333, 0.3323333333333333, 0.1101111111111111, 0.26, 0.34, 0.23, 0.51, 0.76, 0.68, 0.34, 0.18, 0.01, 0.9, 0.34, 0.18, 0.01, 0.34, 0.51, 0.01, 0.57, 0.51, 0.68, 0.34, 0.01, 0.18, 0.34, 0.34]",[3434602.0],0.9131915807724
932,"[0.08233333333333333, 0.3323333333333333, 0.1101111111111111, 0.08233333333333333, 0.3323333333333333, 0.1101111111111111, 0.3323333333333333, 0.08233333333333333, 0.3323333333333333, 0.1101111111111111, 0.08233333333333333, 0.3323333333333333, 0.1101111111111111, 0.499, 0.34, 0.01, 0.9, 0.34, 0.34, 0.01, 0.34, 0.08233333333333333, 0.3323333333333333, 0.1101111111111111, 0.34, 0.34, 0.79, 0.51, 0.08233333333333333, 0.3323333333333333, 0.1101111111111111, 0.76, 0.01, 0.57, 0.68, 0.51, 0.34, 0.01, 0.51, 0.01, 0.68, 0.01, 0.34, 0.34, 0.57, 0.84, 0.01, 0.45, 0.34, 0.34, 0.68, 0.23, 0.59, 0.34, 0.23, 0.51, 0.93, 0.34, 0.68, 0.84, 0.34, 0.68]",[10192233.0],0.9305054808656374
933,"[0.08233333333333333, 0.3323333333333333, 0.1101111111111111, 0.08233333333333333, 0.3323333333333333, 0.1101111111111111, 0.3323333333333333, 0.08233333333333333, 0.3323333333333333, 0.1101111111111111, 0.08233333333333333, 0.3323333333333333, 0.1101111111111111, 0.499, 0.08233333333333333, 0.3323333333333333, 0.1101111111111111, 0.09, 0.68, 0.34, 0.68, 0.43, 0.34, 0.12, 0.59, 0.01, 0.34, 0.51, 0.76, 0.01, 0.9, 0.76, 0.68, 0.45, 0.34, 0.08233333333333333, 0.3323333333333333, 0.1101111111111111, 0.51, 0.68, 0.01, 0.51, 0.08233333333333333, 0.3323333333333333, 0.1101111111111111, 0.76, 0.68, 0.23, 0.68, 0.18, 0.68, 0.12, 0.18, 0.01, 0.68, 0.01, 0.84, 0.01, 0.23, 0.09, 0.01, 0.9]",[3624178.0],0.8135428542892138
934,"[0.08233333333333333, 0.3323333333333333, 0.1101111111111111, 0.08233333333333333, 0.3323333333333333, 0.1101111111111111, 0.3323333333333333, 0.08233333333333333, 0.3323333333333333, 0.1101111111111111, 0.08233333333333333, 0.3323333333333333, 0.1101111111111111, 0.499, 0.08233333333333333, 0.3323333333333333, 0.1101111111111111, 0.18, 0.01, 0.23, 0.34, 0.08233333333333333, 0.3323333333333333, 0.1101111111111111, 0.68, 0.01, 0.79, 0.51, 0.08233333333333333, 0.3323333333333333, 0.1101111111111111, 0.84, 0.68, 0.79, 0.68, 0.08233333333333333, 0.3323333333333333, 0.1101111111111111, 0.93, 0.01, 0.34, 0.01, 0.76, 0.34, 0.57, 0.84, 0.34, 0.45, 0.34, 0.93, 0.34, 0.57, 0.26, 0.34, 0.01, 0.51, 0.43, 0.68, 0.01, 0.34, 0.01, 0.68]",[9560489.0],0.910903554658095
935,"[0.08233333333333333, 0.3323333333333333, 0.1101111111111111, 0.68, 0.34, 0.57, 0.68, 0.59, 0.34, 0.57, 0.93, 0.34, 0.01, 0.51, 0.34, 0.01, 0.12, 0.09, 0.01, 0.79, 0.68, 0.08233333333333333, 0.3323333333333333, 0.1101111111111111, 0.09, 0.01, 0.79, 0.01, 0.18, 0.68, 0.57, 0.84, 0.34, 0.34, 0.68, 0.08233333333333333, 0.3323333333333333, 0.1101111111111111, 0.76, 0.68, 0.68, 0.51, 0.26, 0.01, 0.12, 0.93, 0.01, 0.34, 0.34, 0.51, 0.34, 0.23, 0.26, 0.34, 0.23, 0.51, 0.08233333333333333, 0.3323333333333333, 0.1101111111111111, 0.76, 0.34, 0.12]",[7070718.0],0.907925474147002
936,"[0.93, 0.01, 0.68, 0.51, 0.01, 0.23, 0.34, 0.26, 0.68, 0.23, 0.68, 0.34, 0.79, 0.51, 0.08233333333333333, 0.3323333333333333, 0.1101111111111111, 0.51, 0.34, 0.23, 0.68, 0.43, 0.01, 0.9, 0.18, 0.68, 0.23, 0.51, 0.26, 0.68, 0.57, 0.84, 0.34, 0.45, 0.68, 0.18, 0.34, 0.57, 0.68, 0.34, 0.79, 0.01, 0.08233333333333333, 0.3323333333333333, 0.1101111111111111, 0.51, 0.01, 0.68, 0.34, 0.51, 0.01, 0.01, 0.59, 0.34, 0.01, 0.01, 0.08233333333333333, 0.3323333333333333, 0.1101111111111111, 0.59, 0.01, 0.79]",[191394.0],0.9249028787016867
937,"[0.08233333333333333, 0.3323333333333333, 0.1101111111111111, 0.08233333333333333, 0.3323333333333333, 0.1101111111111111, 0.3323333333333333, 0.08233333333333333, 0.3323333333333333, 0.1101111111111111, 0.08233333333333333, 0.3323333333333333, 0.1101111111111111, 0.499, 0.34, 0.34, 0.45, 0.84, 0.34, 0.79, 0.68, 0.08233333333333333, 0.3323333333333333, 0.1101111111111111, 0.59, 0.68, 0.68, 0.51, 0.68, 0.68, 0.34, 0.84, 0.34, 0.9, 0.68, 0.08233333333333333, 0.3323333333333333, 0.1101111111111111, 0.68, 0.68, 0.34, 0.01, 0.08233333333333333, 0.3323333333333333, 0.1101111111111111, 0.51, 0.34, 0.01, 0.68, 0.93, 0.01, 0.79, 0.76, 0.01, 0.68, 0.01, 0.93, 0.34, 0.34, 0.34, 0.01, 0.57]",[5033649.0],0.9420471792419752
938,"[0.84, 0.01, 0.68, 0.26, 0.34, 0.79, 0.34, 0.08233333333333333, 0.3323333333333333, 0.1101111111111111, 0.84, 0.34, 0.01, 0.51, 0.08233333333333333, 0.3323333333333333, 0.1101111111111111, 0.59, 0.34, 0.34, 0.34, 0.08233333333333333, 0.3323333333333333, 0.1101111111111111, 0.18, 0.01, 0.45, 0.01, 0.26, 0.01, 0.9, 0.76, 0.68, 0.12, 0.68, 0.08233333333333333, 0.3323333333333333, 0.1101111111111111, 0.51, 0.68, 0.34, 0.01, 0.08233333333333333, 0.3323333333333333, 0.1101111111111111, 0.43, 0.34, 0.23, 0.68, 0.51, 0.68, 0.34, 0.93, 0.68, 0.57, 0.51, 0.08233333333333333, 0.3323333333333333, 0.1101111111111111, 0.18, 0.34, 0.9]",[5967751.0],0.9406915778915088
939,"[0.08233333333333333, 0.3323333333333333, 0.1101111111111111, 0.08233333333333333, 0.3323333333333333, 0.1101111111111111, 0.3323333333333333, 0.08233333333333333, 0.3323333333333333, 0.1101111111111111, 0.08233333333333333, 0.3323333333333333, 0.1101111111111111, 0.499, 0.08233333333333333, 0.3323333333333333, 0.1101111111111111, 0.93, 0.68, 0.79, 0.68, 0.08233333333333333, 0.3323333333333333, 0.1101111111111111, 0.09, 0.01, 0.45, 0.01, 0.26, 0.68, 0.68, 0.68, 0.01, 0.79, 0.68, 0.68, 0.68, 0.01, 0.59, 0.68, 0.23, 0.01, 0.08233333333333333, 0.3323333333333333, 0.1101111111111111, 0.18, 0.68, 0.12, 0.34, 0.08233333333333333, 0.3323333333333333, 0.1101111111111111, 0.59, 0.68, 0.57, 0.51, 0.09, 0.34, 0.57, 0.84, 0.68, 0.45]",[1584620.0],0.8853151753544808
940,"[0.08233333333333333, 0.3323333333333333, 0.1101111111111111, 0.08233333333333333, 0.3323333333333333, 0.1101111111111111, 0.3323333333333333, 0.08233333333333333, 0.3323333333333333, 0.1101111111111111, 0.08233333333333333, 0.3323333333333333, 0.1101111111111111, 0.499, 0.08233333333333333, 0.3323333333333333, 0.1101111111111111, 0.76, 0.68, 0.79, 0.34, 0.43, 0.68, 0.12, 0.26, 0.01, 0.45, 0.01, 0.18, 0.01, 0.45, 0.59, 0.34, 0.34, 0.68, 0.08233333333333333, 0.3323333333333333, 0.1101111111111111, 0.59, 0.01, 0.57, 0.01, 0.34, 0.01, 0.34, 0.93, 0.68, 0.23, 0.68, 0.08233333333333333, 0.3323333333333333, 0.1101111111111111, 0.84, 0.34, 0.45, 0.01, 0.68, 0.68, 0.12, 0.09, 0.01, 0.23]",[4637927.0],0.8993468582630157
941,"[0.08233333333333333, 0.3323333333333333, 0.1101111111111111, 0.08233333333333333, 0.3323333333333333, 0.1101111111111111, 0.3323333333333333, 0.08233333333333333, 0.3323333333333333, 0.1101111111111111, 0.08233333333333333, 0.3323333333333333, 0.1101111111111111, 0.499, 0.08233333333333333, 0.3323333333333333, 0.1101111111111111, 0.09, 0.68, 0.9, 0.34, 0.08233333333333333, 0.3323333333333333, 0.1101111111111111, 0.43, 0.68, 0.34, 0.01, 0.76, 0.01, 0.57, 0.18, 0.01, 0.34, 0.34, 0.08233333333333333, 0.3323333333333333, 0.1101111111111111, 0.59, 0.01, 0.79, 0.51, 0.08233333333333333, 0.3323333333333333, 0.1101111111111111, 0.34, 0.34, 0.01, 0.34, 0.26, 0.34, 0.79, 0.59, 0.68, 0.68, 0.01, 0.26, 0.01, 0.45, 0.18, 0.34, 0.01]",[61309.0],0.3172167633970578
942,"[0.08233333333333333, 0.3323333333333333, 0.1101111111111111, 0.08233333333333333, 0.3323333333333333, 0.1101111111111111, 0.3323333333333333, 0.08233333333333333, 0.3323333333333333, 0.1101111111111111, 0.08233333333333333, 0.3323333333333333, 0.1101111111111111, 0.499, 0.08233333333333333, 0.3323333333333333, 0.1101111111111111, 0.08233333333333333, 0.3323333333333333, 0.1101111111111111, 0.3323333333333333, 0.08233333333333333, 0.3323333333333333, 0.1101111111111111, 0.08233333333333333, 0.3323333333333333, 0.1101111111111111, 0.499, 0.26, 0.34, 0.34, 0.18, 0.34, 0.68, 0.34, 0.51, 0.34, 0.68, 0.76, 0.68, 0.68, 0.51, 0.08233333333333333, 0.3323333333333333, 0.1101111111111111, 0.93, 0.34, 0.68, 0.68, 0.09, 0.34, 0.23, 0.76, 0.34, 0.57, 0.01, 0.59, 0.68, 0.34, 0.93, 0.68, 0.68]",[7883946.0],0.8928091724713644
943,"[0.08233333333333333, 0.3323333333333333, 0.1101111111111111, 0.08233333333333333, 0.3323333333333333, 0.1101111111111111, 0.3323333333333333, 0.08233333333333333, 0.3323333333333333, 0.1101111111111111, 0.08233333333333333, 0.3323333333333333, 0.1101111111111111, 0.499, 0.09, 0.01, 0.79, 0.59, 0.68, 0.12, 0.68, 0.08233333333333333, 0.3323333333333333, 0.1101111111111111, 0.93, 0.01, 0.79, 0.51, 0.08233333333333333, 0.3323333333333333, 0.1101111111111111, 0.43, 0.68, 0.9, 0.68, 0.08233333333333333, 0.3323333333333333, 0.1101111111111111, 0.93, 0.34, 0.9, 0.51, 0.18, 0.01, 0.57, 0.34, 0.34, 0.68, 0.34, 0.08233333333333333, 0.3323333333333333, 0.1101111111111111, 0.76, 0.68, 0.34, 0.01, 0.08233333333333333, 0.3323333333333333, 0.1101111111111111, 0.43, 0.01, 0.23]",[4284997.0],0.889753074447314
944,"[0.08233333333333333, 0.3323333333333333, 0.1101111111111111, 0.08233333333333333, 0.3323333333333333, 0.1101111111111111, 0.3323333333333333, 0.08233333333333333, 0.3323333333333333, 0.1101111111111111, 0.08233333333333333, 0.3323333333333333, 0.1101111111111111, 0.499, 0.93, 0.34, 0.23, 0.59, 0.01, 0.12, 0.68, 0.68, 0.34, 0.23, 0.59, 0.01, 0.9, 0.51, 0.59, 0.34, 0.01, 0.34, 0.01, 0.79, 0.68, 0.08233333333333333, 0.3323333333333333, 0.1101111111111111, 0.26, 0.01, 0.79, 0.51, 0.09, 0.68, 0.34, 0.18, 0.34, 0.68, 0.34, 0.34, 0.68, 0.57, 0.18, 0.01, 0.79, 0.51, 0.09, 0.34, 0.23, 0.09, 0.68, 0.57]",[219923.0],0.3189801747600237
945,"[0.08233333333333333, 0.3323333333333333, 0.1101111111111111, 0.08233333333333333, 0.3323333333333333, 0.1101111111111111, 0.3323333333333333, 0.08233333333333333, 0.3323333333333333, 0.1101111111111111, 0.08233333333333333, 0.3323333333333333, 0.1101111111111111, 0.499, 0.08233333333333333, 0.3323333333333333, 0.1101111111111111, 0.08233333333333333, 0.3323333333333333, 0.1101111111111111, 0.3323333333333333, 0.08233333333333333, 0.3323333333333333, 0.1101111111111111, 0.08233333333333333, 0.3323333333333333, 0.1101111111111111, 0.499, 0.93, 0.34, 0.34, 0.84, 0.34, 0.23, 0.68, 0.08233333333333333, 0.3323333333333333, 0.1101111111111111, 0.34, 0.68, 0.57, 0.51, 0.84, 0.34, 0.34, 0.18, 0.68, 0.57, 0.68, 0.09, 0.34, 0.9, 0.09, 0.01, 0.01, 0.51, 0.08233333333333333, 0.3323333333333333, 0.1101111111111111, 0.34, 0.34, 0.68]",[7240285.0],0.7681773314873378
946,"[0.08233333333333333, 0.3323333333333333, 0.1101111111111111, 0.08233333333333333, 0.3323333333333333, 0.1101111111111111, 0.3323333333333333, 0.08233333333333333, 0.3323333333333333, 0.1101111111111111, 0.08233333333333333, 0.3323333333333333, 0.1101111111111111, 0.499, 0.26, 0.01, 0.57, 0.43, 0.68, 0.9, 0.68, 0.93, 0.34, 0.45, 0.51, 0.68, 0.12, 0.51, 0.68, 0.01, 0.57, 0.84, 0.68, 0.9, 0.34, 0.08233333333333333, 0.3323333333333333, 0.1101111111111111, 0.18, 0.68, 0.79, 0.01, 0.26, 0.34, 0.45, 0.93, 0.34, 0.34, 0.68, 0.08233333333333333, 0.3323333333333333, 0.1101111111111111, 0.68, 0.34, 0.01, 0.51, 0.34, 0.34, 0.57, 0.51, 0.34, 0.23]",[4030252.0],0.9487395773331324
947,"[0.08233333333333333, 0.3323333333333333, 0.1101111111111111, 0.08233333333333333, 0.3323333333333333, 0.1101111111111111, 0.3323333333333333, 0.08233333333333333, 0.3323333333333333, 0.1101111111111111, 0.08233333333333333, 0.3323333333333333, 0.1101111111111111, 0.499, 0.59, 0.01, 0.01, 0.51, 0.34, 0.12, 0.68, 0.76, 0.68, 0.23, 0.43, 0.68, 0.68, 0.01, 0.84, 0.34, 0.01, 0.51, 0.34, 0.79, 0.34, 0.08233333333333333, 0.3323333333333333, 0.1101111111111111, 0.09, 0.34, 0.45, 0.51, 0.18, 0.01, 0.34, 0.51, 0.01, 0.01, 0.34, 0.08233333333333333, 0.3323333333333333, 0.1101111111111111, 0.51, 0.34, 0.34, 0.51, 0.09, 0.01, 0.01, 0.76, 0.01, 0.79]",[606258.0],0.9162393753727276
948,"[0.08233333333333333, 0.3323333333333333, 0.1101111111111111, 0.08233333333333333, 0.3323333333333333, 0.1101111111111111, 0.3323333333333333, 0.08233333333333333, 0.3323333333333333, 0.1101111111111111, 0.08233333333333333, 0.3323333333333333, 0.1101111111111111, 0.499, 0.51, 0.68, 0.12, 0.09, 0.34, 0.79, 0.34, 0.08233333333333333, 0.3323333333333333, 0.1101111111111111, 0.68, 0.34, 0.01, 0.51, 0.68, 0.34, 0.01, 0.76, 0.01, 0.79, 0.34, 0.84, 0.01, 0.45, 0.59, 0.01, 0.45, 0.51, 0.08233333333333333, 0.3323333333333333, 0.1101111111111111, 0.59, 0.01, 0.57, 0.68, 0.18, 0.34, 0.79, 0.68, 0.68, 0.12, 0.01, 0.26, 0.34, 0.01, 0.43, 0.34, 0.12]",[343414.0],0.9125861336787542
949,"[0.08233333333333333, 0.3323333333333333, 0.1101111111111111, 0.08233333333333333, 0.3323333333333333, 0.1101111111111111, 0.3323333333333333, 0.08233333333333333, 0.3323333333333333, 0.1101111111111111, 0.08233333333333333, 0.3323333333333333, 0.1101111111111111, 0.499, 0.08233333333333333, 0.3323333333333333, 0.1101111111111111, 0.84, 0.68, 0.79, 0.34, 0.76, 0.68, 0.34, 0.93, 0.01, 0.79, 0.01, 0.59, 0.01, 0.68, 0.26, 0.68, 0.01, 0.68, 0.18, 0.34, 0.34, 0.34, 0.68, 0.34, 0.01, 0.09, 0.01, 0.57, 0.34, 0.68, 0.79, 0.34, 0.08233333333333333, 0.3323333333333333, 0.1101111111111111, 0.34, 0.68, 0.9, 0.01, 0.59, 0.34, 0.23, 0.68, 0.01, 0.45]",[503514.0],0.9001870224873225
950,"[0.08233333333333333, 0.3323333333333333, 0.1101111111111111, 0.08233333333333333, 0.3323333333333333, 0.1101111111111111, 0.3323333333333333, 0.08233333333333333, 0.3323333333333333, 0.1101111111111111, 0.08233333333333333, 0.3323333333333333, 0.1101111111111111, 0.499, 0.84, 0.68, 0.45, 0.09, 0.01, 0.23, 0.68, 0.08233333333333333, 0.3323333333333333, 0.1101111111111111, 0.34, 0.01, 0.68, 0.51, 0.84, 0.68, 0.45, 0.09, 0.01, 0.45, 0.68, 0.08233333333333333, 0.3323333333333333, 0.1101111111111111, 0.34, 0.68, 0.9, 0.01, 0.08233333333333333, 0.3323333333333333, 0.1101111111111111, 0.09, 0.68, 0.79, 0.68, 0.08233333333333333, 0.3323333333333333, 0.1101111111111111, 0.26, 0.68, 0.57, 0.51, 0.08233333333333333, 0.3323333333333333, 0.1101111111111111, 0.09, 0.01, 0.12]",[56648.0],0.8160009567936262
951,"[0.08233333333333333, 0.3323333333333333, 0.1101111111111111, 0.08233333333333333, 0.3323333333333333, 0.1101111111111111, 0.3323333333333333, 0.08233333333333333, 0.3323333333333333, 0.1101111111111111, 0.08233333333333333, 0.3323333333333333, 0.1101111111111111, 0.499, 0.84, 0.01, 0.79, 0.43, 0.34, 0.01, 0.34, 0.68, 0.34, 0.45, 0.93, 0.68, 0.23, 0.01, 0.08233333333333333, 0.3323333333333333, 0.1101111111111111, 0.76, 0.68, 0.68, 0.34, 0.09, 0.01, 0.23, 0.59, 0.34, 0.57, 0.51, 0.08233333333333333, 0.3323333333333333, 0.1101111111111111, 0.68, 0.01, 0.34, 0.68, 0.08233333333333333, 0.3323333333333333, 0.1101111111111111, 0.59, 0.34, 0.23, 0.51, 0.51, 0.01, 0.9, 0.59, 0.68, 0.12]",[3750068.0],0.3181136672695477
952,"[0.08233333333333333, 0.3323333333333333, 0.1101111111111111, 0.08233333333333333, 0.3323333333333333, 0.1101111111111111, 0.3323333333333333, 0.08233333333333333, 0.3323333333333333, 0.1101111111111111, 0.08233333333333333, 0.3323333333333333, 0.1101111111111111, 0.499, 0.08233333333333333, 0.3323333333333333, 0.1101111111111111, 0.08233333333333333, 0.3323333333333333, 0.1101111111111111, 0.3323333333333333, 0.08233333333333333, 0.3323333333333333, 0.1101111111111111, 0.08233333333333333, 0.3323333333333333, 0.1101111111111111, 0.499, 0.59, 0.34, 0.68, 0.68, 0.68, 0.68, 0.34, 0.18, 0.01, 0.45, 0.26, 0.01, 0.23, 0.51, 0.76, 0.34, 0.57, 0.51, 0.34, 0.45, 0.68, 0.51, 0.01, 0.23, 0.76, 0.68, 0.57, 0.51, 0.59, 0.68, 0.68, 0.84, 0.68, 0.34]",[2319903.0],0.9437576835354168
953,"[0.08233333333333333, 0.3323333333333333, 0.1101111111111111, 0.08233333333333333, 0.3323333333333333, 0.1101111111111111, 0.3323333333333333, 0.08233333333333333, 0.3323333333333333, 0.1101111111111111, 0.08233333333333333, 0.3323333333333333, 0.1101111111111111, 0.499, 0.08233333333333333, 0.3323333333333333, 0.1101111111111111, 0.26, 0.34, 0.79, 0.68, 0.08233333333333333, 0.3323333333333333, 0.1101111111111111, 0.51, 0.34, 0.79, 0.51, 0.68, 0.34, 0.57, 0.09, 0.34, 0.45, 0.34, 0.08233333333333333, 0.3323333333333333, 0.1101111111111111, 0.43, 0.34, 0.68, 0.01, 0.76, 0.01, 0.57, 0.76, 0.34, 0.45, 0.68, 0.26, 0.01, 0.68, 0.51, 0.68, 0.9, 0.01, 0.08233333333333333, 0.3323333333333333, 0.1101111111111111, 0.43, 0.68, 0.23]",[717632.0],0.8861622010668119
954,"[0.08233333333333333, 0.3323333333333333, 0.1101111111111111, 0.76, 0.34, 0.57, 0.68, 0.59, 0.34, 0.01, 0.51, 0.68, 0.68, 0.51, 0.34, 0.01, 0.01, 0.51, 0.68, 0.45, 0.34, 0.08233333333333333, 0.3323333333333333, 0.1101111111111111, 0.43, 0.01, 0.57, 0.51, 0.08233333333333333, 0.3323333333333333, 0.1101111111111111, 0.18, 0.01, 0.34, 0.34, 0.93, 0.34, 0.23, 0.18, 0.01, 0.12, 0.01, 0.08233333333333333, 0.3323333333333333, 0.1101111111111111, 0.26, 0.68, 0.45, 0.68, 0.68, 0.34, 0.01, 0.43, 0.68, 0.34, 0.51, 0.08233333333333333, 0.3323333333333333, 0.1101111111111111, 0.26, 0.68, 0.79]",[433832.0],0.9120986849069596
955,"[0.08233333333333333, 0.3323333333333333, 0.1101111111111111, 0.08233333333333333, 0.3323333333333333, 0.1101111111111111, 0.3323333333333333, 0.08233333333333333, 0.3323333333333333, 0.1101111111111111, 0.08233333333333333, 0.3323333333333333, 0.1101111111111111, 0.499, 0.08233333333333333, 0.3323333333333333, 0.1101111111111111, 0.26, 0.68, 0.34, 0.68, 0.08233333333333333, 0.3323333333333333, 0.1101111111111111, 0.68, 0.01, 0.57, 0.01, 0.26, 0.34, 0.79, 0.43, 0.01, 0.01, 0.34, 0.08233333333333333, 0.3323333333333333, 0.1101111111111111, 0.26, 0.01, 0.34, 0.51, 0.08233333333333333, 0.3323333333333333, 0.1101111111111111, 0.18, 0.01, 0.23, 0.68, 0.08233333333333333, 0.3323333333333333, 0.1101111111111111, 0.84, 0.34, 0.79, 0.51, 0.08233333333333333, 0.3323333333333333, 0.1101111111111111, 0.43, 0.34, 0.79]",[575827.0],0.8665209700663884
957,"[0.68, 0.68, 0.45, 0.84, 0.01, 0.9, 0.68, 0.93, 0.68, 0.57, 0.09, 0.34, 0.45, 0.01, 0.09, 0.34, 0.45, 0.59, 0.01, 0.68, 0.68, 0.68, 0.01, 0.01, 0.09, 0.01, 0.79, 0.01, 0.08233333333333333, 0.3323333333333333, 0.1101111111111111, 0.93, 0.01, 0.9, 0.68, 0.93, 0.34, 0.45, 0.09, 0.68, 0.57, 0.51, 0.08233333333333333, 0.3323333333333333, 0.1101111111111111, 0.59, 0.01, 0.01, 0.68, 0.08233333333333333, 0.3323333333333333, 0.1101111111111111, 0.59, 0.68, 0.57, 0.51, 0.08233333333333333, 0.3323333333333333, 0.1101111111111111, 0.18, 0.68, 0.23]",[10131207.0],0.90939355691274
958,"[0.93, 0.34, 0.68, 0.43, 0.01, 0.12, 0.68, 0.26, 0.34, 0.79, 0.51, 0.68, 0.01, 0.01, 0.08233333333333333, 0.3323333333333333, 0.1101111111111111, 0.59, 0.68, 0.9, 0.34, 0.51, 0.68, 0.01, 0.59, 0.01, 0.34, 0.01, 0.08233333333333333, 0.3323333333333333, 0.1101111111111111, 0.76, 0.68, 0.12, 0.68, 0.34, 0.01, 0.9, 0.18, 0.01, 0.79, 0.51, 0.08233333333333333, 0.3323333333333333, 0.1101111111111111, 0.93, 0.34, 0.79, 0.34, 0.08233333333333333, 0.3323333333333333, 0.1101111111111111, 0.68, 0.68, 0.79, 0.01, 0.84, 0.34, 0.12, 0.51, 0.68, 0.12]",[8143901.0],0.951891512175401
959,"[0.51, 0.01, 0.79, 0.09, 0.68, 0.01, 0.68, 0.08233333333333333, 0.3323333333333333, 0.1101111111111111, 0.93, 0.34, 0.9, 0.01, 0.43, 0.01, 0.45, 0.76, 0.68, 0.9, 0.34, 0.08233333333333333, 0.3323333333333333, 0.1101111111111111, 0.51, 0.34, 0.45, 0.51, 0.08233333333333333, 0.3323333333333333, 0.1101111111111111, 0.09, 0.68, 0.79, 0.34, 0.59, 0.34, 0.23, 0.93, 0.34, 0.79, 0.51, 0.43, 0.01, 0.9, 0.93, 0.34, 0.01, 0.34, 0.76, 0.68, 0.68, 0.93, 0.01, 0.01, 0.51, 0.34, 0.01, 0.45, 0.68, 0.34, 0.34]",[13149375.0],0.3204378982384999
960,"[0.84, 0.01, 0.9, 0.68, 0.68, 0.12, 0.68, 0.08233333333333333, 0.3323333333333333, 0.1101111111111111, 0.18, 0.01, 0.57, 0.01, 0.59, 0.01, 0.01, 0.93, 0.34, 0.68, 0.68, 0.08233333333333333, 0.3323333333333333, 0.1101111111111111, 0.09, 0.01, 0.23, 0.01, 0.51, 0.34, 0.23, 0.59, 0.01, 0.68, 0.34, 0.68, 0.34, 0.45, 0.18, 0.34, 0.01, 0.01, 0.93, 0.34, 0.12, 0.43, 0.68, 0.01, 0.68, 0.08233333333333333, 0.3323333333333333, 0.1101111111111111, 0.34, 0.68, 0.9, 0.01, 0.08233333333333333, 0.3323333333333333, 0.1101111111111111, 0.51, 0.68, 0.01]",[3578589.0],0.9135296468933424
961,"[0.43, 0.68, 0.57, 0.68, 0.01, 0.9, 0.68, 0.68, 0.68, 0.9, 0.43, 0.34, 0.34, 0.51, 0.08233333333333333, 0.3323333333333333, 0.1101111111111111, 0.09, 0.68, 0.9, 0.68, 0.26, 0.34, 0.12, 0.34, 0.01, 0.01, 0.51, 0.18, 0.34, 0.34, 0.18, 0.01, 0.68, 0.34, 0.59, 0.68, 0.45, 0.93, 0.68, 0.12, 0.01, 0.34, 0.68, 0.57, 0.76, 0.01, 0.57, 0.34, 0.59, 0.34, 0.79, 0.59, 0.34, 0.68, 0.01, 0.59, 0.01, 0.57, 0.76, 0.68, 0.23]",[5202330.0],0.8974063292145729
962,"[0.09, 0.01, 0.9, 0.76, 0.01, 0.68, 0.34, 0.59, 0.34, 0.23, 0.76, 0.34, 0.57, 0.51, 0.59, 0.34, 0.57, 0.51, 0.68, 0.79, 0.68, 0.76, 0.34, 0.9, 0.34, 0.68, 0.01, 0.51, 0.08233333333333333, 0.3323333333333333, 0.1101111111111111, 0.76, 0.68, 0.01, 0.68, 0.34, 0.01, 0.01, 0.43, 0.68, 0.12, 0.01, 0.84, 0.34, 0.34, 0.09, 0.68, 0.12, 0.34, 0.59, 0.68, 0.34, 0.84, 0.01, 0.34, 0.51, 0.08233333333333333, 0.3323333333333333, 0.1101111111111111, 0.34, 0.34, 0.9]",[3141946.0],0.5924778997898101
963,"[0.59, 0.01, 0.01, 0.76, 0.01, 0.12, 0.68, 0.84, 0.68, 0.34, 0.76, 0.34, 0.12, 0.51, 0.84, 0.01, 0.79, 0.76, 0.68, 0.68, 0.34, 0.08233333333333333, 0.3323333333333333, 0.1101111111111111, 0.18, 0.01, 0.68, 0.51, 0.08233333333333333, 0.3323333333333333, 0.1101111111111111, 0.26, 0.34, 0.68, 0.34, 0.59, 0.01, 0.79, 0.93, 0.34, 0.45, 0.01, 0.08233333333333333, 0.3323333333333333, 0.1101111111111111, 0.26, 0.34, 0.68, 0.34, 0.08233333333333333, 0.3323333333333333, 0.1101111111111111, 0.18, 0.68, 0.68, 0.51, 0.26, 0.68, 0.45, 0.34, 0.01, 0.12]",[10602360.0],0.9290197362502416
964,"[0.09, 0.34, 0.45, 0.51, 0.01, 0.57, 0.34, 0.08233333333333333, 0.3323333333333333, 0.1101111111111111, 0.18, 0.68, 0.79, 0.51, 0.68, 0.01, 0.57, 0.51, 0.68, 0.45, 0.34, 0.84, 0.68, 0.9, 0.26, 0.01, 0.12, 0.51, 0.08233333333333333, 0.3323333333333333, 0.1101111111111111, 0.68, 0.01, 0.9, 0.68, 0.76, 0.01, 0.57, 0.59, 0.68, 0.68, 0.01, 0.68, 0.68, 0.01, 0.51, 0.34, 0.9, 0.34, 0.08233333333333333, 0.3323333333333333, 0.1101111111111111, 0.93, 0.68, 0.01, 0.51, 0.59, 0.01, 0.34, 0.59, 0.68, 0.9]",[8013881.0],0.950164025525252
965,"[0.76, 0.68, 0.79, 0.51, 0.01, 0.23, 0.34, 0.08233333333333333, 0.3323333333333333, 0.1101111111111111, 0.43, 0.34, 0.01, 0.51, 0.51, 0.01, 0.9, 0.34, 0.68, 0.79, 0.68, 0.08233333333333333, 0.3323333333333333, 0.1101111111111111, 0.18, 0.01, 0.01, 0.01, 0.51, 0.01, 0.01, 0.59, 0.01, 0.12, 0.34, 0.08233333333333333, 0.3323333333333333, 0.1101111111111111, 0.68, 0.34, 0.12, 0.01, 0.18, 0.01, 0.9, 0.76, 0.01, 0.9, 0.34, 0.43, 0.01, 0.68, 0.76, 0.68, 0.01, 0.51, 0.08233333333333333, 0.3323333333333333, 0.1101111111111111, 0.09, 0.68, 0.9]",[781990.0],0.9197027916709584
966,"[0.08233333333333333, 0.3323333333333333, 0.1101111111111111, 0.93, 0.34, 0.12, 0.34, 0.08233333333333333, 0.3323333333333333, 0.1101111111111111, 0.26, 0.01, 0.9, 0.01, 0.09, 0.01, 0.57, 0.51, 0.01, 0.68, 0.68, 0.93, 0.01, 0.12, 0.18, 0.01, 0.9, 0.51, 0.68, 0.34, 0.34, 0.34, 0.34, 0.9, 0.68, 0.08233333333333333, 0.3323333333333333, 0.1101111111111111, 0.43, 0.01, 0.45, 0.51, 0.93, 0.01, 0.45, 0.84, 0.01, 0.9, 0.34, 0.08233333333333333, 0.3323333333333333, 0.1101111111111111, 0.18, 0.34, 0.9, 0.01, 0.93, 0.01, 0.45, 0.51, 0.68, 0.01]",[2013667.0],0.8840359071890513
967,"[0.34, 0.68, 0.79, 0.43, 0.01, 0.12, 0.34, 0.76, 0.34, 0.9, 0.26, 0.01, 0.57, 0.51, 0.08233333333333333, 0.3323333333333333, 0.1101111111111111, 0.18, 0.34, 0.9, 0.68, 0.76, 0.34, 0.57, 0.09, 0.34, 0.34, 0.51, 0.76, 0.34, 0.01, 0.59, 0.34, 0.79, 0.34, 0.08233333333333333, 0.3323333333333333, 0.1101111111111111, 0.43, 0.34, 0.9, 0.51, 0.18, 0.68, 0.34, 0.43, 0.01, 0.01, 0.34, 0.34, 0.34, 0.34, 0.43, 0.01, 0.23, 0.51, 0.09, 0.68, 0.23, 0.59, 0.68, 0.01]",[250032.0],0.9254906902710596
968,"[0.59, 0.01, 0.68, 0.34, 0.68, 0.23, 0.68, 0.51, 0.01, 0.9, 0.76, 0.34, 0.68, 0.01, 0.93, 0.34, 0.68, 0.09, 0.01, 0.12, 0.68, 0.51, 0.01, 0.57, 0.43, 0.01, 0.34, 0.01, 0.93, 0.01, 0.23, 0.09, 0.68, 0.57, 0.34, 0.08233333333333333, 0.3323333333333333, 0.1101111111111111, 0.59, 0.68, 0.23, 0.01, 0.08233333333333333, 0.3323333333333333, 0.1101111111111111, 0.51, 0.68, 0.57, 0.34, 0.08233333333333333, 0.3323333333333333, 0.1101111111111111, 0.18, 0.68, 0.23, 0.51, 0.08233333333333333, 0.3323333333333333, 0.1101111111111111, 0.43, 0.01, 0.68]",[223679.0],0.8575735593835513
969,"[0.93, 0.34, 0.9, 0.26, 0.01, 0.12, 0.68, 0.08233333333333333, 0.3323333333333333, 0.1101111111111111, 0.26, 0.34, 0.23, 0.01, 0.51, 0.01, 0.23, 0.76, 0.01, 0.68, 0.34, 0.51, 0.34, 0.68, 0.76, 0.68, 0.79, 0.01, 0.08233333333333333, 0.3323333333333333, 0.1101111111111111, 0.09, 0.01, 0.12, 0.34, 0.09, 0.68, 0.9, 0.76, 0.68, 0.12, 0.01, 0.08233333333333333, 0.3323333333333333, 0.1101111111111111, 0.93, 0.68, 0.23, 0.34, 0.26, 0.68, 0.01, 0.51, 0.01, 0.01, 0.51, 0.93, 0.34, 0.34, 0.51, 0.01, 0.12]",[10477887.0],0.3345648502310117
970,"[0.08233333333333333, 0.3323333333333333, 0.1101111111111111, 0.93, 0.01, 0.45, 0.68, 0.08233333333333333, 0.3323333333333333, 0.1101111111111111, 0.68, 0.01, 0.57, 0.01, 0.93, 0.68, 0.45, 0.09, 0.68, 0.9, 0.68, 0.68, 0.01, 0.12, 0.76, 0.34, 0.01, 0.01, 0.51, 0.01, 0.12, 0.51, 0.68, 0.34, 0.68, 0.18, 0.01, 0.01, 0.43, 0.34, 0.45, 0.01, 0.18, 0.34, 0.9, 0.43, 0.01, 0.79, 0.34, 0.09, 0.68, 0.9, 0.59, 0.68, 0.23, 0.01, 0.59, 0.68, 0.23, 0.84, 0.68, 0.79]",[28797667.0],0.3450835650165876
971,"[0.93, 0.68, 0.45, 0.68, 0.68, 0.23, 0.68, 0.59, 0.01, 0.79, 0.26, 0.01, 0.68, 0.01, 0.59, 0.34, 0.45, 0.34, 0.01, 0.79, 0.34, 0.18, 0.68, 0.9, 0.18, 0.68, 0.57, 0.01, 0.84, 0.34, 0.45, 0.51, 0.68, 0.9, 0.68, 0.08233333333333333, 0.3323333333333333, 0.1101111111111111, 0.18, 0.34, 0.9, 0.51, 0.08233333333333333, 0.3323333333333333, 0.1101111111111111, 0.51, 0.68, 0.45, 0.34, 0.08233333333333333, 0.3323333333333333, 0.1101111111111111, 0.84, 0.01, 0.9, 0.01, 0.08233333333333333, 0.3323333333333333, 0.1101111111111111, 0.26, 0.01, 0.34]",[4439671.0],0.9258737489581108
