{
    "search_time": 1.189171314239502,
    "stop_reason": "Maximo de generaciones alcanzado",
    "stop_gen": 100,
    "real_codification": [
        0.04051765819905004,
        0.0,
        0.13451697356405962,
        0.269127728426408,
        0.45989559853996437,
        0.31184143826006683,
        0.14626218623069095,
        0.3991644371465377,
        0.319579510958011,
        0.4710376620975818,
        0.3119691494218193,
        0.3590083404745167,
        0.3625748544937669,
        1.0,
        0.1287519331824644,
        0.4253079361431762,
        0.23109462207266812,
        0.5632045250308121,
        0.7272788297595508,
        0.7072259400002445,
        0.660519041727576,
        0.0072842896364839205,
        0.0,
        0.056703607851188,
        0.4709500931771342,
        0.6820745196729392,
        0.1744779151062251,
        0.6631223328392456,
        0.6732401791469247,
        0.0,
        0.49548908011473414,
        0.9258464175807218,
        0.5189275769283672,
        0.3474243921598713,
        0.14609594983689111,
        0.6637036754576733,
        0.5610806744848972,
        0.16975520722114718,
        0.5833723799535593,
        0.746657571812744,
        0.0,
        0.0,
        0.25390940202969453,
        0.17402546054905108,
        0.12203737293834369,
        0.7474087281609111,
        0.68,
        0.7427271318587364,
        0.7634740486027563,
        0.768018945697701,
        0.0,
        0.531766593605915,
        0.6518090709287727,
        0.16409823054490902,
        0.23494828369453918,
        0.0,
        0.4405780952370525,
        0.3374447443897405,
        0.8671958835884853,
        0.8584728637438631,
        1.0,
        0.35213486429196716
    ],
    "predicted_iou": 0.9664123058319092,
    "trained": true,
    "training_time": 85.25621160200171,
    "last_epoch": 15,
    "training_iou": 0.9708790516853333,
    "validation_iou": 0.9670037209987641
}