epoch,train_loss,train_iou,train_dice,train_dice crossentropy,train_accuracy,val_loss,val_iou,val_dice,val_dice crossentropy,val_accuracy
1,0.27083967298269274,0.7291568204760551,0.8324528029561042,0.6117131677269936,0.9062044143676757,0.1836317753791809,0.816368224620819,0.8983482325077057,0.6671640348434448,0.949661865234375
2,0.13927625566720964,0.8607210052013398,0.9246116775274277,0.6845966884493828,0.9602998161315918,0.22348437905311586,0.7765156209468842,0.8738921511173249,0.6384679651260377,0.936826171875
3,0.10361448794603348,0.8963833484053612,0.94511110663414,0.7024084639549255,0.9687875556945801,0.08150144934654235,0.9184985506534576,0.9574625039100647,0.7141955435276032,0.9740340423583984
4,0.0841184401512146,0.9158797606825828,0.9559861645102501,0.7114937856793404,0.9730942153930664,0.13304464101791383,0.8669553589820862,0.9285358273983002,0.6947625434398651,0.963671646118164
5,0.07648998856544495,0.9235084870457649,0.9601249855756759,0.7147603160142899,0.9745988845825195,0.08128478288650513,0.9187152171134949,0.9575363540649414,0.7130629813671112,0.9744383239746094
6,0.07053054302930832,0.9294679951667786,0.9633580678701401,0.717199154496193,0.9758671760559082,0.0930216121673584,0.9069783878326416,0.9510008788108826,0.7073815953731537,0.9712010955810547
7,0.05548836827278137,0.9445104944705963,0.9714327707886696,0.7242648491263389,0.9788479614257812,0.17478360652923583,0.8252163934707641,0.9030560111999512,0.6741787242889404,0.9482154846191406
8,0.05371549338102341,0.9462834399938583,0.9723507967591286,0.7248912432789802,0.9790727615356445,0.053869401216506956,0.946130598783493,0.972290610074997,0.7257792437076569,0.9795223236083984
9,0.04835928738117218,0.9516397747397423,0.975190954208374,0.726922904253006,0.9801018905639648,0.04230135798454285,0.9576986420154572,0.9783807826042176,0.7303159976005554,0.9815650939941406
