seed,binary codification,max layers,max convs per layer,layers,training secs,epochs,val_loss,val_iou,val_dice,val_dice crossentropy,val_accuracy,train_loss,train_iou,train_dice,train_dice crossentropy,train_accuracy
N,IRIRKEKEPCHCFYRYR5I5IXKHKH5D5C7I7I7EPEI_192,4,2,4,331.21129646999907,15,0.022342227697372437,0.9776577723026275,0.9887003111839294,0.7399935734272003,0.9838105773925782,0.021151846051216127,0.9788419705629349,0.9893062582612038,0.740582178235054,0.9839813804626465
N,AAAAAAAAAAAAAAAAAAAN2NALSUAAPEQAFIL5QQA_192,4,2,2,452.2653151100021,15,0.1242173612117767,0.8757826387882233,0.9333940517902374,0.677986741065979,0.9632173919677736,0.1278022894263267,0.8721968185901642,0.9313900029659272,0.6768715885281563,0.9630486679077148
N,AAAAAAAAAADODAAYWQAHBMYBAL5ETMQAPJXBK5Y_192,4,2,3,246.3434810409999,15,0.03755752921104431,0.9624424707889557,0.9808550012111664,0.7314662444591522,0.9812652587890625,0.03331208825111389,0.9666873037815094,0.9830554986000061,0.7342486023902893,0.9828099822998047
