seed,binary codification,max layers,max convs per layer,layers,training secs,epochs,loss,iou,dice,dice crossentropy,accuracy
N,AAAEIUIUABCFCGABRDRCQAMI4IYAGUOUKABVDVDAA6R6RIAHUPUMADSHSE_282,4,3,4,15272.296848413,51,0.5279026848262519,0.4720973151737481,0.6048581999822309,0.5000935704439733,0.9594826587456086
0,AAAAAAAAAAAAAAAAFZRMQAFZNDD43QPFGNKXFVICF5Q6XIAAAC4IAAAAWQ_282,4,3,3,2182.4120045870004,6,0.9313595344541902,0.0686404655458098,0.1222118513619141,0.0667426360567475,0.3775598320253132
1,AAAAAAAAAAAAAAAAAAAAAAAAAABUOFHEWAAABQKYS6HCA6RPBI4VSLQRYU_282,4,3,2,14290.533991944001,21,0.8309018277421861,0.1690981722578139,0.2767172633726484,0.2997445834597017,0.9195669796105116
