seed,binary codification,max layers,max convs per layer,layers,training secs,epochs,loss,iou,dice,dice crossentropy,accuracy
N,IRIRKEKEPCHCFYRYR5I5IXKHKH5D5C7I7I7EPEI_192,4,2,4,12342.792745418,46,0.540464663388873,0.459535336611127,0.5927549306953517,0.4934207018203486,0.9602452683798836
0,AAAAAAAAALTCZLS2GNZXAXGFK7VBUC6YPLYADMQ_192,4,2,3,2112.984884370002,6,0.9344336738594204,0.0655663261405795,0.1171417689440106,0.0643034182598306,0.3577809254069118
1,AAAAAAAAAAAAAAAAAAAHCHGVQT4I7EQAFAHBI4Q_192,4,2,2,1746.475742620998,13,0.8411499823870511,0.1588500176129489,0.2630526849340653,0.3127639789565741,0.9059234461815476
2,AAAAAAAAAAAAAAAAAAADJ56LYPVY4A4KUZQAARY_192,4,2,2,4778.192312323998,28,0.8529506799252932,0.1470493200747068,0.2464637374216736,0.2373949971906901,0.8954338148406434
3,AAAAAAAAAAAAAAAAAAAF2MADYQABTZUZWZQABMA_192,4,2,2,6555.426138764997,42,0.7571763043302502,0.2428236956697498,0.371869148865804,0.3492854326039699,0.9303112331455722
4,AAAAAAAAAAAAAAAAAD24A4AALQABXPSDGDAADVY_192,4,2,2,542.1712110790031,6,0.938992070626668,0.0610079293733319,0.1092586396763414,0.0762317844744024,0.0612914337614037
5,L4CSYABB3IIOLOFEDAABBMAAQYAALFXDUBT4H5Y_192,4,2,4,2021.6986243830033,35,0.8174685008374163,0.1825314991625837,0.28749660284639766,0.3351016896389437,0.9161434744349506
